date,doy,peak_hour,tmax_peak,tmax_daily,tmin,rh_peak,wind_peak,solar_peak,wbgt_peak,utci_peak,hi_peak,run_days,htsi
2013-01-01,1,13,26.1,26.6,13.4,41,2.14,715.0,22.774,33.26,25.97,0,6.70
2013-01-02,2,14,24.8,25.2,10.9,32,1.9,692.0,20.609,31.86,24.49,0,4.23
2013-01-03,3,14,26.0,26.2,11.6,32,1.75,684.0,21.679,33.00,25.75,0,5.05
2013-01-04,4,14,25.3,25.4,11.5,31,2.42,689.0,20.663,31.76,25.0,0,4.16
2013-01-05,5,13,23.9,24.8,10.1,35,1.1,746.0,20.943,32.10,23.58,0,4.40
2013-01-06,6,14,25.5,25.7,13.0,29,2.56,690.0,20.508,31.76,25.18,0,4.16
2013-01-07,7,14,25.1,25.2,12.8,22,3.62,699.0,18.888,30.22,24.67,0,3.05
2013-01-08,8,15,25.3,25.3,12.2,18,3.36,587.0,18.257,29.96,24.83,0,2.86
2013-01-09,9,14,27.0,27.3,12.5,23,2.39,694.0,20.891,33.19,26.17,0,5.19
2013-01-10,10,14,28.0,28.2,12.7,20,2.24,699.0,21.232,34.18,26.74,0,5.91
2013-01-11,11,14,28.9,29.0,13.7,25,1.55,695.0,23.164,35.57,27.55,0,9.31
2013-01-12,12,13,29.3,30.0,13.8,30,0.28,743.0,26.053,35.78,28.13,0,15.14
2013-01-13,13,13,28.8,29.7,14.2,44,1.97,738.0,25.64,36.30,28.77,0,14.97
2013-01-14,14,12,27.8,29.5,15.6,40,0.82,714.0,25.216,35.65,27.49,0,13.22
2013-01-15,15,14,28.3,28.4,15.0,33,2.8,693.0,23.33,34.37,27.48,0,8.73
2013-01-16,16,14,27.8,27.9,15.5,42,1.24,655.0,24.816,35.27,27.62,0,12.25
2013-01-17,17,14,27.5,27.5,15.1,43,2.22,691.0,24.164,34.49,27.43,0,10.38
2013-01-18,18,13,21.0,21.7,13.5,39,3.92,772.0,17.681,26.60,20.59,0,0.44
2013-01-19,19,15,24.0,24.0,10.7,23,2.33,619.0,18.389,30.12,23.53,0,2.97
2013-01-20,20,14,24.9,25.1,12.6,22,3.68,742.0,18.785,30.22,24.46,0,3.05
2013-01-21,21,14,25.1,25.3,12.6,20,3.36,736.0,18.69,30.69,24.64,0,3.39
2013-01-22,22,14,26.4,26.7,13.1,20,3.88,744.0,19.595,31.50,26.01,0,3.97
2013-01-23,23,14,27.5,27.8,14.3,25,3.47,741.0,21.372,33.01,26.56,0,5.06
2013-01-24,24,14,27.2,27.5,14.9,25,3.7,746.0,21.086,32.54,26.36,0,4.72
2013-01-25,25,13,26.7,27.5,15.7,28,3.83,793.0,21.178,32.22,26.16,0,4.49
2013-01-26,26,14,27.4,27.6,14.8,23,3.4,751.0,21.001,32.99,26.43,0,5.05
2013-01-27,27,14,28.0,28.3,15.2,25,3.2,754.0,21.862,33.82,26.89,0,5.65
2013-01-28,28,14,28.6,28.9,14.8,28,2.69,747.0,22.965,34.89,27.45,0,8.41
2013-01-29,29,15,29.4,29.4,15.1,26,2.31,634.0,23.223,35.31,27.99,0,9.40
2013-01-30,30,15,29.4,29.4,16.3,33,1.79,613.0,24.5,35.83,28.42,0,12.35
2013-01-31,31,15,29.9,29.9,18.0,36,1.0,602.0,25.937,36.79,29.16,0,16.03
2013-02-01,32,15,30.7,30.7,16.3,29,0.64,634.0,26.195,37.39,29.35,0,17.02
2013-02-02,33,13,30.5,31.1,16.3,31,1.3,786.0,25.835,37.95,29.31,0,16.73
2013-02-03,34,15,31.4,31.4,17.7,34,2.06,629.0,26.242,37.86,30.6,0,17.92
2013-02-04,35,15,28.8,28.8,17.2,41,4.37,624.0,24.387,33.46,28.49,0,10.45
2013-02-05,36,13,26.1,26.9,17.7,38,3.83,781.0,22.003,31.78,25.93,0,4.18
2013-02-06,37,13,24.6,25.2,13.1,23,2.44,846.0,19.235,31.80,24.16,0,4.19
2013-02-07,38,14,26.9,27.1,12.9,26,3.54,793.0,21.108,32.64,26.21,0,4.80
2013-02-08,39,14,27.3,27.5,14.7,23,3.11,801.0,21.077,33.41,26.36,0,5.35
2013-02-09,40,15,28.4,28.4,14.4,26,2.47,678.0,22.439,34.44,27.21,0,7.00
2013-02-10,41,14,30.6,30.9,16.4,39,1.12,774.0,27.256,38.52,30.28,0,20.19
2013-02-11,42,13,31.3,32.0,17.7,34,1.6,810.0,26.779,38.92,30.48,0,19.65
2013-02-12,43,14,31.7,31.8,17.8,38,0.41,785.0,29.412,39.63,31.53,0,25.53
2013-02-13,44,13,32.6,33.1,19.1,28,0.14,817.0,28.677,38.23,31.27,0,23.03
2013-02-14,45,15,32.6,32.6,19.1,27,0.64,600.0,27.305,38.98,31.15,0,20.94
2013-02-15,46,14,28.5,29.0,17.5,34,3.14,558.0,23.304,33.53,27.7,0,8.16
2013-02-16,47,13,23.5,23.9,15.8,34,4.97,860.0,19.194,28.36,23.15,0,1.71
2013-02-17,48,14,25.2,25.5,12.0,35,0.64,817.0,22.98,33.72,24.94,0,7.43
2013-02-18,49,14,28.1,28.3,14.3,27,1.94,817.0,22.845,35.29,27.04,0,8.32
2013-02-19,50,13,28.6,29.4,15.8,30,0.98,860.0,24.63,36.50,27.55,0,12.76
2013-02-20,51,15,30.3,30.3,16.6,27,1.61,697.0,24.594,36.99,28.82,0,13.51
2013-02-21,52,15,32.3,32.3,17.5,25,1.99,701.0,25.658,38.79,30.63,0,17.50
2013-02-22,53,14,32.4,32.6,17.7,28,1.13,821.0,27.16,39.90,31.04,0,21.29
2013-02-23,54,13,30.3,30.6,19.0,28,3.55,873.0,24.309,36.59,28.89,0,12.71
2013-02-24,55,14,29.0,29.4,16.4,24,3.36,854.0,22.611,35.18,27.59,0,8.00
2013-02-25,56,15,31.0,31.0,17.8,23,1.7,729.0,24.466,37.62,29.22,0,13.88
2013-02-26,57,13,31.8,32.8,17.5,28,3.76,892.0,25.515,38.18,30.38,0,16.69
2013-02-27,58,14,28.9,29.2,17.3,27,2.69,858.0,23.237,35.70,27.64,0,9.58
2013-02-28,59,14,30.3,30.7,15.4,19,2.4,877.0,23.069,37.11,28.45,0,10.59
2013-03-01,60,13,31.0,31.9,18.0,18,3.55,934.0,23.111,37.35,29.01,0,11.05
2013-03-02,61,14,32.0,32.3,16.3,14,2.58,895.0,23.212,38.58,29.78,0,12.41
2013-03-03,62,14,33.8,34.1,16.5,14,2.52,891.0,24.554,40.43,31.38,0,16.88
2013-03-04,63,14,34.4,34.6,16.5,16,0.3,882.0,27.826,40.42,32.05,0,23.30
2013-03-05,64,14,35.4,35.5,18.2,15,1.66,879.0,26.424,42.34,32.97,0,22.38
2013-03-06,65,15,35.4,35.4,18.9,15,0.71,759.0,27.253,41.63,32.97,0,23.43
2013-03-07,66,14,36.1,36.2,19.6,15,1.91,883.0,26.793,43.10,33.68,0,23.89
2013-03-08,67,14,36.4,36.6,19.9,15,1.3,883.0,27.471,43.41,34.0,0,25.51
2013-03-09,68,14,35.5,35.6,18.3,14,3.26,890.0,25.556,42.03,32.99,0,20.52
2013-03-10,69,14,33.6,34.1,18.4,27,3.05,881.0,26.981,40.56,32.31,0,21.90
2013-03-11,70,12,32.5,34.3,18.0,26,0.54,897.0,28.178,40.25,30.94,0,23.43
2013-03-12,71,13,33.8,34.4,17.1,18,1.57,951.0,26.145,41.20,31.6,0,20.52
2013-03-13,72,14,33.1,33.4,17.4,26,1.7,882.0,27.001,40.65,31.6,0,21.74
2013-03-14,73,12,31.8,34.0,18.7,33,1.28,918.0,27.532,39.98,30.95,0,22.01
2013-03-15,74,15,34.7,34.7,20.8,16,2.46,772.0,25.547,41.03,32.35,0,19.54
2013-03-16,75,13,34.2,34.5,21.7,26,2.25,884.0,27.588,41.64,32.9,0,24.04
2013-03-17,76,13,33.6,34.6,21.0,30,2.95,897.0,27.571,40.81,32.76,0,23.36
2013-03-18,77,15,35.2,35.2,20.8,19,0.14,771.0,28.805,40.05,33.15,0,25.29
2013-03-19,78,15,35.9,35.9,21.8,20,0.41,771.0,29.575,42.55,34.07,0,28.89
2013-03-20,79,14,34.8,34.9,20.4,15,3.32,919.0,25.324,41.41,32.38,0,19.41
2013-03-21,80,13,33.5,34.5,19.8,28,1.84,959.0,27.737,41.47,32.33,0,23.99
2013-03-22,81,12,31.6,34.0,20.8,43,1.94,741.0,27.997,39.23,32.23,0,22.83
2013-03-23,82,14,33.8,34.2,20.4,27,1.75,903.0,27.759,41.54,32.56,0,24.17
2013-03-24,83,14,33.9,34.0,21.9,23,2.75,911.0,26.602,41.02,32.16,0,21.46
2013-03-25,84,13,35.0,35.5,20.0,16,2.41,978.0,26.133,42.26,32.65,0,21.66
2013-03-26,85,13,34.9,35.6,21.6,18,0.72,857.0,27.851,41.87,32.72,0,24.64
2013-03-27,86,14,32.9,33.1,22.7,28,2.1,828.0,26.869,40.14,31.61,0,21.94
2013-03-28,87,13,32.4,33.4,22.1,24,2.02,970.0,26.024,40.05,30.64,0,19.22
2013-03-29,88,14,33.0,33.2,20.9,26,3.91,914.0,26.134,39.49,31.49,0,19.22
2013-03-30,89,14,34.5,34.6,21.0,22,3.69,920.0,26.608,41.23,32.72,0,21.84
2013-03-31,90,13,35.1,35.8,22.5,19,1.3,974.0,27.654,42.76,33.04,0,25.61
2013-04-01,91,13,35.8,36.4,21.6,16,1.48,986.0,27.318,43.30,33.47,0,24.95
2013-04-02,92,14,34.7,35.0,21.6,21,2.31,921.0,27.01,42.06,32.83,0,23.23
2013-04-03,93,12,31.2,33.4,20.8,36,1.27,965.0,27.584,39.73,30.62,0,21.81
2013-04-04,94,13,35.3,36.0,20.4,23,1.3,973.0,28.681,43.30,33.8,0,27.64
2013-04-05,95,12,36.6,38.0,21.9,15,1.25,981.0,27.867,44.01,34.21,0,26.77
2013-04-06,96,13,37.1,37.8,21.8,14,0.5,1002.0,29.479,44.30,34.61,0,30.18
2013-04-07,97,14,37.1,37.2,22.9,16,2.21,939.0,27.74,44.50,34.87,0,28.19
2013-04-08,98,14,35.0,35.1,21.1,21,2.52,917.0,27.148,42.29,33.17,0,23.79
2013-04-09,99,12,33.7,35.2,22.2,35,1.14,909.0,29.591,42.14,33.81,0,28.76
2013-04-10,100,13,35.2,35.9,24.1,21,2.92,988.0,27.263,42.64,33.4,0,26.79
2013-04-11,101,13,35.6,36.2,21.7,24,2.62,991.0,28.33,43.40,34.34,0,27.26
2013-04-12,102,14,37.2,37.3,21.6,17,2.5,940.0,27.945,44.64,35.13,0,27.72
2013-04-13,103,13,38.4,38.9,23.0,16,2.83,1004.0,28.555,46.14,36.34,0,31.57
2013-04-14,104,14,39.2,39.2,24.9,17,2.78,935.0,29.344,46.91,37.51,0,36.27
2013-04-15,105,12,37.8,40.0,24.8,23,2.97,981.0,29.725,45.76,37.09,1,37.55
2013-04-16,106,14,37.7,38.5,23.0,22,3.63,928.0,29.156,45.12,36.71,0,32.11
2013-04-17,107,13,35.2,36.8,21.3,29,3.11,990.0,28.8,42.92,34.75,0,27.95
2013-04-18,108,14,36.9,37.4,24.2,28,3.04,877.0,29.863,44.46,37.04,0,34.48
2013-04-19,109,13,34.8,35.9,23.5,33,3.0,981.0,29.196,42.66,35.03,0,30.36
2013-04-20,110,14,35.2,35.2,24.0,33,2.62,881.0,29.515,42.93,35.65,0,31.97
2013-04-21,111,15,35.1,35.1,23.6,38,1.2,746.0,30.845,43.19,36.81,0,34.64
2013-04-22,112,13,35.9,36.3,24.9,36,0.85,931.0,32.094,44.85,37.65,0,40.03
2013-04-23,113,12,34.9,36.2,24.2,39,1.51,946.0,30.963,43.81,36.74,0,35.99
2013-04-24,114,12,37.2,38.3,25.7,29,2.06,909.0,30.749,45.45,37.79,0,38.90
2013-04-25,115,13,38.8,39.2,26.8,20,4.14,974.0,29.488,46.44,37.72,0,38.49
2013-04-26,116,14,38.7,38.9,27.1,18,2.97,935.0,29.162,46.34,37.11,0,37.93
2013-04-27,117,13,39.0,39.8,26.5,20,2.95,996.0,29.994,47.09,37.99,0,39.67
2013-04-28,118,13,39.9,40.4,26.3,18,3.62,992.0,29.97,47.87,38.66,1,41.87
2013-04-29,119,14,40.1,40.2,27.3,20,3.71,928.0,30.533,47.96,39.52,2,46.15
2013-04-30,120,13,39.5,40.1,27.7,24,3.33,983.0,31.194,47.77,39.92,3,49.54
2013-05-01,121,13,41.4,41.8,25.8,12,2.69,1008.0,29.619,49.31,38.79,4,46.72
2013-05-02,122,14,40.9,40.9,25.9,11,3.4,945.0,28.602,48.28,37.92,5,45.51
2013-05-03,123,15,40.8,40.8,25.6,17,4.02,799.0,30.022,48.03,39.55,6,49.93
2013-05-04,124,13,39.4,41.0,26.7,24,3.18,988.0,31.166,47.71,39.76,7,53.23
2013-05-05,125,13,37.7,39.1,24.4,24,3.04,1005.0,29.876,45.76,37.2,0,35.74
2013-05-06,126,13,38.1,39.2,25.9,31,1.84,989.0,32.143,47.06,39.97,0,43.75
2013-05-07,127,14,40.0,40.3,26.7,25,2.38,922.0,32.065,48.49,41.08,1,47.64
2013-05-08,128,13,39.4,40.6,26.3,19,3.41,1006.0,29.923,47.43,38.26,2,42.98
2013-05-09,129,13,39.1,40.4,25.4,18,3.91,1013.0,29.316,46.90,37.62,3,41.84
2013-05-10,130,14,39.0,39.6,25.1,22,4.3,904.0,30.0,46.46,38.54,0,37.80
2013-05-11,131,11,35.6,39.4,25.3,34,3.26,911.0,29.86,43.20,36.56,0,34.68
2013-05-12,132,14,38.6,39.0,24.3,22,3.62,913.0,29.846,46.17,37.96,0,36.15
2013-05-13,133,13,37.8,38.9,25.3,25,2.56,1000.0,30.341,46.10,37.6,0,38.07
2013-05-14,134,12,37.5,39.3,26.3,33,2.31,969.0,31.722,46.20,39.58,0,42.65
2013-05-15,135,14,40.7,40.8,26.5,21,3.1,925.0,31.414,48.90,40.73,1,46.34
2013-05-16,136,13,39.3,41.2,26.0,26,3.14,995.0,31.549,47.74,40.28,2,46.68
2013-05-17,137,14,39.4,40.2,26.4,27,3.32,922.0,31.686,47.55,40.81,3,49.13
2013-05-18,138,14,40.4,41.4,26.8,24,3.1,932.0,31.909,48.74,41.37,4,52.76
2013-05-19,139,13,40.1,41.8,26.5,23,2.6,992.0,31.703,48.70,40.52,5,53.34
2013-05-20,140,12,39.1,42.3,28.2,23,2.89,943.0,30.728,47.20,38.98,6,53.49
2013-05-21,141,12,40.4,42.9,28.9,19,3.67,987.0,30.598,48.52,39.63,7,55.26
2013-05-22,142,11,37.7,42.0,26.4,27,3.22,911.0,30.314,45.44,38.01,8,48.98
2013-05-23,143,13,39.5,41.5,25.7,24,4.34,995.0,30.967,47.55,39.92,9,51.62
2013-05-24,144,13,38.5,40.8,25.9,30,4.43,979.0,31.375,46.42,40.33,10,51.96
2013-05-25,145,14,39.3,40.3,27.2,30,4.28,899.0,31.963,47.16,41.8,11,55.67
2013-05-26,146,13,37.5,39.1,27.7,37,4.43,865.0,31.658,44.98,41.07,0,43.84
2013-05-27,147,14,38.9,39.5,27.8,32,4.51,874.0,31.943,46.57,41.85,0,45.93
2013-05-28,148,13,37.7,39.2,28.4,37,3.5,932.0,32.126,45.92,41.48,0,46.37
2013-05-29,149,14,39.2,39.8,27.7,27,3.73,882.0,31.361,46.98,40.47,0,44.50
2013-05-30,150,13,37.7,39.3,27.1,32,3.6,969.0,31.262,45.75,39.6,0,42.40
2013-05-31,151,14,39.1,39.5,27.7,29,3.6,889.0,31.733,47.03,41.04,0,45.45
2013-06-01,152,14,38.9,39.3,27.9,31,2.57,871.0,32.251,47.24,41.45,0,46.97
2013-06-02,153,15,38.5,38.5,28.8,35,1.08,728.0,33.333,46.88,42.3,0,50.11
2013-06-03,154,13,35.4,36.2,28.3,43,0.91,680.0,32.054,43.71,38.97,0,43.59
2013-06-04,155,11,36.4,37.8,29.8,45,1.8,833.0,32.777,45.47,41.93,0,49.07
2013-06-05,156,15,38.7,38.8,29.5,35,2.38,667.0,32.545,46.40,42.71,0,49.24
2013-06-06,157,15,39.1,39.1,29.5,37,3.2,699.0,33.048,46.80,44.5,0,51.15
2013-06-07,158,15,36.2,36.5,29.2,47,1.12,645.0,33.017,44.83,42.31,0,48.51
2013-06-08,159,14,36.7,37.0,29.0,47,2.47,744.0,32.86,45.22,43.54,0,48.72
2013-06-09,160,13,35.9,35.9,28.2,50,5.4,840.0,32.067,43.42,42.88,0,44.74
2013-06-10,161,11,33.6,34.3,27.5,56,4.8,696.0,30.667,40.30,39.57,0,37.79
2013-06-11,162,11,33.2,33.2,25.9,52,5.39,615.0,29.588,38.84,37.3,0,31.99
2013-06-12,163,12,31.7,32.0,26.9,59,4.33,508.0,29.053,37.31,36.1,0,30.59
2013-06-13,164,14,34.7,34.7,26.2,45,3.85,598.0,30.173,40.89,38.21,0,35.26
2013-06-14,165,14,36.1,36.5,26.5,45,2.12,847.0,32.362,44.97,41.24,0,43.82
2013-06-15,166,14,33.5,34.3,26.3,55,1.17,549.0,31.371,41.79,38.97,0,38.57
2013-06-16,167,12,33.2,35.2,26.0,65,1.3,682.0,32.547,43.10,41.98,0,42.51
2013-06-17,168,11,31.1,31.1,25.3,70,4.14,482.0,29.742,37.44,37.87,0,30.78
2013-06-18,169,14,30.8,30.8,25.9,76,2.59,531.0,30.536,39.29,38.89,0,34.70
2013-06-19,170,11,30.6,31.2,25.5,73,1.64,587.0,30.531,39.87,37.4,0,34.08
2013-06-20,171,15,33.2,33.2,26.0,62,2.05,700.0,31.754,42.31,40.79,0,40.00
2013-06-21,172,14,33.6,33.6,26.8,56,3.2,816.0,31.169,41.85,39.57,0,39.04
2013-06-22,173,13,32.8,33.0,26.9,57,3.76,757.0,30.332,40.22,38.0,0,35.82
2013-06-23,174,13,32.3,32.8,26.6,59,3.33,752.0,30.209,40.06,37.47,0,34.92
2013-06-24,175,14,33.4,33.4,26.6,54,3.02,650.0,30.504,40.79,38.4,0,36.35
2013-06-25,176,11,32.1,32.1,27.3,59,3.11,689.0,29.976,39.70,37.0,0,34.86
2013-06-26,177,14,30.3,30.3,26.0,71,3.77,410.0,29.007,36.30,36.04,0,28.71
2013-06-27,178,13,32.3,32.3,25.9,58,5.3,712.0,29.672,38.60,37.16,0,31.92
2013-06-28,179,12,31.8,31.8,25.9,62,4.48,730.0,29.835,38.73,37.21,0,32.34
2013-06-29,180,14,32.7,32.8,26.3,57,5.61,628.0,29.761,38.55,37.77,0,32.75
2013-06-30,181,15,32.2,32.2,26.3,59,4.22,370.0,29.267,37.16,37.24,0,30.61
2013-07-01,182,13,32.4,32.9,26.8,56,4.48,509.0,29.313,37.90,36.78,0,31.64
2013-07-02,183,14,34.0,34.0,26.9,49,4.38,609.0,30.038,40.04,38.06,0,35.16
2013-07-03,184,13,32.0,32.5,26.9,55,5.0,319.0,28.398,35.79,35.64,0,28.08
2013-07-04,185,11,26.9,28.8,24.6,90,4.8,172.0,26.975,30.51,30.82,0,17.11
2013-07-05,186,14,30.8,31.1,23.0,66,3.89,590.0,29.24,37.47,35.95,0,26.46
2013-07-06,187,13,31.1,31.1,25.2,70,2.85,576.0,30.179,39.06,37.87,0,32.66
2013-07-07,188,15,31.2,31.2,25.7,65,3.02,524.0,29.563,38.29,36.64,0,31.07
2013-07-08,189,14,30.9,31.0,25.9,66,3.91,532.0,29.23,37.27,36.19,0,29.77
2013-07-09,190,11,30.2,30.2,25.8,70,4.62,685.0,29.147,36.97,35.53,0,29.03
2013-07-10,191,14,31.2,31.2,25.5,66,3.74,532.0,29.543,37.80,36.93,0,30.55
2013-07-11,192,13,29.7,29.7,25.6,68,2.37,496.0,28.605,37.16,33.88,0,27.29
2013-07-12,193,12,29.7,30.1,25.9,75,3.97,519.0,29.042,36.35,35.49,0,28.49
2013-07-13,194,13,25.9,25.9,24.4,95,3.26,94.0,26.311,30.11,26.46,0,13.91
2013-07-14,195,15,30.1,30.1,24.8,69,2.39,391.0,28.843,37.04,35.04,0,27.16
2013-07-15,196,15,30.1,30.1,25.4,66,3.06,448.0,28.475,36.52,34.33,0,26.52
2013-07-16,197,15,30.2,30.2,25.1,71,2.6,375.0,29.062,37.04,35.79,0,28.20
2013-07-17,198,15,29.6,29.9,25.8,76,2.37,406.0,29.163,37.18,35.47,0,29.19
2013-07-18,199,15,29.8,29.8,25.2,70,3.77,383.0,28.364,35.38,34.56,0,25.34
2013-07-19,200,16,30.0,30.0,25.6,68,3.3,300.0,28.216,35.29,34.56,0,25.46
2013-07-20,201,17,28.1,28.1,25.1,79,2.65,178.0,27.305,33.37,32.19,0,20.89
2013-07-21,202,15,30.9,30.9,24.9,72,3.38,547.0,30.029,38.35,37.93,0,31.53
2013-07-22,203,15,29.8,29.9,25.4,70,1.8,271.0,28.511,36.42,34.56,0,26.60
2013-07-23,204,16,28.7,28.7,26.0,78,2.2,268.0,28.174,35.38,33.53,0,25.53
2013-07-24,205,13,30.1,30.2,26.0,76,0.67,426.0,30.823,39.26,36.85,0,34.58
2013-07-25,206,15,29.4,29.4,25.2,84,4.94,436.0,29.413,35.65,36.88,0,28.38
2013-07-26,207,11,28.6,29.0,24.9,81,3.55,496.0,28.636,35.70,33.84,0,25.47
2013-07-27,208,15,28.1,28.1,24.5,76,3.98,273.0,27.09,32.64,31.73,0,19.09
2013-07-28,209,12,28.8,28.8,24.5,77,4.8,462.0,28.165,34.35,33.59,0,23.05
2013-07-29,210,12,27.1,27.1,24.3,83,3.55,252.0,26.828,32.16,30.27,0,17.47
2013-07-30,211,14,29.3,29.3,24.5,73,2.38,402.0,28.543,36.49,34.02,0,25.46
2013-07-31,212,15,27.4,28.8,25.1,85,0.32,167.0,28.229,34.44,31.26,0,23.06
2013-08-01,213,11,27.8,27.8,24.7,80,3.2,268.0,27.303,33.33,31.6,0,20.17
2013-08-02,214,12,29.8,29.8,24.6,78,2.3,441.0,29.674,37.93,36.53,0,29.69
2013-08-03,215,16,28.7,28.7,24.4,72,2.58,256.0,27.42,34.36,32.43,0,21.09
2013-08-04,216,12,29.5,29.5,24.2,70,3.5,594.0,28.534,36.51,33.85,0,25.05
2013-08-05,217,14,30.6,30.6,24.6,62,2.5,543.0,28.837,37.90,34.48,0,27.33
2013-08-06,218,13,29.9,30.0,24.6,66,3.11,528.0,28.438,36.70,33.88,0,25.48
2013-08-07,219,14,30.2,30.2,25.5,64,1.92,490.0,28.785,37.81,34.09,0,28.07
2013-08-08,220,13,29.5,29.5,24.8,67,3.32,449.0,27.967,35.62,33.23,0,23.80
2013-08-09,221,13,29.4,29.4,24.9,72,4.11,468.0,28.317,35.29,34.04,0,24.64
2013-08-10,222,14,26.1,26.1,24.0,93,2.91,180.0,26.693,31.77,26.65,0,15.37
2013-08-11,223,12,29.4,29.5,24.3,77,3.58,691.0,29.332,37.38,35.16,0,27.79
2013-08-12,224,15,30.8,30.8,24.3,73,2.25,594.0,30.453,39.63,37.96,0,32.57
2013-08-13,225,15,26.9,26.9,24.9,92,2.69,213.0,27.536,33.37,31.16,0,20.71
2013-08-14,226,14,28.9,28.9,24.3,78,4.18,493.0,28.506,35.23,34.05,0,24.26
2013-08-15,227,15,30.3,30.3,24.7,74,3.44,559.0,29.682,37.75,36.85,0,29.81
2013-08-16,228,16,27.4,27.8,24.8,85,2.28,211.0,27.414,33.78,31.26,0,20.70
2013-08-17,229,13,30.8,31.1,24.8,71,2.83,707.0,30.249,39.43,37.36,0,32.40
2013-08-18,230,15,31.2,31.2,25.3,58,3.75,557.0,28.652,37.30,34.77,0,27.47
2013-08-19,231,13,29.9,30.0,24.0,63,4.05,517.0,27.901,35.58,33.25,0,22.73
2013-08-20,232,13,30.5,30.5,24.2,61,4.92,667.0,28.346,36.42,34.04,0,24.70
2013-08-21,233,13,28.7,29.0,24.9,70,2.06,381.0,27.697,35.71,32.08,0,23.04
2013-08-22,234,18,28.7,29.4,24.0,80,1.22,55.0,27.648,33.90,33.92,0,21.29
2013-08-23,235,13,30.0,30.2,24.5,65,3.92,603.0,28.391,36.43,33.88,0,25.08
2013-08-24,236,16,26.8,26.9,24.2,87,2.3,90.0,26.517,31.66,30.05,0,16.32
2013-08-25,237,14,28.7,28.7,24.2,76,4.01,329.0,27.797,33.85,33.15,0,21.47
2013-08-26,238,14,30.6,30.6,24.7,59,3.77,678.0,28.416,37.25,33.79,0,25.92
2013-08-27,239,15,30.5,30.5,23.6,58,3.27,471.0,27.936,36.35,33.37,0,22.93
2013-08-28,240,16,30.7,30.7,23.8,61,3.26,403.0,28.331,36.39,34.46,0,24.34
2013-08-29,241,12,29.9,30.3,24.7,66,3.69,805.0,28.773,37.56,33.88,0,26.85
2013-08-30,242,13,29.6,30.4,24.8,75,3.12,601.0,29.265,37.45,35.23,0,28.32
2013-08-31,243,11,29.2,29.9,24.8,79,2.06,731.0,29.904,39.02,35.08,0,30.61
2013-09-01,244,13,30.4,31.1,23.9,64,2.4,721.0,29.258,38.82,34.52,0,27.99
2013-09-02,245,12,29.5,30.2,24.7,70,2.15,718.0,29.17,38.45,33.85,0,28.24
2013-09-03,246,14,30.2,30.5,24.4,63,3.54,618.0,28.452,36.94,33.86,0,25.44
2013-09-04,247,14,30.6,30.7,23.7,58,3.38,594.0,28.238,37.08,33.57,0,24.22
2013-09-05,248,14,30.6,30.7,23.8,57,3.67,647.0,28.15,37.05,33.35,0,24.06
2013-09-06,249,15,30.4,30.4,23.7,60,2.62,565.0,28.427,37.53,33.61,0,24.91
2013-09-07,250,15,30.4,30.4,24.0,60,1.26,508.0,28.936,38.32,33.61,0,26.79
2013-09-08,251,13,30.3,30.5,23.6,67,1.25,802.0,30.357,40.25,35.02,0,30.93
2013-09-09,252,14,32.1,32.2,23.4,61,1.04,790.0,31.558,41.92,37.62,0,35.14
2013-09-10,253,14,33.3,33.3,25.2,56,2.0,811.0,31.337,42.41,38.85,0,37.63
2013-09-11,254,14,34.2,34.3,24.8,53,1.6,798.0,31.988,43.45,39.92,0,39.55
2013-09-12,255,11,32.8,33.5,25.8,64,1.8,737.0,31.822,42.37,40.46,0,39.82
2013-09-13,256,13,34.5,34.7,25.5,54,2.0,830.0,32.212,43.80,41.04,0,41.45
2013-09-14,257,13,34.2,34.6,25.9,61,1.77,863.0,33.026,44.47,43.17,0,44.73
2013-09-15,258,14,34.6,34.8,26.2,54,2.48,812.0,32.055,43.50,41.29,0,41.85
2013-09-16,259,13,32.7,33.5,25.5,60,1.68,863.0,31.567,42.49,38.76,0,38.44
2013-09-17,260,14,33.8,33.9,25.6,57,2.95,801.0,31.53,42.33,40.44,0,39.00
2013-09-18,261,13,34.3,34.9,26.3,53,2.1,859.0,31.898,43.51,40.16,0,41.26
2013-09-19,262,13,35.4,36.0,26.5,51,3.18,829.0,32.173,43.81,42.06,0,42.93
2013-09-20,263,14,35.5,35.8,26.6,45,4.04,823.0,31.194,42.89,39.9,0,39.73
2013-09-21,264,15,30.8,31.9,25.4,66,1.0,411.0,29.929,38.84,35.95,0,31.55
2013-09-22,265,16,30.4,30.4,25.0,76,0.51,296.0,30.851,38.83,37.71,0,33.47
2013-09-23,266,14,29.7,29.7,25.1,80,3.76,438.0,29.452,36.55,36.76,0,28.94
2013-09-24,267,16,28.2,28.2,24.8,87,1.9,217.0,28.518,35.51,33.92,0,25.02
2013-09-25,268,12,26.3,26.3,24.4,98,1.43,195.0,27.786,34.49,26.92,0,19.86
2013-09-26,269,12,28.3,28.3,24.2,79,7.7,365.0,27.481,32.19,32.69,0,19.51
2013-09-27,270,15,28.2,28.9,24.3,75,4.44,343.0,27.19,32.85,31.8,0,19.22
2013-09-28,271,15,29.2,29.2,24.3,79,5.34,472.0,28.718,34.83,35.08,0,24.75
2013-09-29,272,15,30.2,30.2,24.3,72,4.44,412.0,28.93,35.75,36.05,0,26.18
2013-09-30,273,14,31.0,31.0,23.9,68,4.46,556.0,29.505,37.31,37.01,0,28.29
2013-10-01,274,15,28.2,28.2,24.7,81,1.63,289.0,28.251,35.77,32.77,0,24.16
2013-10-02,275,13,31.2,31.5,23.9,73,0.7,795.0,32.646,42.24,39.11,0,38.56
2013-10-03,276,14,31.6,31.6,24.3,64,2.09,620.0,30.315,40.05,37.33,0,32.38
2013-10-04,277,11,30.2,31.2,25.0,77,0.28,698.0,32.494,40.25,37.41,0,37.49
2013-10-05,278,13,32.1,32.5,24.1,65,2.42,814.0,31.128,41.39,38.93,0,35.25
2013-10-06,279,13,30.5,30.7,24.8,73,1.86,618.0,30.386,39.71,37.12,0,32.78
2013-10-07,280,12,29.9,30.8,24.0,80,0.73,597.0,31.525,40.40,37.36,0,34.58
2013-10-08,281,13,30.1,30.3,24.1,74,1.63,651.0,30.31,39.67,36.31,0,31.48
2013-10-09,282,12,29.0,29.5,23.8,76,1.06,587.0,29.762,38.62,33.9,0,28.44
2013-10-10,283,13,29.3,29.8,23.5,78,2.19,673.0,29.726,38.65,35.12,0,28.50
2013-10-11,284,15,30.4,30.4,24.0,66,0.42,451.0,30.573,38.76,35.01,0,30.72
2013-10-12,285,14,30.8,30.8,23.5,67,1.08,578.0,30.459,39.87,36.22,0,31.18
2013-10-13,286,12,30.5,31.4,22.9,64,0.85,650.0,30.314,39.74,34.75,0,29.56
2013-10-14,287,11,30.7,32.3,22.7,64,0.91,752.0,30.682,40.43,35.19,0,30.69
2013-10-15,288,12,32.2,32.8,22.2,57,1.78,802.0,30.557,41.28,36.63,0,31.02
2013-10-16,289,12,31.2,32.1,23.3,64,2.08,824.0,30.335,40.53,36.36,0,31.24
2013-10-17,290,13,32.3,32.8,21.5,56,1.14,825.0,31.096,41.81,36.56,0,32.16
2013-10-18,291,12,32.7,33.7,22.3,53,1.1,827.0,31.135,42.05,36.54,0,32.75
2013-10-19,292,13,33.1,33.3,22.1,48,2.86,816.0,29.768,40.90,35.92,0,28.87
2013-10-20,293,13,32.9,33.2,21.7,46,1.55,821.0,29.957,41.48,35.02,0,29.19
2013-10-21,294,13,32.2,32.5,20.3,45,2.31,821.0,28.772,40.12,33.57,0,25.43
2013-10-22,295,13,31.9,32.4,20.3,43,2.52,832.0,28.166,39.55,32.68,0,23.55
2013-10-23,296,13,31.8,32.1,20.1,40,2.0,831.0,27.89,39.65,31.99,0,22.84
2013-10-24,297,13,30.9,31.1,21.5,45,3.7,817.0,27.182,37.51,31.55,0,19.80
2013-10-25,298,13,31.4,31.7,22.4,52,3.47,807.0,28.57,38.61,33.73,0,24.49
2013-10-26,299,13,31.7,31.9,22.5,49,3.54,798.0,28.428,38.69,33.6,0,24.34
2013-10-27,300,13,31.7,32.0,20.3,48,2.34,799.0,28.676,39.62,33.38,0,24.82
2013-10-28,301,12,30.5,31.2,19.2,48,0.36,806.0,29.781,38.95,31.47,0,25.71
2013-10-29,302,13,30.4,30.6,19.2,44,0.45,796.0,29.143,38.98,30.7,0,24.24
2013-10-30,303,12,29.6,30.4,18.6,48,0.71,802.0,28.251,38.36,30.19,0,21.92
2013-10-31,304,11,28.9,30.2,17.5,49,0.54,738.0,27.982,37.51,29.41,0,20.51
2013-11-01,305,13,30.1,30.3,17.3,47,0.41,783.0,29.224,38.62,30.73,0,24.15
2013-11-02,306,13,30.7,30.9,18.6,46,0.58,773.0,29.207,39.28,31.43,0,24.85
2013-11-03,307,13,31.1,31.3,19.8,46,2.21,771.0,27.885,38.80,32.02,0,22.23
2013-11-04,308,14,31.4,31.5,20.2,42,1.52,696.0,27.844,38.99,31.77,0,22.19
2013-11-05,309,14,31.2,31.2,19.9,42,0.7,686.0,28.586,39.04,31.49,0,23.53
2013-11-06,310,13,30.8,30.9,18.9,44,1.13,705.0,27.94,38.71,31.25,0,21.98
2013-11-07,311,13,29.8,30.0,21.1,45,0.14,660.0,28.301,35.93,30.06,0,20.21
2013-11-08,312,11,28.5,29.9,18.8,52,1.2,689.0,26.77,36.74,29.25,0,17.61
2013-11-09,313,12,28.5,28.9,19.1,47,2.2,741.0,25.644,35.97,28.73,0,14.73
2013-11-10,314,13,29.1,29.6,20.1,45,3.53,761.0,25.541,35.38,29.21,0,14.28
2013-11-11,315,13,28.4,28.7,17.7,39,1.0,766.0,25.477,36.35,27.95,0,14.39
2013-11-12,316,13,28.4,28.6,15.7,38,0.51,755.0,26.29,36.42,27.88,0,15.95
2013-11-13,317,13,28.8,29.0,17.0,41,1.25,746.0,25.766,36.64,28.49,0,15.36
2013-11-14,318,14,29.1,29.1,17.9,40,2.48,668.0,25.036,35.62,28.71,0,13.32
2013-11-15,319,14,28.8,28.9,19.0,39,3.16,665.0,24.434,34.63,28.32,0,11.32
2013-11-16,320,14,28.0,28.0,17.8,31,2.94,683.0,22.733,33.82,27.14,0,7.08
2013-11-17,321,14,27.8,27.8,16.6,32,3.68,686.0,22.534,32.99,27.04,0,6.07
2013-11-18,322,14,28.6,28.6,17.2,35,3.24,680.0,23.722,34.28,27.85,0,9.55
2013-11-19,323,13,28.8,29.2,16.8,35,2.3,759.0,24.332,35.72,28.02,0,11.80
2013-11-20,324,13,28.4,28.9,14.4,33,2.27,755.0,23.716,35.24,27.56,0,10.13
2013-11-21,325,14,29.3,29.3,14.8,32,1.96,670.0,24.303,35.89,28.26,0,11.96
2013-11-22,326,13,28.7,29.1,16.0,35,3.31,740.0,23.889,34.64,27.93,0,10.16
2013-11-23,327,14,29.1,29.1,16.7,35,2.14,664.0,24.475,35.65,28.29,0,12.13
2013-11-24,328,14,29.8,29.8,16.8,38,1.63,653.0,25.734,36.80,29.25,0,15.69
2013-11-25,329,14,30.6,30.6,17.5,39,1.75,642.0,26.47,37.55,30.28,0,18.01
2013-11-26,330,14,30.4,30.4,19.0,37,2.66,633.0,25.62,36.52,29.8,0,15.47
2013-11-27,331,14,30.5,30.6,19.3,35,1.97,612.0,25.634,36.93,29.7,0,15.76
2013-11-28,332,13,30.1,30.6,18.3,35,3.42,708.0,25.0,35.88,29.27,0,13.65
2013-11-29,333,13,28.9,29.3,19.6,36,4.12,716.0,23.987,34.09,28.18,0,10.04
2013-11-30,334,14,29.5,29.5,18.0,32,2.91,654.0,24.09,35.26,28.44,0,11.17
2013-12-01,335,14,29.7,29.9,17.5,44,1.13,638.0,26.804,37.23,29.81,0,18.23
2013-12-02,336,14,29.5,29.5,17.7,37,2.31,641.0,24.984,35.90,28.84,0,13.47
2013-12-03,337,13,28.9,29.3,15.3,34,2.08,727.0,24.313,35.79,28.04,0,11.82
2013-12-04,338,13,29.6,30.0,17.5,48,2.37,700.0,26.605,36.82,30.19,0,17.70
2013-12-05,339,14,29.5,29.5,19.2,44,2.06,631.0,26.003,36.40,29.57,0,16.03
2013-12-06,340,13,28.2,28.5,17.2,37,2.24,715.0,24.038,35.03,27.64,0,10.61
2013-12-07,341,15,28.3,28.3,15.4,36,0.45,512.0,25.268,34.86,27.66,0,12.82
2013-12-08,342,15,28.0,28.0,14.5,36,0.45,515.0,25.024,34.60,27.41,0,12.07
2013-12-09,343,15,27.7,27.7,14.2,36,0.58,517.0,24.455,34.31,27.18,0,10.70
2013-12-10,344,14,28.4,28.5,14.6,34,2.04,651.0,23.759,34.92,27.62,0,10.00
2013-12-11,345,13,27.7,28.2,14.5,37,1.36,715.0,24.122,35.17,27.23,0,10.72
2013-12-12,346,13,27.7,28.0,14.6,33,2.73,717.0,22.889,33.96,27.02,0,7.44
2013-12-13,347,15,27.8,27.8,14.5,32,0.92,520.0,23.45,34.11,27.04,0,8.61
2013-12-14,348,13,27.2,27.7,13.4,35,0.14,725.0,24.949,33.02,26.76,0,10.64
2013-12-15,349,13,26.7,27.1,12.2,36,0.1,727.0,24.662,32.54,26.48,0,9.75
2013-12-16,350,14,26.5,26.5,12.4,37,0.92,655.0,23.404,33.97,26.34,0,8.41
2013-12-17,351,13,25.8,26.2,12.1,39,0.4,723.0,24.253,33.74,25.63,0,9.85
2013-12-18,352,13,26.0,26.7,11.5,44,1.14,705.0,23.692,34.02,25.9,0,8.99
2013-12-19,353,12,26.4,27.6,13.3,47,1.94,695.0,23.802,33.89,26.36,0,9.10
2013-12-20,354,15,25.3,25.3,12.3,29,1.04,538.0,20.873,31.87,24.97,0,4.24
2013-12-21,355,13,24.3,24.9,11.2,33,0.57,725.0,21.883,32.50,23.97,0,4.69
2013-12-22,356,14,24.9,25.0,10.5,33,2.1,654.0,20.65,31.57,24.6,0,4.02
2013-12-23,357,14,25.8,26.0,13.9,42,3.83,648.0,22.022,30.86,25.67,0,3.55
2013-12-24,358,14,25.8,26.0,15.8,48,2.97,617.0,22.856,31.84,25.74,0,5.83
2013-12-25,359,14,26.8,26.9,15.3,49,2.28,636.0,24.124,33.73,27.18,0,9.66
2013-12-26,360,14,26.8,26.9,15.8,48,1.68,623.0,24.264,34.16,27.12,0,10.21
2013-12-27,361,13,25.7,26.1,15.8,47,3.61,706.0,22.651,31.50,25.63,0,5.20
2013-12-28,362,12,23.3,24.6,12.2,48,2.4,711.0,20.97,30.64,23.12,0,3.35
2013-12-29,363,14,25.2,25.3,13.7,47,2.98,643.0,22.252,31.34,25.1,0,4.33
2013-12-30,364,13,24.8,25.3,14.9,51,2.42,711.0,22.631,32.14,24.73,0,5.62
2013-12-31,365,13,23.4,24.0,12.7,36,2.55,733.0,19.717,30.28,23.07,0,3.09
2014-01-01,1,15,24.4,24.4,14.1,54,3.89,464.0,21.762,28.61,24.35,0,1.88
2014-01-02,2,14,24.0,24.2,16.7,56,3.19,396.0,21.584,28.60,23.96,0,1.88
2014-01-03,3,13,26.5,27.6,18.2,54,0.2,642.0,26.336,33.62,26.56,0,13.69
2014-01-04,4,14,25.7,25.7,15.9,43,3.2,650.0,22.193,31.47,25.57,0,4.32
2014-01-05,5,13,24.8,25.3,11.3,29,2.52,747.0,20.048,31.48,24.45,0,3.96
2014-01-06,6,13,24.8,25.4,11.9,41,2.28,736.0,21.619,32.02,24.6,0,4.35
2014-01-07,7,14,25.5,25.8,14.0,36,3.54,684.0,21.15,30.87,25.27,0,3.52
2014-01-08,8,14,28.1,28.3,14.9,46,1.48,671.0,25.422,35.73,28.21,0,13.94
2014-01-09,9,13,24.9,25.5,13.3,37,3.14,740.0,20.949,31.06,24.66,0,3.65
2014-01-10,10,12,22.1,23.6,11.3,51,2.02,732.0,20.399,30.25,21.9,0,3.07
2014-01-11,11,13,22.8,23.0,11.5,43,4.49,666.0,19.414,27.19,22.53,0,0.86
2014-01-12,12,15,24.1,24.1,13.2,35,3.05,586.0,19.778,29.42,23.79,0,2.47
2014-01-13,13,15,26.1,26.1,13.4,45,1.25,561.0,23.437,33.30,26.02,0,7.98
2014-01-14,14,13,25.5,26.0,14.1,48,2.9,742.0,22.826,32.31,25.43,0,6.12
2014-01-15,15,13,24.8,25.4,11.8,33,3.16,771.0,20.411,31.01,24.5,0,3.62
2014-01-16,16,14,25.3,25.4,14.7,34,3.04,713.0,20.898,31.32,25.04,0,3.84
2014-01-17,17,12,23.0,24.6,12.9,51,1.2,737.0,21.788,31.87,22.84,0,4.24
2014-01-18,18,14,24.8,24.9,9.2,26,2.82,729.0,19.5,31.01,24.41,0,3.61
2014-01-19,19,15,25.2,25.2,13.2,29,4.22,610.0,19.731,29.27,24.87,0,2.36
2014-01-20,20,15,27.4,27.4,15.6,43,0.51,566.0,25.438,34.77,27.34,0,12.96
2014-01-21,21,14,24.5,24.7,18.1,62,3.11,499.0,22.888,30.27,24.56,0,4.76
2014-01-22,22,11,23.4,25.4,16.7,67,1.77,631.0,23.085,31.87,23.47,0,6.29
2014-01-23,23,14,25.5,25.6,13.8,49,3.24,694.0,22.763,31.71,25.44,0,5.57
2014-01-24,24,14,25.2,25.4,15.5,47,3.5,660.0,22.154,30.85,25.1,0,3.79
2014-01-25,25,14,26.1,26.4,16.0,52,3.25,714.0,23.668,32.55,26.11,0,7.88
2014-01-26,26,15,27.0,27.0,15.5,52,2.55,605.0,24.489,33.63,27.54,0,10.42
2014-01-27,27,14,27.1,27.3,15.8,49,3.89,732.0,24.116,32.92,27.45,0,9.16
2014-01-28,28,14,26.9,27.2,14.7,35,2.57,750.0,22.597,33.57,26.56,0,6.59
2014-01-29,29,14,27.8,28.0,13.2,31,1.34,752.0,23.476,35.19,27.0,0,9.42
2014-01-30,30,14,28.3,28.5,13.8,30,1.7,756.0,23.489,35.44,27.32,0,9.75
2014-01-31,31,13,27.8,28.6,14.5,30,2.82,804.0,22.661,34.33,26.95,0,7.27
2014-02-01,32,14,29.1,29.3,16.0,32,2.51,745.0,24.046,35.66,28.08,0,11.24
2014-02-02,33,14,29.4,29.5,17.1,34,1.61,688.0,24.914,36.39,28.49,0,13.56
2014-02-03,34,14,30.7,30.9,16.3,31,1.03,749.0,26.203,38.04,29.52,0,17.57
2014-02-04,35,14,30.2,30.3,16.2,26,2.06,765.0,24.229,36.95,28.67,0,12.74
2014-02-05,36,14,30.4,30.6,15.6,31,1.96,754.0,25.235,37.38,29.21,0,15.15
2014-02-06,37,13,30.7,31.4,16.5,32,1.61,810.0,25.96,38.19,29.61,0,17.25
2014-02-07,38,13,28.3,29.5,16.4,47,3.07,808.0,25.271,35.27,28.51,0,13.43
2014-02-08,39,13,26.6,27.2,14.2,31,2.52,839.0,21.971,33.65,26.36,0,5.53
2014-02-09,40,14,25.9,26.2,12.9,24,2.66,806.0,20.272,32.55,25.54,0,4.73
2014-02-10,41,15,26.0,26.0,10.8,22,2.31,678.0,19.94,32.24,25.61,0,4.50
2014-02-11,42,13,25.4,25.9,12.3,34,0.63,840.0,23.11,33.95,25.14,0,7.84
2014-02-12,43,14,27.3,27.6,13.6,31,3.32,796.0,22.232,33.37,26.65,0,5.76
2014-02-13,44,15,27.8,27.8,14.3,22,5.59,675.0,20.666,31.46,26.66,0,3.95
2014-02-14,45,13,25.3,25.8,15.1,32,3.26,727.0,20.604,31.11,25.01,0,3.69
2014-02-15,46,12,24.7,24.9,13.2,36,0.54,765.0,22.798,33.16,24.43,0,6.68
2014-02-16,47,13,25.8,26.1,13.7,22,1.51,868.0,20.591,33.63,25.4,0,5.51
2014-02-17,48,13,26.1,26.5,13.3,25,4.02,869.0,20.313,31.79,25.76,0,4.18
2014-02-18,49,15,27.5,27.5,13.8,23,3.0,715.0,21.126,33.25,26.49,0,5.23
2014-02-19,50,15,28.8,28.8,13.0,26,0.9,708.0,23.912,35.78,27.51,0,10.86
2014-02-20,51,15,29.5,29.5,14.8,30,0.42,674.0,25.992,36.40,28.3,0,15.54
2014-02-21,52,13,27.6,27.6,18.4,39,2.44,645.0,23.575,33.96,27.27,0,8.83
2014-02-22,53,13,28.5,29.0,14.6,29,1.0,872.0,24.395,36.41,27.42,0,12.20
2014-02-23,54,11,26.3,29.1,16.3,45,5.25,736.0,22.719,30.80,26.23,0,4.83
2014-02-24,55,14,28.9,29.1,18.4,41,4.52,718.0,24.594,33.98,28.59,0,11.26
2014-02-25,56,13,30.2,30.9,19.5,49,0.58,863.0,29.396,39.38,31.19,0,25.20
2014-02-26,57,12,29.2,30.7,18.8,51,0.54,816.0,28.725,38.31,30.05,0,22.73
2014-02-27,58,11,27.4,30.3,15.7,44,1.1,724.0,25.016,35.43,27.41,0,12.66
2014-02-28,59,14,28.9,28.9,15.2,21,3.4,858.0,22.001,35.00,27.41,0,6.66
2014-03-01,60,13,26.9,27.4,12.7,22,1.7,919.0,21.415,34.68,26.08,0,6.27
2014-03-02,61,14,28.0,28.1,15.0,23,2.87,866.0,21.808,34.61,26.83,0,6.22
2014-03-03,62,13,27.9,28.3,15.5,23,3.58,867.0,21.529,33.93,26.76,0,5.73
2014-03-04,63,14,30.0,30.0,16.2,23,2.66,873.0,23.48,36.77,28.35,0,11.08
2014-03-05,64,15,30.2,30.2,16.3,29,1.62,672.0,24.779,36.85,28.87,0,13.78
2014-03-06,65,12,30.2,31.3,17.9,35,2.4,839.0,25.62,37.45,29.38,0,15.99
2014-03-07,66,13,31.8,32.0,18.5,29,3.65,909.0,25.734,38.35,30.48,0,17.27
2014-03-08,67,12,31.6,32.3,19.9,29,5.1,865.0,25.232,37.16,30.27,0,15.38
2014-03-09,68,13,31.6,32.3,19.9,36,2.6,865.0,26.925,38.95,31.11,0,20.19
2014-03-10,69,12,31.6,32.4,19.2,34,0.64,887.0,28.454,39.84,30.84,0,23.62
2014-03-11,70,12,31.1,33.0,18.7,28,0.85,895.0,26.656,38.94,29.66,0,19.13
2014-03-12,71,14,32.8,32.9,16.3,17,1.32,887.0,25.249,39.85,30.58,0,17.47
2014-03-13,72,14,33.3,33.6,18.5,21,1.84,886.0,26.103,40.55,31.32,0,19.86
2014-03-14,73,15,34.8,34.8,20.8,23,0.86,761.0,28.368,41.81,33.2,0,25.75
2014-03-15,74,14,36.1,36.3,21.2,21,0.32,886.0,30.306,42.90,34.46,0,30.67
2014-03-16,75,12,34.3,36.6,20.2,29,1.58,928.0,28.698,42.37,33.51,0,26.90
2014-03-17,76,14,34.6,34.9,20.9,22,4.0,891.0,26.576,41.09,32.83,0,21.71
2014-03-18,77,15,32.3,32.3,20.4,12,2.48,814.0,22.835,38.44,29.89,0,11.64
2014-03-19,78,14,34.0,34.2,16.8,15,1.63,931.0,25.501,41.08,31.61,0,19.22
2014-03-20,79,12,33.5,34.9,17.8,16,0.82,965.0,26.38,40.71,31.18,0,20.45
2014-03-21,80,15,31.5,31.7,16.3,26,3.41,795.0,24.866,37.56,29.9,0,14.84
2014-03-22,81,14,32.2,32.7,17.6,39,1.49,893.0,28.541,40.58,32.39,0,24.89
2014-03-23,82,11,30.4,34.8,19.8,50,0.28,828.0,30.01,38.62,31.65,0,25.98
2014-03-24,83,14,34.9,35.1,22.6,25,2.34,904.0,27.951,42.42,33.62,0,26.26
2014-03-25,84,12,32.8,34.5,21.3,31,1.04,940.0,28.372,41.04,31.89,0,24.72
2014-03-26,85,12,33.8,35.3,21.0,27,0.36,947.0,29.861,41.43,32.56,0,28.06
2014-03-27,86,13,35.3,36.2,19.8,24,0.61,933.0,29.933,43.19,33.96,0,29.99
2014-03-28,87,12,34.6,36.4,22.9,27,2.2,947.0,28.23,42.43,33.56,0,27.13
2014-03-29,88,12,33.8,35.6,21.6,28,2.16,958.0,27.799,41.65,32.7,0,24.38
2014-03-30,89,13,35.7,36.3,21.0,23,2.7,968.0,28.136,43.34,34.3,0,26.83
2014-03-31,90,13,35.1,36.1,22.2,26,2.33,970.0,28.42,42.98,34.04,0,27.24
2014-04-01,91,13,34.2,35.4,22.4,25,2.2,984.0,27.585,42.03,32.76,0,24.74
2014-04-02,92,14,35.2,35.5,21.8,28,3.06,910.0,28.514,42.57,34.55,0,27.08
2014-04-03,93,12,33.9,36.3,20.5,37,0.51,962.0,31.47,42.91,34.54,0,32.90
2014-04-04,94,13,37.2,37.9,22.3,20,0.58,992.0,30.793,45.13,35.64,0,33.99
2014-04-05,95,12,36.3,38.3,22.6,24,0.6,976.0,30.871,44.47,35.25,0,33.87
2014-04-06,96,15,37.0,37.0,22.6,18,2.94,804.0,27.671,43.76,35.06,0,27.24
2014-04-07,97,14,36.6,36.9,24.3,21,3.4,920.0,28.114,43.79,35.08,0,30.09
2014-04-08,98,13,36.9,37.4,20.6,19,0.3,989.0,30.759,43.85,35.1,0,32.45
2014-04-09,99,11,34.2,36.9,19.9,17,0.3,909.0,27.994,40.43,31.92,0,23.57
2014-04-10,100,13,35.3,36.4,19.4,22,0.92,1003.0,29.023,43.31,33.65,0,28.24
2014-04-11,101,13,36.1,37.1,20.1,21,1.02,1003.0,29.279,44.11,34.46,0,29.61
2014-04-12,102,13,35.9,36.9,21.8,22,1.61,996.0,28.711,43.96,34.38,0,28.39
2014-04-13,103,15,36.6,36.6,21.8,21,1.82,796.0,28.528,43.79,35.08,0,28.19
2014-04-14,104,13,35.7,36.8,22.5,30,1.6,981.0,30.118,44.22,35.7,0,32.32
2014-04-15,105,13,36.9,37.7,22.7,29,1.3,977.0,31.181,45.58,37.31,0,36.14
2014-04-16,106,14,38.3,38.5,24.3,26,1.68,918.0,31.29,46.69,38.66,0,39.51
2014-04-17,107,14,36.9,37.4,24.8,31,2.62,904.0,30.619,44.94,37.88,0,37.27
2014-04-18,108,13,35.0,36.3,24.3,37,2.92,977.0,30.047,43.13,36.36,0,33.73
2014-04-19,109,14,35.7,35.7,24.1,36,1.92,912.0,30.823,44.21,37.29,0,36.09
2014-04-20,110,14,37.1,37.1,24.6,29,0.5,850.0,32.497,45.34,37.63,0,40.79
2014-04-21,111,14,37.5,37.6,24.2,23,0.91,892.0,30.748,45.41,36.67,0,36.70
2014-04-22,112,13,38.2,38.7,25.1,20,0.73,989.0,31.17,46.26,36.92,0,39.26
2014-04-23,113,12,37.5,38.7,24.3,22,0.85,991.0,30.851,45.71,36.44,0,37.15
2014-04-24,114,13,38.5,39.1,22.7,20,1.3,998.0,30.565,46.75,37.32,0,35.82
2014-04-25,115,13,38.3,39.0,25.3,22,2.69,993.0,30.013,46.45,37.54,0,37.68
2014-04-26,116,12,37.7,39.4,25.3,30,1.92,981.0,31.556,46.46,38.93,0,41.11
2014-04-27,117,13,39.9,40.6,25.5,25,1.17,981.0,32.947,48.77,40.92,1,48.05
2014-04-28,118,14,41.9,42.0,25.6,14,1.39,946.0,31.29,49.78,40.02,2,47.10
2014-04-29,119,13,40.9,41.7,25.7,19,1.8,995.0,31.748,49.46,40.33,3,49.64
2014-04-30,120,12,38.5,40.5,25.7,26,2.09,981.0,31.309,47.09,38.98,4,48.25
2014-05-01,121,13,39.4,40.3,24.7,17,2.88,1004.0,29.562,47.40,37.76,5,45.23
2014-05-02,122,12,36.8,39.5,24.0,28,2.92,997.0,29.999,44.90,36.88,0,34.77
2014-05-03,123,13,38.0,39.5,24.0,25,3.34,994.0,30.224,46.01,37.9,0,36.37
2014-05-04,124,12,35.5,38.1,23.2,35,3.05,980.0,30.108,43.55,36.66,0,32.98
2014-05-05,125,12,36.9,38.6,25.8,39,1.41,962.0,32.81,46.28,40.61,0,44.56
2014-05-06,126,12,38.8,40.3,26.3,27,0.28,967.0,33.99,46.66,39.79,1,49.01
2014-05-07,127,12,40.8,41.5,26.9,18,2.1,994.0,31.222,49.24,39.87,2,48.04
2014-05-08,128,13,41.4,41.6,26.1,13,3.34,1008.0,29.728,49.37,39.14,3,45.77
2014-05-09,129,13,38.9,39.6,27.1,15,2.73,1010.0,28.698,46.69,36.73,0,37.16
2014-05-10,130,13,36.1,37.3,24.2,33,3.89,952.0,30.005,43.60,37.12,0,34.17
2014-05-11,131,13,36.1,38.0,25.2,35,3.41,972.0,30.498,44.03,37.7,0,36.79
2014-05-12,132,13,35.9,37.3,25.5,34,3.05,985.0,30.284,44.00,37.06,0,36.47
2014-05-13,133,13,35.8,37.9,24.7,36,3.19,983.0,30.49,43.89,37.47,0,36.00
2014-05-14,134,14,35.8,36.3,25.3,37,2.5,914.0,30.795,44.08,37.78,0,37.53
2014-05-15,135,13,35.6,36.7,26.3,37,3.42,963.0,30.389,43.48,37.41,0,37.36
2014-05-16,136,13,35.7,36.7,26.6,38,3.32,961.0,30.662,43.71,37.9,0,38.57
2014-05-17,137,14,37.2,37.5,27.1,38,2.65,895.0,32.075,45.67,40.84,0,44.34
2014-05-18,138,13,37.3,38.4,27.4,39,2.06,963.0,32.703,46.48,41.45,0,46.69
2014-05-19,139,13,38.5,39.2,27.5,27,2.36,973.0,31.372,47.03,39.3,0,43.88
2014-05-20,140,13,39.0,39.8,27.5,21,3.19,956.0,30.103,46.92,38.26,0,41.02
2014-05-21,141,13,39.4,40.1,26.4,23,3.89,989.0,30.749,47.45,39.43,1,43.44
2014-05-22,142,12,38.6,40.8,27.2,29,3.28,978.0,31.533,46.90,40.15,2,47.40
2014-05-23,143,13,39.1,40.8,25.7,24,3.45,989.0,30.849,47.26,39.29,3,45.96
2014-05-24,144,14,39.7,40.3,25.2,24,2.82,923.0,31.428,47.93,40.23,4,48.97
2014-05-25,145,11,37.0,40.4,27.8,41,0.71,877.0,34.003,46.42,41.62,5,57.96
2014-05-26,146,13,40.0,41.3,28.4,31,1.93,965.0,33.629,49.23,43.59,6,62.38
2014-05-27,147,13,40.7,41.6,28.2,27,0.95,971.0,34.312,49.84,43.13,7,63.71
2014-05-28,148,14,41.1,41.6,28.1,28,2.28,904.0,33.632,49.98,44.35,8,62.87
2014-05-29,149,14,41.5,42.4,27.8,24,4.24,906.0,32.469,49.77,43.23,9,59.75
2014-05-30,150,14,39.8,41.1,26.6,26,4.43,908.0,31.523,47.64,41.12,10,54.24
2014-05-31,151,15,40.0,40.5,26.9,28,3.36,779.0,32.162,47.71,42.27,11,56.27
2014-06-01,152,15,39.1,39.4,26.8,32,2.22,778.0,32.596,47.28,42.24,0,46.66
2014-06-02,153,14,40.4,40.9,28.2,36,1.9,886.0,34.803,49.82,46.98,1,57.72
2014-06-03,154,13,40.6,41.7,29.9,33,1.92,943.0,34.493,50.03,45.82,2,60.51
2014-06-04,155,13,40.8,42.0,29.9,30,2.82,948.0,33.658,49.76,44.72,3,59.99
2014-06-05,156,14,40.8,41.6,29.2,28,3.18,886.0,33.03,49.25,43.77,4,58.93
2014-06-06,157,14,40.9,41.9,28.8,24,3.51,898.0,32.144,49.11,42.2,5,57.77
2014-06-07,158,13,39.4,41.5,27.6,28,3.45,957.0,31.909,47.70,41.19,6,56.20
2014-06-08,159,13,39.5,40.9,27.3,26,3.47,964.0,31.571,47.74,40.61,7,55.03
2014-06-09,160,15,40.1,40.1,27.9,25,3.86,778.0,31.475,47.53,41.25,8,55.63
2014-06-10,161,14,39.3,39.4,28.7,35,4.07,846.0,32.886,47.25,43.99,0,50.05
2014-06-11,162,13,37.0,37.5,29.7,45,5.85,752.0,32.148,44.11,43.36,0,47.32
2014-06-12,163,14,36.9,37.1,28.8,39,6.4,792.0,31.105,43.76,40.61,0,43.02
2014-06-13,164,14,37.9,37.9,28.3,37,5.72,801.0,31.722,45.02,41.89,0,44.99
2014-06-14,165,13,36.8,36.8,28.6,42,5.63,846.0,31.657,44.03,41.59,0,44.39
2014-06-15,166,14,36.5,36.5,28.8,45,4.73,710.0,31.797,43.40,42.17,0,44.65
2014-06-16,167,13,35.9,35.9,27.8,50,4.71,749.0,32.047,43.20,42.88,0,44.07
2014-06-17,168,15,35.9,35.9,28.5,46,4.49,579.0,31.247,42.10,41.19,0,41.96
2014-06-18,169,13,36.4,36.5,27.7,40,4.66,732.0,30.978,43.04,39.96,0,40.74
2014-06-19,170,14,37.7,37.8,28.2,42,4.32,820.0,32.615,45.42,43.65,0,47.51
2014-06-20,171,14,38.3,38.7,28.3,34,5.37,877.0,31.676,45.75,41.48,0,45.28
2014-06-21,172,15,38.6,38.6,28.2,32,5.66,553.0,31.075,44.52,41.27,0,43.06
2014-06-22,173,15,39.3,39.3,28.2,29,6.37,612.0,31.085,45.78,41.4,0,44.03
2014-06-23,174,14,39.2,40.2,28.5,33,6.88,879.0,32.071,47.16,42.87,1,49.46
2014-06-24,175,15,39.8,40.1,28.2,28,6.35,766.0,31.497,47.17,41.91,2,49.34
2014-06-25,176,15,39.0,39.0,28.1,30,6.21,773.0,31.268,46.14,41.24,0,44.46
2014-06-26,177,15,37.8,38.4,28.1,31,4.22,614.0,30.504,43.95,39.43,0,40.77
2014-06-27,178,15,38.0,38.1,27.9,32,3.93,752.0,31.127,45.04,40.15,0,42.77
2014-06-28,179,15,38.4,38.8,27.3,32,4.56,760.0,31.359,45.39,40.89,0,43.04
2014-06-29,180,15,38.5,38.7,27.3,30,5.69,749.0,30.883,45.29,40.33,0,41.85
2014-06-30,181,14,37.5,38.7,27.4,33,5.78,751.0,30.604,44.07,39.58,0,40.28
2014-07-01,182,14,35.7,36.1,27.5,38,5.59,450.0,29.497,40.30,37.9,0,34.96
2014-07-02,183,14,37.6,37.6,28.0,34,5.15,746.0,30.943,44.26,40.12,0,41.96
2014-07-03,184,14,36.7,37.1,27.6,36,5.75,554.0,30.176,42.13,39.12,0,38.14
2014-07-04,185,15,38.0,38.2,27.9,31,5.02,689.0,30.665,44.40,39.79,0,41.30
2014-07-05,186,14,37.9,38.7,27.5,33,3.72,832.0,31.391,45.41,40.32,0,43.13
2014-07-06,187,14,37.9,38.6,28.6,33,3.45,797.0,31.403,45.38,40.32,0,44.41
2014-07-07,188,15,38.1,38.3,29.5,36,3.01,618.0,31.924,45.15,41.89,0,46.87
2014-07-08,189,14,38.2,38.8,28.6,33,3.7,809.0,31.615,45.70,40.89,0,45.26
2014-07-09,190,15,36.6,36.6,29.1,39,3.05,528.0,30.96,42.96,39.99,0,42.29
2014-07-10,191,15,34.9,34.9,28.6,46,3.06,402.0,30.269,40.57,38.97,0,38.30
2014-07-11,192,14,35.6,36.6,28.4,50,2.25,738.0,32.381,44.22,42.13,0,45.87
2014-07-12,193,14,35.3,35.3,28.2,48,2.33,768.0,31.85,43.74,40.6,0,43.71
2014-07-13,194,14,36.2,36.2,27.1,44,3.5,723.0,31.631,43.56,41.06,0,42.05
2014-07-14,195,11,33.3,33.3,28.0,55,2.11,514.0,30.56,40.75,38.5,0,38.10
2014-07-15,196,13,33.7,34.2,27.0,54,1.12,488.0,31.299,41.60,39.09,0,39.17
2014-07-16,197,14,30.4,30.6,26.4,73,0.41,337.0,30.843,38.66,36.85,0,34.65
2014-07-17,198,12,31.1,31.7,26.2,72,2.47,480.0,30.312,39.09,38.49,0,34.33
2014-07-18,199,11,28.6,28.6,26.3,82,3.89,249.0,28.141,33.72,34.04,0,24.81
2014-07-19,200,15,30.2,30.3,25.7,70,4.11,309.0,28.534,35.09,35.53,0,26.40
2014-07-20,201,15,32.7,32.7,25.7,55,3.89,496.0,29.529,38.50,37.14,0,31.34
2014-07-21,202,14,31.8,32.2,26.2,59,4.52,593.0,29.261,37.79,36.32,0,30.60
2014-07-22,203,15,32.1,32.1,26.2,58,4.54,506.0,29.269,37.61,36.71,0,30.63
2014-07-23,204,15,27.7,28.2,25.9,87,4.83,230.0,27.623,31.96,32.47,0,21.51
2014-07-24,205,15,26.3,26.3,24.7,92,5.9,175.0,26.513,29.07,26.84,0,13.89
2014-07-25,206,11,28.3,28.5,24.8,80,3.54,312.0,27.849,33.98,32.86,0,22.26
2014-07-26,207,12,30.5,31.1,24.9,75,4.03,607.0,29.954,37.86,37.7,0,30.96
2014-07-27,208,15,30.5,30.6,26.1,69,3.6,434.0,29.054,36.69,36.02,0,29.18
2014-07-28,209,13,30.7,30.7,25.8,65,3.64,511.0,28.937,37.04,35.45,0,28.65
2014-07-29,210,14,28.1,28.8,25.1,88,0.54,269.0,29.662,37.00,33.85,0,28.59
2014-07-30,211,15,28.8,28.8,25.3,84,2.6,240.0,28.712,35.46,35.03,0,26.35
2014-07-31,212,13,29.6,29.6,25.1,81,2.5,522.0,29.914,38.25,36.72,0,31.03
2014-08-01,213,13,31.1,31.1,25.3,68,4.2,689.0,29.854,38.30,37.26,0,31.38
2014-08-02,214,11,29.9,29.9,25.7,76,4.41,538.0,29.306,36.48,36.29,0,29.14
2014-08-03,215,14,28.8,29.5,25.0,79,5.22,326.0,28.069,33.34,33.99,0,22.87
2014-08-04,216,15,30.4,30.4,26.1,67,3.26,515.0,28.963,37.18,35.26,0,29.08
2014-08-05,217,12,28.3,28.6,25.4,78,3.76,427.0,27.863,34.41,32.52,0,23.17
2014-08-06,218,11,28.1,28.1,24.9,75,4.61,432.0,27.251,33.22,31.58,0,20.22
2014-08-07,219,13,29.6,29.6,24.5,72,3.72,430.0,28.495,35.64,34.53,0,24.95
2014-08-08,220,13,29.6,29.8,24.8,76,3.94,559.0,29.128,36.56,35.47,0,27.51
2014-08-09,221,12,29.5,29.5,24.9,78,4.03,609.0,29.312,36.80,35.68,0,28.22
2014-08-10,222,15,30.8,30.8,25.2,73,2.48,584.0,30.351,39.36,37.96,0,33.23
2014-08-11,223,13,30.8,31.0,25.7,63,2.77,589.0,29.15,38.22,35.17,0,29.69
2014-08-12,224,14,30.6,30.8,25.5,72,3.78,632.0,29.81,38.04,37.11,0,31.29
2014-08-13,225,15,30.6,30.9,25.0,69,3.47,523.0,29.347,37.46,36.27,0,29.10
2014-08-14,226,13,29.7,30.0,25.5,69,5.33,466.0,28.122,34.64,34.1,0,24.53
2014-08-15,227,15,29.9,30.0,25.2,68,5.6,463.0,28.17,34.70,34.33,0,24.40
2014-08-16,228,14,30.9,31.0,25.3,63,5.33,603.0,28.802,36.56,35.39,0,27.45
2014-08-17,229,15,31.4,31.4,24.3,61,2.48,556.0,29.5,38.87,35.98,0,29.49
2014-08-18,230,14,30.6,30.9,24.8,70,2.34,714.0,30.13,39.58,36.54,0,31.98
2014-08-19,231,12,31.3,32.2,24.8,64,0.92,783.0,31.307,41.27,36.59,0,35.44
2014-08-20,232,14,32.3,32.4,25.2,61,2.45,728.0,30.679,40.87,38.11,0,35.00
2014-08-21,233,12,31.1,31.9,25.4,64,1.9,771.0,30.237,40.33,36.12,0,33.27
2014-08-22,234,14,32.2,32.2,25.5,65,1.14,805.0,32.042,42.45,39.19,0,39.47
2014-08-23,235,14,31.5,31.8,26.2,67,1.17,504.0,30.834,40.27,38.0,0,35.99
2014-08-24,236,15,31.0,31.1,24.5,71,2.41,502.0,30.173,39.04,37.9,0,31.83
2014-08-25,237,15,32.2,32.2,25.4,67,1.91,649.0,31.371,41.40,39.9,0,37.59
2014-08-26,238,12,30.1,30.6,25.5,66,2.47,636.0,29.016,38.14,34.33,0,28.83
2014-08-27,239,13,31.0,31.3,25.0,61,1.84,791.0,29.868,40.10,35.1,0,31.56
2014-08-28,240,14,31.4,31.5,25.4,69,0.7,732.0,32.218,41.77,38.37,0,38.89
2014-08-29,241,15,33.2,33.2,25.9,62,1.78,667.0,31.824,42.36,40.79,0,40.05
2014-08-30,242,14,31.9,32.1,25.8,72,2.47,689.0,31.498,41.26,40.85,0,38.55
2014-08-31,243,15,30.8,30.8,25.0,75,3.5,513.0,30.173,38.23,38.58,0,32.08
2014-09-01,244,15,30.9,30.9,25.1,72,0.81,404.0,30.876,39.63,37.93,0,34.29
2014-09-02,245,12,30.3,30.7,24.9,74,1.86,606.0,30.277,39.50,36.85,0,32.43
2014-09-03,246,15,28.6,28.6,25.5,84,5.51,330.0,28.371,33.40,34.44,0,24.23
2014-09-04,247,11,28.3,28.3,25.0,83,3.85,252.0,27.963,33.46,33.39,0,22.53
2014-09-05,248,15,31.3,31.3,25.2,62,4.81,524.0,28.998,36.83,36.03,0,28.13
2014-09-06,249,14,30.3,30.5,24.4,63,2.77,536.0,28.577,37.33,34.08,0,26.04
2014-09-07,250,13,30.2,30.6,24.4,63,2.42,661.0,28.838,38.21,33.86,0,27.08
2014-09-08,251,15,28.0,28.2,25.3,82,4.34,279.0,27.58,32.74,32.41,0,21.27
2014-09-09,252,12,26.2,26.2,23.6,90,3.63,220.0,26.531,31.19,26.71,0,14.17
2014-09-10,253,13,25.4,25.4,23.6,94,3.0,96.0,25.752,29.67,25.92,0,11.61
2014-09-11,254,14,26.0,26.1,23.4,93,2.11,165.0,26.682,32.45,26.54,0,15.14
2014-09-12,255,14,30.3,30.3,24.1,63,3.04,603.0,28.635,37.44,34.08,0,25.88
2014-09-13,256,14,30.6,30.6,24.6,61,2.78,655.0,28.853,38.16,34.25,0,27.46
2014-09-14,257,11,29.0,30.4,24.5,75,2.12,641.0,29.087,37.93,33.69,0,27.41
2014-09-15,258,11,29.4,30.3,24.7,69,0.72,674.0,30.115,39.11,33.42,0,30.33
2014-09-16,259,12,30.1,31.0,24.4,71,1.12,644.0,30.369,39.72,35.53,0,31.69
2014-09-17,260,15,30.4,30.4,24.3,66,2.4,562.0,29.176,38.18,35.01,0,28.01
2014-09-18,261,13,30.8,31.0,23.5,63,2.01,706.0,29.658,39.50,35.17,0,29.00
2014-09-19,262,13,30.6,30.8,23.6,63,2.79,683.0,29.13,38.44,34.72,0,27.19
2014-09-20,263,13,30.0,30.3,22.8,63,3.3,649.0,28.372,37.08,33.45,0,23.37
2014-09-21,264,15,30.8,30.8,22.2,58,1.65,562.0,28.953,38.66,33.96,0,25.10
2014-09-22,265,13,30.8,31.0,22.6,61,1.94,787.0,29.618,39.77,34.67,0,27.89
2014-09-23,266,13,30.8,31.1,23.2,58,3.16,821.0,28.855,38.62,33.96,0,26.05
2014-09-24,267,11,29.2,30.6,22.0,67,1.87,734.0,28.727,38.22,32.6,0,23.61
2014-09-25,268,11,29.6,30.8,24.3,70,0.58,707.0,30.819,39.67,34.08,0,31.85
2014-09-26,269,11,30.3,31.7,23.7,65,0.5,719.0,31.196,40.15,34.54,0,32.38
2014-09-27,270,12,31.1,31.9,22.9,62,0.42,833.0,32.109,41.18,35.58,0,34.30
2014-09-28,271,13,32.1,32.4,23.5,59,0.14,816.0,32.632,40.26,37.0,0,35.85
2014-09-29,272,13,32.6,32.9,24.1,58,0.76,823.0,32.172,42.52,37.86,0,37.64
2014-09-30,273,15,33.3,33.3,24.3,58,0.22,601.0,32.909,41.30,39.55,0,39.01
2014-10-01,274,12,32.4,33.2,24.3,62,0.92,801.0,32.146,42.49,38.69,0,38.11
2014-10-02,275,14,33.8,33.9,23.7,52,0.7,755.0,32.446,43.10,38.63,0,38.39
2014-10-03,276,13,34.0,34.3,24.0,48,1.21,856.0,31.586,43.22,37.73,0,36.87
2014-10-04,277,14,34.1,34.1,24.2,47,2.05,778.0,30.781,42.44,37.62,0,34.98
2014-10-05,278,13,33.5,34.0,23.7,51,1.7,830.0,31.083,42.51,37.63,0,35.02
2014-10-06,279,13,33.6,33.8,23.4,51,1.97,819.0,30.993,42.40,37.85,0,34.50
2014-10-07,280,13,34.5,35.0,23.9,47,2.75,841.0,30.959,42.70,38.46,0,35.47
2014-10-08,281,13,34.6,35.2,24.2,45,2.53,839.0,30.84,42.83,38.0,0,35.51
2014-10-09,282,13,34.5,34.9,23.5,46,2.05,843.0,31.115,43.13,38.12,0,35.48
2014-10-10,283,13,34.7,35.1,23.6,43,1.22,841.0,31.452,43.55,37.56,0,36.33
2014-10-11,284,12,34.1,35.3,22.3,45,0.4,848.0,32.713,43.08,37.0,0,36.64
2014-10-12,285,12,34.4,36.0,22.3,43,1.4,855.0,31.047,43.20,36.98,0,33.57
2014-10-13,286,13,33.9,34.3,22.5,35,1.6,856.0,29.231,41.99,34.1,0,28.43
2014-10-14,287,15,34.0,34.0,21.3,33,0.5,622.0,29.916,41.08,33.84,0,28.39
2014-10-15,288,14,34.8,34.8,21.9,36,0.32,739.0,31.618,42.16,35.76,0,33.10
2014-10-16,289,12,33.5,34.4,21.3,37,1.2,848.0,29.538,41.78,33.92,0,28.21
2014-10-17,290,12,33.2,34.0,20.4,34,0.5,847.0,30.111,41.40,32.9,0,28.64
2014-10-18,291,12,32.8,33.5,19.8,37,0.1,844.0,30.39,39.15,32.88,0,27.54
2014-10-19,292,13,34.1,34.3,20.9,36,0.41,819.0,31.271,42.22,34.63,0,32.07
2014-10-20,293,13,34.3,34.7,22.3,37,2.14,820.0,29.508,42.13,35.18,0,29.22
2014-10-21,294,13,34.9,35.2,22.4,34,2.47,833.0,29.41,42.51,35.42,0,29.52
2014-10-22,295,12,33.9,34.8,23.1,39,2.18,819.0,29.453,41.76,35.01,0,29.73
2014-10-23,296,13,34.3,34.6,21.9,33,0.5,731.0,30.524,41.97,34.28,0,30.35
2014-10-24,297,14,34.1,34.1,21.9,31,0.51,607.0,29.581,40.94,33.6,0,27.57
2014-10-25,298,13,33.3,33.5,20.8,36,0.1,814.0,30.573,39.51,33.42,0,28.34
2014-10-26,299,13,31.5,32.0,21.3,49,1.04,774.0,29.485,40.17,33.25,0,26.70
2014-10-27,300,13,32.0,32.5,21.8,44,0.73,773.0,29.746,40.45,33.04,0,27.31
2014-10-28,301,12,31.3,32.6,21.0,48,0.41,736.0,30.276,39.74,32.71,0,27.68
2014-10-29,302,13,33.2,33.2,21.3,36,0.73,688.0,29.387,40.73,33.27,0,26.93
2014-10-30,303,13,33.0,33.0,23.1,38,0.57,618.0,29.653,40.34,33.37,0,28.47
2014-10-31,304,14,32.6,32.7,25.0,39,2.88,598.0,27.676,38.69,32.97,0,25.61
2014-11-01,305,15,33.0,33.0,24.0,36,0.32,474.0,29.132,38.80,32.98,0,27.28
2014-11-02,306,14,33.9,33.9,24.2,33,0.22,626.0,29.983,39.80,33.7,0,30.11
2014-11-03,307,12,33.1,34.1,22.1,36,0.71,785.0,29.608,41.09,33.13,0,27.67
2014-11-04,308,12,32.6,33.6,20.3,38,0.81,776.0,29.272,40.64,32.78,0,26.46
2014-11-05,309,13,32.5,32.9,20.3,38,1.63,771.0,28.309,40.23,32.64,0,24.29
2014-11-06,310,13,32.0,32.3,20.1,41,1.7,769.0,28.261,39.83,32.46,0,23.84
2014-11-07,311,12,30.9,32.0,18.8,44,1.48,777.0,27.877,38.99,31.39,0,22.12
2014-11-08,312,13,32.9,33.2,18.6,32,1.82,765.0,27.581,40.20,32.17,0,22.72
2014-11-09,313,12,32.8,33.7,21.1,33,2.82,768.0,27.241,39.54,32.2,0,21.61
2014-11-10,314,13,33.2,33.4,23.3,32,2.42,734.0,27.493,40.04,32.56,0,24.10
2014-11-11,315,13,33.2,33.5,21.9,35,2.77,741.0,27.869,39.99,33.08,0,23.45
2014-11-12,316,13,33.2,33.5,24.3,46,1.55,726.0,30.029,41.38,35.57,0,32.15
2014-11-13,317,13,33.6,33.8,24.3,46,1.66,670.0,30.194,41.51,36.33,0,32.83
2014-11-14,318,13,33.6,33.9,25.0,46,0.73,687.0,31.203,41.97,36.33,0,35.89
2014-11-15,319,13,32.0,32.2,24.1,51,0.14,635.0,30.955,38.69,34.61,0,31.36
2014-11-16,320,13,31.3,31.4,23.1,53,1.3,682.0,29.329,39.69,33.77,0,27.53
2014-11-17,321,14,32.4,32.4,23.4,47,1.58,623.0,29.206,40.02,34.37,0,28.11
2014-11-18,322,14,32.7,32.7,22.8,41,1.66,599.0,28.535,39.77,33.52,0,25.64
2014-11-19,323,14,32.9,32.9,22.1,34,1.78,648.0,27.688,39.75,32.49,0,22.83
2014-11-20,324,11,31.4,32.8,20.5,32,1.25,677.0,26.543,38.40,30.37,0,18.79
2014-11-21,325,11,30.6,31.8,18.3,25,1.1,682.0,24.883,37.25,28.97,0,14.30
2014-11-22,326,12,30.3,31.2,17.1,36,1.17,735.0,26.428,37.83,29.58,0,17.87
2014-11-23,327,12,30.4,31.2,17.2,34,1.28,737.0,26.119,37.78,29.49,0,17.22
2014-11-24,328,14,31.7,31.7,18.3,30,1.0,651.0,26.663,38.50,30.48,0,19.13
2014-11-25,329,13,31.4,31.6,18.8,33,1.28,724.0,26.781,38.68,30.48,0,19.49
2014-11-26,330,13,30.9,31.1,17.9,32,1.21,728.0,26.28,38.15,29.82,0,17.91
2014-11-27,331,11,29.4,30.5,16.1,34,0.67,667.0,25.913,36.61,28.49,0,15.61
2014-11-28,332,12,29.3,30.5,16.5,40,0.94,724.0,26.367,37.09,28.92,0,16.97
2014-11-29,333,13,30.1,30.5,16.9,42,0.71,713.0,27.679,38.04,30.05,0,20.55
2014-11-30,334,13,30.3,30.6,18.4,42,1.2,706.0,27.165,38.04,30.3,0,19.68
2014-12-01,335,14,30.9,30.9,18.4,34,0.5,638.0,27.513,37.98,30.03,0,20.19
2014-12-02,336,14,31.2,31.2,18.9,33,1.9,636.0,26.009,37.74,30.25,0,17.26
2014-12-03,337,13,30.5,30.7,18.6,32,1.84,707.0,25.445,37.37,29.4,0,15.61
2014-12-04,338,13,30.3,30.6,17.6,33,2.21,708.0,25.253,36.97,29.29,0,14.92
2014-12-05,339,14,30.6,30.6,18.6,29,3.45,638.0,24.374,35.82,29.25,0,12.42
2014-12-06,340,14,30.3,30.3,19.2,30,3.85,630.0,24.191,35.18,29.04,0,11.53
2014-12-07,341,14,29.8,29.8,18.4,31,2.34,634.0,24.336,35.88,28.64,0,12.16
2014-12-08,342,13,29.1,29.7,16.8,34,1.39,694.0,24.829,36.24,28.22,0,13.19
2014-12-09,343,13,29.5,29.9,15.9,33,1.77,712.0,24.805,36.47,28.51,0,13.42
2014-12-10,344,13,29.1,29.7,16.3,35,2.39,712.0,24.465,35.71,28.29,0,12.15
2014-12-11,345,15,29.9,29.9,18.7,41,1.84,501.0,25.77,36.07,29.69,0,15.39
2014-12-12,346,12,28.1,29.6,18.2,52,0.72,693.0,27.06,36.60,28.75,0,17.86
2014-12-13,347,12,26.1,27.0,14.0,27,2.62,717.0,20.744,32.36,25.79,0,4.59
2014-12-14,348,11,23.3,25.6,11.9,41,1.7,644.0,20.409,30.77,23.03,0,3.44
2014-12-15,349,13,24.5,25.1,11.8,25,2.92,733.0,19.091,30.63,24.08,0,3.34
2014-12-16,350,13,24.7,25.3,13.6,32,4.49,724.0,19.845,29.25,24.38,0,2.35
2014-12-17,351,14,24.4,24.5,13.4,31,3.7,662.0,19.515,29.35,24.05,0,2.42
2014-12-18,352,15,25.0,25.0,13.3,33,2.82,488.0,20.154,29.83,24.71,0,2.77
2014-12-19,353,14,25.6,25.7,13.8,32,3.35,648.0,20.701,30.85,25.33,0,3.51
2014-12-20,354,14,25.2,25.3,15.1,36,2.97,575.0,20.838,30.53,24.96,0,3.27
2014-12-21,355,14,26.1,26.2,12.7,35,2.19,660.0,21.896,32.68,25.89,0,4.83
2014-12-22,356,14,26.8,26.9,12.9,35,0.2,657.0,24.382,32.84,26.5,0,9.44
2014-12-23,357,13,26.4,26.7,12.0,36,2.94,713.0,22.119,32.55,26.22,0,4.96
2014-12-24,358,13,26.6,27.3,12.4,37,1.42,716.0,23.132,34.13,26.44,0,8.01
2014-12-25,359,13,27.2,27.7,16.0,39,2.9,712.0,23.201,33.48,26.96,0,7.67
2014-12-26,360,14,26.6,26.6,15.1,27,3.0,663.0,20.94,32.16,26.31,0,4.45
2014-12-27,361,14,25.8,25.8,13.2,21,3.1,679.0,19.369,31.29,25.39,0,3.82
2014-12-28,362,14,25.3,25.4,12.9,26,3.32,677.0,19.68,30.64,24.93,0,3.35
2014-12-29,363,14,25.2,25.3,12.6,27,3.0,677.0,19.824,30.90,24.84,0,3.54
2014-12-30,364,14,25.2,25.4,13.1,31,2.52,669.0,20.506,31.45,24.89,0,3.94
2014-12-31,365,14,25.1,25.2,13.3,40,3.26,585.0,21.185,30.30,24.91,0,3.11
2015-01-01,1,13,24.1,24.3,16.9,55,3.7,512.0,21.714,28.89,24.05,0,2.09
2015-01-02,2,14,23.7,23.7,17.3,53,2.58,367.0,21.068,28.69,23.6,0,1.94
2015-01-03,3,14,25.2,25.4,15.1,47,2.2,648.0,22.52,32.23,25.1,0,5.48
2015-01-04,4,13,25.9,26.4,14.6,42,3.64,721.0,22.266,31.57,25.77,0,4.52
2015-01-05,5,14,25.2,25.5,13.7,31,2.5,694.0,20.559,31.62,24.89,0,4.06
2015-01-06,6,14,26.5,26.7,11.6,31,0.63,692.0,23.214,33.99,26.26,0,8.06
2015-01-07,7,14,26.2,26.4,10.6,36,1.28,684.0,22.704,33.64,26.01,0,6.85
2015-01-08,8,14,27.5,27.7,13.1,32,1.22,690.0,23.335,34.70,26.83,0,8.80
2015-01-09,9,14,27.3,27.4,13.1,29,1.4,696.0,22.597,34.34,26.57,0,7.15
2015-01-10,10,13,27.0,27.8,13.0,32,0.86,749.0,23.495,34.68,26.5,0,9.09
2015-01-11,11,14,28.1,28.4,12.7,29,1.14,706.0,23.513,35.22,27.12,0,9.56
2015-01-12,12,14,28.6,28.8,12.0,29,0.41,709.0,25.211,35.65,27.5,0,13.22
2015-01-13,13,15,27.5,27.5,12.5,30,0.58,592.0,23.706,34.26,26.74,0,9.19
2015-01-14,14,14,25.3,25.3,13.6,63,2.33,491.0,23.932,32.03,25.42,0,8.00
2015-01-15,15,14,26.6,26.8,15.3,42,2.39,694.0,23.19,33.42,26.51,0,7.61
2015-01-16,16,14,26.6,26.8,14.9,38,2.0,707.0,22.886,33.69,26.45,0,7.23
2015-01-17,17,15,26.2,26.2,14.5,33,1.53,600.0,21.928,32.90,25.97,0,4.98
2015-01-18,18,14,25.7,25.9,13.3,33,1.53,724.0,21.784,33.14,25.44,0,5.16
2015-01-19,19,14,26.8,27.1,13.3,37,2.84,710.0,22.615,33.06,26.58,0,6.26
2015-01-20,20,13,26.8,27.6,16.6,46,3.31,749.0,23.656,33.13,27.02,0,8.29
2015-01-21,21,14,25.8,26.1,16.1,48,1.36,533.0,23.357,32.93,25.74,0,7.57
2015-01-22,22,12,24.2,25.9,16.2,55,1.99,727.0,22.721,32.31,24.16,0,5.92
2015-01-23,23,13,25.2,25.5,13.1,35,2.2,759.0,21.315,32.38,24.94,0,4.61
2015-01-24,24,14,25.3,25.4,14.2,51,2.88,687.0,22.888,31.97,25.26,0,5.99
2015-01-25,25,12,24.6,25.7,16.4,57,1.68,732.0,23.477,33.12,24.6,0,7.93
2015-01-26,26,13,24.0,24.4,13.1,49,2.14,703.0,21.796,31.57,23.87,0,4.02
2015-01-27,27,14,24.3,24.4,13.0,37,3.23,736.0,20.404,30.36,24.03,0,3.15
2015-01-28,28,14,24.0,24.2,12.9,30,3.53,756.0,19.24,29.69,23.62,0,2.66
2015-01-29,29,14,25.3,25.6,11.8,28,3.05,760.0,20.172,31.43,24.96,0,3.92
2015-01-30,30,14,26.5,26.7,13.2,26,3.4,760.0,20.767,32.20,26.19,0,4.48
2015-01-31,31,15,27.8,27.8,13.3,27,1.26,646.0,22.704,34.50,26.83,0,7.47
2015-02-01,32,14,29.0,29.2,12.7,29,1.79,761.0,23.871,36.04,27.82,0,11.09
2015-02-02,33,12,26.2,28.7,13.7,43,0.51,769.0,25.047,34.79,26.1,0,12.10
2015-02-03,34,14,28.5,28.7,15.0,38,2.02,757.0,24.61,35.76,27.97,0,12.34
2015-02-04,35,14,28.7,29.0,17.0,34,4.33,763.0,23.567,33.90,27.87,0,8.99
2015-02-05,36,15,29.1,29.1,16.7,36,1.78,642.0,24.744,35.84,28.37,0,12.80
2015-02-06,37,13,29.1,29.9,16.7,40,1.33,800.0,25.94,37.10,28.71,0,16.10
2015-02-07,38,12,28.2,29.6,16.2,30,1.0,792.0,24.113,35.82,27.24,0,11.17
2015-02-08,39,14,28.7,28.7,14.6,23,2.24,786.0,22.47,35.37,27.33,0,7.78
2015-02-09,40,12,27.3,29.1,14.7,42,3.4,801.0,23.673,33.66,27.2,0,8.77
2015-02-10,41,14,29.5,29.5,17.9,37,4.25,748.0,24.664,34.86,28.84,0,12.12
2015-02-11,42,13,28.6,29.6,16.7,41,2.28,823.0,25.09,36.10,28.29,0,13.61
2015-02-12,43,13,28.9,29.9,15.6,34,2.09,838.0,24.512,36.32,28.04,0,12.58
2015-02-13,44,14,30.1,30.4,14.9,21,1.04,803.0,24.119,37.15,28.35,0,12.56
2015-02-14,45,14,31.0,31.3,14.9,28,2.61,803.0,25.055,37.68,29.56,0,15.16
2015-02-15,46,12,28.5,31.3,15.7,53,0.1,806.0,28.582,35.67,29.36,0,20.30
2015-02-16,47,12,29.1,32.3,15.5,39,1.2,826.0,25.988,37.22,28.62,0,16.24
2015-02-17,48,14,30.8,31.2,17.5,36,2.92,808.0,26.04,37.58,30.15,0,17.16
2015-02-18,49,13,30.9,31.9,17.1,39,0.28,849.0,29.061,38.41,30.65,0,23.66
2015-02-19,50,13,31.2,32.2,16.7,37,2.41,853.0,26.786,38.65,30.75,0,19.57
2015-02-20,51,14,32.4,32.7,16.8,28,0.7,820.0,27.824,39.93,31.04,0,22.56
2015-02-21,52,15,33.8,33.8,17.8,22,0.51,705.0,27.974,40.38,31.94,0,23.50
2015-02-22,53,14,35.1,35.1,18.7,22,1.14,823.0,28.172,42.36,33.41,0,25.86
2015-02-23,54,15,34.7,34.7,19.0,24,0.58,703.0,28.891,41.49,33.22,0,26.52
2015-02-24,55,15,32.9,32.9,19.3,29,1.39,651.0,27.116,39.62,31.74,0,21.26
2015-02-25,56,15,29.0,29.0,19.0,31,3.16,707.0,23.547,34.78,27.93,0,9.61
2015-02-26,57,13,27.1,27.7,15.4,19,2.18,916.0,20.77,34.46,26.12,0,6.11
2015-02-27,58,14,28.4,28.5,12.7,19,0.71,854.0,23.089,35.80,27.0,0,9.14
2015-02-28,59,14,29.9,29.9,15.1,29,3.61,753.0,23.948,35.56,28.59,0,11.17
2015-03-01,60,15,21.5,21.5,17.1,82,2.68,386.0,21.76,27.94,21.67,0,1.40
2015-03-02,61,13,23.3,24.0,15.1,51,3.2,906.0,21.336,30.77,23.16,0,3.45
2015-03-03,62,12,23.7,24.2,12.6,43,1.0,727.0,21.764,32.20,23.47,0,4.47
2015-03-04,63,14,26.3,26.4,14.0,37,0.76,850.0,23.997,34.83,26.13,0,10.15
2015-03-05,64,13,26.9,27.6,13.7,39,0.32,910.0,25.78,35.08,26.74,0,13.70
2015-03-06,65,14,29.4,29.6,15.5,37,0.73,860.0,26.742,37.71,28.74,0,18.06
2015-03-07,66,13,30.5,31.2,17.1,35,2.84,905.0,25.816,37.72,29.7,0,16.68
2015-03-08,67,14,29.9,30.1,18.8,32,0.92,879.0,26.147,37.93,28.81,0,17.12
2015-03-09,68,14,29.8,30.0,17.0,23,3.48,900.0,23.109,36.11,28.18,0,9.83
2015-03-10,69,15,30.6,30.7,18.1,34,3.26,743.0,25.373,36.70,29.7,0,15.10
2015-03-11,70,13,32.4,33.1,19.8,37,1.0,926.0,29.008,40.97,32.32,0,26.03
2015-03-12,71,14,33.2,33.2,19.2,35,0.5,804.0,30.143,41.28,33.08,0,28.68
2015-03-13,72,15,31.0,31.0,19.3,38,2.32,647.0,26.423,37.55,30.63,0,18.05
2015-03-14,73,13,30.2,30.4,19.6,44,0.82,811.0,28.088,38.70,30.44,0,21.95
2015-03-15,74,14,29.0,29.9,17.8,38,4.22,871.0,24.551,34.96,28.43,0,11.82
2015-03-16,75,12,27.0,28.6,17.0,40,0.78,921.0,25.114,35.90,26.86,0,13.03
2015-03-17,76,14,31.0,31.1,16.2,24,3.08,880.0,24.327,37.58,29.28,0,13.61
2015-03-18,77,13,31.1,31.8,18.3,24,2.51,961.0,24.734,38.41,29.37,0,15.01
2015-03-19,78,14,33.1,33.2,17.7,22,2.02,901.0,26.073,40.40,31.2,0,19.65
2015-03-20,79,13,34.1,34.8,18.7,22,1.5,956.0,27.308,41.83,32.27,0,23.42
2015-03-21,80,14,35.9,36.1,20.4,23,1.25,895.0,29.052,43.64,34.55,0,28.87
2015-03-22,81,14,37.6,37.8,20.2,22,1.04,894.0,30.42,45.45,36.58,0,33.52
2015-03-23,82,13,37.5,38.4,24.0,24,0.32,955.0,32.271,45.06,36.91,0,39.18
2015-03-24,83,15,38.4,38.4,24.2,19,0.6,777.0,30.842,45.44,36.96,0,37.01
2015-03-25,84,15,39.1,39.1,23.4,19,0.2,780.0,31.837,44.87,37.87,0,37.89
2015-03-26,85,14,38.3,38.7,24.5,24,1.3,895.0,31.129,46.46,38.07,0,39.06
2015-03-27,86,15,38.4,38.4,24.2,29,1.02,712.0,32.149,46.17,39.8,0,41.06
2015-03-28,87,14,38.2,38.4,23.9,22,2.16,898.0,30.014,46.10,37.4,0,35.74
2015-03-29,88,12,34.5,34.6,26.4,32,2.67,570.0,28.189,40.51,34.36,0,30.04
2015-03-30,89,12,33.9,36.1,21.9,29,2.73,953.0,27.805,41.48,32.99,0,24.38
2015-03-31,90,13,33.8,34.8,20.1,26,1.48,985.0,27.926,41.89,32.42,0,24.69
2015-04-01,91,13,34.8,35.8,21.3,25,1.92,976.0,28.208,42.77,33.49,0,26.25
2015-04-02,92,13,35.4,37.4,21.0,28,3.61,967.0,28.604,42.76,34.83,0,27.49
2015-04-03,93,13,34.4,36.3,22.3,30,3.98,976.0,28.068,41.48,33.83,0,25.54
2015-04-04,94,15,34.2,34.7,23.8,34,3.96,759.0,28.284,40.44,34.34,0,27.13
2015-04-05,95,13,32.6,33.8,21.6,37,1.42,955.0,28.768,41.18,32.6,0,25.83
2015-04-06,96,12,33.1,35.0,22.1,38,0.32,949.0,31.107,41.33,33.52,0,30.82
2015-04-07,97,15,35.4,35.4,23.3,31,0.64,726.0,30.705,42.97,35.48,0,33.37
2015-04-08,98,12,35.7,37.1,23.0,33,2.02,948.0,30.32,44.12,36.46,0,33.49
2015-04-09,99,15,38.1,38.1,25.2,21,1.21,765.0,30.1,45.39,37.02,0,36.76
2015-04-10,100,13,36.5,37.1,24.2,35,3.01,935.0,30.905,44.59,38.42,0,37.06
2015-04-11,101,14,35.4,35.7,24.0,33,3.94,883.0,29.311,42.43,35.97,0,31.34
2015-04-12,102,14,32.5,32.5,22.8,37,1.51,863.0,28.429,40.64,32.46,0,25.68
2015-04-13,103,13,33.0,33.5,22.0,37,0.32,955.0,30.886,41.16,33.17,0,30.03
2015-04-14,104,13,33.4,33.6,23.1,36,1.56,881.0,29.041,41.62,33.56,0,28.31
2015-04-15,105,15,34.8,34.8,23.8,29,1.89,742.0,28.557,41.99,34.19,0,28.71
2015-04-16,106,12,35.9,37.3,23.8,30,1.17,969.0,30.669,44.49,36.01,0,35.18
2015-04-17,107,13,38.7,39.5,24.8,24,2.15,982.0,31.007,47.18,38.68,0,39.92
2015-04-18,108,13,40.0,41.4,25.9,17,3.63,991.0,29.772,47.91,38.52,1,41.01
2015-04-19,109,13,39.3,41.0,24.0,21,2.8,997.0,30.526,47.57,38.68,2,41.69
2015-04-20,110,15,41.4,41.4,25.6,13,3.02,802.0,29.517,48.53,39.14,3,44.19
2015-04-21,111,12,39.6,41.3,26.4,20,2.61,979.0,30.56,47.84,38.81,4,48.14
2015-04-22,112,13,39.0,40.1,27.1,13,3.32,999.0,27.973,46.45,36.48,5,43.86
2015-04-23,113,15,38.8,39.1,23.0,15,2.21,817.0,28.529,45.85,36.62,0,31.41
2015-04-24,114,13,37.2,39.0,23.3,26,2.69,998.0,30.01,45.38,36.97,0,34.36
2015-04-25,115,13,36.8,38.5,22.9,28,2.52,998.0,30.153,45.09,36.88,0,33.91
2015-04-26,116,14,39.0,39.5,23.7,26,3.0,930.0,31.256,47.16,39.78,0,39.50
2015-04-27,117,15,40.7,40.9,24.6,21,3.13,801.0,31.217,48.35,40.73,1,43.36
2015-04-28,118,14,40.3,41.8,23.8,21,4.01,937.0,30.883,48.25,40.13,2,43.17
2015-04-29,119,13,39.1,40.9,25.4,27,2.57,997.0,31.807,47.77,40.3,3,48.16
2015-04-30,120,14,39.9,41.1,23.9,21,3.5,945.0,30.704,47.89,39.54,4,45.80
2015-05-01,121,13,38.6,40.4,25.1,31,1.93,991.0,32.507,47.64,40.88,5,52.59
2015-05-02,122,12,39.5,41.8,25.5,21,1.84,1002.0,31.155,48.03,38.97,6,51.74
2015-05-03,123,14,40.1,40.6,23.7,17,1.84,952.0,30.497,48.16,38.64,7,48.37
2015-05-04,124,12,38.7,41.1,25.5,20,2.88,1004.0,29.797,46.78,37.58,8,47.76
2015-05-05,125,12,39.5,41.4,25.1,20,1.58,992.0,31.077,47.91,38.67,9,50.93
2015-05-06,126,13,38.5,39.5,24.9,23,1.92,1001.0,30.784,47.00,38.09,0,39.27
2015-05-07,127,13,39.3,40.4,25.4,19,2.5,1001.0,30.154,47.52,38.13,1,40.72
2015-05-08,128,13,38.8,40.1,25.7,26,2.18,987.0,31.515,47.44,39.46,2,45.74
2015-05-09,129,12,37.9,40.2,26.0,20,1.82,993.0,29.665,46.04,36.53,3,42.17
2015-05-10,130,11,35.7,39.5,25.2,34,2.12,898.0,30.354,43.92,36.73,0,36.08
2015-05-11,131,12,37.0,39.6,26.4,33,2.06,975.0,31.437,45.74,38.68,0,41.56
2015-05-12,132,14,38.1,38.4,26.6,34,3.11,905.0,32.01,46.32,41.09,0,44.20
2015-05-13,133,11,36.5,39.2,27.3,40,1.61,893.0,32.331,45.51,40.16,0,44.69
2015-05-14,134,11,36.4,38.8,27.5,42,0.51,888.0,34.213,45.94,40.71,0,48.99
2015-05-15,135,12,38.8,40.4,28.1,30,1.56,972.0,32.702,47.83,40.87,1,49.92
2015-05-16,136,14,42.0,42.3,28.1,18,3.07,928.0,31.64,50.27,41.54,2,51.60
2015-05-17,137,15,42.3,42.3,27.3,15,2.73,809.0,30.912,49.87,40.85,3,50.41
2015-05-18,138,13,40.9,42.3,27.0,22,3.32,992.0,31.849,49.43,41.41,4,53.38
2015-05-19,139,13,39.8,41.9,26.4,29,3.93,982.0,32.359,48.20,42.32,5,54.76
2015-05-20,140,14,39.8,40.8,26.3,29,2.96,924.0,32.542,48.30,42.32,6,56.73
2015-05-21,141,15,40.5,41.0,26.6,30,3.21,785.0,33.038,48.53,44.12,7,58.86
2015-05-22,142,14,40.2,41.5,26.9,29,3.89,921.0,32.616,48.47,43.08,8,57.98
2015-05-23,143,13,39.9,42.3,26.8,31,4.9,971.0,32.639,48.18,43.39,9,57.82
2015-05-24,144,15,41.5,41.8,27.6,25,4.83,783.0,32.433,49.25,43.68,10,59.24
2015-05-25,145,14,40.0,41.2,28.0,30,4.88,906.0,32.444,48.01,43.13,11,58.62
2015-05-26,146,13,38.8,41.4,27.3,34,4.38,969.0,32.381,46.97,42.49,12,56.70
2015-05-27,147,15,40.1,40.5,26.8,30,3.32,779.0,32.668,47.96,43.33,13,57.68
2015-05-28,148,14,39.9,40.8,27.0,29,3.12,907.0,32.549,48.29,42.51,14,57.63
2015-05-29,149,14,40.5,41.2,27.2,27,2.75,909.0,32.743,49.06,42.76,15,58.88
2015-05-30,150,12,38.5,41.5,27.5,30,2.3,970.0,31.999,47.23,40.33,16,55.59
2015-05-31,151,11,36.4,41.4,26.5,37,1.71,890.0,31.68,45.10,38.89,17,51.76
2015-06-01,152,15,40.0,40.0,26.7,25,4.43,795.0,31.31,47.37,41.08,18,53.74
2015-06-02,153,15,38.4,38.5,26.9,32,4.03,780.0,31.484,45.64,40.89,0,42.98
2015-06-03,154,14,37.4,38.0,27.5,35,2.61,853.0,31.681,45.56,40.11,0,43.71
2015-06-04,155,11,36.4,39.0,28.4,39,0.78,845.0,32.938,45.34,39.59,0,46.78
2015-06-05,156,12,39.4,41.1,29.2,27,1.61,948.0,32.5,48.20,40.81,1,51.07
2015-06-06,157,14,41.2,41.6,29.8,21,1.86,846.0,32.197,49.38,41.5,2,53.97
2015-06-07,158,15,41.4,41.4,30.4,22,0.71,701.0,33.462,48.87,42.21,3,58.62
2015-06-08,159,15,35.7,35.9,29.4,48,1.25,443.0,32.056,43.12,41.54,0,45.41
2015-06-09,160,15,37.9,37.9,28.7,38,2.95,699.0,32.256,45.48,42.32,0,46.96
2015-06-10,161,13,37.6,37.6,28.5,41,4.34,873.0,32.435,45.44,42.96,0,47.27
2015-06-11,162,15,36.5,36.7,28.9,45,1.97,651.0,32.417,44.63,42.17,0,46.83
2015-06-12,163,14,37.7,37.7,27.6,42,3.02,816.0,32.913,46.04,43.65,0,47.82
2015-06-13,164,14,36.8,36.8,28.9,46,3.98,810.0,32.49,44.65,43.33,0,47.41
2015-06-14,165,14,36.4,36.5,27.8,45,3.96,785.0,31.953,43.93,41.93,0,44.07
2015-06-15,166,15,36.4,36.4,28.2,45,2.9,637.0,31.964,43.85,41.93,0,44.50
2015-06-16,167,13,36.0,36.2,27.6,49,3.14,877.0,32.518,44.65,42.69,0,45.71
2015-06-17,168,15,35.7,36.0,26.9,47,2.75,622.0,31.651,43.15,41.13,0,41.59
2015-06-18,169,14,36.7,36.8,27.5,45,3.26,827.0,32.447,44.91,42.64,0,45.63
2015-06-19,170,13,36.0,36.0,27.3,45,3.94,703.0,31.479,43.03,41.01,0,41.60
2015-06-20,171,14,36.7,36.7,26.7,41,4.22,669.0,31.377,43.36,40.97,0,40.93
2015-06-21,172,14,36.9,36.9,27.5,44,4.64,734.0,32.048,44.00,42.67,0,44.23
2015-06-22,173,14,35.0,35.0,27.3,54,4.81,709.0,31.706,42.11,42.32,0,41.85
2015-06-23,174,13,32.9,32.9,26.5,57,5.36,329.0,29.462,37.11,38.24,0,31.55
2015-06-24,175,11,27.1,27.4,26.4,93,3.61,75.0,27.194,30.94,31.92,0,20.34
2015-06-25,176,15,33.1,33.1,26.7,56,4.32,417.0,29.808,38.35,38.37,0,33.38
2015-06-26,177,15,34.1,34.1,26.4,49,4.36,509.0,29.963,39.63,38.27,0,34.21
2015-06-27,178,14,34.7,35.2,26.4,47,4.49,808.0,30.665,41.71,38.89,0,37.27
2015-06-28,179,14,34.3,34.5,26.0,47,3.49,753.0,30.43,41.53,38.04,0,35.91
2015-06-29,180,13,34.0,34.4,26.6,48,3.69,826.0,30.365,41.42,37.73,0,36.30
2015-06-30,181,15,36.0,36.2,26.5,39,2.94,672.0,30.736,43.06,38.8,0,38.46
2015-07-01,182,15,36.6,36.7,26.7,37,3.82,676.0,30.726,43.20,39.28,0,38.96
2015-07-02,183,16,36.9,36.9,26.6,35,4.28,586.0,30.414,42.81,39.16,0,37.93
2015-07-03,184,15,37.8,38.0,26.8,32,4.39,707.0,30.808,44.41,39.78,0,40.29
2015-07-04,185,16,38.4,38.4,27.2,31,6.18,558.0,30.674,44.28,40.51,0,40.68
2015-07-05,186,15,37.7,37.7,27.6,33,6.35,499.0,30.356,43.09,39.95,0,39.48
2015-07-06,187,14,35.9,36.0,27.3,41,6.65,385.0,29.945,40.35,39.29,0,36.13
2015-07-07,188,16,36.0,36.0,27.4,40,4.32,275.0,29.852,39.90,39.14,0,35.69
2015-07-08,189,14,34.5,35.0,27.4,48,4.57,388.0,29.931,39.23,38.8,0,35.23
2015-07-09,190,16,37.1,37.1,27.4,35,4.88,419.0,30.211,41.92,39.53,0,37.97
2015-07-10,191,15,37.3,37.6,27.4,35,4.7,574.0,30.672,43.13,39.91,0,39.86
2015-07-11,192,14,34.7,35.2,27.1,44,4.28,446.0,29.687,39.71,37.88,0,34.42
2015-07-12,193,14,36.5,36.8,28.1,39,3.75,677.0,30.984,43.23,39.79,0,41.29
2015-07-13,194,16,36.1,36.1,28.5,40,3.14,371.0,30.334,41.37,39.34,0,39.01
2015-07-14,195,15,37.5,37.8,28.3,35,3.26,658.0,31.245,44.41,40.3,0,43.06
2015-07-15,196,14,36.2,36.5,27.9,37,5.12,505.0,29.906,41.31,38.52,0,37.16
2015-07-16,197,15,37.3,37.3,27.3,35,4.3,519.0,30.637,42.95,39.91,0,39.54
2015-07-17,198,14,36.2,36.8,27.9,39,4.53,383.0,30.079,40.82,39.19,0,37.38
2015-07-18,199,13,33.8,34.6,28.1,50,4.18,411.0,29.671,38.82,37.96,0,34.94
2015-07-19,200,16,29.4,30.6,27.2,75,1.97,115.0,28.007,34.62,34.7,0,26.50
2015-07-20,201,14,31.9,31.9,27.1,58,3.77,355.0,28.897,36.90,36.26,0,30.29
2015-07-21,202,17,29.2,31.3,26.7,80,0.2,148.0,29.345,35.63,35.3,0,29.40
2015-07-22,203,11,26.7,26.7,25.7,92,1.3,113.0,27.255,33.46,30.6,0,20.97
2015-07-23,204,13,31.5,31.7,25.6,72,2.81,699.0,31.021,40.44,39.65,0,36.38
2015-07-24,205,13,31.9,31.9,26.5,70,2.38,622.0,31.177,40.79,40.12,0,38.15
2015-07-25,206,12,28.3,28.9,25.8,80,5.5,265.0,27.532,32.07,32.86,0,21.45
2015-07-26,207,14,25.4,25.5,24.6,94,4.55,74.0,25.538,27.46,25.92,0,10.77
2015-07-27,208,11,25.6,25.6,24.4,90,6.89,128.0,25.446,26.74,26.08,0,9.84
2015-07-28,209,9,25.0,25.3,24.6,89,8.74,97.0,24.605,24.62,25.44,0,7.95
2015-07-29,210,14,28.6,28.6,24.6,79,6.2,301.0,27.746,32.42,33.46,0,20.93
2015-07-30,211,15,30.5,30.5,25.6,65,5.28,462.0,28.433,35.40,34.99,0,26.12
2015-07-31,212,15,30.3,30.3,26.1,65,5.28,500.0,28.309,35.37,34.54,0,26.27
2015-08-01,213,16,30.4,30.4,25.7,67,3.58,372.0,28.608,35.99,35.26,0,27.09
2015-08-02,214,15,29.6,29.7,25.7,67,4.12,454.0,27.937,35.06,33.44,0,24.47
2015-08-03,215,15,30.3,30.3,25.5,65,3.2,390.0,28.396,36.17,34.54,0,26.32
2015-08-04,216,12,30.1,31.0,24.8,63,4.5,673.0,28.273,36.34,33.66,0,25.06
2015-08-05,217,15,30.1,30.1,25.0,66,4.4,383.0,28.121,34.95,34.33,0,24.25
2015-08-06,218,13,30.4,30.7,25.2,62,4.49,560.0,28.262,36.06,34.06,0,25.45
2015-08-07,219,15,31.7,31.7,24.5,56,2.13,498.0,29.173,38.80,35.29,0,28.80
2015-08-08,220,12,30.4,31.2,25.6,65,2.7,686.0,29.203,38.45,34.76,0,29.69
2015-08-09,221,14,31.3,31.3,25.5,60,3.05,576.0,29.167,38.27,35.49,0,29.64
2015-08-10,222,14,31.3,31.4,26.1,63,2.93,589.0,29.574,38.68,36.31,0,31.71
2015-08-11,223,13,31.1,31.2,26.1,66,3.2,693.0,29.846,38.96,36.68,0,32.57
2015-08-12,224,13,30.2,30.5,26.2,68,1.71,608.0,29.607,38.97,35.03,0,31.62
2015-08-13,225,14,29.6,29.6,25.4,72,3.0,428.0,28.627,36.32,34.53,0,26.74
2015-08-14,226,15,30.6,30.6,25.1,77,1.53,537.0,30.911,40.13,38.6,0,34.97
2015-08-15,227,14,30.9,30.9,25.6,76,2.34,562.0,30.777,39.84,39.2,0,35.31
2015-08-16,228,14,31.4,31.5,26.0,65,3.0,694.0,30.069,39.44,37.13,0,33.38
2015-08-17,229,15,31.9,31.9,25.8,62,2.82,669.0,30.195,39.85,37.45,0,33.80
2015-08-18,230,15,31.2,31.2,26.3,68,1.84,457.0,30.134,39.24,37.52,0,33.86
2015-08-19,231,14,31.4,31.4,25.9,61,3.83,672.0,29.373,38.31,35.98,0,30.71
2015-08-20,232,15,30.4,30.4,25.1,65,4.25,466.0,28.472,35.90,34.76,0,25.88
2015-08-21,233,15,31.7,31.7,25.5,57,4.28,506.0,28.815,37.18,35.55,0,28.21
2015-08-22,234,15,31.1,31.3,24.8,62,3.2,386.0,28.794,36.90,35.58,0,27.16
2015-08-23,235,14,31.6,31.8,25.2,58,3.5,534.0,29.028,37.86,35.61,0,28.78
2015-08-24,236,15,31.3,31.3,25.6,60,3.14,458.0,28.913,37.51,35.49,0,28.73
2015-08-25,237,14,31.4,31.4,25.6,60,3.26,549.0,29.16,38.06,35.71,0,29.67
2015-08-26,238,13,31.0,31.3,25.0,62,2.77,587.0,29.217,38.37,35.35,0,29.17
2015-08-27,239,18,31.3,32.6,25.1,73,0.64,89.0,29.957,37.47,39.4,0,31.55
2015-08-28,240,15,32.4,32.5,25.0,55,1.98,526.0,29.815,39.83,36.49,0,31.78
2015-08-29,241,14,31.8,32.0,25.4,61,2.08,722.0,30.356,40.54,36.91,0,33.94
2015-08-30,242,14,31.4,31.4,26.5,61,2.69,463.0,29.242,38.14,35.98,0,31.04
2015-08-31,243,16,32.4,32.4,26.2,52,2.55,438.0,29.039,38.61,35.64,0,30.51
2015-09-01,244,13,32.0,33.1,25.2,52,3.47,817.0,29.13,39.37,34.86,0,29.78
2015-09-02,245,15,32.3,32.4,24.0,45,1.97,719.0,28.831,40.00,33.74,0,27.86
2015-09-03,246,11,29.9,31.7,23.9,60,1.06,761.0,29.302,39.18,32.64,0,27.63
2015-09-04,247,12,32.2,32.8,24.2,53,1.9,891.0,30.151,41.27,35.51,0,32.16
2015-09-05,248,12,31.6,32.3,24.7,57,0.5,767.0,31.622,41.16,35.34,0,35.38
2015-09-06,249,14,32.6,33.0,24.3,46,1.97,767.0,29.326,40.63,34.48,0,29.87
2015-09-07,250,15,31.9,32.0,23.8,54,1.22,591.0,29.848,40.02,35.17,0,30.09
2015-09-08,251,14,32.8,33.0,24.6,55,1.03,767.0,31.427,42.11,37.36,0,36.33
2015-09-09,252,14,33.6,33.7,25.8,53,0.61,743.0,32.565,42.94,38.52,0,40.91
2015-09-10,253,14,34.1,34.2,26.2,55,1.22,805.0,32.492,43.77,40.43,0,42.55
2015-09-11,254,14,35.7,35.7,26.7,47,1.68,782.0,32.426,44.62,41.13,0,43.88
2015-09-12,255,14,36.4,36.5,27.6,44,1.92,749.0,32.398,44.93,41.52,0,45.25
2015-09-13,256,13,34.7,35.4,26.6,53,3.24,789.0,31.731,42.86,41.14,0,41.18
2015-09-14,257,14,35.4,35.6,27.7,48,3.31,800.0,31.673,43.33,40.83,0,42.58
2015-09-15,258,14,33.5,33.6,26.9,53,2.42,530.0,30.41,40.67,38.29,0,36.40
2015-09-16,259,14,34.8,35.0,26.5,49,2.51,798.0,31.523,43.22,39.83,0,40.45
2015-09-17,260,13,35.5,35.8,26.9,49,3.26,810.0,31.933,43.62,41.47,0,42.59
2015-09-18,261,12,35.3,35.6,27.3,50,4.3,738.0,31.558,42.50,41.4,0,41.51
2015-09-19,262,11,31.3,31.4,26.6,66,3.36,589.0,29.816,38.55,37.18,0,32.98
2015-09-20,263,15,28.3,28.3,25.6,82,3.8,349.0,28.101,34.19,33.21,0,23.95
2015-09-21,264,15,28.3,28.4,24.4,75,6.63,248.0,26.904,31.08,32.03,0,17.61
2015-09-22,265,15,31.3,31.3,24.7,66,2.48,545.0,29.963,39.12,37.18,0,31.45
2015-09-23,266,14,31.1,31.1,23.7,54,3.16,676.0,28.412,38.03,33.63,0,25.25
2015-09-24,267,14,30.6,30.7,23.6,55,2.5,792.0,28.481,38.66,32.93,0,25.46
2015-09-25,268,13,30.4,31.0,21.9,54,3.04,851.0,28.091,38.15,32.38,0,22.28
2015-09-26,269,15,31.4,31.4,21.6,49,2.56,672.0,28.226,38.55,33.08,0,23.09
2015-09-27,270,14,31.5,31.6,22.9,52,1.62,769.0,29.332,40.06,33.92,0,27.63
2015-09-28,271,13,32.2,33.0,21.2,53,1.0,855.0,30.869,41.64,35.51,0,31.22
2015-09-29,272,13,35.1,35.1,23.5,37,2.56,824.0,30.024,42.82,36.53,0,32.60
2015-09-30,273,12,35.6,35.7,25.0,38,3.54,850.0,30.358,42.98,37.72,0,35.54
2015-10-01,274,13,36.5,36.8,23.0,29,2.33,880.0,29.993,44.39,36.68,0,33.15
2015-10-02,275,14,37.4,37.4,22.9,27,1.36,773.0,30.725,45.12,37.54,0,35.26
2015-10-03,276,12,35.4,36.4,24.1,40,1.39,858.0,31.483,44.14,37.97,0,37.55
2015-10-04,277,13,35.3,35.9,24.6,36,1.35,867.0,30.811,43.78,36.6,0,36.09
2015-10-05,278,13,35.8,36.1,22.8,35,1.41,812.0,30.905,44.02,37.18,0,34.56
2015-10-06,279,12,36.4,36.8,24.7,33,2.06,790.0,30.61,44.23,37.63,0,36.54
2015-10-07,280,13,36.6,37.0,24.3,31,1.66,797.0,30.659,44.52,37.38,0,36.28
2015-10-08,281,13,37.2,37.5,25.5,28,2.15,855.0,30.415,45.12,37.51,0,37.70
2015-10-09,282,12,35.9,37.1,23.1,33,0.63,856.0,31.862,44.31,36.78,0,36.78
2015-10-10,283,13,36.0,36.4,23.6,28,2.47,855.0,29.291,43.57,35.69,0,31.56
2015-10-11,284,13,35.1,35.8,24.2,36,1.44,841.0,30.509,43.41,36.26,0,34.66
2015-10-12,285,13,35.6,35.8,24.2,34,0.41,829.0,32.247,43.79,36.56,0,38.33
2015-10-13,286,13,36.1,36.4,25.8,37,0.67,773.0,32.39,44.50,38.33,0,41.64
2015-10-14,287,13,36.9,37.4,25.2,32,0.36,834.0,33.004,44.86,38.18,0,42.30
2015-10-15,288,13,37.5,37.8,25.1,25,2.28,827.0,29.939,45.12,37.16,0,36.20
2015-10-16,289,12,36.7,37.1,25.3,29,2.33,790.0,30.003,44.22,36.99,0,35.84
2015-10-17,290,13,37.3,37.3,25.1,27,1.75,762.0,30.341,44.88,37.39,0,36.88
2015-10-18,291,13,36.9,37.2,24.4,28,0.41,695.0,31.81,44.09,37.04,0,38.13
2015-10-19,292,12,36.3,36.6,24.1,32,0.14,815.0,32.444,42.65,37.17,0,37.98
2015-10-20,293,12,35.5,36.1,25.0,35,0.85,759.0,31.169,43.54,36.66,0,37.08
2015-10-21,294,12,35.4,36.1,24.8,35,0.8,801.0,31.276,43.63,36.49,0,37.05
2015-10-22,295,12,35.8,36.5,25.0,31,1.68,801.0,29.987,43.61,36.1,0,34.69
2015-10-23,296,12,35.3,36.2,22.5,27,1.48,828.0,29.031,42.95,34.49,0,28.89
2015-10-24,297,12,34.8,35.8,21.5,27,0.91,826.0,29.239,42.43,33.82,0,28.08
2015-10-25,298,13,35.0,35.3,21.2,28,0.58,801.0,30.194,42.63,34.27,0,30.20
2015-10-26,299,14,35.1,35.1,22.7,29,0.73,685.0,29.792,42.26,34.61,0,30.11
2015-10-27,300,13,34.5,34.6,22.4,30,0.67,713.0,29.676,41.82,33.97,0,28.98
2015-10-28,301,11,32.9,34.5,21.7,33,1.06,745.0,28.318,40.42,32.33,0,24.33
2015-10-29,302,13,31.0,31.2,19.6,22,3.83,826.0,23.685,36.79,29.17,0,11.78
2015-10-30,303,13,30.5,31.0,21.1,32,4.02,804.0,24.905,36.26,29.4,0,13.79
2015-10-31,304,13,30.8,31.2,21.5,35,3.77,793.0,25.648,36.81,30.03,0,15.83
2015-11-01,305,14,32.6,32.6,21.6,35,2.5,701.0,27.379,39.30,32.25,0,21.72
2015-11-02,306,12,33.1,33.8,22.6,36,2.94,783.0,27.957,40.00,33.13,0,24.35
2015-11-03,307,13,34.1,34.1,24.5,30,0.86,665.0,28.874,41.13,33.42,0,29.22
2015-11-04,308,12,34.0,34.5,22.0,30,0.41,776.0,30.053,41.42,33.29,0,28.69
2015-11-05,309,12,33.4,34.2,21.6,30,1.68,780.0,27.776,40.76,32.5,0,23.61
2015-11-06,310,13,33.6,33.8,22.0,29,0.22,769.0,29.524,39.78,32.6,0,26.25
2015-11-07,311,13,33.3,33.5,20.6,31,1.14,758.0,28.264,40.76,32.53,0,24.55
2015-11-08,312,12,32.5,33.5,20.9,31,0.4,773.0,28.967,39.84,31.53,0,24.84
2015-11-09,313,12,32.8,33.7,19.9,30,0.1,770.0,29.039,38.33,31.75,0,23.97
2015-11-10,314,12,32.9,33.7,20.7,34,0.28,764.0,29.761,39.78,32.49,0,26.66
2015-11-11,315,14,34.3,34.3,22.0,29,0.71,668.0,29.122,41.29,33.51,0,26.92
2015-11-12,316,13,34.8,35.0,22.3,27,1.22,750.0,28.685,42.07,33.82,0,27.12
2015-11-13,317,13,34.5,34.7,21.6,29,0.42,748.0,30.199,41.80,33.78,0,29.42
2015-11-14,318,12,33.2,34.1,21.1,29,0.78,760.0,28.34,40.56,32.1,0,24.39
2015-11-15,319,13,33.4,33.7,18.9,26,1.39,755.0,27.22,40.48,31.95,0,22.16
2015-11-16,320,13,33.0,33.3,19.7,27,1.12,753.0,27.329,40.15,31.61,0,22.00
2015-11-17,321,14,33.1,33.1,20.1,23,1.98,675.0,25.87,39.41,31.29,0,18.59
2015-11-18,322,14,32.7,32.7,20.2,25,2.73,671.0,25.636,38.66,31.05,0,17.52
2015-11-19,323,13,32.5,32.7,21.0,26,3.01,747.0,25.706,38.69,30.94,0,17.63
2015-11-20,324,14,32.5,32.5,20.5,24,3.11,672.0,25.182,38.17,30.75,0,16.19
2015-11-21,325,14,33.0,33.0,19.5,25,2.01,663.0,26.136,39.33,31.38,0,19.07
2015-11-22,326,14,33.6,33.6,21.5,27,0.76,646.0,28.032,40.27,32.31,0,23.67
2015-11-23,327,12,32.0,33.2,21.7,45,1.7,642.0,28.551,39.46,33.24,0,24.42
2015-11-24,328,14,33.8,33.8,24.2,38,2.33,561.0,28.658,40.20,34.61,0,28.23
2015-11-25,329,14,33.8,33.8,24.4,34,1.4,565.0,28.493,40.45,33.75,0,28.02
2015-11-26,330,13,33.4,33.6,23.5,34,2.62,685.0,27.829,39.99,33.18,0,25.16
2015-11-27,331,13,28.5,28.9,19.3,15,2.5,718.0,20.577,34.45,27.01,0,6.10
2015-11-28,332,13,28.7,29.0,16.5,22,2.55,723.0,22.061,34.80,27.29,0,6.58
2015-11-29,333,14,30.4,30.5,16.8,30,1.64,652.0,25.048,36.99,29.13,0,14.49
2015-11-30,334,13,31.8,32.3,19.4,40,0.98,694.0,28.411,39.49,31.99,0,23.71
2015-12-01,335,13,32.2,32.5,18.8,29,2.69,702.0,26.007,38.46,30.93,0,18.03
2015-12-02,336,13,30.3,30.9,17.2,28,2.83,727.0,24.279,36.41,28.89,0,12.53
2015-12-03,337,13,30.1,30.4,18.0,24,2.58,734.0,23.533,36.29,28.48,0,10.88
2015-12-04,338,14,30.4,30.5,15.6,24,0.86,661.0,24.792,36.91,28.74,0,13.80
2015-12-05,339,14,31.3,31.3,16.0,28,0.22,652.0,27.077,36.80,29.86,0,18.45
2015-12-06,340,15,31.9,31.9,16.5,24,1.12,518.0,25.294,37.58,30.14,0,15.75
2015-12-07,341,14,31.6,31.6,16.5,24,0.36,651.0,26.613,37.61,29.84,0,18.15
2015-12-08,342,14,31.7,31.7,16.7,24,0.1,649.0,26.686,36.26,29.94,0,17.35
2015-12-09,343,12,30.8,32.0,16.7,30,2.15,701.0,25.217,37.36,29.53,0,15.22
2015-12-10,344,13,29.5,29.8,19.8,39,2.37,673.0,25.298,36.11,29.03,0,14.29
2015-12-11,345,13,26.8,27.2,16.0,32,2.78,723.0,21.989,33.03,26.37,0,5.08
2015-12-12,346,14,26.6,26.7,12.8,23,2.19,663.0,20.594,32.81,26.26,0,4.92
2015-12-13,347,14,26.8,26.8,13.2,24,2.78,662.0,20.702,32.49,26.09,0,4.69
2015-12-14,348,13,26.2,26.7,14.0,25,3.69,732.0,20.262,31.46,25.86,0,3.94
2015-12-15,349,14,26.3,26.4,13.3,21,3.31,672.0,19.696,31.52,25.92,0,3.99
2015-12-16,350,14,27.2,27.2,11.9,22,1.43,667.0,21.333,33.84,26.27,0,5.66
2015-12-17,351,14,27.0,27.0,12.3,23,3.0,658.0,20.631,32.44,26.17,0,4.65
2015-12-18,352,13,26.4,26.8,13.4,21,3.98,734.0,19.728,31.37,26.02,0,3.88
2015-12-19,353,15,27.6,27.6,13.9,27,1.98,530.0,21.834,33.22,26.69,0,5.21
2015-12-20,354,13,26.6,27.0,12.3,22,2.42,735.0,20.475,33.00,26.24,0,5.05
2015-12-21,355,13,26.3,26.8,12.8,29,2.38,722.0,21.292,32.85,26.02,0,4.95
2015-12-22,356,13,26.0,26.4,13.0,26,1.72,721.0,20.927,33.04,25.67,0,5.08
2015-12-23,357,13,25.2,25.8,12.4,25,1.9,718.0,20.027,32.17,24.81,0,4.46
2015-12-24,358,14,25.0,25.0,13.3,25,3.11,670.0,19.333,30.52,24.6,0,3.27
2015-12-25,359,14,25.1,25.2,13.2,27,3.76,669.0,19.55,29.96,24.74,0,2.86
2015-12-26,360,14,26.1,26.3,13.5,23,2.56,652.0,20.038,31.97,25.73,0,4.31
2015-12-27,361,15,29.1,29.1,14.0,22,2.02,520.0,22.17,34.39,27.59,0,6.60
2015-12-28,362,15,31.5,31.5,15.3,21,1.64,532.0,24.076,36.97,29.57,0,12.80
2015-12-29,363,14,32.4,32.4,16.4,25,0.72,640.0,26.746,38.84,30.73,0,19.62
2015-12-30,364,14,33.0,33.1,16.2,25,0.67,657.0,27.377,39.54,31.38,0,21.57
2015-12-31,365,13,31.8,32.3,16.7,27,0.82,708.0,26.638,38.71,30.29,0,19.17
2016-01-01,1,12,29.3,31.1,15.2,31,1.4,708.0,24.579,36.35,28.19,0,12.79
2016-01-02,2,13,29.6,30.5,15.2,31,1.21,721.0,25.024,36.78,28.46,0,14.04
2016-01-03,3,15,30.5,30.5,16.2,27,1.26,547.0,24.654,36.49,29.01,0,13.34
2016-01-04,4,15,30.5,30.5,15.8,28,0.63,548.0,25.612,36.64,29.08,0,15.28
2016-01-05,5,14,29.7,29.8,16.0,31,0.0,664.0,26.278,34.80,28.55,0,15.02
2016-01-06,6,13,29.1,29.9,15.0,36,0.61,716.0,26.222,36.72,28.37,0,16.22
2016-01-07,7,14,29.4,29.4,18.3,32,0.7,510.0,25.07,35.59,28.35,0,13.23
2016-01-08,8,13,29.0,29.3,16.6,28,2.3,728.0,23.403,35.49,27.76,0,9.79
2016-01-09,9,14,28.3,28.4,14.6,28,0.5,696.0,24.623,35.46,27.22,0,11.87
2016-01-10,10,13,28.1,28.8,13.2,27,0.2,752.0,24.632,34.01,27.04,0,10.77
2016-01-11,11,13,29.1,29.6,14.4,27,0.95,740.0,24.329,36.25,27.8,0,12.10
2016-01-12,12,14,28.5,28.6,15.5,32,1.7,684.0,23.802,35.35,27.58,0,10.37
2016-01-13,13,14,27.9,28.0,15.2,33,0.92,695.0,24.163,35.24,27.17,0,10.82
2016-01-14,14,13,27.2,27.8,14.8,33,1.8,741.0,22.91,34.39,26.67,0,7.78
2016-01-15,15,12,25.2,27.1,14.0,36,0.7,731.0,22.735,33.31,24.96,0,6.66
2016-01-16,16,14,27.6,27.8,14.4,38,0.1,697.0,25.596,33.36,27.21,0,12.19
2016-01-17,17,13,26.9,27.4,14.7,39,0.5,722.0,25.054,34.96,26.74,0,12.24
2016-01-18,18,11,25.0,26.7,15.2,51,0.9,623.0,23.655,33.18,24.94,0,8.31
2016-01-19,19,12,25.1,26.4,12.3,34,2.05,744.0,21.145,32.33,24.83,0,4.57
2016-01-20,20,12,24.5,25.6,14.2,38,2.38,741.0,20.974,31.56,24.25,0,4.02
2016-01-21,21,15,25.6,25.6,12.4,21,2.6,626.0,19.262,31.28,25.18,0,3.82
2016-01-22,22,15,26.1,26.1,11.4,20,1.77,628.0,19.835,32.42,25.69,0,4.64
2016-01-23,23,14,27.0,27.2,11.8,21,1.89,751.0,20.893,33.82,26.11,0,5.65
2016-01-24,24,13,26.7,27.4,10.9,22,0.98,799.0,21.695,34.24,25.96,0,5.95
2016-01-25,25,13,26.3,27.3,11.3,25,0.5,792.0,22.837,34.14,25.97,0,7.46
2016-01-26,26,14,27.5,27.7,11.6,25,2.34,747.0,21.729,34.02,26.56,0,5.80
2016-01-27,27,14,27.5,27.9,12.7,46,2.53,719.0,24.461,34.48,27.63,0,11.01
2016-01-28,28,14,28.9,29.2,15.2,35,0.9,732.0,25.414,36.47,28.11,0,14.42
2016-01-29,29,13,29.8,30.8,14.9,37,0.36,782.0,27.626,37.35,29.15,0,19.63
2016-01-30,30,14,29.5,29.7,16.2,42,2.73,741.0,25.696,36.29,29.34,0,15.28
2016-01-31,31,13,29.3,30.2,15.7,40,1.56,787.0,25.902,37.11,28.92,0,16.11
2016-02-01,32,13,28.8,29.6,16.0,37,1.35,785.0,25.227,36.57,28.17,0,14.16
2016-02-02,33,13,28.3,28.7,15.9,23,2.69,816.0,22.027,34.80,27.04,0,6.42
2016-02-03,34,14,28.4,28.6,15.0,29,3.68,769.0,22.721,33.99,27.35,0,7.26
2016-02-04,35,14,28.4,28.6,15.3,24,2.46,781.0,22.301,34.93,27.14,0,7.07
2016-02-05,36,14,29.1,29.3,14.4,25,1.2,781.0,23.805,36.30,27.7,0,11.11
2016-02-06,37,13,27.7,28.4,13.8,25,2.09,826.0,22.144,34.79,26.69,0,6.62
2016-02-07,38,13,28.2,28.8,12.3,23,1.32,832.0,22.743,35.61,26.96,0,8.35
2016-02-08,39,14,29.3,29.4,14.9,18,3.29,801.0,21.685,35.15,27.64,0,6.85
2016-02-09,40,14,29.5,29.8,14.9,28,1.77,789.0,24.191,36.63,28.18,0,12.25
2016-02-10,41,13,28.6,29.1,13.6,22,2.82,849.0,22.101,35.13,27.22,0,6.87
2016-02-11,42,13,27.6,28.6,15.2,45,2.22,826.0,24.744,35.35,27.65,0,12.18
2016-02-12,43,13,26.8,27.7,14.9,28,1.97,846.0,21.971,34.25,26.22,0,5.96
2016-02-13,44,13,27.4,27.9,14.5,24,3.06,851.0,21.412,33.82,26.46,0,5.65
2016-02-14,45,15,27.8,27.8,13.3,24,2.19,694.0,21.772,34.11,26.72,0,5.86
2016-02-15,46,14,28.7,29.0,13.9,29,1.06,807.0,24.334,36.29,27.58,0,12.05
2016-02-16,47,14,30.8,31.1,16.6,39,2.04,777.0,26.761,38.25,30.52,0,19.15
2016-02-17,48,15,31.9,31.9,22.0,40,0.72,595.0,28.609,39.15,32.13,0,23.89
2016-02-18,49,14,32.9,33.1,21.3,42,1.84,752.0,29.074,40.72,34.06,0,26.62
2016-02-19,50,13,30.6,31.5,20.4,46,1.35,773.0,27.972,38.85,31.29,0,22.16
2016-02-20,51,13,31.2,31.8,22.6,31,3.94,833.0,25.391,37.20,30.04,0,16.33
2016-02-21,52,13,29.9,30.5,17.4,29,1.7,873.0,24.884,37.49,28.59,0,14.33
2016-02-22,53,14,31.2,31.3,17.1,22,2.01,793.0,24.387,37.95,29.35,0,14.01
2016-02-23,54,14,32.1,32.2,15.7,15,2.58,858.0,23.464,38.57,29.88,0,12.91
2016-02-24,55,14,32.4,32.5,15.8,17,1.4,817.0,24.731,39.15,30.21,0,15.85
2016-02-25,56,13,31.2,32.0,16.9,25,0.45,804.0,26.971,38.48,29.53,0,19.35
2016-02-26,57,13,32.7,33.4,18.7,20,3.55,882.0,24.764,39.02,30.64,0,15.98
2016-02-27,58,14,33.2,33.4,19.0,20,3.51,861.0,25.132,39.50,31.14,0,17.21
2016-02-28,59,14,34.3,34.6,19.6,25,3.04,847.0,27.122,41.13,32.88,0,22.79
2016-02-29,60,14,34.8,35.1,20.6,32,2.09,834.0,29.157,42.50,34.81,0,28.34
2016-03-01,61,15,36.1,36.1,23.1,25,0.61,714.0,30.173,43.17,35.18,0,32.17
2016-03-02,62,13,35.4,35.9,21.8,26,3.5,872.0,28.115,42.33,34.44,0,26.11
2016-03-03,63,14,34.9,35.1,21.9,28,3.61,834.0,28.006,41.58,34.14,0,25.26
2016-03-04,64,12,34.1,35.2,21.9,32,1.84,862.0,28.757,41.95,33.79,0,26.81
2016-03-05,65,13,32.8,33.6,21.2,25,2.53,909.0,26.19,40.01,31.16,0,19.58
2016-03-06,66,13,32.1,32.6,19.4,28,0.2,907.0,28.536,38.53,30.71,0,22.77
2016-03-07,67,13,32.4,32.8,20.3,23,2.6,905.0,25.458,39.44,30.56,0,17.56
2016-03-08,68,13,32.0,32.6,19.6,25,1.99,915.0,25.812,39.47,30.32,0,18.16
2016-03-09,69,13,32.9,33.5,19.5,25,0.22,917.0,28.676,39.31,31.27,0,23.81
2016-03-10,70,13,33.4,34.2,20.5,29,1.08,903.0,28.395,41.39,32.35,0,25.18
2016-03-11,71,13,34.0,35.0,21.6,30,1.49,922.0,28.688,42.10,33.29,0,26.60
2016-03-12,72,13,31.6,32.1,21.6,34,3.07,914.0,26.537,38.73,30.84,0,19.19
2016-03-13,73,12,29.4,31.3,20.0,38,2.1,880.0,25.568,37.17,28.83,0,15.49
2016-03-14,74,14,32.2,32.3,19.3,25,1.63,852.0,26.082,39.54,30.52,0,18.80
2016-03-15,75,14,33.2,33.4,20.0,21,2.2,872.0,25.806,40.25,31.22,0,19.05
2016-03-16,76,15,34.6,34.6,21.3,22,1.5,757.0,27.308,41.50,32.83,0,23.39
2016-03-17,77,13,34.4,35.3,21.5,26,1.94,927.0,27.984,42.18,33.15,0,25.27
2016-03-18,78,13,34.5,35.6,22.7,30,4.3,926.0,28.018,41.24,33.97,0,25.79
2016-03-19,79,14,36.4,36.7,23.1,25,5.34,876.0,28.377,42.97,35.59,0,28.78
2016-03-20,80,13,35.5,37.2,23.4,24,3.75,959.0,27.854,42.63,34.21,0,27.38
2016-03-21,81,12,34.7,36.4,21.9,24,3.05,949.0,27.395,41.98,33.22,0,24.05
2016-03-22,82,14,36.5,36.6,22.6,13,2.71,927.0,26.246,43.40,33.9,0,23.85
2016-03-23,83,16,37.2,37.4,20.6,9,0.5,614.0,26.863,41.89,33.77,0,23.18
2016-03-24,84,14,38.1,38.3,19.6,13,0.2,927.0,29.887,43.50,35.53,0,30.71
2016-03-25,85,13,37.2,38.1,23.7,19,1.77,933.0,28.81,44.92,35.46,0,31.66
2016-03-26,86,13,37.3,37.8,24.1,20,3.41,929.0,28.438,44.62,35.77,0,31.32
2016-03-27,87,12,35.8,37.2,24.1,22,2.69,960.0,27.993,43.37,34.26,0,29.02
2016-03-28,88,12,35.5,37.3,22.7,18,0.1,966.0,29.382,40.88,33.37,0,27.88
2016-03-29,89,12,35.2,36.9,20.8,16,0.41,978.0,28.702,42.24,32.85,0,26.57
2016-03-30,90,13,37.0,37.6,20.3,15,1.04,993.0,28.446,44.44,34.63,0,28.33
2016-03-31,91,13,35.0,36.2,21.5,27,1.77,950.0,28.807,43.06,34.09,0,27.82
2016-04-01,92,13,35.5,36.7,22.1,31,1.71,961.0,30.016,43.95,35.64,0,31.43
2016-04-02,93,14,37.1,37.7,23.5,31,1.6,841.0,31.203,45.32,38.22,0,37.26
2016-04-03,94,13,36.6,37.7,25.4,28,2.7,940.0,29.829,44.53,36.58,0,35.70
2016-04-04,95,13,35.6,36.2,24.8,24,3.36,881.0,27.924,42.59,34.34,0,29.17
2016-04-05,96,13,35.7,36.7,23.4,23,2.51,973.0,28.219,43.44,34.3,0,28.69
2016-04-06,97,14,35.6,35.6,23.7,24,3.6,900.0,27.889,42.56,34.34,0,27.80
2016-04-07,98,13,34.8,35.7,24.9,21,2.61,986.0,27.063,42.31,32.94,0,26.94
2016-04-08,99,12,33.6,35.6,22.4,30,1.5,973.0,28.444,41.87,32.76,0,26.25
2016-04-09,100,13,35.6,36.4,23.2,24,1.33,965.0,29.081,43.67,34.34,0,30.27
2016-04-10,101,13,36.9,37.5,24.3,24,3.33,913.0,29.017,44.29,36.07,0,32.53
2016-04-11,102,14,37.1,37.3,26.1,21,3.54,921.0,28.469,44.35,35.71,0,33.49
2016-04-12,103,13,37.7,38.4,25.6,21,1.91,985.0,29.674,45.85,36.49,0,36.56
2016-04-13,104,12,37.5,38.9,24.7,18,0.63,987.0,30.381,45.22,35.64,0,36.07
2016-04-14,105,13,38.4,39.1,24.6,21,1.91,997.0,30.242,46.71,37.43,0,37.44
2016-04-15,106,13,37.6,38.7,23.9,24,2.83,999.0,29.86,45.70,37.05,0,35.03
2016-04-16,107,11,35.1,38.7,24.0,30,3.04,904.0,28.796,42.52,34.82,0,30.01
2016-04-17,108,13,37.1,38.8,23.7,29,3.7,960.0,30.159,44.79,37.63,0,34.92
2016-04-18,109,15,37.3,37.3,24.2,24,2.5,748.0,29.339,44.38,36.63,0,33.29
2016-04-19,110,14,37.9,38.1,24.6,27,3.0,915.0,30.55,45.80,38.32,0,37.70
2016-04-20,111,13,38.1,39.1,24.8,23,2.85,986.0,30.012,46.18,37.51,0,36.89
2016-04-21,112,13,37.4,38.4,24.3,23,3.01,996.0,29.416,45.32,36.53,0,34.19
2016-04-22,113,15,37.5,37.7,22.3,21,3.91,798.0,28.52,44.17,36.23,0,29.22
2016-04-23,114,13,36.5,37.5,24.7,30,2.62,979.0,30.217,44.72,36.94,0,35.89
2016-04-24,115,13,35.6,36.9,24.2,28,2.28,990.0,29.266,43.77,35.11,0,32.14
2016-04-25,116,12,35.5,37.4,24.1,25,2.33,967.0,28.54,43.37,34.39,0,30.10
2016-04-26,117,14,36.0,36.1,26.0,21,0.95,675.0,28.535,42.55,34.34,0,31.69
2016-04-27,118,12,38.8,40.0,25.5,15,3.69,1000.0,28.312,46.32,36.62,1,35.93
2016-04-28,119,15,40.5,40.5,25.4,16,1.5,807.0,30.482,47.86,38.88,2,43.53
2016-04-29,120,13,40.8,41.5,26.2,19,1.84,994.0,31.644,49.34,40.19,3,49.88
2016-04-30,121,14,40.9,41.3,25.9,18,2.9,933.0,30.863,49.00,40.0,4,49.40
2016-05-01,122,13,39.4,40.8,25.4,24,2.75,990.0,31.314,47.87,39.76,5,50.43
2016-05-02,123,12,38.0,40.8,26.2,28,3.77,870.0,30.561,45.46,38.79,6,49.51
2016-05-03,124,13,39.7,40.9,25.0,22,3.26,988.0,30.916,47.95,39.57,7,50.87
2016-05-04,125,13,37.5,38.0,26.0,30,3.14,862.0,30.691,45.17,38.59,0,39.24
2016-05-05,126,11,34.4,38.4,25.6,41,1.22,891.0,30.996,43.27,36.4,0,37.16
2016-05-06,127,12,37.5,38.6,26.2,26,1.55,975.0,30.844,46.01,37.42,0,39.93
2016-05-07,128,12,37.3,38.8,26.8,34,2.4,961.0,31.678,45.94,39.56,0,42.96
2016-05-08,129,13,39.6,40.3,26.8,26,3.04,985.0,31.809,48.10,40.78,1,46.89
2016-05-09,130,13,39.6,40.7,26.6,26,3.09,976.0,31.78,48.05,40.78,2,48.23
2016-05-10,131,15,41.6,41.6,27.7,17,2.3,770.0,31.075,49.11,40.62,3,50.55
2016-05-11,132,14,41.2,41.6,27.4,24,3.4,915.0,32.437,49.58,42.71,4,55.56
2016-05-12,133,12,39.0,41.8,27.2,28,3.01,976.0,31.74,47.45,40.49,5,53.31
2016-05-13,134,12,40.3,42.6,28.0,23,2.9,983.0,31.736,48.83,40.83,6,57.02
2016-05-14,135,13,41.1,42.5,26.7,21,4.3,994.0,31.521,49.45,41.34,7,55.74
2016-05-15,136,12,39.9,42.6,26.9,24,3.91,992.0,31.376,48.14,40.55,8,54.46
2016-05-16,137,12,39.5,42.2,27.6,27,3.42,985.0,31.828,47.90,40.98,9,56.11
2016-05-17,138,13,41.6,43.0,28.7,24,2.91,979.0,32.998,50.46,43.41,10,62.37
2016-05-18,139,13,44.0,45.3,29.2,18,3.49,987.0,33.129,52.87,44.51,11,65.34
2016-05-19,140,13,43.1,45.4,29.1,18,3.16,982.0,32.53,51.80,43.15,12,62.82
2016-05-20,141,13,41.5,43.5,27.9,26,5.08,981.0,32.877,50.14,44.15,13,61.25
2016-05-21,142,14,41.2,42.2,28.0,27,5.74,913.0,32.678,49.58,44.06,14,60.55
2016-05-22,143,15,41.5,41.6,28.0,25,5.82,779.0,32.293,49.35,43.68,15,59.52
2016-05-23,144,15,41.5,41.7,28.3,25,5.26,779.0,32.365,49.26,43.68,16,59.93
2016-05-24,145,15,40.6,40.9,28.0,29,4.75,781.0,32.59,48.23,43.85,17,59.33
2016-05-25,146,14,40.1,40.8,28.8,30,5.32,890.0,32.439,48.06,43.33,18,59.66
2016-05-26,147,15,40.6,40.7,29.1,30,4.1,749.0,32.864,48.23,44.32,19,61.30
2016-05-27,148,15,40.4,40.6,28.9,29,3.98,775.0,32.554,48.06,43.46,20,60.04
2016-05-28,149,14,39.0,40.1,28.9,34,4.93,862.0,32.315,46.67,42.9,21,58.38
2016-05-29,150,15,40.0,40.3,28.1,29,4.65,763.0,32.087,47.36,42.7,22,57.44
2016-05-30,151,15,40.6,40.7,28.7,27,4.34,778.0,32.229,48.17,42.95,23,59.08
2016-05-31,152,15,39.9,40.3,28.6,27,2.72,780.0,32.057,47.76,41.69,24,57.88
2016-06-01,153,13,38.4,39.6,28.1,35,3.33,949.0,32.444,46.84,42.09,0,47.51
2016-06-02,154,15,39.8,39.9,27.6,29,3.03,781.0,32.299,47.64,42.32,0,47.32
2016-06-03,155,13,39.0,40.8,27.9,33,3.04,957.0,32.683,47.64,42.46,1,50.11
2016-06-04,156,13,41.0,42.3,29.5,27,4.17,964.0,32.841,49.52,43.69,2,55.76
2016-06-05,157,13,42.4,43.5,29.8,20,4.05,963.0,32.288,50.94,42.96,3,57.48
2016-06-06,158,14,42.5,42.9,29.3,17,3.67,910.0,31.544,50.65,41.86,4,56.54
2016-06-07,159,14,41.3,42.2,28.1,22,3.42,905.0,32.014,49.54,42.05,5,56.97
2016-06-08,160,15,41.4,41.7,27.3,26,3.4,779.0,32.856,49.35,43.97,6,59.87
2016-06-09,161,14,40.3,41.1,28.1,30,4.9,888.0,32.667,48.33,43.72,7,59.61
2016-06-10,162,15,40.0,40.3,28.9,31,4.52,632.0,32.318,46.83,43.59,8,58.76
2016-06-11,163,14,39.0,39.9,28.8,31,5.28,759.0,31.56,46.04,41.63,0,45.91
2016-06-12,164,15,39.9,40.1,28.5,29,5.37,770.0,31.908,47.22,42.51,1,49.06
2016-06-13,165,15,39.8,40.1,28.6,30,5.77,766.0,31.973,47.14,42.75,2,51.00
2016-06-14,166,13,37.0,38.3,28.7,35,5.95,659.0,30.392,43.04,39.35,0,40.57
2016-06-15,167,15,39.0,39.1,28.6,28,5.1,674.0,30.866,45.53,40.49,0,43.57
2016-06-16,168,14,38.8,39.3,27.9,28,4.75,814.0,30.95,45.96,40.14,0,43.09
2016-06-17,169,15,38.6,38.8,27.4,31,3.9,742.0,31.43,45.72,40.88,0,43.52
2016-06-18,170,14,38.8,39.0,27.8,29,4.41,850.0,31.26,46.23,40.5,0,43.89
2016-06-19,171,12,32.3,34.2,28.2,47,3.98,625.0,28.338,38.11,34.19,0,30.63
2016-06-20,172,14,38.9,39.6,29.0,34,1.84,730.0,32.9,47.10,42.69,0,49.84
2016-06-21,173,14,35.9,36.8,27.3,40,1.36,520.0,31.168,43.05,38.95,0,40.26
2016-06-22,174,14,35.6,35.6,29.4,48,3.14,598.0,31.556,42.72,41.3,0,44.08
2016-06-23,175,13,35.2,35.9,26.6,47,0.89,517.0,32.028,42.98,39.99,0,41.40
2016-06-24,176,15,36.4,36.4,28.3,47,3.04,678.0,32.295,44.14,42.8,0,45.78
2016-06-25,177,14,36.5,36.9,28.7,49,3.4,770.0,32.733,44.67,43.96,0,47.89
2016-06-26,178,14,35.3,35.4,27.6,48,4.7,681.0,31.128,41.89,40.6,0,40.31
2016-06-27,179,14,37.1,37.1,27.7,45,3.83,756.0,32.557,44.79,43.6,0,46.34
2016-06-28,180,14,36.2,36.9,27.8,45,1.8,772.0,32.483,44.94,41.47,0,45.63
2016-06-29,181,15,32.1,32.4,26.8,69,2.2,473.0,30.999,40.31,40.34,0,37.90
2016-06-30,182,13,33.7,34.0,27.3,56,3.61,792.0,31.121,41.57,39.82,0,39.43
2016-07-01,183,12,33.2,33.8,27.7,58,3.02,641.0,30.811,40.84,39.31,0,38.59
2016-07-02,184,15,33.9,34.0,27.1,59,3.44,546.0,31.313,41.04,41.49,0,39.79
2016-07-03,185,13,32.4,33.3,26.8,72,3.35,729.0,31.784,41.37,42.4,0,40.91
2016-07-04,186,15,32.3,32.3,27.9,61,3.14,491.0,30.03,39.04,38.11,0,35.61
2016-07-05,187,15,33.5,33.5,26.9,54,3.76,461.0,30.088,39.33,38.63,0,34.95
2016-07-06,188,12,31.9,32.8,26.6,58,4.77,565.0,29.152,37.55,36.26,0,30.67
2016-07-07,189,13,32.4,32.9,26.4,55,5.01,610.0,29.282,38.11,36.49,0,31.17
2016-07-08,190,14,33.2,33.2,27.1,55,4.75,493.0,29.857,38.64,38.27,0,34.11
2016-07-09,191,12,31.0,31.1,27.2,64,3.86,267.0,28.546,35.49,35.88,0,28.59
2016-07-10,192,15,32.1,32.1,26.7,61,3.1,241.0,29.259,37.06,37.62,0,31.14
2016-07-11,193,13,30.6,30.6,27.0,68,2.1,222.0,28.796,36.53,36.0,0,29.63
2016-07-12,194,15,27.0,27.0,25.8,93,1.97,95.0,27.383,33.05,31.62,0,21.41
2016-07-13,195,15,29.2,29.4,25.3,73,1.0,240.0,28.539,36.29,33.77,0,26.15
2016-07-14,196,15,32.3,32.3,25.3,65,4.13,662.0,30.613,39.56,39.46,0,34.55
2016-07-15,197,13,31.5,31.5,26.0,67,4.47,668.0,30.042,38.46,38.0,0,32.95
2016-07-16,198,13,29.9,29.9,26.2,73,4.14,399.0,28.765,35.57,35.52,0,27.76
2016-07-17,199,11,29.0,29.0,25.8,78,3.64,349.0,28.393,34.91,34.31,0,25.66
2016-07-18,200,14,31.4,31.4,25.2,65,3.97,499.0,29.517,37.61,37.13,0,30.08
2016-07-19,201,14,31.0,31.0,25.2,66,3.64,518.0,29.347,37.54,36.43,0,29.46
2016-07-20,202,13,31.2,31.5,25.6,63,4.02,648.0,29.345,37.94,36.08,0,30.08
2016-07-21,203,13,31.0,31.5,25.5,61,3.14,616.0,29.057,38.11,35.1,0,29.17
2016-07-22,204,14,31.7,31.8,25.5,57,3.12,528.0,29.069,38.20,35.55,0,29.43
2016-07-23,205,15,32.5,32.5,26.1,54,1.84,603.0,30.018,40.39,36.41,0,33.82
2016-07-24,206,13,29.9,30.4,26.8,72,1.55,356.0,29.194,37.59,35.28,0,30.64
2016-07-25,207,15,31.3,31.3,26.0,68,2.53,476.0,30.028,38.87,37.79,0,33.14
2016-07-26,208,12,31.1,31.3,26.4,69,2.27,653.0,30.406,39.89,37.56,0,34.98
2016-07-27,209,16,27.7,27.7,25.7,88,1.3,145.0,28.021,34.76,32.68,0,24.13
2016-07-28,210,16,28.8,30.2,25.3,83,0.63,210.0,29.401,36.75,34.82,0,28.51
2016-07-29,211,14,29.9,29.9,25.0,73,2.75,532.0,29.302,37.65,35.52,0,28.88
2016-07-30,212,16,29.7,29.7,25.7,73,2.53,315.0,28.663,36.22,35.01,0,27.26
2016-07-31,213,15,30.3,30.3,25.2,75,2.6,490.0,29.857,38.27,37.13,0,31.21
2016-08-01,214,14,31.1,31.1,25.7,64,4.0,441.0,29.005,36.76,36.12,0,28.71
2016-08-02,215,15,28.2,28.4,26.4,83,1.56,191.0,28.122,35.15,33.11,0,25.58
2016-08-03,216,15,28.1,28.4,26.0,87,1.2,188.0,28.565,35.73,33.63,0,26.56
2016-08-04,217,15,29.8,29.8,25.6,74,2.44,334.0,28.94,36.67,35.51,0,28.18
2016-08-05,218,15,30.2,30.2,24.9,74,3.03,546.0,29.654,37.93,36.58,0,30.02
2016-08-06,219,13,28.4,28.4,24.1,80,4.3,487.0,28.199,34.60,33.12,0,22.65
2016-08-07,220,14,25.9,26.0,24.8,86,3.26,83.0,25.392,29.08,26.35,0,11.90
2016-08-08,221,13,26.5,26.7,24.2,91,2.86,261.0,27.157,32.98,27.04,0,17.36
2016-08-09,222,14,26.7,26.7,25.0,93,2.6,103.0,27.028,32.00,30.77,0,18.73
2016-08-10,223,11,28.7,28.7,25.0,75,4.43,418.0,27.824,34.04,32.96,0,22.53
2016-08-11,224,16,29.4,29.4,25.0,71,3.26,271.0,27.903,34.58,33.83,0,23.39
2016-08-12,225,16,31.0,31.0,25.1,63,2.1,349.0,28.993,37.60,35.62,0,28.41
2016-08-13,226,13,30.4,30.7,25.0,63,3.78,503.0,28.388,36.34,34.29,0,25.75
2016-08-14,227,14,31.2,31.2,24.6,59,4.48,568.0,28.67,36.91,35.02,0,26.50
2016-08-15,228,15,31.1,31.1,24.4,58,3.58,413.0,28.313,36.44,34.56,0,25.08
2016-08-16,229,13,30.6,30.7,24.7,60,4.98,550.0,28.134,35.83,34.01,0,24.44
2016-08-17,230,15,31.4,31.4,24.6,59,3.31,509.0,28.954,37.71,35.44,0,27.77
2016-08-18,231,12,30.1,31.3,24.5,62,3.36,744.0,28.495,37.53,33.44,0,25.91
2016-08-19,232,11,28.3,28.9,24.6,69,3.51,391.0,26.889,33.74,31.11,0,19.38
2016-08-20,233,14,27.7,27.7,25.5,82,3.31,151.0,27.033,32.07,31.64,0,19.70
2016-08-21,234,15,29.7,29.7,24.5,70,3.41,299.0,28.13,34.96,34.32,0,23.69
2016-08-22,235,15,30.4,30.4,25.0,67,3.42,430.0,28.76,36.52,35.26,0,26.94
2016-08-23,236,15,27.5,27.7,24.8,85,3.96,173.0,27.144,31.66,31.52,0,18.75
2016-08-24,237,11,25.1,25.3,24.7,93,4.96,70.0,25.106,26.45,25.6,0,9.35
2016-08-25,238,15,28.2,29.0,24.2,82,0.1,295.0,29.454,35.36,32.94,0,25.62
2016-08-26,239,15,29.6,29.6,24.8,78,0.71,346.0,30.183,38.29,35.96,0,30.93
2016-08-27,240,13,30.8,31.4,25.2,77,1.39,718.0,31.624,41.40,39.22,0,37.58
2016-08-28,241,14,31.3,31.3,25.4,71,1.66,621.0,31.045,40.72,38.74,0,36.05
2016-08-29,242,15,30.9,30.9,25.9,76,2.72,507.0,30.546,39.17,39.2,0,34.75
2016-08-30,243,15,28.8,28.8,25.5,82,2.34,250.0,28.594,35.61,34.61,0,26.31
2016-08-31,244,11,29.5,30.5,25.3,80,1.58,646.0,30.388,39.54,36.17,0,32.88
2016-09-01,245,14,30.3,30.3,25.2,67,2.95,626.0,29.151,37.95,35.02,0,28.85
2016-09-02,246,14,30.4,30.4,25.1,61,3.89,684.0,28.448,37.08,33.83,0,26.34
2016-09-03,247,15,29.6,29.6,23.3,62,2.61,374.0,27.492,35.56,32.46,0,20.83
2016-09-04,248,13,29.6,29.9,23.0,60,3.91,620.0,27.482,35.71,32.09,0,20.43
2016-09-05,249,13,29.3,29.8,22.9,62,3.92,681.0,27.526,35.79,31.89,0,20.38
2016-09-06,250,15,30.1,30.2,23.1,59,3.09,564.0,27.904,36.66,32.82,0,22.30
2016-09-07,251,15,30.3,30.3,24.0,58,2.72,480.0,27.898,36.68,32.99,0,23.42
2016-09-08,252,15,30.5,30.5,24.4,57,2.3,601.0,28.348,37.92,33.16,0,25.69
2016-09-09,253,12,30.1,30.9,23.8,61,2.9,839.0,28.661,38.32,33.23,0,25.90
2016-09-10,254,14,30.9,31.2,24.2,57,3.23,650.0,28.53,37.80,33.93,0,26.00
2016-09-11,255,13,30.5,31.3,23.7,56,2.51,777.0,28.479,38.53,32.95,0,25.49
2016-09-12,256,13,30.7,31.1,24.9,58,2.05,758.0,29.063,39.21,33.76,0,28.78
2016-09-13,257,12,30.4,31.2,24.8,64,1.41,680.0,29.705,39.45,34.52,0,30.33
2016-09-14,258,12,32.1,32.8,24.1,59,2.6,846.0,30.399,40.85,37.0,0,32.76
2016-09-15,259,14,34.1,34.1,25.6,54,3.01,741.0,31.302,42.12,40.05,0,38.27
2016-09-16,260,11,32.2,32.2,26.3,62,2.47,573.0,30.402,40.05,38.19,0,35.19
2016-09-17,261,13,33.4,33.8,26.1,60,2.5,832.0,31.742,42.60,40.56,0,40.22
2016-09-18,262,14,29.9,30.0,27.0,74,2.06,330.0,29.133,37.14,35.77,0,30.62
2016-09-19,263,14,30.1,30.2,25.7,70,3.36,309.0,28.543,35.60,35.28,0,26.69
2016-09-20,264,13,31.3,31.5,24.8,59,2.91,539.0,29.013,38.11,35.23,0,28.32
2016-09-21,265,14,32.1,32.4,25.0,58,2.28,516.0,29.772,39.42,36.71,0,31.49
2016-09-22,266,14,32.5,33.0,25.9,62,2.34,689.0,30.955,41.12,38.94,0,36.83
2016-09-23,267,13,33.6,34.1,26.5,59,3.33,855.0,31.572,42.19,40.7,0,40.12
2016-09-24,268,14,33.3,33.4,25.5,57,2.94,788.0,31.051,41.64,39.2,0,37.01
2016-09-25,269,14,32.9,33.3,25.3,56,3.05,754.0,30.47,40.81,37.91,0,34.60
2016-09-26,270,14,33.2,33.5,24.9,55,3.36,789.0,30.591,41.01,38.27,0,34.65
2016-09-27,271,14,33.2,33.6,24.5,52,3.5,791.0,30.172,40.69,37.3,0,32.79
2016-09-28,272,14,33.0,33.5,24.1,50,2.51,791.0,30.026,41.08,36.29,0,31.96
2016-09-29,273,14,32.3,32.7,23.5,51,2.06,799.0,29.734,40.72,35.18,0,30.03
2016-09-30,274,13,32.3,33.0,23.2,55,2.68,814.0,30.009,40.58,36.27,0,30.50
2016-10-01,275,13,28.3,29.3,24.9,81,2.51,283.0,28.064,34.95,33.04,0,23.55
2016-10-02,276,13,32.0,32.2,24.4,67,1.12,751.0,31.984,42.18,39.34,0,37.93
2016-10-03,277,13,31.8,31.8,25.3,74,0.5,754.0,33.739,43.13,41.28,0,43.71
2016-10-04,278,16,28.1,28.1,24.7,79,0.7,260.0,28.474,35.88,32.19,0,24.45
2016-10-05,279,12,27.0,27.0,24.2,80,3.38,347.0,26.694,32.77,29.74,0,17.34
2016-10-06,280,15,26.7,26.9,23.8,85,0.86,267.0,27.571,34.75,29.48,0,19.87
2016-10-07,281,15,31.0,31.0,24.1,70,0.85,458.0,30.885,39.86,37.6,0,33.19
2016-10-08,282,13,31.4,31.7,24.0,75,1.27,748.0,32.155,42.19,40.4,0,38.19
2016-10-09,283,14,31.9,31.9,24.8,74,1.51,654.0,32.123,42.16,41.6,0,39.49
2016-10-10,284,13,30.9,31.4,24.3,66,2.16,801.0,30.202,40.16,36.19,0,31.82
2016-10-11,285,14,30.3,30.4,23.3,62,2.76,650.0,28.685,37.87,33.85,0,25.27
2016-10-12,286,13,29.6,29.9,22.1,60,1.7,787.0,28.527,38.55,32.09,0,23.40
2016-10-13,287,13,29.9,30.4,21.8,60,0.54,758.0,30.251,39.44,32.64,0,27.39
2016-10-14,288,12,31.1,31.9,21.6,60,0.36,830.0,31.866,40.68,35.06,0,32.24
2016-10-15,289,13,32.2,32.2,21.9,48,0.51,746.0,30.932,40.96,34.25,0,30.37
2016-10-16,290,13,32.8,33.1,22.2,49,1.56,812.0,30.247,41.54,35.62,0,30.24
2016-10-17,291,11,30.9,32.9,21.9,53,0.58,758.0,30.228,39.95,33.05,0,27.87
2016-10-18,292,11,30.4,32.3,21.1,53,1.56,699.0,28.35,38.63,32.19,0,23.04
2016-10-19,293,13,31.9,32.1,19.0,39,2.55,830.0,27.586,39.31,31.96,0,22.01
2016-10-20,294,12,30.0,31.3,18.8,45,1.28,841.0,27.518,38.51,30.32,0,20.69
2016-10-21,295,13,30.6,31.1,19.1,48,0.67,818.0,29.277,39.48,31.62,0,25.20
2016-10-22,296,13,30.8,31.2,20.2,51,0.5,808.0,30.278,39.97,32.48,0,27.77
2016-10-23,297,12,30.0,31.1,20.1,55,0.72,814.0,29.474,39.32,31.89,0,25.56
2016-10-24,298,13,30.1,30.6,20.5,50,1.6,805.0,27.902,38.58,31.2,0,21.80
2016-10-25,299,13,30.0,30.3,19.3,48,1.21,807.0,27.897,38.58,30.74,0,21.62
2016-10-26,300,14,31.6,31.7,19.8,48,1.3,711.0,29.03,39.80,33.21,0,25.55
2016-10-27,301,12,32.6,33.8,21.2,39,2.22,811.0,28.295,40.23,32.97,0,24.39
2016-10-28,302,14,33.3,33.3,20.5,25,1.14,735.0,27.139,40.25,31.71,0,21.75
2016-10-29,303,12,30.9,32.1,17.7,35,0.41,814.0,28.375,38.73,30.14,0,22.40
2016-10-30,304,14,31.8,31.9,18.1,34,0.45,716.0,28.676,39.30,31.08,0,23.74
2016-10-31,305,12,31.7,32.5,18.5,31,3.34,812.0,25.917,38.07,30.59,0,17.45
2016-11-01,306,13,32.3,32.6,19.5,29,3.11,796.0,26.12,38.75,31.04,0,18.49
2016-11-02,307,13,31.5,31.9,19.4,29,3.18,802.0,25.451,37.85,30.16,0,16.25
2016-11-03,308,12,30.8,31.7,20.1,35,3.07,803.0,25.839,37.39,30.03,0,16.61
2016-11-04,309,12,30.4,31.3,18.8,36,2.24,797.0,25.932,37.63,29.69,0,16.82
2016-11-05,310,12,30.2,31.4,18.6,37,0.82,790.0,27.081,38.15,29.58,0,19.33
2016-11-06,311,13,31.0,31.6,17.4,36,1.66,779.0,26.722,38.54,30.38,0,19.23
2016-11-07,312,12,31.0,32.1,16.5,34,2.02,788.0,26.233,38.27,30.14,0,18.02
2016-11-08,313,13,31.4,31.7,16.1,27,1.33,789.0,25.899,38.63,29.88,0,17.56
2016-11-09,314,13,31.6,31.8,17.1,26,0.89,786.0,26.391,38.82,30.0,0,18.67
2016-11-10,315,13,31.2,31.5,16.6,29,0.1,781.0,27.585,36.64,29.85,0,19.29
2016-11-11,316,13,30.5,30.7,15.6,29,0.81,783.0,26.122,37.92,29.15,0,17.19
2016-11-12,317,13,30.6,30.8,15.9,31,1.22,768.0,25.955,37.98,29.41,0,17.02
2016-11-13,318,13,30.4,30.6,16.3,28,1.66,771.0,24.962,37.48,28.98,0,14.62
2016-11-14,319,14,30.5,30.5,17.0,29,1.46,684.0,25.162,37.28,29.15,0,14.92
2016-11-15,320,14,30.5,30.5,16.4,29,1.78,685.0,24.959,37.14,29.15,0,14.44
2016-11-16,321,13,31.0,31.4,17.0,30,2.69,756.0,25.275,37.47,29.73,0,15.49
2016-11-17,322,13,30.7,31.1,18.1,29,2.73,756.0,24.852,37.09,29.35,0,14.27
2016-11-18,323,13,30.3,30.9,17.1,32,1.43,754.0,25.643,37.60,29.2,0,16.08
2016-11-19,324,14,30.8,30.8,16.4,32,0.71,671.0,26.724,37.86,29.71,0,18.50
2016-11-20,325,14,31.1,31.1,15.6,28,0.91,674.0,26.012,37.90,29.66,0,17.16
2016-11-21,326,13,30.5,30.9,16.7,31,0.99,730.0,26.04,37.76,29.31,0,16.98
2016-11-22,327,13,30.6,30.9,16.2,33,0.54,741.0,27.318,38.13,29.6,0,19.77
2016-11-23,328,14,31.1,31.1,16.3,31,0.67,660.0,26.865,38.05,29.93,0,18.98
2016-11-24,329,13,30.7,31.2,17.3,33,1.96,728.0,25.745,37.65,29.71,0,16.50
2016-11-25,330,13,30.8,31.3,18.3,28,2.98,738.0,24.662,36.89,29.36,0,13.77
2016-11-26,331,13,31.2,31.6,16.9,28,2.16,738.0,25.284,37.87,29.76,0,15.80
2016-11-27,332,14,32.0,32.1,16.7,27,1.58,660.0,25.918,38.54,30.5,0,17.76
2016-11-28,333,13,31.3,31.8,16.2,28,1.58,734.0,25.677,38.24,29.86,0,16.85
2016-11-29,334,13,30.6,31.0,15.2,32,0.22,732.0,27.409,36.73,29.51,0,18.90
2016-11-30,335,12,29.0,30.2,14.9,36,0.78,729.0,25.823,36.63,28.27,0,15.37
2016-12-01,336,12,28.9,30.6,16.1,40,0.78,717.0,26.247,36.72,28.51,0,16.32
2016-12-02,337,14,31.5,31.6,18.7,32,2.75,638.0,25.783,37.44,30.48,0,16.71
2016-12-03,338,14,30.7,30.8,19.8,31,3.16,645.0,24.857,36.26,29.52,0,13.74
2016-12-04,339,13,30.1,30.6,19.0,33,3.28,719.0,24.757,35.98,29.09,0,13.19
2016-12-05,340,14,29.7,29.8,16.7,32,1.96,653.0,24.603,36.20,28.62,0,12.88
2016-12-06,341,13,29.1,29.9,16.4,32,2.7,719.0,23.934,35.37,28.08,0,10.82
2016-12-07,342,14,30.2,30.4,17.0,28,2.01,653.0,24.367,36.49,28.8,0,12.72
2016-12-08,343,14,30.4,30.5,15.7,27,1.12,653.0,24.97,37.01,28.91,0,14.28
2016-12-09,344,13,29.5,29.9,14.9,29,0.1,719.0,25.986,34.71,28.24,0,14.28
2016-12-10,345,12,27.8,29.4,14.0,38,0.41,711.0,25.814,35.44,27.37,0,14.16
2016-12-11,346,14,29.6,29.7,14.2,39,2.33,633.0,25.322,36.03,29.14,0,14.32
2016-12-12,347,12,28.4,29.8,16.5,36,1.41,703.0,24.519,35.70,27.74,0,12.04
2016-12-13,348,13,29.1,29.4,15.1,29,3.3,712.0,23.297,34.74,27.9,0,9.09
2016-12-14,349,13,29.7,30.3,17.1,32,2.02,707.0,24.683,36.44,28.62,0,13.21
2016-12-15,350,13,29.6,30.1,16.0,28,1.75,720.0,24.148,36.40,28.26,0,12.03
2016-12-16,351,13,29.5,30.1,14.5,27,1.13,719.0,24.388,36.49,28.12,0,12.50
2016-12-17,352,13,29.4,29.8,16.1,31,1.7,704.0,24.447,36.28,28.28,0,12.52
2016-12-18,353,12,27.8,28.7,14.8,36,1.0,701.0,24.402,35.30,27.25,0,11.35
2016-12-19,354,13,27.8,28.2,14.3,34,1.12,712.0,24.019,35.22,27.15,0,10.53
2016-12-20,355,14,28.8,28.9,15.3,32,2.77,651.0,23.539,34.64,27.82,0,9.45
2016-12-21,356,14,29.2,29.4,15.3,29,1.5,654.0,23.995,35.83,27.98,0,11.24
2016-12-22,357,13,28.7,29.5,14.1,31,0.72,719.0,24.935,36.04,27.68,0,13.04
2016-12-23,358,12,27.7,29.3,13.5,38,0.22,708.0,25.718,34.21,27.29,0,13.06
2016-12-24,359,13,27.9,28.5,12.8,33,1.89,719.0,23.406,34.87,27.17,0,9.12
2016-12-25,360,13,28.8,29.5,13.9,24,2.72,733.0,22.445,34.87,27.43,0,7.41
2016-12-26,361,14,26.8,27.0,15.1,23,2.92,676.0,20.526,32.43,26.05,0,4.64
2016-12-27,362,14,27.5,27.8,14.2,28,3.04,667.0,21.821,33.06,26.66,0,5.10
2016-12-28,363,15,28.9,28.9,14.8,29,1.97,540.0,23.233,34.61,27.74,0,8.83
2016-12-29,364,15,30.0,30.0,14.1,30,1.03,543.0,24.928,36.20,28.75,0,13.54
2016-12-30,365,13,29.4,30.0,14.2,36,0.45,722.0,26.951,37.08,28.66,0,17.97
2016-12-31,366,11,26.7,29.5,14.0,47,0.54,622.0,25.406,34.67,26.99,0,12.70
2017-01-01,1,13,28.0,28.5,14.4,35,1.84,722.0,23.801,35.10,27.35,0,10.10
2017-01-02,2,13,28.2,28.9,14.7,36,2.86,716.0,23.685,34.44,27.57,0,9.49
2017-01-03,3,14,28.0,28.2,15.9,32,2.45,664.0,22.998,34.19,27.19,0,7.87
2017-01-04,4,14,28.3,28.4,13.9,32,0.2,671.0,25.281,34.10,27.42,0,12.20
2017-01-05,5,13,27.5,28.0,13.0,35,0.71,725.0,24.528,35.20,26.98,0,11.42
2017-01-06,6,11,24.3,26.8,14.5,55,0.78,615.0,23.593,32.79,24.26,0,7.91
2017-01-07,7,12,26.1,26.9,15.7,51,2.48,602.0,23.579,32.73,26.1,0,7.84
2017-01-08,8,13,25.9,26.3,15.3,43,1.2,727.0,23.477,33.96,25.78,0,8.54
2017-01-09,9,13,25.0,25.5,11.7,40,1.1,737.0,22.464,33.15,24.8,0,6.04
2017-01-10,10,12,23.7,24.6,13.5,44,2.42,720.0,20.906,30.88,23.49,0,3.52
2017-01-11,11,13,23.5,24.0,10.8,31,1.84,756.0,19.555,31.13,23.11,0,3.71
2017-01-12,12,14,23.8,24.0,11.0,28,2.55,707.0,19.01,30.31,23.38,0,3.11
2017-01-13,13,14,24.2,24.4,11.0,21,4.12,712.0,17.947,28.90,23.71,0,2.09
2017-01-14,14,17,24.9,26.8,12.7,56,0.85,199.0,22.634,30.13,24.9,0,4.18
2017-01-15,15,13,27.5,28.4,14.1,41,0.76,736.0,25.244,35.56,27.31,0,13.15
2017-01-16,16,13,26.2,26.5,13.3,34,2.78,747.0,21.795,32.64,25.98,0,4.80
2017-01-17,17,14,24.5,24.7,11.1,32,2.04,716.0,20.336,31.60,24.17,0,4.05
2017-01-18,18,14,26.2,26.4,12.5,35,2.89,709.0,21.827,32.35,25.99,0,4.59
2017-01-19,19,14,27.6,27.9,15.5,45,3.8,680.0,24.026,33.09,27.65,0,9.19
2017-01-20,20,15,28.1,28.1,19.0,40,3.3,586.0,23.785,33.35,27.75,0,8.96
2017-01-21,21,17,27.8,29.6,17.1,66,0.95,203.0,26.331,33.78,29.81,0,14.85
2017-01-22,22,14,30.5,30.5,16.2,33,1.66,706.0,25.7,37.51,29.5,0,16.23
2017-01-23,23,15,31.3,31.3,17.8,35,0.5,594.0,27.852,38.22,30.61,0,21.22
2017-01-24,24,13,31.4,32.0,17.5,39,2.0,759.0,27.267,38.83,31.29,0,20.81
2017-01-25,25,11,28.3,30.9,19.0,46,1.17,620.0,25.731,35.83,28.42,0,14.68
2017-01-26,26,13,27.3,27.3,18.2,38,4.33,765.0,22.917,32.51,26.98,0,6.43
2017-01-27,27,15,25.7,25.7,13.9,28,3.33,635.0,20.218,30.81,25.38,0,3.47
2017-01-28,28,14,27.0,27.2,14.3,28,3.68,750.0,21.392,32.43,26.34,0,4.64
2017-01-29,29,15,28.6,28.6,14.2,29,0.51,637.0,24.799,35.46,27.5,0,12.31
2017-01-30,30,12,27.6,29.2,13.6,35,0.45,777.0,25.455,35.63,27.05,0,13.50
2017-01-31,31,13,27.3,28.0,12.6,27,1.53,818.0,22.457,34.81,26.5,0,7.23
2017-02-01,32,17,27.9,29.3,13.2,56,0.95,257.0,25.575,33.68,28.89,0,13.01
2017-02-02,33,17,29.8,31.2,15.1,58,0.76,260.0,27.744,35.98,32.08,0,19.95
2017-02-03,34,17,30.8,33.1,17.6,48,1.33,252.0,26.988,35.97,31.92,0,18.46
2017-02-04,35,14,28.7,29.3,17.0,38,2.59,759.0,24.547,35.49,28.15,0,12.10
2017-02-05,36,14,24.4,24.9,15.8,28,2.91,793.0,19.531,30.93,24.01,0,3.56
2017-02-06,37,14,25.3,25.7,11.2,24,2.2,784.0,19.937,32.33,24.91,0,4.57
2017-02-07,38,17,26.6,28.0,11.8,57,0.85,275.0,24.653,32.64,26.7,0,9.81
2017-02-08,39,12,26.8,28.1,12.4,29,1.94,804.0,22.056,34.10,26.26,0,5.95
2017-02-09,40,14,27.1,27.1,12.9,20,4.0,806.0,20.206,32.44,26.15,0,4.65
2017-02-10,41,14,28.0,28.1,14.6,24,4.49,796.0,21.487,33.01,26.86,0,5.06
2017-02-11,42,14,28.3,28.5,16.0,33,1.87,787.0,23.886,35.61,27.48,0,10.68
2017-02-12,43,13,28.7,29.2,16.2,41,3.18,824.0,24.864,35.40,28.39,0,12.71
2017-02-13,44,13,29.8,30.2,18.3,38,4.6,811.0,25.089,35.31,29.25,0,13.40
2017-02-14,45,15,32.1,32.1,20.1,39,2.0,661.0,27.68,39.10,32.24,0,22.14
2017-02-15,46,15,33.2,33.2,21.1,36,1.2,660.0,28.697,40.49,33.27,0,25.45
2017-02-16,47,13,32.8,33.2,20.8,35,2.15,784.0,27.843,40.16,32.52,0,23.31
2017-02-17,48,17,32.2,34.1,20.1,43,0.9,289.0,28.0,37.63,33.15,0,22.02
2017-02-18,49,14,34.5,34.6,19.7,27,1.02,805.0,28.791,42.01,33.43,0,26.78
2017-02-19,50,12,33.0,34.5,19.3,32,0.82,822.0,28.77,40.84,32.3,0,25.48
2017-02-20,51,13,31.9,32.9,18.8,38,4.87,852.0,26.909,37.81,31.8,0,19.59
2017-02-21,52,16,29.6,29.6,17.9,26,2.82,523.0,23.002,34.46,28.16,0,8.44
2017-02-22,53,12,27.6,29.9,17.1,35,1.87,840.0,23.671,35.27,27.05,0,9.87
2017-02-23,54,11,27.4,30.7,15.2,43,1.14,745.0,24.9,35.46,27.34,0,12.44
2017-02-24,55,13,31.4,31.8,17.1,21,3.34,889.0,24.018,37.79,29.48,0,13.25
2017-02-25,56,14,32.4,32.5,17.4,17,1.92,846.0,24.431,39.18,30.21,0,15.31
2017-02-26,57,13,33.3,33.7,17.4,18,1.21,895.0,25.982,40.46,31.1,0,19.49
2017-02-27,58,14,34.4,34.5,17.6,19,0.28,846.0,28.42,40.46,32.29,0,24.54
2017-02-28,59,14,34.7,34.8,18.1,21,1.92,845.0,27.076,41.86,32.83,0,23.21
2017-03-01,60,13,33.5,33.8,19.5,23,3.26,893.0,26.095,40.22,31.72,0,19.76
2017-03-02,61,13,32.7,32.8,20.2,24,3.42,900.0,25.619,39.30,30.96,0,17.92
2017-03-03,62,14,32.3,32.3,16.6,21,2.53,860.0,24.94,39.09,30.32,0,16.24
2017-03-04,63,12,31.1,32.2,18.1,28,2.52,878.0,25.295,38.19,29.66,0,16.02
2017-03-05,64,12,31.8,32.6,19.4,21,2.78,887.0,24.5,38.54,29.85,0,14.84
2017-03-06,65,14,33.0,33.0,19.1,16,1.8,868.0,24.765,39.85,30.72,0,16.61
2017-03-07,66,14,32.7,32.7,17.5,21,2.89,861.0,25.127,39.32,30.71,0,16.91
2017-03-08,67,13,32.4,32.8,22.4,27,4.88,908.0,25.633,38.34,30.93,0,17.70
2017-03-09,68,13,31.1,31.5,20.0,33,4.34,910.0,25.646,37.25,30.14,0,16.18
2017-03-10,69,11,28.3,30.5,21.3,44,3.61,782.0,24.722,34.50,28.25,0,11.75
2017-03-11,70,13,28.6,28.8,16.8,13,2.82,966.0,20.509,35.46,27.06,0,6.86
2017-03-12,71,14,29.2,29.2,13.8,10,1.48,915.0,20.862,36.26,27.26,0,7.51
2017-03-13,72,14,30.5,30.7,14.8,13,2.73,912.0,21.844,37.06,28.53,0,8.56
2017-03-14,73,14,33.2,33.2,16.2,11,4.75,907.0,22.773,38.89,30.53,0,12.08
2017-03-15,74,13,34.1,34.5,18.9,15,2.9,951.0,24.98,40.93,31.7,0,18.16
2017-03-16,75,14,35.0,35.0,18.0,15,1.92,891.0,25.984,41.94,32.57,0,21.11
2017-03-17,76,13,34.0,34.3,20.4,20,3.84,940.0,25.784,40.60,31.96,0,19.54
2017-03-18,77,15,35.5,35.5,22.7,22,5.73,753.0,26.822,41.15,33.89,0,23.43
2017-03-19,78,14,33.5,33.8,21.4,35,3.67,884.0,28.098,40.39,33.51,0,24.33
2017-03-20,79,11,33.4,35.1,21.9,27,2.28,826.0,27.011,40.53,32.07,0,21.85
2017-03-21,80,12,35.1,36.1,20.7,22,0.32,926.0,29.856,42.06,33.41,0,28.83
2017-03-22,81,12,35.9,37.2,21.1,23,0.14,925.0,30.697,41.77,34.55,0,30.63
2017-03-23,82,14,35.7,35.8,23.3,28,2.3,891.0,29.177,43.46,35.25,0,30.75
2017-03-24,83,13,36.4,37.0,22.9,25,2.2,955.0,29.307,44.41,35.59,0,31.34
2017-03-25,84,13,36.9,37.4,24.0,23,1.84,958.0,29.491,44.97,35.85,0,33.48
2017-03-26,85,13,38.1,38.7,21.5,25,2.78,951.0,30.423,46.18,38.06,0,34.60
2017-03-27,86,14,40.6,40.7,25.1,18,1.41,901.0,31.375,48.59,39.59,1,43.99
2017-03-28,87,13,39.5,39.9,26.3,18,4.04,971.0,29.537,47.21,38.13,0,38.71
2017-03-29,88,13,38.9,39.6,25.7,20,4.33,972.0,29.524,46.52,37.85,0,37.38
2017-03-30,89,14,38.0,38.6,24.2,19,3.36,911.0,28.726,45.35,36.45,0,32.76
2017-03-31,90,13,37.4,38.4,23.7,22,3.02,971.0,29.154,45.16,36.31,0,32.80
2017-04-01,91,13,36.7,38.8,23.4,27,3.31,969.0,29.557,44.43,36.48,0,32.75
2017-04-02,92,12,35.4,37.6,22.4,29,2.33,963.0,29.222,43.46,35.04,0,29.71
2017-04-03,93,12,36.4,38.4,22.9,27,2.7,954.0,29.492,44.30,36.04,0,31.78
2017-04-04,94,12,36.0,37.6,24.1,33,3.72,947.0,29.954,43.54,36.95,0,33.85
2017-04-05,95,13,38.1,39.5,24.6,26,3.8,967.0,30.359,45.89,38.34,0,37.41
2017-04-06,96,14,37.6,38.6,24.6,19,4.88,921.0,28.108,44.55,35.95,0,31.30
2017-04-07,97,14,33.5,33.9,21.3,16,3.38,950.0,24.627,40.12,31.18,0,16.72
2017-04-08,98,13,35.4,35.9,18.7,12,1.84,1018.0,25.737,42.59,32.64,0,21.14
2017-04-09,99,14,38.2,38.2,22.1,9,2.91,954.0,26.183,44.94,34.71,0,24.57
2017-04-10,100,14,39.2,39.2,22.9,8,3.86,959.0,26.262,45.86,35.44,0,26.58
2017-04-11,101,14,40.2,40.2,22.5,9,2.91,957.0,27.577,47.28,36.64,1,31.74
2017-04-12,102,13,40.7,41.1,22.6,12,3.75,1014.0,28.794,48.39,38.02,2,37.14
2017-04-13,103,13,42.0,42.3,24.9,9,4.32,1012.0,28.532,49.58,38.45,3,42.01
2017-04-14,104,13,41.4,42.0,24.3,10,3.88,1009.0,28.572,48.97,38.14,4,42.50
2017-04-15,105,14,41.3,41.5,25.0,10,4.07,944.0,28.373,48.58,38.04,5,44.29
2017-04-16,106,14,40.9,41.2,24.4,11,3.55,942.0,28.557,48.25,37.92,6,45.32
2017-04-17,107,13,39.8,41.0,24.9,16,4.14,1003.0,29.239,47.56,38.01,7,46.73
2017-04-18,108,13,39.9,40.7,24.6,12,4.2,1011.0,28.11,47.37,37.16,8,43.79
2017-04-19,109,13,39.0,41.3,23.3,20,4.48,988.0,29.592,46.69,37.99,9,44.89
2017-04-20,110,13,40.6,42.4,24.3,19,4.79,995.0,30.526,48.69,39.91,10,49.98
2017-04-21,111,12,37.6,40.4,23.9,26,4.34,987.0,29.862,45.18,37.57,11,44.85
2017-04-22,112,12,35.4,38.3,25.5,37,3.97,969.0,30.089,42.95,37.06,0,35.35
2017-04-23,113,14,36.7,37.0,24.2,27,3.97,926.0,29.332,43.96,36.48,0,32.92
2017-04-24,114,14,36.0,36.8,24.1,29,3.89,921.0,29.155,43.19,35.92,0,31.70
2017-04-25,115,13,35.6,36.9,25.1,33,3.27,976.0,29.778,43.42,36.29,0,34.35
2017-04-26,116,12,35.1,37.8,22.6,29,2.28,1001.0,29.059,43.29,34.61,0,29.35
2017-04-27,117,12,36.3,39.1,22.5,28,1.77,996.0,30.14,44.79,36.13,0,32.93
2017-04-28,118,12,36.1,38.7,23.7,28,3.0,985.0,29.381,43.97,35.83,0,32.19
2017-04-29,119,13,38.3,40.6,24.7,31,3.55,979.0,31.601,46.51,40.33,1,42.73
2017-04-30,120,12,37.7,39.8,24.7,27,2.98,976.0,30.484,45.82,38.01,0,37.59
2017-05-01,121,12,38.1,40.2,25.3,25,2.21,985.0,30.718,46.53,38.06,1,40.92
2017-05-02,122,12,39.5,41.0,25.9,19,1.0,985.0,31.43,47.69,38.4,2,45.60
2017-05-03,123,13,40.9,41.6,27.2,16,3.31,996.0,30.264,49.01,39.38,3,47.90
2017-05-04,124,13,41.2,41.9,27.6,20,3.23,987.0,31.599,49.66,41.12,4,53.68
2017-05-05,125,11,39.4,42.1,28.4,19,3.64,906.0,29.724,46.96,38.26,5,49.72
2017-05-06,126,14,41.8,42.0,26.2,12,2.89,934.0,29.724,49.47,39.24,6,51.00
2017-05-07,127,13,41.2,42.0,27.1,17,3.69,1001.0,30.679,49.42,40.08,7,54.13
2017-05-08,128,12,40.1,42.5,25.9,20,2.52,992.0,31.004,48.51,39.52,8,52.47
2017-05-09,129,13,41.5,42.5,26.3,16,3.11,997.0,30.777,49.77,40.16,9,53.66
2017-05-10,130,11,39.1,42.6,25.9,24,3.76,907.0,30.657,46.82,39.29,10,50.51
2017-05-11,131,12,39.4,41.6,27.0,28,2.96,974.0,32.081,47.95,41.19,11,56.01
2017-05-12,132,12,40.8,42.4,28.5,25,2.92,967.0,32.569,49.49,42.45,12,60.26
2017-05-13,133,13,42.2,42.7,30.0,21,4.02,969.0,32.409,50.78,43.08,13,62.87
2017-05-14,134,15,42.3,42.3,29.9,17,5.41,786.0,30.912,49.96,41.58,14,58.78
2017-05-15,135,12,40.0,42.0,28.1,24,4.53,970.0,31.297,48.06,40.72,15,55.72
2017-05-16,136,12,39.4,41.8,26.5,26,4.08,976.0,31.359,47.48,40.45,16,53.45
2017-05-17,137,13,40.7,41.8,26.4,20,4.71,996.0,30.879,48.87,40.38,17,53.40
2017-05-18,138,13,40.3,41.1,26.1,24,4.4,981.0,31.576,48.51,41.2,18,54.41
2017-05-19,139,12,39.7,42.6,26.7,27,4.81,973.0,31.671,47.77,41.33,19,54.80
2017-05-20,140,13,39.8,41.5,26.0,23,5.15,986.0,30.819,47.79,40.05,20,51.92
2017-05-21,141,13,38.1,39.4,26.7,33,4.33,963.0,31.609,46.00,40.7,0,43.17
2017-05-22,142,13,39.6,40.5,26.7,27,4.37,970.0,31.667,47.69,41.16,1,46.35
2017-05-23,143,13,40.1,41.6,27.2,26,5.57,971.0,31.657,48.25,41.64,2,49.16
2017-05-24,144,15,41.5,41.5,28.4,26,5.19,786.0,32.613,49.33,44.15,3,55.74
2017-05-25,145,13,41.0,42.0,29.3,30,4.0,958.0,33.509,49.68,45.13,4,60.77
2017-05-26,146,14,41.8,42.6,28.7,26,3.88,902.0,33.246,50.30,44.71,5,61.53
2017-05-27,147,14,41.4,42.1,28.3,27,5.06,900.0,32.923,49.72,44.44,6,61.60
2017-05-28,148,15,41.7,41.7,29.2,29,6.01,777.0,33.321,49.84,46.05,7,64.09
2017-05-29,149,15,41.3,41.3,28.7,29,6.62,757.0,32.901,49.37,45.24,8,62.07
2017-05-30,150,15,40.7,40.9,29.5,30,1.84,720.0,33.609,48.93,44.52,9,63.76
2017-05-31,151,13,40.0,40.4,29.7,35,5.45,946.0,33.374,48.42,45.53,10,63.55
2017-06-01,152,13,39.8,40.8,28.6,35,3.63,947.0,33.551,48.50,45.08,11,62.49
2017-06-02,153,12,40.0,40.4,30.8,37,0.6,915.0,36.292,49.87,46.58,12,71.79
2017-06-03,154,14,42.6,42.6,31.8,32,1.53,856.0,36.075,52.10,49.78,13,75.35
2017-06-04,155,13,40.1,40.1,29.8,35,3.72,845.0,33.64,48.42,45.75,14,64.25
2017-06-05,156,13,39.7,40.6,29.7,33,4.49,929.0,32.881,47.91,43.9,15,61.65
2017-06-06,157,13,39.3,39.3,29.4,33,4.42,876.0,32.487,47.17,43.07,0,49.71
2017-06-07,158,13,38.2,38.5,29.2,39,3.48,856.0,32.791,46.38,43.42,0,49.61
2017-06-08,159,13,37.3,37.3,26.5,43,1.65,822.0,33.341,46.43,43.17,0,47.44
2017-06-09,160,14,37.5,37.5,28.9,43,3.54,728.0,32.621,45.17,43.64,0,48.15
2017-06-10,161,11,34.0,34.6,27.0,58,1.94,713.0,32.08,43.08,41.35,0,42.55
2017-06-11,162,13,36.2,37.7,27.7,52,1.53,823.0,33.771,46.06,44.59,0,49.91
2017-06-12,163,14,38.8,39.6,28.4,39,2.56,823.0,33.542,47.49,44.79,0,51.41
2017-06-13,164,15,40.3,40.7,28.6,31,3.89,759.0,32.874,47.99,44.19,1,52.18
2017-06-14,165,14,39.2,40.1,28.8,34,3.26,878.0,32.856,47.52,43.31,2,53.38
2017-06-15,166,14,40.0,40.8,29.0,32,3.86,880.0,33.002,48.20,44.05,3,56.33
2017-06-16,167,14,40.3,41.2,28.6,30,4.72,879.0,32.685,48.31,43.72,4,56.88
2017-06-17,168,14,39.7,40.8,29.1,31,4.44,822.0,32.359,47.36,42.99,5,57.56
2017-06-18,169,16,39.5,39.5,29.0,28,4.16,506.0,31.14,45.43,41.37,0,44.81
2017-06-19,170,13,39.4,39.4,28.6,31,6.79,892.0,31.878,47.38,42.4,0,47.53
2017-06-20,171,14,37.2,39.0,28.8,38,5.33,594.0,31.049,43.15,40.84,0,42.56
2017-06-21,172,16,38.0,38.0,28.8,36,5.45,330.0,30.924,42.51,41.69,0,42.18
2017-06-22,173,13,38.7,39.0,29.3,34,4.27,777.0,32.058,46.04,42.28,0,47.67
2017-06-23,174,14,37.7,38.1,28.2,37,3.71,741.0,31.794,44.97,41.48,0,44.82
2017-06-24,175,14,33.1,33.5,27.7,56,1.97,625.0,30.804,41.30,38.37,0,38.56
2017-06-25,176,13,34.9,34.9,28.4,55,0.81,800.0,33.755,44.94,42.48,0,49.11
2017-06-26,177,13,34.8,34.8,27.5,54,1.7,589.0,32.16,43.23,41.8,0,43.56
2017-06-27,178,11,32.4,32.4,26.3,61,2.68,529.0,30.315,39.78,38.35,0,34.90
2017-06-28,179,15,33.0,33.0,26.4,60,5.09,520.0,30.301,38.82,39.52,0,34.73
2017-06-29,180,14,30.8,31.4,26.0,71,6.01,427.0,29.258,35.87,37.36,0,29.36
2017-06-30,181,13,33.7,33.7,26.1,56,7.68,718.0,30.478,40.33,39.82,0,35.92
2017-07-01,182,13,27.5,28.6,25.5,95,4.61,191.0,28.131,32.37,33.53,0,22.69
2017-07-02,183,16,29.0,29.0,26.3,80,3.38,120.0,27.971,33.21,34.74,0,24.38
2017-07-03,184,15,29.5,29.8,26.3,79,3.28,204.0,28.655,34.85,35.92,0,27.30
2017-07-04,185,13,32.8,33.3,26.4,56,6.59,699.0,29.723,38.84,37.68,0,32.97
2017-07-05,186,14,33.1,33.1,26.3,54,6.25,617.0,29.666,38.71,37.72,0,32.67
2017-07-06,187,16,31.9,32.6,26.6,65,3.18,409.0,29.948,38.36,38.4,0,33.55
2017-07-07,188,15,32.9,33.2,25.8,56,5.02,588.0,29.831,38.73,37.91,0,32.48
2017-07-08,189,14,31.9,31.9,26.3,65,2.69,652.0,30.556,40.15,38.4,0,35.64
2017-07-09,190,14,32.6,32.6,26.2,64,4.04,761.0,30.945,40.39,39.91,0,37.00
2017-07-10,191,14,32.2,32.8,26.4,59,4.83,587.0,29.578,38.12,37.24,0,32.01
2017-07-11,192,16,32.8,32.8,26.2,54,5.17,331.0,29.014,36.80,37.05,0,29.69
2017-07-12,193,15,32.0,32.0,26.6,58,4.92,421.0,28.977,36.77,36.48,0,29.85
2017-07-13,194,11,30.2,30.2,25.4,71,4.41,593.0,29.146,36.73,35.79,0,28.49
2017-07-14,195,15,26.7,27.5,25.1,90,4.85,302.0,27.1,31.43,30.28,0,18.39
2017-07-15,196,15,26.1,26.6,24.9,93,4.7,119.0,26.309,29.02,26.65,0,13.70
2017-07-16,197,17,28.4,28.4,25.3,80,2.5,101.0,27.406,33.05,33.12,0,21.43
2017-07-17,198,12,30.5,30.5,24.7,71,4.18,589.0,29.462,37.28,36.56,0,28.95
2017-07-18,199,14,28.7,28.7,26.1,80,3.28,523.0,28.736,36.16,33.92,0,27.42
2017-07-19,200,13,30.8,31.7,26.2,74,1.84,614.0,30.784,40.20,38.26,0,35.94
2017-07-20,201,11,30.9,32.4,26.4,73,1.26,570.0,31.037,40.44,38.24,0,36.82
2017-07-21,202,11,30.7,30.7,25.8,71,1.6,528.0,30.289,39.51,37.09,0,33.60
2017-07-22,203,3,26.4,26.4,24.6,93,6.16,0.0,25.763,24.80,26.96,0,10.14
2017-07-23,204,16,27.5,27.5,24.4,85,6.86,159.0,26.918,29.72,31.52,0,16.46
2017-07-24,205,11,25.3,25.4,24.5,89,9.83,77.0,24.813,24.44,25.75,0,8.23
2017-07-25,206,11,26.2,26.3,25.1,91,7.43,197.0,26.297,28.47,26.73,0,13.52
2017-07-26,207,13,26.1,26.1,24.9,92,5.39,121.0,26.18,28.39,26.63,0,13.01
2017-07-27,208,11,26.0,26.8,24.5,95,3.86,125.0,26.485,30.02,26.57,0,14.29
2017-07-28,209,15,28.9,28.9,25.0,78,4.25,199.0,27.846,32.97,34.05,0,22.20
2017-07-29,210,11,29.9,29.9,24.8,72,4.18,552.0,28.935,36.37,35.28,0,26.94
2017-07-30,211,13,31.2,31.2,24.7,61,5.08,663.0,28.97,37.22,35.54,0,27.60
2017-07-31,212,15,31.0,31.0,25.1,64,5.25,499.0,28.855,36.23,35.88,0,27.26
2017-08-01,213,16,30.5,30.5,25.1,70,4.3,373.0,28.936,35.82,36.29,0,27.26
2017-08-02,214,15,31.1,31.1,25.6,64,5.59,518.0,28.943,36.35,36.12,0,28.18
2017-08-03,215,13,31.6,32.1,25.1,62,5.99,688.0,29.386,37.65,36.73,0,29.60
2017-08-04,216,16,31.9,31.9,25.2,60,4.38,477.0,29.296,37.43,36.84,0,29.43
2017-08-05,217,14,32.0,32.0,24.7,56,3.19,654.0,29.437,39.10,35.92,0,29.98
2017-08-06,218,14,31.6,31.6,25.2,60,2.94,620.0,29.556,38.96,36.16,0,30.78
2017-08-07,219,17,30.2,30.2,26.3,67,0.42,277.0,29.692,37.38,34.79,0,30.66
2017-08-08,220,16,31.4,31.4,26.0,60,2.34,426.0,29.138,38.14,35.71,0,30.16
2017-08-09,221,14,30.9,30.9,26.3,66,3.58,503.0,29.235,37.38,36.19,0,30.32
2017-08-10,222,14,30.7,30.7,25.8,71,4.19,475.0,29.451,36.91,37.09,0,30.14
2017-08-11,223,16,31.3,31.3,25.7,64,5.16,475.0,29.106,36.54,36.59,0,28.92
2017-08-12,224,14,30.6,30.6,26.0,67,5.46,365.0,28.558,35.00,35.73,0,26.80
2017-08-13,225,14,31.5,31.5,25.6,63,6.05,592.0,29.268,37.10,36.78,0,29.59
2017-08-14,226,13,31.6,31.6,25.5,59,4.88,687.0,29.167,37.81,35.88,0,29.45
2017-08-15,227,14,30.9,31.0,25.1,63,4.51,538.0,28.804,36.64,35.39,0,27.27
2017-08-16,228,14,31.8,31.8,24.2,55,4.6,646.0,28.845,37.73,35.23,0,27.03
2017-08-17,229,18,29.8,31.4,24.1,81,0.42,80.0,29.468,36.30,37.33,0,27.84
2017-08-18,230,15,32.6,32.6,25.2,55,1.61,617.0,30.393,40.82,36.92,0,33.98
2017-08-19,231,14,32.0,32.0,25.3,60,4.43,630.0,29.64,38.37,37.07,0,30.96
2017-08-20,232,13,30.1,30.3,25.1,69,5.61,543.0,28.599,35.51,35.04,0,25.94
2017-08-21,233,14,31.8,31.8,25.0,75,1.94,760.0,32.101,42.28,41.66,0,39.79
2017-08-22,234,14,29.9,30.2,25.1,73,3.98,549.0,29.071,36.60,35.52,0,27.80
2017-08-23,235,14,27.0,27.6,25.3,89,1.22,221.0,27.813,34.83,30.92,0,22.66
2017-08-24,236,13,31.1,31.3,25.4,66,4.0,665.0,29.626,38.16,36.68,0,30.75
2017-08-25,237,13,31.5,31.9,25.4,61,4.11,759.0,29.545,38.64,36.21,0,30.77
2017-08-26,238,14,30.2,30.2,26.1,73,3.5,619.0,29.571,37.78,36.31,0,31.06
2017-08-27,239,16,31.4,31.7,25.5,66,3.11,331.0,29.424,37.33,37.43,0,30.17
2017-08-28,240,13,31.7,31.7,25.8,72,3.68,614.0,30.851,39.54,40.24,0,35.86
2017-08-29,241,11,30.7,30.7,25.2,77,2.8,459.0,30.338,38.66,38.91,0,33.06
2017-08-30,242,16,28.0,28.0,25.6,76,5.95,237.0,26.735,30.85,31.5,0,18.32
2017-08-31,243,12,29.4,29.4,25.0,78,5.42,408.0,28.686,34.58,35.4,0,25.45
2017-09-01,244,14,31.0,31.0,24.4,67,5.09,780.0,29.636,37.97,36.72,0,29.48
2017-09-02,245,13,27.8,27.9,24.5,80,4.65,257.0,27.099,31.85,31.6,0,18.48
2017-09-03,246,13,31.1,31.1,24.8,64,4.43,623.0,29.258,37.48,36.12,0,28.66
2017-09-04,247,15,31.5,31.5,25.9,60,2.91,507.0,29.253,38.25,35.93,0,30.42
2017-09-05,248,13,31.3,31.5,25.8,60,3.3,820.0,29.515,39.23,35.49,0,31.34
2017-09-06,249,13,30.5,30.7,23.5,61,3.24,720.0,28.745,37.94,34.04,0,25.73
2017-09-07,250,12,30.7,31.2,23.7,64,2.01,854.0,29.956,40.12,35.19,0,30.26
2017-09-08,251,12,30.9,31.7,24.0,65,1.93,681.0,29.971,39.73,35.92,0,30.62
2017-09-09,252,13,32.2,32.4,25.1,66,2.22,748.0,31.305,41.50,39.54,0,37.06
2017-09-10,253,12,31.4,32.0,25.6,67,1.84,826.0,31.001,41.25,37.74,0,36.21
2017-09-11,254,13,32.8,32.8,26.7,68,1.6,779.0,32.503,43.16,42.02,0,43.30
2017-09-12,255,11,31.9,32.7,27.0,75,0.5,623.0,33.522,42.77,41.98,0,45.29
2017-09-13,256,15,32.0,32.0,26.3,72,2.35,598.0,31.461,41.07,41.15,0,39.03
2017-09-14,257,13,31.7,32.1,25.7,67,2.63,849.0,30.959,41.03,38.53,0,36.39
2017-09-15,258,13,31.7,32.0,25.7,70,3.11,781.0,31.037,40.60,39.54,0,36.60
2017-09-16,259,13,32.0,32.0,25.6,68,1.68,764.0,31.661,41.97,39.69,0,38.70
2017-09-17,260,14,30.7,31.0,24.7,74,2.01,631.0,30.643,40.01,37.98,0,33.68
2017-09-18,261,13,30.7,31.2,25.3,74,0.1,560.0,32.169,39.03,37.98,0,36.55
2017-09-19,262,13,33.6,33.9,26.1,61,3.06,854.0,31.895,42.60,41.49,0,40.85
2017-09-20,263,13,32.6,33.2,25.6,67,3.3,866.0,31.625,41.71,41.03,0,38.95
2017-09-21,264,14,32.0,32.1,25.3,63,2.91,789.0,30.585,40.54,38.01,0,34.67
2017-09-22,265,13,30.8,31.0,25.0,58,3.61,851.0,28.783,38.36,33.96,0,27.83
2017-09-23,266,14,31.5,31.7,24.5,59,2.97,752.0,29.565,39.38,35.66,0,30.09
2017-09-24,267,13,31.1,31.6,24.7,64,2.95,656.0,29.619,38.84,36.12,0,30.21
2017-09-25,268,13,31.2,31.2,24.3,59,3.14,734.0,29.21,38.79,35.02,0,28.52
2017-09-26,269,12,30.8,31.5,23.4,60,2.01,840.0,29.562,39.87,34.43,0,28.70
2017-09-27,270,14,32.6,32.8,24.1,57,2.02,787.0,30.764,41.52,37.54,0,34.13
2017-09-28,271,13,32.8,33.2,24.5,56,2.25,861.0,30.844,41.82,37.68,0,35.02
2017-09-29,272,13,33.1,33.6,24.5,56,2.34,864.0,31.085,42.12,38.37,0,35.95
2017-09-30,273,14,34.3,34.4,24.6,49,2.2,779.0,31.168,42.74,38.71,0,36.80
2017-10-01,274,13,35.0,35.4,25.7,47,2.84,859.0,31.404,43.33,39.54,0,39.26
2017-10-02,275,14,34.8,35.0,25.5,40,2.06,780.0,30.373,42.76,36.85,0,35.67
2017-10-03,276,13,35.2,35.6,25.0,44,2.05,852.0,31.461,43.86,38.9,0,38.69
2017-10-04,277,12,35.7,36.4,26.3,42,2.88,854.0,31.265,43.78,39.24,0,39.91
2017-10-05,278,13,36.9,37.0,25.7,33,2.51,846.0,30.931,44.85,38.5,0,39.08
2017-10-06,279,12,35.8,36.8,23.5,37,2.64,845.0,30.629,43.69,37.78,0,34.84
2017-10-07,280,12,36.2,37.1,25.5,35,2.77,844.0,30.589,43.98,37.88,0,37.34
2017-10-08,281,17,33.8,36.8,23.8,56,1.17,215.0,30.67,39.93,40.06,0,33.40
2017-10-09,282,17,34.5,36.6,23.4,58,1.32,209.0,31.469,40.95,42.7,0,36.16
2017-10-10,283,11,34.1,36.5,24.0,52,2.31,761.0,31.314,42.58,39.31,0,36.48
2017-10-11,284,11,31.7,32.8,25.2,61,2.8,426.0,29.411,38.19,36.67,0,30.13
2017-10-12,285,13,30.4,31.6,27.0,71,0.9,253.0,29.605,37.73,36.3,0,32.13
2017-10-13,286,17,34.0,35.8,26.1,59,0.28,173.0,31.692,39.88,41.76,0,38.61
2017-10-14,287,12,36.1,37.1,26.0,40,2.42,817.0,31.409,44.26,39.34,0,40.22
2017-10-15,288,12,36.2,37.3,25.1,35,2.28,824.0,30.746,44.16,37.88,0,37.30
2017-10-16,289,13,36.6,36.9,23.1,28,1.75,830.0,30.099,44.45,36.58,0,33.47
2017-10-17,290,12,36.2,37.1,23.0,28,2.86,835.0,29.281,43.52,35.98,0,30.92
2017-10-18,291,12,37.2,37.8,24.4,24,3.9,833.0,29.003,44.09,36.48,0,32.62
2017-10-19,292,13,35.9,36.8,21.7,27,0.45,826.0,31.215,43.69,35.32,0,33.28
2017-10-20,293,12,35.2,36.6,22.3,28,0.61,827.0,30.35,42.97,34.55,0,31.19
2017-10-21,294,12,35.3,36.6,22.2,32,1.3,815.0,30.072,43.27,35.57,0,31.15
2017-10-22,295,13,34.7,35.9,23.9,29,3.31,809.0,28.063,41.43,34.05,0,27.44
2017-10-23,296,12,32.5,34.6,22.3,43,2.6,811.0,28.629,40.07,33.63,0,25.50
2017-10-24,297,13,34.4,35.1,22.0,42,2.78,789.0,30.053,41.99,36.69,0,30.36
2017-10-25,298,13,35.0,35.4,22.1,30,1.3,794.0,29.423,42.70,34.67,0,29.05
2017-10-26,299,12,34.0,35.2,20.3,29,0.8,805.0,29.08,41.62,33.12,0,26.93
2017-10-27,300,12,33.5,34.4,19.2,27,0.42,800.0,29.181,40.80,32.19,0,26.18
2017-10-28,301,13,34.2,34.5,19.9,24,0.81,784.0,28.233,41.35,32.63,0,24.95
2017-10-29,302,12,33.7,35.0,20.8,28,0.94,788.0,28.389,41.14,32.58,0,25.08
2017-10-30,303,12,34.2,34.8,21.4,24,2.83,792.0,26.823,40.83,32.63,0,21.92
2017-10-31,304,13,34.1,34.4,19.7,23,1.58,778.0,27.104,41.11,32.39,0,22.56
2017-11-01,305,13,33.6,33.8,19.6,27,2.05,770.0,27.18,40.60,32.31,0,22.31
2017-11-02,306,14,33.2,33.2,19.8,28,1.08,686.0,27.555,40.11,31.97,0,22.53
2017-11-03,307,12,32.5,33.8,19.7,32,1.41,774.0,27.544,39.97,31.66,0,22.30
2017-11-04,308,12,33.0,33.8,19.8,29,3.35,773.0,26.596,39.27,31.86,0,20.07
2017-11-05,309,12,32.0,32.6,20.3,32,3.11,762.0,26.312,38.37,31.06,0,18.59
2017-11-06,310,12,32.0,32.7,20.3,34,3.13,764.0,26.625,38.44,31.33,0,19.33
2017-11-07,311,13,32.4,32.6,19.9,33,1.13,746.0,27.821,39.87,31.68,0,22.76
2017-11-08,312,12,32.0,32.5,19.8,34,1.36,750.0,27.431,39.47,31.33,0,21.60
2017-11-09,313,12,31.6,32.2,19.3,34,0.45,742.0,28.591,39.23,30.84,0,23.43
2017-11-10,314,12,31.6,32.4,20.0,35,1.73,719.0,26.918,38.79,30.97,0,20.00
2017-11-11,315,12,31.1,31.8,19.0,34,2.55,743.0,26.011,37.79,30.26,0,17.30
2017-11-12,316,12,30.6,31.2,17.5,33,2.72,746.0,25.384,37.10,29.6,0,15.37
2017-11-13,317,12,30.0,30.6,17.2,33,1.48,745.0,25.485,37.29,28.99,0,15.47
2017-11-14,318,13,29.5,29.8,17.2,33,0.45,727.0,26.62,37.01,28.51,0,17.24
2017-11-15,319,13,29.6,29.9,18.1,38,1.25,710.0,25.975,37.09,29.04,0,16.28
2017-11-16,320,13,29.6,29.7,16.1,27,1.25,726.0,24.367,36.59,28.21,0,12.57
2017-11-17,321,13,29.5,30.1,17.5,40,0.92,711.0,26.535,37.23,29.13,0,17.47
2017-11-18,322,12,28.3,29.6,17.6,46,0.58,711.0,26.889,36.56,28.42,0,17.39
2017-11-19,323,13,29.5,29.7,18.6,43,2.66,699.0,25.776,36.19,29.45,0,15.40
2017-11-20,324,13,29.8,30.1,18.9,38,3.58,702.0,25.124,35.51,29.25,0,13.60
2017-11-21,325,14,29.6,29.6,20.3,42,2.2,614.0,25.737,36.19,29.46,0,15.33
2017-11-22,326,13,29.7,29.9,18.4,38,2.33,698.0,25.396,36.43,29.14,0,14.75
2017-11-23,327,14,29.6,29.6,17.4,39,1.91,623.0,25.481,36.30,29.14,0,14.81
2017-11-24,328,14,29.9,29.9,16.3,38,0.42,627.0,27.339,37.06,29.36,0,18.95
2017-11-25,329,14,30.0,30.0,16.0,32,0.99,628.0,25.514,36.80,28.91,0,15.15
2017-11-26,330,14,30.3,30.3,15.5,30,1.84,624.0,24.793,36.63,29.04,0,13.71
2017-11-27,331,14,30.3,30.3,17.0,32,1.2,624.0,25.538,37.02,29.2,0,15.46
2017-11-28,332,13,29.9,30.2,15.5,29,0.14,700.0,26.253,35.10,28.59,0,15.20
2017-11-29,333,13,30.0,30.2,15.9,27,2.2,689.0,24.027,36.32,28.55,0,11.86
2017-11-30,334,14,30.1,30.1,15.9,30,1.43,614.0,24.851,36.58,28.85,0,13.71
2017-12-01,335,13,29.5,29.9,17.0,34,3.01,685.0,24.412,35.42,28.59,0,11.95
2017-12-02,336,13,29.3,29.5,17.5,31,3.52,662.0,23.635,34.56,28.19,0,9.71
2017-12-03,337,14,27.3,27.3,18.8,37,3.22,330.0,22.188,30.64,26.93,0,3.71
2017-12-04,338,13,26.6,26.6,19.2,41,3.27,355.0,22.14,30.22,26.49,0,3.31
2017-12-05,339,15,19.1,21.0,18.3,85,5.39,57.0,18.379,16.70,19.19,0,0.00
2017-12-06,340,12,21.2,21.2,17.0,65,4.81,305.0,19.425,23.11,21.14,0,0.00
2017-12-07,341,14,25.2,25.4,15.7,59,2.91,532.0,23.347,31.30,25.26,0,6.37
2017-12-08,342,14,27.9,28.0,18.8,56,3.01,579.0,25.58,34.17,28.89,0,13.37
2017-12-09,343,14,27.9,27.9,20.0,57,2.82,448.0,25.474,33.61,28.99,0,12.80
2017-12-10,344,14,29.3,29.3,20.4,47,3.2,534.0,25.656,34.76,29.68,0,14.23
2017-12-11,345,14,25.8,26.1,19.4,47,2.8,466.0,22.488,31.02,25.73,0,4.55
2017-12-12,346,13,25.0,25.3,15.8,42,1.3,666.0,22.337,32.74,24.83,0,5.50
2017-12-13,347,14,25.1,25.1,13.3,32,1.84,613.0,20.725,31.72,24.8,0,4.13
2017-12-14,348,12,25.2,26.4,13.4,46,1.92,671.0,22.581,32.60,25.09,0,5.86
2017-12-15,349,14,27.2,27.3,15.0,49,2.12,573.0,24.417,33.93,27.54,0,10.49
2017-12-16,350,14,27.9,28.0,17.5,42,3.61,589.0,23.805,32.95,27.71,0,8.69
2017-12-17,351,14,28.3,28.3,18.0,39,4.63,572.0,23.568,32.33,27.86,0,7.85
2017-12-18,352,14,28.2,28.2,17.3,37,2.72,563.0,23.579,33.75,27.64,0,8.82
2017-12-19,353,13,27.0,27.0,17.7,27,3.11,562.0,21.053,31.83,26.31,0,4.21
2017-12-20,354,14,27.9,27.9,18.3,29,3.06,497.0,21.976,32.42,26.98,0,4.64
2017-12-21,355,14,27.4,27.6,15.7,31,3.4,471.0,21.73,31.46,26.72,0,3.94
2017-12-22,356,13,27.2,27.5,17.9,37,4.27,552.0,22.378,31.18,26.86,0,4.46
2017-12-23,357,14,27.9,28.0,16.1,33,2.86,603.0,22.812,33.40,27.17,0,6.94
2017-12-24,358,13,27.7,28.0,13.2,30,1.89,682.0,22.734,34.37,26.88,0,7.43
2017-12-25,359,13,28.0,28.4,14.0,30,3.72,686.0,22.402,33.12,27.1,0,5.94
2017-12-26,360,14,27.8,27.8,14.3,26,3.52,629.0,21.577,32.66,26.79,0,4.81
2017-12-27,361,14,28.3,28.3,13.6,26,2.5,629.0,22.255,34.05,27.14,0,6.34
2017-12-28,362,14,28.2,28.4,13.9,32,1.55,624.0,23.512,34.82,27.34,0,9.35
2017-12-29,363,14,28.8,29.0,14.6,33,2.42,620.0,23.74,34.80,27.89,0,9.97
2017-12-30,364,13,28.1,28.6,14.1,32,2.53,681.0,23.086,34.31,27.27,0,8.15
2017-12-31,365,14,27.9,28.0,13.8,34,1.86,620.0,23.357,34.40,27.22,0,8.71
2018-01-01,1,13,26.5,27.1,14.0,38,1.84,685.0,22.837,33.61,26.35,0,7.08
2018-01-02,2,14,27.0,27.1,15.0,33,4.21,634.0,21.819,31.41,26.54,0,3.91
2018-01-03,3,15,27.0,27.0,14.2,31,2.8,515.0,21.621,31.94,26.46,0,4.29
2018-01-04,4,13,26.5,27.2,13.6,37,0.73,685.0,23.786,34.20,26.34,0,9.30
2018-01-05,5,14,26.1,26.1,11.5,27,1.96,646.0,20.872,32.55,25.79,0,4.73
2018-01-06,6,12,24.5,25.7,13.0,38,0.98,676.0,21.785,32.39,24.25,0,4.61
2018-01-07,7,13,25.6,25.9,12.9,30,2.62,701.0,20.728,31.88,25.3,0,4.24
2018-01-08,8,14,26.9,27.1,12.8,31,3.06,643.0,21.713,32.38,26.4,0,4.61
2018-01-09,9,15,28.0,28.0,15.9,33,3.21,523.0,22.658,32.68,27.24,0,6.16
2018-01-10,10,13,28.1,28.7,16.4,33,4.0,686.0,22.864,33.07,27.32,0,6.85
2018-01-11,11,14,28.8,28.8,15.6,29,3.45,626.0,22.87,33.82,27.66,0,7.54
2018-01-12,12,14,29.8,29.9,18.5,32,1.91,581.0,24.557,35.93,28.71,0,12.64
2018-01-13,13,17,27.4,28.9,19.8,53,1.36,122.0,23.927,31.16,28.03,0,7.75
2018-01-14,14,17,29.5,30.9,19.5,55,0.81,169.0,26.618,34.48,31.07,0,16.36
2018-01-15,15,14,31.1,31.1,18.6,35,1.62,653.0,26.42,37.98,30.37,0,18.26
2018-01-16,16,15,30.5,30.5,16.4,31,0.78,539.0,25.802,36.76,29.31,0,15.81
2018-01-17,17,13,28.2,28.7,17.4,37,2.28,696.0,23.986,34.90,27.64,0,10.41
2018-01-18,18,14,28.7,28.8,14.9,31,1.04,667.0,24.322,35.70,27.68,0,11.64
2018-01-19,19,13,27.8,28.3,13.2,26,1.89,737.0,22.32,34.61,26.79,0,6.83
2018-01-20,20,17,27.5,29.1,13.7,51,0.91,197.0,24.4,32.34,27.99,0,9.48
2018-01-21,21,14,29.7,29.9,15.2,30,0.45,680.0,26.178,36.77,28.48,0,16.22
2018-01-22,22,13,28.0,28.8,15.5,36,0.51,726.0,25.588,35.79,27.41,0,14.00
2018-01-23,23,12,25.1,26.7,15.5,39,3.08,719.0,21.345,31.26,24.89,0,3.80
2018-01-24,24,13,26.2,26.8,12.2,29,2.52,756.0,21.217,32.80,25.92,0,4.91
2018-01-25,25,13,26.0,26.7,12.4,26,0.81,764.0,21.932,33.69,25.67,0,5.55
2018-01-26,26,17,25.8,27.2,11.7,46,0.8,223.0,22.519,30.68,25.72,0,4.36
2018-01-27,27,14,27.9,28.2,12.4,25,0.4,721.0,24.053,34.83,26.82,0,10.25
2018-01-28,28,12,26.9,28.4,12.1,29,0.64,744.0,23.391,34.50,26.32,0,8.77
2018-01-29,29,14,29.1,29.2,12.2,22,1.12,730.0,23.253,35.93,27.59,0,9.76
2018-01-30,30,15,30.5,30.5,13.1,28,0.86,609.0,25.412,36.97,29.08,0,15.14
2018-01-31,31,17,29.4,31.6,15.1,52,1.42,231.0,26.098,34.48,30.47,0,15.16
2018-02-01,32,14,30.9,31.0,14.7,27,1.5,723.0,25.214,37.76,29.38,0,15.45
2018-02-02,33,13,29.5,29.9,17.1,31,3.11,769.0,24.079,35.67,28.37,0,11.42
2018-02-03,34,14,29.5,29.7,14.8,27,1.8,732.0,23.9,36.29,28.12,0,11.44
2018-02-04,35,14,29.7,29.9,15.7,27,0.99,736.0,24.755,36.79,28.29,0,13.47
2018-02-05,36,13,29.6,30.4,16.7,33,2.0,757.0,24.854,36.65,28.6,0,13.68
2018-02-06,37,16,26.0,26.1,18.6,51,0.36,120.0,23.031,29.76,25.99,0,4.66
2018-02-07,38,13,29.7,30.2,17.5,34,1.2,779.0,25.698,37.32,28.78,0,15.82
2018-02-08,39,13,28.8,29.1,14.9,21,1.75,800.0,22.477,35.76,27.34,0,8.07
2018-02-09,40,15,28.5,28.5,13.4,17,0.32,656.0,22.883,34.17,27.03,0,7.58
2018-02-10,41,13,27.9,28.4,13.6,25,0.94,789.0,23.17,35.33,26.82,0,8.95
2018-02-11,42,13,27.0,27.4,14.7,40,2.44,803.0,23.468,34.24,26.86,0,8.72
2018-02-12,43,13,27.7,28.0,15.4,28,1.43,814.0,23.006,35.24,26.8,0,8.57
2018-02-13,44,13,28.7,29.3,15.1,27,3.69,828.0,22.742,34.55,27.48,0,7.75
2018-02-14,45,14,28.8,28.9,17.4,25,4.83,786.0,22.224,33.62,27.47,0,6.10
2018-02-15,46,14,30.1,30.2,16.8,25,3.04,789.0,23.652,36.26,28.53,0,11.10
2018-02-16,47,13,30.4,31.3,16.1,31,1.3,834.0,25.854,38.07,29.21,0,16.82
2018-02-17,48,12,29.8,31.7,16.9,30,1.49,812.0,24.992,37.25,28.57,0,14.36
2018-02-18,49,11,29.0,31.9,16.3,30,0.4,702.0,25.671,35.98,27.87,0,14.47
2018-02-19,50,13,31.6,32.4,17.3,32,0.9,806.0,27.428,39.30,30.59,0,21.19
2018-02-20,51,17,31.9,33.2,18.3,37,0.6,288.0,27.23,36.89,31.64,0,19.47
2018-02-21,52,14,33.4,33.6,17.8,24,0.81,798.0,27.629,40.57,31.71,0,22.91
2018-02-22,53,13,32.7,33.4,18.6,26,0.92,846.0,27.38,40.21,31.15,0,21.97
2018-02-23,54,13,32.3,33.0,17.9,30,1.4,836.0,27.185,39.93,31.16,0,21.40
2018-02-24,55,13,32.2,32.8,19.5,31,1.88,855.0,26.967,39.77,31.17,0,20.88
2018-02-25,56,14,34.3,34.4,20.2,23,2.58,809.0,26.817,41.10,32.61,0,22.09
2018-02-26,57,14,34.9,34.9,20.6,23,2.0,813.0,27.554,42.04,33.32,0,24.43
2018-02-27,58,15,34.9,34.9,20.6,23,0.63,693.0,28.695,41.57,33.32,0,26.24
2018-02-28,59,13,35.3,35.8,20.3,22,1.24,858.0,28.299,42.74,33.65,0,26.46
2018-03-01,60,13,34.7,35.3,22.1,22,1.08,852.0,27.992,42.05,32.95,0,25.24
2018-03-02,61,12,33.4,35.0,21.3,25,1.4,847.0,27.216,40.84,31.83,0,22.36
2018-03-03,62,15,34.0,34.0,20.9,19,3.98,714.0,25.21,39.45,31.87,0,17.59
2018-03-04,63,13,32.6,32.9,21.0,24,3.2,879.0,25.569,39.23,30.85,0,17.73
2018-03-05,64,13,33.3,33.7,20.7,25,1.9,887.0,26.859,40.76,31.71,0,21.59
2018-03-06,65,13,33.9,34.3,19.9,22,3.0,902.0,26.301,40.81,32.05,0,20.70
2018-03-07,66,15,34.8,34.8,20.8,21,1.71,684.0,26.96,41.26,32.94,0,22.60
2018-03-08,67,15,35.7,35.7,21.9,24,1.84,678.0,28.219,42.41,34.47,0,26.38
2018-03-09,68,12,33.1,35.2,21.9,26,0.5,873.0,28.731,40.78,31.6,0,25.10
2018-03-10,69,12,32.9,34.8,20.4,29,0.1,878.0,29.281,38.76,31.74,0,24.73
2018-03-11,70,13,34.1,35.0,19.9,25,1.52,916.0,27.815,41.86,32.64,0,24.54
2018-03-12,71,12,33.3,35.2,18.9,23,1.22,907.0,27.045,40.88,31.5,0,21.95
2018-03-13,72,12,32.5,34.1,20.4,27,1.55,892.0,26.822,40.17,31.04,0,20.84
2018-03-14,73,14,32.8,33.7,20.2,26,3.91,861.0,25.898,39.02,31.27,0,18.36
2018-03-15,74,12,32.9,34.6,20.4,28,4.6,900.0,26.256,39.03,31.61,0,19.17
2018-03-16,75,12,33.6,34.7,20.5,24,3.02,906.0,26.462,40.57,31.94,0,20.79
2018-03-17,76,13,35.5,35.6,21.9,16,2.0,926.0,26.627,42.70,33.16,0,23.09
2018-03-18,77,15,35.0,35.0,20.5,20,0.9,695.0,27.653,41.46,33.05,0,24.09
2018-03-19,78,14,34.2,34.2,23.7,24,3.62,721.0,26.499,40.07,32.63,0,22.74
2018-03-20,79,13,34.4,34.5,22.2,20,4.33,929.0,25.975,40.83,32.39,0,20.46
2018-03-21,80,12,30.9,33.5,21.0,38,3.53,907.0,26.393,37.74,30.51,0,18.08
2018-03-22,81,13,33.3,33.7,21.7,21,3.26,944.0,25.606,40.15,31.32,0,18.64
2018-03-23,82,14,34.8,34.9,20.1,17,2.61,890.0,26.005,41.68,32.53,0,20.95
2018-03-24,83,14,36.3,36.3,22.7,16,2.72,875.0,26.823,43.19,34.0,0,24.95
2018-03-25,84,14,37.6,37.6,23.1,14,2.97,893.0,27.194,44.54,35.14,0,27.51
2018-03-26,85,16,37.9,38.3,22.8,14,0.5,551.0,28.679,43.07,35.46,0,29.02
2018-03-27,86,12,37.1,38.3,20.5,15,1.41,941.0,28.004,44.44,34.74,0,27.54
2018-03-28,87,13,37.5,38.8,22.5,19,1.77,961.0,29.091,45.37,35.83,0,31.26
2018-03-29,88,13,38.8,39.9,23.4,20,2.48,960.0,29.963,46.84,37.72,0,35.71
2018-03-30,89,13,39.1,40.1,24.4,14,2.87,966.0,28.441,46.63,36.77,1,35.16
2018-03-31,90,13,38.6,39.7,22.6,11,4.56,974.0,26.739,45.51,35.55,0,26.92
2018-04-01,91,14,37.5,37.9,22.4,20,2.28,906.0,28.955,45.13,36.02,0,30.78
2018-04-02,92,13,38.3,39.0,23.6,18,1.5,964.0,29.662,46.21,36.62,0,34.52
2018-04-03,93,14,38.7,38.7,24.6,14,3.18,893.0,27.939,45.78,36.32,0,32.01
2018-04-04,94,12,37.6,39.0,24.9,20,3.55,939.0,28.648,44.97,36.15,0,33.05
2018-04-05,95,13,37.1,37.9,25.0,20,2.72,956.0,28.542,44.74,35.52,0,32.56
2018-04-06,96,15,37.4,37.7,24.1,27,4.1,758.0,29.638,44.04,37.54,0,33.83
2018-04-07,97,12,35.9,37.8,22.6,29,2.26,946.0,29.639,44.00,35.77,0,31.39
2018-04-08,98,11,34.4,37.7,23.9,39,0.76,844.0,31.243,43.03,35.86,0,35.27
2018-04-09,99,12,36.9,38.4,22.4,29,2.6,945.0,30.314,45.01,37.31,0,33.74
2018-04-10,100,13,37.9,38.7,22.7,23,1.9,958.0,30.247,46.12,37.23,0,34.73
2018-04-11,101,12,36.6,38.8,25.6,33,2.39,936.0,30.875,44.95,37.97,0,38.73
2018-04-12,102,12,36.8,37.7,26.2,30,2.34,934.0,30.514,45.02,37.43,0,38.60
2018-04-13,103,11,35.8,38.3,25.9,36,1.1,851.0,31.465,44.35,37.47,0,39.57
2018-04-14,104,11,35.9,39.5,26.4,33,0.64,856.0,31.837,44.31,36.78,0,40.58
2018-04-15,105,13,39.2,39.4,26.9,19,2.72,923.0,29.87,47.03,38.0,0,39.86
2018-04-16,106,13,39.0,39.6,26.7,22,3.61,952.0,30.218,46.83,38.54,0,40.34
2018-04-17,107,13,39.6,39.8,26.4,16,4.53,965.0,28.962,47.12,37.77,0,37.55
2018-04-18,108,12,39.4,40.3,26.4,19,3.98,955.0,29.712,47.09,38.26,1,40.79
2018-04-19,109,13,40.6,40.8,27.5,16,3.9,967.0,29.846,48.44,39.01,2,45.24
2018-04-20,110,12,38.8,38.8,26.8,22,5.22,950.0,29.741,46.30,38.25,0,39.07
2018-04-21,111,13,36.4,36.8,24.4,16,3.08,990.0,26.949,43.67,34.11,0,27.56
2018-04-22,112,12,37.1,38.2,23.6,14,1.1,981.0,28.14,44.40,34.61,0,29.59
2018-04-23,113,14,39.2,39.2,22.1,9,2.1,945.0,27.205,46.10,35.67,0,27.69
2018-04-24,114,13,39.3,39.5,22.4,9,2.55,1010.0,27.167,46.47,35.76,0,28.27
2018-04-25,115,14,39.4,39.5,23.9,13,3.06,925.0,28.237,46.68,36.91,0,32.62
2018-04-26,116,13,38.8,39.9,24.1,21,3.22,972.0,29.96,46.73,37.98,0,36.54
2018-04-27,117,13,39.1,40.1,26.0,30,2.62,956.0,32.336,47.77,41.42,1,46.94
2018-04-28,118,13,40.0,41.3,27.3,28,3.4,959.0,32.417,48.48,42.27,2,51.11
2018-04-29,119,12,38.8,42.0,26.1,27,4.5,961.0,30.979,46.60,39.79,3,46.38
2018-04-30,120,13,40.6,42.6,26.2,23,5.44,959.0,31.377,48.76,41.31,4,51.04
2018-05-01,121,13,40.3,42.1,26.0,22,5.14,969.0,30.958,48.34,40.48,5,51.07
2018-05-02,122,12,38.7,42.3,25.5,28,3.62,965.0,31.302,46.79,39.97,6,51.49
2018-05-03,123,15,40.8,41.3,25.4,19,3.12,779.0,30.748,48.24,40.19,7,51.46
2018-05-04,124,12,38.7,40.7,27.4,33,3.05,942.0,32.406,47.20,41.87,8,56.80
2018-05-05,125,14,41.4,41.7,28.0,18,3.91,894.0,30.913,49.28,40.69,9,55.74
2018-05-06,126,14,41.2,41.2,27.1,15,3.4,909.0,30.046,48.91,39.47,10,52.34
2018-05-07,127,12,37.1,39.5,25.6,27,2.98,964.0,29.978,45.05,37.08,0,36.78
2018-05-08,128,12,37.0,40.1,25.6,35,4.24,935.0,31.017,44.60,39.35,1,40.93
2018-05-09,129,12,38.3,41.2,27.1,28,3.96,950.0,30.873,46.10,39.29,2,45.14
2018-05-10,130,13,41.6,42.2,27.9,18,3.1,960.0,31.372,49.92,40.98,3,52.06
2018-05-11,131,13,41.8,42.5,28.8,19,3.49,956.0,31.681,50.16,41.64,4,55.78
2018-05-12,132,14,41.4,41.8,28.0,17,4.62,907.0,30.51,49.23,40.35,5,53.15
2018-05-13,133,11,37.8,41.9,27.7,36,3.63,871.0,31.919,45.66,41.28,6,54.90
2018-05-14,134,12,39.2,41.4,28.1,27,2.8,948.0,31.726,47.61,40.47,7,56.11
2018-05-15,135,12,39.8,42.4,28.7,24,3.21,948.0,31.419,48.03,40.39,8,56.50
2018-05-16,136,14,41.7,42.1,27.5,21,4.16,894.0,31.889,49.82,42.28,9,57.99
2018-05-17,137,12,41.1,43.1,28.8,22,3.83,954.0,31.822,49.41,41.73,10,58.88
2018-05-18,138,12,40.8,42.5,29.0,21,4.13,948.0,31.263,48.91,40.89,11,57.38
2018-05-19,139,13,40.4,41.7,27.8,20,3.94,962.0,30.758,48.43,39.95,12,54.33
2018-05-20,140,13,42.2,42.9,28.8,16,3.62,962.0,31.108,50.41,41.08,13,58.01
2018-05-21,141,13,41.5,42.3,28.2,19,2.56,954.0,31.751,49.94,41.2,14,58.23
2018-05-22,142,12,40.6,42.5,27.8,22,2.86,953.0,31.703,49.02,40.94,15,56.90
2018-05-23,143,13,43.3,44.0,27.8,11,2.95,966.0,30.478,51.24,40.56,16,56.05
2018-05-24,144,13,42.2,42.6,28.7,13,4.29,960.0,30.017,50.09,40.06,17,55.22
2018-05-25,145,12,38.5,41.1,27.0,24,2.53,944.0,30.611,46.67,38.37,18,51.25
2018-05-26,146,13,41.3,43.0,28.4,25,3.58,949.0,32.75,49.86,43.33,19,61.08
2018-05-27,147,13,42.8,43.8,29.3,21,4.16,946.0,32.818,51.44,44.06,20,63.67
2018-05-28,148,12,40.3,43.0,29.1,31,3.75,936.0,33.158,48.81,44.19,21,62.23
2018-05-29,149,13,40.4,42.2,28.1,29,4.21,945.0,32.743,48.75,43.46,22,59.96
2018-05-30,150,13,40.0,41.2,29.1,32,4.27,937.0,32.993,48.33,44.05,23,61.52
2018-05-31,151,14,41.2,41.2,30.1,30,3.1,862.0,33.768,49.80,45.54,24,65.76
2018-06-01,152,15,41.2,41.2,30.4,30,3.47,732.0,33.468,49.09,45.54,25,65.04
2018-06-02,153,13,40.4,41.4,30.1,32,2.09,916.0,33.989,49.54,44.88,26,65.75
2018-06-03,154,13,40.1,41.5,29.1,33,4.5,927.0,33.213,48.43,44.74,27,62.26
2018-06-04,155,14,40.9,41.5,28.4,29,3.92,872.0,33.118,49.16,44.44,28,61.68
2018-06-05,156,13,40.9,42.2,29.0,30,4.44,926.0,33.294,49.34,44.93,29,63.03
2018-06-06,157,13,41.2,42.4,29.4,27,5.26,925.0,32.761,49.57,44.06,30,62.33
2018-06-07,158,14,42.2,42.5,28.5,25,5.3,867.0,33.036,50.59,44.96,31,62.87
2018-06-08,159,14,40.6,41.4,28.7,31,4.08,859.0,33.229,48.78,44.81,32,62.11
2018-06-09,160,15,40.4,40.9,30.2,30,4.72,702.0,32.524,47.64,43.92,33,61.37
2018-06-10,161,15,41.2,41.2,30.3,30,5.02,741.0,33.198,48.89,45.54,34,64.26
2018-06-11,162,14,40.7,41.3,30.0,32,5.24,848.0,33.298,48.79,45.52,35,64.03
2018-06-12,163,14,40.8,41.2,28.6,30,6.28,856.0,32.854,49.03,44.72,36,61.43
2018-06-13,164,13,39.8,41.7,29.2,30,6.31,911.0,32.087,47.86,42.75,37,59.10
2018-06-14,165,15,41.1,41.1,29.0,23,6.81,712.0,31.31,48.73,42.13,38,57.80
2018-06-15,166,14,40.6,40.6,29.1,27,6.98,863.0,31.988,48.89,42.95,39,59.61
2018-06-16,167,14,38.1,38.3,28.4,34,6.47,656.0,31.091,44.54,41.09,0,43.27
2018-06-17,168,17,36.9,38.4,28.8,42,5.36,289.0,30.887,41.10,41.81,0,41.13
2018-06-18,169,14,40.0,40.0,29.4,30,4.96,841.0,32.348,47.72,43.13,1,51.54
2018-06-19,170,14,39.6,40.3,29.2,33,4.38,852.0,32.715,47.47,43.69,2,53.69
2018-06-20,171,17,40.7,41.4,28.5,26,2.83,392.0,31.7,46.54,42.7,3,51.58
2018-06-21,172,14,40.5,41.3,27.9,29,3.38,870.0,32.915,48.79,43.65,4,56.82
2018-06-22,173,14,40.4,40.4,28.9,31,1.7,775.0,33.755,48.94,44.4,5,61.63
2018-06-23,174,14,39.1,39.7,29.7,36,1.61,807.0,33.728,47.95,44.02,0,53.32
2018-06-24,175,16,34.0,34.0,27.2,53,2.25,351.0,30.493,40.29,39.44,0,37.06
2018-06-25,176,16,37.7,37.7,29.0,40,1.99,433.0,32.184,44.43,42.75,0,46.57
2018-06-26,177,16,37.3,37.3,27.8,34,4.22,271.0,29.965,41.25,39.56,0,37.50
2018-06-27,178,14,37.5,37.5,27.9,36,3.26,744.0,31.562,44.89,40.68,0,43.68
2018-06-28,179,12,34.9,35.3,27.9,49,2.08,538.0,31.278,42.34,40.06,0,41.07
2018-06-29,180,13,37.1,37.2,26.5,39,4.02,844.0,31.699,44.65,41.03,0,42.26
2018-06-30,181,12,36.2,36.5,27.4,40,4.4,828.0,30.984,43.32,39.55,0,40.45
2018-07-01,182,14,37.7,37.7,27.1,37,5.0,773.0,31.611,44.69,41.48,0,42.99
2018-07-02,183,13,36.9,36.9,27.0,42,4.81,754.0,31.739,43.89,41.81,0,42.66
2018-07-03,184,13,32.0,32.0,26.4,64,5.86,425.0,29.607,36.99,38.33,0,31.65
2018-07-04,185,13,30.7,31.0,26.6,70,4.61,233.0,28.774,34.80,36.8,0,28.17
2018-07-05,186,15,36.0,36.0,26.3,44,3.59,602.0,31.233,42.64,40.62,0,39.54
2018-07-06,187,14,35.4,35.7,26.9,47,3.95,690.0,31.215,42.34,40.44,0,39.92
2018-07-07,188,15,35.0,35.0,27.5,48,3.2,492.0,30.803,41.32,39.91,0,38.91
2018-07-08,189,15,35.5,35.5,27.0,47,3.0,611.0,31.383,42.67,40.67,0,40.68
2018-07-09,190,15,35.5,35.5,27.8,47,2.72,540.0,31.322,42.48,40.67,0,41.36
2018-07-10,191,15,33.3,33.3,26.7,58,4.02,537.0,30.51,39.68,39.55,0,36.11
2018-07-11,192,15,30.3,30.4,26.1,72,4.93,307.0,28.756,34.85,36.31,0,27.40
2018-07-12,193,11,29.4,29.4,26.1,82,3.08,388.0,29.385,36.69,36.37,0,29.94
2018-07-13,194,13,29.6,29.8,25.7,79,2.69,345.0,29.246,36.74,36.21,0,29.19
2018-07-14,195,12,30.2,30.2,26.1,79,2.51,497.0,30.23,38.70,37.99,0,33.59
2018-07-15,196,15,28.4,29.0,26.1,90,4.18,302.0,28.853,34.50,35.26,0,26.94
2018-07-16,197,14,29.3,29.3,25.6,84,3.25,558.0,29.807,37.61,36.57,0,30.89
2018-07-17,198,14,30.1,30.1,25.3,75,4.27,597.0,29.512,37.08,36.57,0,29.60
2018-07-18,199,15,29.8,29.8,25.5,72,5.76,314.0,28.222,33.81,35.02,0,24.46
2018-07-19,200,14,31.8,31.8,25.3,66,3.13,520.0,30.21,39.03,38.47,0,33.04
2018-07-20,201,13,28.3,28.3,25.3,87,3.47,257.0,28.431,34.31,34.22,0,24.68
2018-07-21,202,14,27.6,27.6,25.4,92,3.49,210.0,28.103,33.42,33.22,0,23.17
2018-07-22,203,14,31.2,31.2,25.3,65,5.11,452.0,29.092,36.37,36.64,0,28.32
2018-07-23,204,14,28.6,28.6,26.1,78,3.89,217.0,27.642,33.05,33.27,0,22.86
2018-07-24,205,12,27.0,27.2,25.3,93,3.82,220.0,27.595,32.40,31.62,0,20.76
2018-07-25,206,17,28.2,28.2,25.2,84,4.3,149.0,27.624,31.97,33.29,0,21.01
2018-07-26,207,16,31.0,31.0,25.3,63,5.22,273.0,28.309,34.62,35.62,0,25.20
2018-07-27,208,13,30.7,31.2,25.6,67,7.02,589.0,28.882,36.17,35.98,0,27.89
2018-07-28,209,15,32.7,32.7,26.0,54,5.27,570.0,29.336,38.12,36.84,0,30.94
2018-07-29,210,12,30.9,31.5,25.2,64,5.16,737.0,29.132,37.37,35.65,0,28.63
2018-07-30,211,13,32.1,32.3,25.4,56,4.66,732.0,29.362,38.57,36.13,0,30.35
2018-07-31,212,13,31.7,32.3,25.3,60,5.08,702.0,29.373,37.99,36.38,0,29.93
2018-08-01,213,15,32.7,32.9,25.2,56,5.37,568.0,29.573,38.23,37.45,0,30.76
2018-08-02,214,14,32.5,32.5,25.5,55,5.12,601.0,29.345,38.15,36.7,0,30.34
2018-08-03,215,14,32.9,33.3,25.8,56,5.69,689.0,29.897,39.03,37.91,0,32.82
2018-08-04,216,14,32.4,32.9,25.2,56,5.52,648.0,29.4,38.20,36.78,0,30.16
2018-08-05,217,15,32.5,32.5,25.6,55,5.71,409.0,28.966,36.85,36.7,0,28.81
2018-08-06,218,14,32.0,32.1,25.6,54,5.74,503.0,28.54,36.68,35.37,0,27.38
2018-08-07,219,14,32.0,32.4,25.8,55,5.5,556.0,28.773,37.12,35.64,0,28.47
2018-08-08,220,14,30.7,30.7,25.9,61,3.19,386.0,28.306,36.33,34.46,0,26.70
2018-08-09,221,15,29.7,29.7,25.1,71,2.72,443.0,28.714,36.73,34.54,0,26.86
2018-08-10,222,13,32.1,32.6,25.5,59,3.86,793.0,29.964,39.58,37.0,0,32.65
2018-08-11,223,15,31.9,31.9,25.5,60,5.12,555.0,29.333,37.49,36.84,0,29.90
2018-08-12,224,13,31.6,31.6,25.6,60,6.1,597.0,29.011,37.02,36.16,0,28.81
2018-08-13,225,15,32.6,32.6,26.0,57,4.53,404.0,29.421,37.57,37.54,0,30.96
2018-08-14,226,15,32.7,32.7,25.9,56,4.4,547.0,29.665,38.55,37.45,0,31.98
2018-08-15,227,16,31.3,31.3,26.0,63,2.59,333.0,29.097,37.41,36.31,0,29.78
2018-08-16,228,17,32.4,32.4,26.2,58,2.47,190.0,29.12,37.23,37.39,0,30.32
2018-08-17,229,15,28.1,28.3,24.9,85,3.24,229.0,27.986,33.81,33.18,0,22.63
2018-08-18,230,14,29.9,29.9,24.1,68,4.7,526.0,28.379,35.53,34.33,0,24.11
2018-08-19,231,14,29.8,29.8,25.1,75,2.92,417.0,29.134,36.85,35.76,0,28.19
2018-08-20,232,14,30.1,30.1,24.9,71,4.37,629.0,29.114,36.81,35.53,0,27.80
2018-08-21,233,15,26.5,26.5,24.8,93,4.1,229.0,27.092,31.47,27.07,0,16.86
2018-08-22,234,13,28.5,28.5,24.3,82,3.83,431.0,28.465,34.99,33.76,0,23.90
2018-08-23,235,13,29.2,29.2,24.6,75,2.82,276.0,28.227,35.16,34.19,0,24.09
2018-08-24,236,14,30.5,30.5,24.4,73,3.8,684.0,29.904,38.23,37.12,0,30.33
2018-08-25,237,12,29.6,29.6,24.8,75,4.8,713.0,29.127,36.60,35.23,0,27.45
2018-08-26,238,15,29.1,29.3,24.1,76,4.72,549.0,28.51,35.23,34.15,0,24.08
2018-08-27,239,14,30.4,30.4,24.0,60,2.73,708.0,28.661,38.16,33.61,0,26.16
2018-08-28,240,13,29.9,30.0,24.5,65,2.33,626.0,28.747,37.91,33.67,0,26.75
2018-08-29,241,12,25.7,25.7,23.8,91,1.91,179.0,26.295,32.27,26.2,0,14.74
2018-08-30,242,14,29.8,29.8,22.8,68,4.06,592.0,28.491,36.23,34.1,0,23.23
2018-08-31,243,13,29.1,29.1,24.4,71,4.3,571.0,28.077,35.27,33.14,0,23.26
2018-09-01,244,15,27.3,27.3,24.2,82,3.82,219.0,26.8,31.74,30.64,0,17.13
2018-09-02,245,15,29.3,29.3,24.4,75,3.35,484.0,28.703,36.19,34.45,0,25.60
2018-09-03,246,13,29.5,29.5,24.0,70,4.25,710.0,28.579,36.45,33.85,0,24.86
2018-09-04,247,13,30.1,30.3,24.0,62,4.59,634.0,28.085,36.01,33.44,0,23.46
2018-09-05,248,17,29.3,30.6,23.1,70,2.62,252.0,27.759,34.85,33.39,0,20.93
2018-09-06,249,15,30.9,30.9,22.4,52,3.24,668.0,27.95,37.56,32.85,0,22.23
2018-09-07,250,13,29.3,30.0,21.8,59,3.04,718.0,27.45,36.59,31.39,0,19.58
2018-09-08,251,12,27.8,27.8,23.7,69,3.74,389.0,26.372,32.89,30.16,0,16.40
2018-09-09,252,15,27.2,28.0,23.3,73,1.82,298.0,26.423,33.82,29.48,0,16.44
2018-09-10,253,14,29.5,29.5,24.1,65,4.34,576.0,27.805,35.34,32.83,0,22.33
2018-09-11,254,14,30.8,31.0,23.7,59,3.94,632.0,28.494,37.13,34.19,0,24.96
2018-09-12,255,14,29.8,29.8,24.1,65,4.57,531.0,27.978,35.30,33.46,0,22.86
2018-09-13,256,17,29.9,30.6,23.5,64,2.33,272.0,27.791,35.55,33.45,0,21.99
2018-09-14,257,16,30.9,31.0,23.9,57,1.3,471.0,28.914,38.40,33.93,0,26.81
2018-09-15,258,14,30.5,30.6,24.4,61,2.2,667.0,28.986,38.64,34.04,0,27.74
2018-09-16,259,13,30.0,30.2,24.2,70,1.58,729.0,29.98,39.59,35.04,0,30.45
2018-09-17,260,13,30.6,30.8,24.2,65,2.19,778.0,29.751,39.59,35.22,0,30.08
2018-09-18,261,14,31.9,32.0,24.0,59,2.02,789.0,30.366,40.85,36.55,0,32.41
2018-09-19,262,14,32.3,32.4,24.6,56,2.97,784.0,29.991,40.27,36.56,0,31.99
2018-09-20,263,14,32.6,32.7,24.1,54,3.58,814.0,29.899,40.13,36.62,0,31.16
2018-09-21,264,14,34.1,34.1,24.9,50,6.05,815.0,30.329,40.74,38.61,0,34.08
2018-09-22,265,11,32.1,32.3,24.5,62,1.27,755.0,31.351,41.73,37.94,0,36.01
2018-09-23,266,16,29.9,30.0,24.5,75,1.06,110.0,28.73,35.93,36.03,0,26.16
2018-09-24,267,14,32.8,32.8,25.0,60,2.41,750.0,31.078,41.54,39.01,0,36.34
2018-09-25,268,13,31.9,32.6,23.9,57,2.02,873.0,30.275,41.06,35.98,0,32.06
2018-09-26,269,12,31.4,33.2,22.6,53,1.24,886.0,29.923,40.76,33.96,0,28.92
2018-09-27,270,17,32.4,34.1,23.3,66,0.51,256.0,31.436,39.92,40.09,0,34.27
2018-09-28,271,13,34.3,34.6,22.6,40,1.7,879.0,30.33,42.82,35.95,0,31.92
2018-09-29,272,12,34.0,35.1,23.0,43,1.12,876.0,31.022,42.93,36.23,0,33.87
2018-09-30,273,13,34.7,35.1,22.4,39,1.93,873.0,30.37,43.07,36.38,0,32.10
2018-10-01,274,12,34.5,35.4,22.8,41,0.81,872.0,31.609,43.42,36.59,0,35.23
2018-10-02,275,11,33.9,35.5,23.3,46,0.2,784.0,32.48,41.47,36.91,0,36.17
2018-10-03,276,12,35.3,35.9,24.6,41,0.54,840.0,32.862,44.30,38.1,0,40.90
2018-10-04,277,12,34.6,35.5,26.0,50,1.42,845.0,32.179,43.97,39.74,0,41.61
2018-10-05,278,12,35.2,35.8,25.5,44,2.06,810.0,31.381,43.66,38.9,0,38.99
2018-10-06,279,12,35.6,36.2,24.5,41,0.92,844.0,32.319,44.54,38.69,0,40.15
2018-10-07,280,12,35.5,36.3,24.1,38,0.67,844.0,32.228,44.22,37.53,0,38.85
2018-10-08,281,13,35.7,35.9,23.7,35,0.95,799.0,31.288,43.94,37.01,0,36.21
2018-10-09,282,13,35.6,36.0,23.1,35,0.3,841.0,32.452,43.32,36.83,0,37.19
2018-10-10,283,10,33.3,36.6,24.1,43,0.76,638.0,30.321,41.12,34.97,0,32.06
2018-10-11,284,12,35.5,36.2,23.0,33,1.75,837.0,30.113,43.53,36.13,0,32.55
2018-10-12,285,13,35.7,35.7,23.7,31,2.34,831.0,29.612,43.34,35.95,0,32.22
2018-10-13,286,13,35.4,35.6,23.0,34,1.25,825.0,30.57,43.59,36.23,0,33.49
2018-10-14,287,12,35.3,36.3,23.7,33,1.06,827.0,30.529,43.44,35.81,0,33.97
2018-10-15,288,13,35.3,35.7,22.7,29,0.54,830.0,30.825,43.20,34.89,0,32.84
2018-10-16,289,12,34.4,35.3,21.7,31,0.45,828.0,30.72,42.38,34.02,0,30.91
2018-10-17,290,11,33.3,35.4,23.3,39,0.36,750.0,30.831,41.01,34.04,0,31.66
2018-10-18,291,11,32.1,35.3,23.6,45,0.45,749.0,30.633,40.63,33.41,0,31.12
2018-10-19,292,11,33.8,35.6,23.6,42,1.58,741.0,30.001,41.83,35.6,0,31.61
2018-10-20,293,11,34.5,36.1,23.6,32,0.64,740.0,30.169,42.11,34.36,0,31.67
2018-10-21,294,12,35.2,35.8,21.0,22,2.97,819.0,27.206,41.94,33.53,0,23.77
2018-10-22,295,13,34.3,34.7,19.9,24,0.45,816.0,29.305,41.62,32.74,0,27.21
2018-10-23,296,12,32.9,34.7,19.3,34,0.57,813.0,29.54,40.89,32.49,0,27.04
2018-10-24,297,12,33.9,35.1,21.1,36,1.9,797.0,29.089,41.64,34.32,0,27.41
2018-10-25,298,13,35.0,35.2,22.1,28,0.36,789.0,30.556,42.15,34.27,0,30.65
2018-10-26,299,12,33.8,35.2,21.2,31,0.95,788.0,28.984,41.46,33.19,0,26.66
2018-10-27,300,13,35.1,35.5,21.5,28,1.49,780.0,28.951,42.57,34.41,0,27.86
2018-10-28,301,13,34.5,34.8,20.4,28,0.61,780.0,29.646,41.98,33.6,0,28.44
2018-10-29,302,12,33.3,34.2,22.1,30,2.82,791.0,27.197,40.08,32.37,0,22.10
2018-10-30,303,13,33.0,33.3,21.3,27,2.31,786.0,26.603,39.89,31.61,0,20.44
2018-10-31,304,13,33.0,33.2,21.5,33,3.6,772.0,27.205,39.26,32.46,0,21.44
2018-11-01,305,13,33.8,34.0,22.1,35,2.7,759.0,28.432,40.81,33.95,0,25.55
2018-11-02,306,13,34.6,34.7,22.1,30,2.21,755.0,28.441,41.74,34.11,0,26.29
2018-11-03,307,12,33.7,34.4,20.1,31,1.7,769.0,28.162,41.09,33.06,0,24.79
2018-11-04,308,13,34.3,34.6,21.6,33,0.67,741.0,30.106,41.97,34.28,0,29.56
2018-11-05,309,13,33.4,33.7,21.7,31,2.2,745.0,27.603,40.40,32.66,0,23.09
2018-11-06,310,13,32.3,32.5,20.8,29,2.44,752.0,26.267,38.98,31.04,0,18.94
2018-11-07,311,13,31.8,32.1,17.9,27,1.98,763.0,25.736,38.67,30.29,0,17.43
2018-11-08,312,13,31.7,32.1,17.4,29,1.84,756.0,26.058,38.70,30.38,0,18.10
2018-11-09,313,13,32.1,32.5,17.3,29,1.55,752.0,26.562,39.22,30.82,0,19.59
2018-11-10,314,12,31.8,32.9,17.1,30,0.98,751.0,27.024,39.11,30.59,0,20.29
2018-11-11,315,14,33.4,33.4,18.8,27,0.92,656.0,27.655,40.11,32.07,0,22.76
2018-11-12,316,12,32.2,33.3,18.0,29,0.64,741.0,27.749,39.43,30.93,0,22.02
2018-11-13,317,13,32.5,32.8,17.8,30,0.51,720.0,28.451,39.75,31.39,0,23.75
2018-11-14,318,12,31.5,32.8,20.3,37,0.9,723.0,27.899,39.13,31.12,0,22.16
2018-11-15,319,12,32.3,33.1,19.0,38,2.51,716.0,27.602,39.19,32.35,0,22.10
2018-11-16,320,13,31.6,32.0,20.1,34,1.58,719.0,26.861,38.81,30.84,0,19.86
2018-11-17,321,12,31.0,32.0,17.7,30,1.22,726.0,26.032,38.13,29.73,0,17.39
2018-11-18,322,14,32.3,32.3,16.5,29,0.54,639.0,27.77,39.04,31.04,0,21.82
2018-11-19,323,12,32.2,33.1,17.5,30,1.08,718.0,27.153,39.35,31.04,0,20.88
2018-11-20,324,13,32.1,32.8,17.5,33,0.86,708.0,27.819,39.42,31.31,0,22.29
2018-11-21,325,14,33.3,33.3,19.1,35,0.6,614.0,29.361,40.40,33.22,0,26.62
2018-11-22,326,13,32.9,33.2,20.6,40,1.0,679.0,29.304,40.60,33.63,0,26.81
2018-11-23,327,13,33.3,33.4,21.4,35,3.02,685.0,27.783,39.65,33.22,0,23.10
2018-11-24,328,13,31.8,32.2,19.2,35,2.59,693.0,26.654,38.31,31.22,0,19.25
2018-11-25,329,14,31.8,31.8,18.6,30,1.62,620.0,26.149,38.27,30.59,0,18.03
2018-11-26,330,13,31.0,31.4,18.6,28,2.41,662.0,24.876,37.11,29.56,0,14.41
2018-11-27,331,14,30.2,30.2,18.5,32,2.2,587.0,24.782,36.18,29.1,0,13.39
2018-11-28,332,15,30.2,30.2,19.3,34,1.75,403.0,24.832,35.41,29.28,0,12.99
2018-11-29,333,13,30.0,30.4,17.7,35,3.22,689.0,24.932,35.84,29.17,0,13.45
2018-11-30,334,13,29.7,29.9,17.7,35,2.64,676.0,24.821,35.93,28.86,0,13.19
2018-12-01,335,14,29.2,29.2,17.3,35,2.18,573.0,24.358,35.22,28.38,0,11.62
2018-12-02,336,14,29.5,29.5,16.0,33,1.55,589.0,24.668,35.94,28.51,0,12.78
2018-12-03,337,14,29.7,29.7,16.7,36,2.25,602.0,24.959,35.89,28.95,0,13.46
2018-12-04,338,14,29.8,29.8,17.8,40,1.44,581.0,25.965,36.63,29.46,0,16.08
2018-12-05,339,14,29.2,29.2,16.7,37,0.89,600.0,25.609,36.18,28.54,0,14.74
2018-12-06,340,13,28.8,29.1,16.0,40,0.91,668.0,25.828,36.33,28.41,0,15.22
2018-12-07,341,13,28.2,28.6,15.0,35,1.52,681.0,24.082,35.29,27.51,0,10.83
2018-12-08,342,13,28.1,28.6,16.8,39,1.39,676.0,24.618,35.43,27.68,0,12.01
2018-12-09,343,13,28.3,28.7,15.5,34,2.02,678.0,23.738,34.98,27.53,0,9.97
2018-12-10,344,12,27.1,28.0,14.1,29,0.72,667.0,23.167,34.25,26.44,0,8.16
2018-12-11,345,13,28.2,28.5,16.0,42,1.2,631.0,25.144,35.55,27.99,0,13.20
2018-12-12,346,11,25.8,27.4,18.3,52,1.8,478.0,23.41,32.41,25.8,0,7.29
2018-12-13,347,12,25.0,25.8,14.2,28,4.33,679.0,19.52,29.37,24.64,0,2.44
2018-12-14,348,13,24.6,24.9,13.9,31,4.5,688.0,19.577,28.90,24.26,0,2.10
2018-12-15,349,14,25.7,25.7,14.4,31,4.3,621.0,20.422,29.82,25.42,0,2.76
2018-12-16,350,15,24.2,24.2,13.8,33,4.31,300.0,18.818,25.72,23.87,0,0.00
2018-12-17,351,14,24.9,24.9,16.4,32,4.39,613.0,19.859,28.87,24.59,0,2.07
2018-12-18,352,14,25.5,25.6,12.4,31,3.4,626.0,20.435,30.54,25.21,0,3.28
2018-12-19,353,14,25.5,25.6,11.6,31,2.02,630.0,20.877,31.99,25.21,0,4.32
2018-12-20,354,14,26.4,26.5,12.8,35,1.56,622.0,22.393,33.26,26.2,0,5.99
2018-12-21,355,13,27.0,27.6,12.5,35,1.84,683.0,22.872,33.95,26.63,0,7.39
2018-12-22,356,15,28.1,28.1,12.0,27,0.76,496.0,23.092,34.01,27.04,0,7.87
2018-12-23,357,14,28.7,28.8,12.8,28,1.3,622.0,23.503,35.22,27.53,0,9.70
2018-12-24,358,13,28.1,28.5,12.6,25,2.56,677.0,22.003,34.04,26.96,0,5.81
2018-12-25,359,13,26.0,26.5,12.6,27,1.41,691.0,21.22,33.10,25.68,0,5.13
2018-12-26,360,12,24.4,25.8,11.1,28,4.03,680.0,19.082,29.06,24.01,0,2.21
2018-12-27,361,12,24.3,25.2,10.3,27,2.55,680.0,19.235,30.58,23.9,0,3.31
2018-12-28,362,13,24.2,24.4,10.4,19,4.47,706.0,17.563,28.52,23.69,0,1.82
2018-12-29,363,14,24.4,24.4,10.3,20,3.52,647.0,17.963,29.32,23.91,0,2.40
2018-12-30,364,14,25.5,25.6,11.5,26,2.84,636.0,19.896,31.09,25.14,0,3.68
2018-12-31,365,14,27.2,27.3,12.1,24,2.69,637.0,21.003,32.81,26.33,0,4.92
2019-01-01,1,13,26.8,27.7,11.1,30,0.91,694.0,22.831,34.12,26.3,0,7.44
2019-01-02,2,13,27.7,28.0,10.9,22,2.46,695.0,21.254,33.76,26.59,0,5.61
2019-01-03,3,14,28.2,28.2,12.7,23,3.18,642.0,21.508,33.37,26.96,0,5.33
2019-01-04,4,14,28.3,28.5,12.6,27,0.45,642.0,24.43,35.11,27.18,0,11.24
2019-01-05,5,12,25.8,27.7,11.8,36,0.89,617.0,22.614,33.11,25.59,0,6.30
2019-01-06,6,12,25.1,26.2,15.0,24,4.04,702.0,19.113,29.84,24.7,0,2.77
2019-01-07,7,14,24.7,24.9,12.6,28,3.62,657.0,19.372,29.65,24.33,0,2.64
2019-01-08,8,14,25.3,25.3,12.0,28,2.2,656.0,20.276,31.71,24.96,0,4.12
2019-01-09,9,14,26.0,26.1,11.8,31,2.72,649.0,21.07,31.88,25.73,0,4.25
2019-01-10,10,14,26.7,26.8,12.8,28,2.98,654.0,21.159,32.25,26.16,0,4.51
2019-01-11,11,13,26.7,27.4,12.0,29,1.99,703.0,21.755,33.45,26.2,0,5.38
2019-01-12,12,13,26.5,27.2,13.6,34,1.53,700.0,22.54,33.76,26.3,0,6.63
2019-01-13,13,13,27.1,27.4,13.4,33,2.88,690.0,22.291,33.08,26.61,0,5.66
2019-01-14,14,13,26.6,27.0,15.0,32,4.83,712.0,21.366,30.92,26.38,0,3.55
2019-01-15,15,14,26.6,26.6,13.7,29,3.05,660.0,21.213,32.14,26.34,0,4.44
2019-01-16,16,14,27.9,28.2,12.2,30,0.6,676.0,24.257,35.07,27.02,0,10.82
2019-01-17,17,14,28.1,28.2,12.1,28,2.33,670.0,22.545,34.28,27.08,0,7.04
2019-01-18,18,14,29.2,29.5,14.6,30,3.4,672.0,23.444,34.57,28.04,0,9.31
2019-01-19,19,15,30.5,30.5,14.9,26,1.82,563.0,24.174,36.31,28.94,0,12.28
2019-01-20,20,17,29.6,31.7,14.2,41,0.64,197.0,25.285,33.89,29.35,0,12.78
2019-01-21,21,13,27.8,29.0,14.2,31,3.32,733.0,22.549,33.54,27.0,0,6.49
2019-01-22,22,13,25.0,25.4,14.0,36,3.01,731.0,20.933,31.22,24.75,0,3.77
2019-01-23,23,14,25.3,25.4,14.5,33,1.68,689.0,21.275,32.50,25.02,0,4.69
2019-01-24,24,12,24.1,25.4,11.9,39,1.66,724.0,21.071,31.87,23.84,0,4.24
2019-01-25,25,13,23.5,24.0,12.1,25,4.12,767.0,18.056,28.55,23.03,0,1.85
2019-01-26,26,13,22.4,22.8,12.2,27,4.75,770.0,17.327,26.82,21.9,0,0.59
2019-01-27,27,14,22.9,23.0,10.7,24,4.19,718.0,17.352,27.58,22.39,0,1.14
2019-01-28,28,14,22.8,22.8,10.1,23,4.31,736.0,17.139,27.46,22.27,0,1.05
2019-01-29,29,14,23.2,23.3,10.5,25,4.59,736.0,17.687,27.58,22.71,0,1.14
2019-01-30,30,15,26.1,26.1,11.0,24,2.01,614.0,20.332,32.25,25.75,0,4.51
2019-01-31,31,12,25.5,26.8,11.4,29,0.82,735.0,21.861,33.24,25.18,0,5.23
2019-02-01,32,14,26.0,26.1,14.2,34,2.77,732.0,21.603,32.38,25.77,0,4.61
2019-02-02,33,14,26.4,26.6,12.4,32,3.7,738.0,21.439,31.82,26.17,0,4.20
2019-02-03,34,15,28.6,28.6,14.5,38,2.4,607.0,24.247,34.75,28.06,0,10.96
2019-02-04,35,15,31.9,31.9,18.3,32,2.15,587.0,26.225,38.01,30.94,0,18.12
2019-02-05,36,13,29.9,30.4,17.0,42,1.44,761.0,26.729,37.78,29.81,0,18.48
2019-02-06,37,14,27.7,27.7,16.1,28,3.58,744.0,21.978,33.20,26.8,0,5.20
2019-02-07,38,12,23.1,23.7,11.9,37,6.77,739.0,18.832,26.05,22.77,0,0.04
2019-02-08,39,13,21.2,22.5,10.0,29,2.0,826.0,17.45,29.44,20.67,0,2.48
2019-02-09,40,14,23.4,23.4,9.7,21,3.97,747.0,17.403,28.48,22.87,0,1.79
2019-02-10,41,15,25.7,25.7,11.1,21,3.31,666.0,19.216,30.91,25.29,0,3.55
2019-02-11,42,15,28.6,28.6,13.0,25,3.02,657.0,22.23,34.05,27.32,0,6.36
2019-02-12,43,17,29.9,31.4,15.5,45,0.67,266.0,26.386,35.17,30.19,0,16.09
2019-02-13,44,14,30.6,30.9,17.2,34,2.47,626.0,25.4,36.71,29.7,0,15.16
2019-02-14,45,14,29.0,29.2,17.0,31,3.61,777.0,23.548,34.77,27.93,0,9.60
2019-02-15,46,12,28.0,28.8,14.9,29,1.84,803.0,23.099,35.26,27.05,0,8.79
2019-02-16,47,14,27.6,27.6,15.4,22,3.28,803.0,21.104,33.55,26.53,0,5.45
2019-02-17,48,13,27.9,28.6,12.7,24,1.21,839.0,22.794,35.46,26.79,0,8.33
2019-02-18,49,14,30.5,31.2,14.9,23,3.67,787.0,23.453,36.18,28.77,0,10.75
2019-02-19,50,14,28.8,29.9,17.0,43,0.76,657.0,26.417,36.51,28.67,0,16.55
2019-02-20,51,14,34.3,35.1,17.6,23,2.97,792.0,26.659,40.83,32.61,0,21.60
2019-02-21,52,13,30.5,31.2,19.6,39,3.22,840.0,26.173,37.28,30.16,0,17.21
2019-02-22,53,13,30.6,31.3,18.7,39,2.62,835.0,26.443,37.86,30.28,0,18.18
2019-02-23,54,13,29.2,29.5,17.4,29,2.12,758.0,23.858,36.01,27.98,0,11.10
2019-02-24,55,15,30.1,30.1,16.1,22,3.49,656.0,22.786,35.16,28.39,0,8.62
2019-02-25,56,12,29.2,30.6,17.2,33,3.21,835.0,24.201,35.66,28.24,0,11.59
2019-02-26,57,11,26.8,28.8,18.9,43,6.1,715.0,22.792,30.73,26.86,0,4.92
2019-02-27,58,10,24.8,28.2,18.2,52,3.31,569.0,22.222,30.32,24.75,0,3.54
2019-02-28,59,14,27.2,27.2,14.3,18,3.13,845.0,20.193,33.45,26.16,0,5.38
2019-03-01,60,14,29.5,29.7,14.8,22,3.31,828.0,22.631,35.56,27.9,0,8.43
2019-03-02,61,14,34.2,34.6,17.9,22,3.63,808.0,26.225,40.41,32.38,0,20.39
2019-03-03,62,13,28.7,29.6,19.6,52,4.35,554.0,25.546,33.47,29.51,0,13.02
2019-03-04,63,13,28.7,29.1,18.5,33,4.25,878.0,23.6,34.50,27.8,0,9.46
2019-03-05,64,13,28.6,29.1,16.7,27,1.58,884.0,23.608,36.27,27.41,0,10.61
2019-03-06,65,13,29.5,29.9,17.3,24,2.34,894.0,23.421,36.62,27.98,0,10.72
2019-03-07,66,12,29.9,31.2,17.4,26,0.0,872.0,26.301,35.50,28.41,0,15.51
2019-03-08,67,14,31.8,32.2,18.7,27,2.82,837.0,25.52,38.51,30.29,0,16.91
2019-03-09,68,14,31.5,31.5,19.0,22,4.68,854.0,23.954,37.03,29.62,0,12.63
2019-03-10,69,14,32.3,32.6,18.7,21,1.26,845.0,25.688,39.45,30.32,0,17.91
2019-03-11,70,13,29.5,30.2,20.1,24,3.55,926.0,23.065,35.89,27.98,0,9.52
2019-03-12,71,14,31.2,31.4,16.6,20,1.58,868.0,24.404,38.35,29.25,0,14.30
2019-03-13,72,14,31.0,31.0,17.8,21,0.45,684.0,25.684,37.42,29.12,0,16.00
2019-03-14,73,12,29.9,31.0,18.2,20,4.31,917.0,22.47,35.70,28.16,0,8.33
2019-03-15,74,14,32.0,32.1,17.0,20,3.62,877.0,24.196,38.19,29.98,0,14.06
2019-03-16,75,15,32.8,32.8,18.6,22,2.9,732.0,25.193,38.86,30.89,0,16.76
2019-03-17,76,14,33.1,33.3,17.8,19,2.72,870.0,25.09,39.80,30.97,0,17.28
2019-03-18,77,14,33.7,33.8,19.1,19,1.48,876.0,26.22,40.86,31.57,0,20.41
2019-03-19,78,14,34.9,35.0,19.4,17,2.05,874.0,26.303,41.89,32.63,0,21.70
2019-03-20,79,14,32.9,33.1,21.3,30,3.16,870.0,26.886,39.77,31.88,0,20.99
2019-03-21,80,13,33.1,33.9,20.4,26,0.54,931.0,28.757,41.01,31.6,0,25.32
2019-03-22,81,14,35.6,35.6,21.5,17,3.12,885.0,26.431,42.36,33.37,0,22.56
2019-03-23,82,14,36.3,36.3,21.0,17,1.49,875.0,27.727,43.49,34.12,0,26.10
2019-03-24,83,13,36.4,36.9,21.9,20,1.75,931.0,28.438,44.08,34.66,0,28.07
2019-03-25,84,13,37.1,37.4,23.7,19,3.94,902.0,27.878,44.04,35.34,0,29.22
2019-03-26,85,13,36.0,36.4,24.1,17,2.21,961.0,27.202,43.43,33.79,0,27.39
2019-03-27,86,14,38.1,38.3,23.2,16,1.06,891.0,29.293,45.38,36.0,0,32.52
2019-03-28,87,14,39.7,39.9,24.2,15,1.55,886.0,29.714,47.18,37.66,0,36.40
2019-03-29,88,12,37.7,40.4,25.2,23,0.7,924.0,31.382,45.74,36.95,1,41.08
2019-03-30,89,14,39.3,39.4,26.2,15,3.38,897.0,28.621,46.57,37.19,0,36.05
2019-03-31,90,13,38.8,39.8,24.1,17,2.66,956.0,29.118,46.54,37.02,0,34.46
2019-04-01,91,13,39.0,39.7,24.1,16,0.1,957.0,31.495,44.49,37.05,0,37.48
2019-04-02,92,13,39.7,40.2,23.4,13,2.0,968.0,28.968,47.31,37.23,1,35.66
2019-04-03,93,12,37.6,40.0,25.1,24,1.64,940.0,30.369,45.82,37.05,2,40.81
2019-04-04,94,12,39.1,40.9,25.2,19,1.1,931.0,30.873,47.04,37.87,3,44.73
2019-04-05,95,14,39.7,40.0,26.2,16,3.24,896.0,29.241,47.16,37.89,4,44.58
2019-04-06,96,14,39.4,39.9,24.0,17,3.22,902.0,29.305,46.91,37.76,0,35.23
2019-04-07,97,13,38.4,40.4,24.8,26,2.88,950.0,30.841,46.55,38.82,1,40.87
2019-04-08,98,12,37.2,39.6,24.1,23,2.62,952.0,29.333,45.06,36.26,0,33.51
2019-04-09,99,12,37.4,39.9,24.5,24,3.42,937.0,29.427,44.96,36.77,0,34.28
2019-04-10,100,12,37.5,39.9,24.9,29,2.43,943.0,30.876,45.80,38.28,0,38.64
2019-04-11,101,13,39.9,40.5,26.9,20,3.66,957.0,30.43,47.84,39.24,1,43.64
2019-04-12,102,13,40.3,40.9,26.3,19,1.77,964.0,31.253,48.64,39.49,2,46.83
2019-04-13,103,13,40.3,40.9,27.3,19,1.61,960.0,31.359,48.62,39.49,3,49.84
2019-04-14,104,13,40.8,41.3,26.6,17,1.96,963.0,30.974,49.02,39.55,4,50.28
2019-04-15,105,14,38.3,38.5,27.3,21,2.08,874.0,29.858,46.06,37.29,0,39.34
2019-04-16,106,13,35.1,35.1,25.5,25,1.97,912.0,28.311,42.83,33.87,0,30.71
2019-04-17,107,13,32.5,33.5,21.7,29,3.91,874.0,26.202,38.83,31.27,0,18.79
2019-04-18,108,13,35.2,35.6,23.9,22,3.66,948.0,27.206,42.19,33.53,0,26.17
2019-04-19,109,13,36.2,36.7,24.1,18,3.13,976.0,27.261,43.50,34.14,0,27.68
2019-04-20,110,13,37.5,37.9,23.8,18,1.12,975.0,29.46,45.29,35.64,0,33.34
2019-04-21,111,13,38.7,39.1,25.2,16,1.84,975.0,29.208,46.52,36.69,0,35.78
2019-04-22,112,14,39.9,40.0,26.2,17,2.02,907.0,30.163,47.74,38.39,1,41.92
2019-04-23,113,12,39.9,41.4,26.6,21,1.21,957.0,31.916,48.30,39.54,2,48.20
2019-04-24,114,13,40.1,41.0,28.1,20,2.55,967.0,30.954,48.40,39.52,3,49.87
2019-04-25,115,14,40.9,41.3,27.7,16,3.38,902.0,30.111,48.61,39.38,4,49.58
2019-04-26,116,12,41.2,42.2,28.2,21,3.5,950.0,31.727,49.53,41.5,5,56.33
2019-04-27,117,14,42.8,42.8,28.3,11,5.0,916.0,29.582,50.50,40.0,6,54.20
2019-04-28,118,13,41.6,42.2,28.0,13,4.66,983.0,29.538,49.46,39.37,7,52.78
2019-04-29,119,12,39.7,41.9,26.2,17,3.52,980.0,29.559,47.52,38.14,8,48.87
2019-04-30,120,13,40.0,41.2,25.8,18,3.73,979.0,30.002,47.92,38.79,9,49.76
2019-05-01,121,13,39.3,39.7,26.5,18,3.4,981.0,29.556,47.14,37.88,0,38.84
2019-05-02,122,12,38.0,40.3,25.9,24,2.84,961.0,30.12,46.02,37.63,1,39.97
2019-05-03,123,13,39.0,39.6,26.1,21,3.31,966.0,30.081,46.92,38.26,0,39.35
2019-05-04,124,14,38.6,39.1,26.6,25,3.13,894.0,30.624,46.41,38.82,0,40.80
2019-05-05,125,14,38.6,39.1,25.7,24,3.2,901.0,30.395,46.36,38.52,0,39.17
2019-05-06,126,12,37.8,40.3,26.1,28,3.14,956.0,30.687,45.84,38.47,1,41.45
2019-05-07,127,13,40.1,40.6,26.5,16,4.12,970.0,29.426,47.80,38.38,2,42.59
2019-05-08,128,14,39.1,39.4,25.8,16,4.82,913.0,28.47,46.26,37.17,0,35.07
2019-05-09,129,14,37.4,37.9,25.3,23,3.35,866.0,29.125,44.64,36.53,0,34.32
2019-05-10,130,15,37.7,38.0,25.8,23,3.49,768.0,29.179,44.51,36.95,0,35.07
2019-05-11,131,13,38.2,39.5,25.6,29,3.42,952.0,31.127,46.24,39.45,0,40.69
2019-05-12,132,12,37.2,40.1,26.9,36,2.98,939.0,31.688,45.54,40.09,1,44.67
2019-05-13,133,12,37.5,40.2,26.4,30,3.35,948.0,30.757,45.44,38.59,2,43.36
2019-05-14,134,12,38.0,40.4,25.1,27,3.4,947.0,30.559,45.89,38.48,3,43.42
2019-05-15,135,12,36.6,39.0,26.0,34,2.95,945.0,30.851,44.73,38.28,0,39.11
2019-05-16,136,13,37.1,38.4,26.2,32,3.86,943.0,30.66,44.78,38.53,0,39.11
2019-05-17,137,12,36.2,38.3,26.0,39,4.21,927.0,30.994,43.77,39.19,0,39.02
2019-05-18,138,12,37.2,38.7,26.8,33,3.85,933.0,30.914,44.91,39.03,0,40.57
2019-05-19,139,12,37.8,39.7,27.8,32,3.83,881.0,31.168,45.41,39.78,0,42.85
2019-05-20,140,12,38.5,40.4,28.2,32,2.91,934.0,32.084,46.92,41.08,1,48.30
2019-05-21,141,13,40.5,41.0,29.1,22,4.33,909.0,31.182,48.39,40.79,2,50.26
2019-05-22,142,13,40.2,41.0,28.9,25,4.28,941.0,31.696,48.28,41.42,3,52.82
2019-05-23,143,14,41.2,41.5,29.2,23,4.5,880.0,31.907,49.20,42.29,4,56.22
2019-05-24,144,13,39.8,40.9,27.4,24,4.85,941.0,31.044,47.65,40.39,5,52.34
2019-05-25,145,13,39.9,40.8,28.2,28,2.26,887.0,32.63,48.46,42.09,6,59.15
2019-05-26,146,11,38.3,41.7,29.3,33,2.75,852.0,32.031,46.46,41.09,7,57.48
2019-05-27,147,12,39.0,41.4,27.7,29,2.35,943.0,32.147,47.64,40.86,8,56.60
2019-05-28,148,12,40.0,42.3,28.5,27,3.69,936.0,32.098,48.24,41.86,9,58.25
2019-05-29,149,13,41.0,42.2,27.9,24,3.3,946.0,32.349,49.49,42.37,10,59.11
2019-05-30,150,12,39.6,42.5,27.8,28,3.82,941.0,31.958,47.76,41.55,11,56.70
2019-05-31,151,13,41.0,42.7,27.6,25,3.41,943.0,32.546,49.50,42.8,12,59.31
2019-06-01,152,14,41.8,42.4,29.0,26,3.79,872.0,33.225,50.18,44.71,13,63.43
2019-06-02,153,14,42.4,43.7,28.8,25,3.65,873.0,33.511,50.92,45.33,14,64.50
2019-06-03,154,14,42.2,43.1,28.3,23,4.7,878.0,32.663,50.49,43.99,15,61.50
2019-06-04,155,13,40.2,42.3,28.4,29,4.46,933.0,32.514,48.39,43.08,16,59.48
2019-06-05,156,15,42.3,42.5,27.8,22,3.9,757.0,32.472,50.07,43.69,17,60.14
2019-06-06,157,14,42.1,42.6,28.7,27,3.83,871.0,33.684,50.61,45.8,18,64.66
2019-06-07,158,13,42.2,43.3,29.6,25,3.79,930.0,33.396,50.88,44.96,19,65.05
2019-06-08,159,13,42.1,43.7,29.8,22,3.42,933.0,32.684,50.65,43.36,20,63.17
2019-06-09,160,14,42.5,43.0,29.0,22,3.57,870.0,32.87,50.86,44.03,21,62.99
2019-06-10,161,13,40.2,42.1,28.5,28,3.4,926.0,32.535,48.59,42.64,22,59.62
2019-06-11,162,13,40.2,41.8,31.0,31,2.41,856.0,33.374,48.84,43.99,23,64.80
2019-06-12,163,12,37.9,38.7,29.2,43,2.86,789.0,33.254,46.36,44.6,0,50.91
2019-06-13,164,14,36.1,36.1,26.1,39,6.94,721.0,30.271,42.41,39.0,0,36.72
2019-06-14,165,12,35.3,35.3,27.7,51,6.6,803.0,31.475,42.46,41.81,0,41.94
2019-06-15,166,13,34.5,34.5,27.4,53,7.42,757.0,30.887,41.38,40.64,0,39.27
2019-06-16,167,14,35.8,35.8,27.0,50,6.04,749.0,31.78,42.83,42.63,0,42.27
2019-06-17,168,13,35.8,35.9,26.8,45,6.18,709.0,30.991,42.23,40.56,0,39.35
2019-06-18,169,13,33.3,33.3,26.5,61,7.62,700.0,30.716,40.10,40.67,0,36.98
2019-06-19,170,15,36.4,36.5,26.3,40,2.58,747.0,31.488,44.20,39.96,0,40.91
2019-06-20,171,15,36.2,36.4,27.7,39,1.52,695.0,31.574,44.20,39.19,0,42.42
2019-06-21,172,13,36.4,37.2,28.1,44,1.84,830.0,32.597,45.34,41.52,0,46.51
2019-06-22,173,13,37.1,38.1,28.5,45,2.51,807.0,33.01,45.81,43.6,0,48.87
2019-06-23,174,14,39.4,39.7,29.0,36,3.06,795.0,33.321,47.63,44.69,0,51.76
2019-06-24,175,14,37.0,37.0,29.1,47,2.8,737.0,33.002,45.37,44.29,0,49.49
2019-06-25,176,11,33.2,33.3,27.5,56,2.82,747.0,30.802,41.34,38.61,0,38.44
2019-06-26,177,12,33.8,33.8,26.5,62,2.09,743.0,32.378,43.28,42.46,0,43.09
2019-06-27,178,14,35.4,35.4,27.1,52,2.5,715.0,32.337,43.88,42.49,0,44.15
2019-06-28,179,13,34.4,34.4,27.3,58,2.82,667.0,32.023,42.71,42.43,0,42.92
2019-06-29,180,13,35.0,35.6,27.7,52,4.32,765.0,31.597,42.39,41.48,0,42.00
2019-06-30,181,14,34.4,34.4,27.9,56,3.8,695.0,31.573,41.92,41.59,0,41.89
2019-07-01,182,12,33.7,33.9,27.7,58,1.91,624.0,31.636,42.28,40.57,0,41.66
2019-07-02,183,14,36.2,36.2,28.5,50,0.8,695.0,33.994,45.53,43.65,0,50.54
2019-07-03,184,15,33.9,34.4,27.0,57,1.39,507.0,31.713,42.14,40.7,0,40.93
2019-07-04,185,13,31.7,31.7,26.4,62,3.57,261.0,28.991,36.41,36.97,0,29.57
2019-07-05,186,17,28.5,28.5,26.4,91,3.13,91.0,28.502,33.67,35.83,0,26.24
2019-07-06,187,14,29.4,31.2,25.9,81,2.6,207.0,28.883,35.66,36.12,0,27.92
2019-07-07,188,12,32.8,33.2,26.6,58,3.36,433.0,29.965,38.89,38.33,0,33.94
2019-07-08,189,12,33.1,33.7,26.9,59,4.6,534.0,30.357,39.15,39.41,0,35.62
2019-07-09,190,15,36.2,36.7,27.4,47,6.36,662.0,31.56,42.74,42.31,0,42.14
2019-07-10,191,14,37.2,37.7,27.3,40,4.33,718.0,31.708,44.14,41.64,0,43.07
2019-07-11,192,15,37.3,37.3,27.7,37,4.96,545.0,30.935,43.02,40.66,0,40.90
2019-07-12,193,15,37.7,37.7,27.7,35,5.38,452.0,30.727,42.86,40.69,0,40.40
2019-07-13,194,15,37.9,37.9,27.7,35,5.83,559.0,31.025,43.74,41.09,0,41.75
2019-07-14,195,17,37.2,37.3,27.5,39,6.15,338.0,30.705,41.67,41.24,0,39.47
2019-07-15,196,14,37.6,37.6,28.1,36,6.49,656.0,31.018,43.95,40.88,0,42.28
2019-07-16,197,15,37.9,37.9,28.1,35,4.61,661.0,31.332,44.39,41.09,0,43.27
2019-07-17,198,14,38.1,38.4,28.2,34,4.2,722.0,31.482,45.02,41.09,0,44.13
2019-07-18,199,13,37.5,37.7,27.7,34,3.55,602.0,30.906,43.92,39.93,0,41.23
2019-07-19,200,13,36.9,37.1,28.7,43,1.5,799.0,33.051,45.89,42.24,0,48.73
2019-07-20,201,13,38.7,38.7,29.6,39,1.12,740.0,34.187,47.56,44.56,0,53.99
2019-07-21,202,16,39.0,39.0,28.3,39,0.51,503.0,34.746,46.77,45.26,0,53.22
2019-07-22,203,14,35.1,35.8,26.2,57,0.51,711.0,34.641,45.20,43.92,0,48.94
2019-07-23,204,13,35.5,36.5,27.6,54,0.1,587.0,34.361,42.99,43.64,0,48.34
2019-07-24,205,13,36.6,36.6,29.0,49,2.22,671.0,33.025,45.11,44.22,0,49.20
2019-07-25,206,14,35.3,35.3,27.6,49,6.48,675.0,31.046,41.69,40.99,0,40.16
2019-07-26,207,14,34.7,34.9,27.2,50,8.12,615.0,30.432,40.91,39.97,0,37.59
2019-07-27,208,15,32.5,33.1,26.9,58,6.71,296.0,29.052,36.20,37.62,0,30.36
2019-07-28,209,12,31.7,33.0,26.0,60,7.28,396.0,28.699,35.93,36.38,0,27.98
2019-07-29,210,11,29.8,30.5,26.0,75,5.53,353.0,28.641,34.45,35.76,0,26.58
2019-07-30,211,16,29.1,29.1,25.1,74,5.64,194.0,27.499,31.97,33.74,0,20.82
2019-07-31,212,16,27.6,28.1,25.1,91,3.88,201.0,27.932,32.81,33.01,0,21.97
2019-08-01,213,14,26.5,26.6,25.3,94,3.56,177.0,27.095,31.62,27.08,0,17.56
2019-08-02,214,13,29.4,29.9,25.4,82,2.98,417.0,29.471,36.98,36.37,0,29.49
2019-08-03,215,15,31.5,31.5,25.4,69,3.62,399.0,29.927,37.78,38.64,0,31.78
2019-08-04,216,13,31.0,31.2,26.0,70,5.59,444.0,29.405,36.30,37.6,0,30.03
2019-08-05,217,15,31.4,31.4,25.6,64,6.32,513.0,29.147,36.57,36.84,0,29.00
2019-08-06,218,17,31.1,31.6,26.6,71,3.54,283.0,29.515,36.68,38.18,0,31.43
2019-08-07,219,13,31.9,31.9,26.2,64,5.24,598.0,29.858,38.01,38.08,0,32.54
2019-08-08,220,15,28.1,28.7,26.3,91,3.03,133.0,28.295,33.72,34.54,0,25.29
2019-08-09,221,15,27.1,27.1,25.8,92,3.28,215.0,27.649,32.98,31.73,0,21.90
2019-08-10,222,17,26.9,26.9,25.1,91,7.33,94.0,26.707,28.28,30.99,0,15.64
2019-08-11,223,14,30.8,31.0,24.7,73,4.75,594.0,29.891,37.52,37.96,0,30.45
2019-08-12,224,13,31.6,31.8,24.6,65,3.41,795.0,30.313,39.80,37.63,0,32.66
2019-08-13,225,14,31.9,32.1,25.4,62,3.0,636.0,30.086,39.53,37.45,0,32.90
2019-08-14,226,14,30.8,31.0,26.3,69,2.91,477.0,29.568,37.97,36.78,0,31.59
2019-08-15,227,11,28.5,28.5,25.7,79,5.0,404.0,27.953,33.61,33.2,0,23.36
2019-08-16,228,14,27.7,28.0,25.3,88,4.43,204.0,27.688,32.14,32.68,0,21.14
2019-08-17,229,13,30.1,30.1,25.0,69,4.55,578.0,28.786,36.26,35.04,0,26.72
2019-08-18,230,16,30.1,30.1,25.0,71,1.97,321.0,29.003,37.13,35.53,0,27.94
2019-08-19,231,17,30.6,31.2,25.5,66,0.4,272.0,29.931,37.65,35.47,0,30.63
2019-08-20,232,11,30.2,30.9,25.3,78,2.5,658.0,30.451,39.44,37.7,0,33.50
2019-08-21,233,13,30.9,31.3,25.5,74,3.04,696.0,30.595,39.61,38.55,0,34.45
2019-08-22,234,14,31.3,31.7,24.5,61,2.93,736.0,29.602,39.25,35.76,0,30.11
2019-08-23,235,13,30.7,31.3,24.9,72,2.12,781.0,30.664,40.40,37.38,0,34.01
2019-08-24,236,14,31.3,31.5,25.1,66,2.38,661.0,30.229,39.81,37.18,0,32.92
2019-08-25,237,15,31.5,31.5,25.8,62,2.45,534.0,29.675,38.98,36.5,0,31.84
2019-08-26,238,14,28.5,28.9,25.7,78,3.4,299.0,27.827,34.11,33.02,0,23.42
2019-08-27,239,12,29.0,29.1,24.8,71,5.54,596.0,27.857,34.50,32.91,0,22.67
2019-08-28,240,15,29.4,29.4,25.4,82,1.12,431.0,30.272,38.81,36.37,0,32.33
2019-08-29,241,15,30.3,30.3,25.1,72,3.58,532.0,29.387,37.29,36.31,0,29.19
2019-08-30,242,14,31.3,31.4,25.8,68,2.53,648.0,30.378,39.79,37.79,0,34.23
2019-08-31,243,14,31.2,31.2,26.1,77,3.3,663.0,31.089,39.97,40.47,0,37.06
2019-09-01,244,13,31.8,31.8,25.6,71,2.45,717.0,31.349,41.16,40.18,0,37.71
2019-09-02,245,12,29.3,29.3,25.0,78,4.74,519.0,28.86,35.50,35.12,0,26.34
2019-09-03,246,14,30.2,30.2,25.6,79,2.16,552.0,30.468,39.34,37.99,0,33.92
2019-09-04,247,13,31.1,31.1,25.0,72,1.22,617.0,31.271,40.86,38.49,0,36.02
2019-09-05,248,13,31.2,31.7,25.2,78,0.82,648.0,32.573,42.11,40.83,0,40.49
2019-09-06,249,15,31.6,31.6,25.7,73,0.42,521.0,32.775,41.42,40.3,0,40.76
2019-09-07,250,13,31.7,31.7,25.8,69,2.01,626.0,31.031,40.76,39.2,0,36.69
2019-09-08,251,13,31.9,31.9,26.2,71,2.02,764.0,31.716,41.89,40.48,0,39.74
2019-09-09,252,13,29.4,29.7,25.8,82,2.1,313.0,29.433,37.17,36.37,0,30.03
2019-09-10,253,14,28.7,29.0,25.2,90,1.79,130.0,28.985,35.82,36.23,0,27.45
2019-09-11,254,14,28.5,28.5,25.2,80,4.04,348.0,28.056,34.05,33.38,0,23.36
2019-09-12,255,16,30.3,30.3,25.3,73,2.66,253.0,29.034,36.37,36.58,0,28.19
2019-09-13,256,15,27.7,28.0,25.5,91,2.93,177.0,28.073,33.74,33.31,0,23.49
2019-09-14,257,16,28.9,28.9,25.7,82,4.37,205.0,28.266,33.33,34.89,0,24.38
2019-09-15,258,13,29.9,29.9,25.7,74,5.35,430.0,28.79,35.10,35.77,0,26.98
2019-09-16,259,14,31.1,31.1,25.4,67,4.24,627.0,29.637,37.88,36.97,0,30.68
2019-09-17,260,15,31.8,31.8,24.8,66,2.78,613.0,30.478,39.84,38.47,0,33.54
2019-09-18,261,13,32.4,32.4,25.4,69,3.86,700.0,31.283,40.48,41.22,0,37.25
2019-09-19,262,12,32.8,33.5,26.4,62,3.14,855.0,31.249,41.57,39.72,0,38.58
2019-09-20,263,14,32.1,32.1,26.0,72,1.2,645.0,32.315,42.35,41.46,0,41.34
2019-09-21,264,14,29.6,29.6,25.0,77,0.72,546.0,30.776,39.42,35.71,0,33.01
2019-09-22,265,13,31.3,31.3,25.6,72,0.41,756.0,33.195,42.04,39.07,0,41.42
2019-09-23,266,12,30.7,30.7,25.2,81,1.02,732.0,32.355,42.08,40.22,0,39.83
2019-09-24,267,11,30.3,31.4,25.1,79,1.3,694.0,31.375,40.92,38.3,0,36.30
2019-09-25,268,12,31.3,31.3,25.2,70,1.08,671.0,31.512,41.25,38.42,0,36.97
2019-09-26,269,15,30.5,30.5,26.1,74,2.28,450.0,29.948,38.51,37.41,0,32.70
2019-09-27,270,15,29.0,29.0,24.6,79,4.55,490.0,28.649,35.14,34.53,0,25.00
2019-09-28,271,12,28.7,29.4,24.6,90,2.47,466.0,29.842,37.80,36.23,0,29.81
2019-09-29,272,15,28.1,28.1,24.3,78,4.04,297.0,27.347,32.95,32.03,0,19.67
2019-09-30,273,13,26.1,26.2,24.1,94,6.94,406.0,26.922,30.57,26.66,0,15.05
2019-10-01,274,12,30.5,30.5,24.2,72,4.36,641.0,29.626,37.50,36.84,0,28.94
2019-10-02,275,14,30.9,30.9,24.2,70,2.65,625.0,30.14,39.24,37.33,0,31.35
2019-10-03,276,12,30.6,30.9,24.5,76,1.2,813.0,31.706,41.57,38.29,0,36.69
2019-10-04,277,12,31.0,31.2,24.0,72,1.08,762.0,31.668,41.50,38.21,0,35.96
2019-10-05,278,13,31.2,31.2,24.1,68,0.85,766.0,31.735,41.49,37.52,0,35.94
2019-10-06,279,12,31.1,31.4,23.6,66,0.54,704.0,31.896,41.07,36.68,0,35.04
2019-10-07,280,12,31.4,31.7,23.5,66,1.0,791.0,31.54,41.57,37.43,0,34.90
2019-10-08,281,13,32.2,32.3,24.0,61,1.08,792.0,31.608,42.03,37.86,0,36.10
2019-10-09,282,13,32.5,32.6,24.4,61,0.72,779.0,32.409,42.52,38.6,0,38.71
2019-10-10,283,13,32.6,32.7,24.3,57,1.61,771.0,30.973,41.74,37.54,0,34.92
2019-10-11,284,12,32.1,33.1,22.3,51,0.4,844.0,31.72,41.31,34.8,0,32.67
2019-10-12,285,12,32.5,33.2,20.7,43,2.06,853.0,28.934,40.65,33.63,0,26.15
2019-10-13,286,12,32.6,33.5,20.9,47,1.75,834.0,29.714,41.15,34.73,0,28.39
2019-10-14,287,14,33.9,33.9,20.9,41,0.85,740.0,30.687,42.12,35.51,0,31.22
2019-10-15,288,13,33.9,34.1,22.5,43,2.05,815.0,30.103,42.08,36.05,0,30.87
2019-10-16,289,17,31.7,34.3,22.9,72,1.2,178.0,30.427,38.71,40.24,0,31.07
2019-10-17,290,13,33.7,33.7,22.5,39,1.8,809.0,29.462,41.71,34.68,0,28.88
2019-10-18,291,12,33.2,33.7,22.9,46,1.81,806.0,30.023,41.60,35.57,0,30.66
2019-10-19,292,12,32.6,33.2,23.6,51,3.41,800.0,29.534,39.99,35.77,0,29.47
2019-10-20,293,12,31.5,32.1,23.4,59,3.2,769.0,29.528,39.26,35.66,0,28.65
2019-10-21,294,13,31.1,31.8,22.6,54,4.02,584.0,28.075,36.85,33.63,0,22.48
2019-10-22,295,14,32.4,32.4,22.9,51,3.03,656.0,29.215,39.37,35.37,0,27.45
2019-10-23,296,12,31.5,32.4,22.8,45,4.49,792.0,27.521,37.55,32.45,0,21.73
2019-10-24,297,13,32.3,32.7,21.0,36,5.55,785.0,26.768,37.66,32.01,0,19.29
2019-10-25,298,12,31.3,33.0,19.8,38,4.29,800.0,26.421,37.17,31.01,0,17.91
2019-10-26,299,15,32.3,32.4,21.6,41,4.71,486.0,27.163,36.57,32.91,0,19.58
2019-10-27,300,15,28.8,28.8,23.3,67,3.41,404.0,27.194,34.39,31.78,0,19.16
2019-10-28,301,13,30.7,31.0,24.3,69,2.53,602.0,29.833,38.89,36.52,0,30.33
2019-10-29,302,14,30.2,30.4,23.8,67,2.62,484.0,28.866,37.36,34.79,0,26.17
2019-10-30,303,12,31.8,32.3,23.8,60,2.06,721.0,30.245,40.47,36.61,0,31.70
2019-10-31,304,14,32.6,32.6,24.2,57,1.3,603.0,30.826,41.11,37.54,0,34.08
2019-11-01,305,12,32.8,33.4,24.9,54,2.63,718.0,30.194,40.70,37.05,0,33.22
2019-11-02,306,11,29.5,29.5,24.3,68,3.94,564.0,28.18,35.81,33.43,0,23.83
2019-11-03,307,11,28.6,29.3,23.0,70,0.42,372.0,28.963,36.53,31.87,0,23.74
2019-11-04,308,13,31.4,31.4,22.9,53,1.39,603.0,29.161,39.35,33.96,0,26.80
2019-11-05,309,13,31.7,31.9,23.1,52,0.92,670.0,29.944,40.17,34.29,0,29.24
2019-11-06,310,11,30.2,31.3,23.2,60,1.43,648.0,28.973,38.74,33.22,0,26.09
2019-11-07,311,13,29.1,29.1,23.1,62,0.85,641.0,28.753,37.99,31.53,0,24.38
2019-11-08,312,13,30.7,31.2,22.9,53,2.52,612.0,27.994,37.74,32.7,0,22.97
2019-11-09,313,12,30.7,30.9,23.0,56,2.66,677.0,28.434,38.15,33.32,0,24.44
2019-11-10,314,15,30.6,30.9,23.3,57,0.28,380.0,29.417,37.14,33.35,0,25.93
2019-11-11,315,12,31.6,31.8,23.2,49,1.93,673.0,28.666,39.29,33.42,0,25.98
2019-11-12,316,11,31.5,32.5,21.1,47,2.51,657.0,28.044,38.51,32.84,0,22.62
2019-11-13,317,12,31.9,32.1,21.4,47,1.89,702.0,28.752,39.66,33.5,0,25.04
2019-11-14,318,11,30.8,32.2,21.7,48,2.14,636.0,27.648,37.98,31.92,0,21.15
2019-11-15,319,15,31.4,31.5,21.2,37,1.14,484.0,26.897,37.66,31.0,0,19.16
2019-11-16,320,13,31.5,31.5,21.0,40,1.12,660.0,27.905,38.96,31.58,0,22.22
2019-11-17,321,13,32.2,32.4,21.4,38,2.41,701.0,27.525,39.08,32.21,0,21.82
2019-11-18,322,13,31.0,31.2,19.4,38,1.63,681.0,26.828,38.19,30.63,0,19.27
2019-11-19,323,13,29.9,30.1,18.3,37,0.63,702.0,26.959,37.48,29.26,0,18.50
2019-11-20,324,14,30.1,30.1,18.6,41,0.89,611.0,26.965,37.39,29.92,0,18.69
2019-11-21,325,14,31.8,31.8,19.1,43,1.98,616.0,27.901,38.79,32.53,0,22.44
2019-11-22,326,14,31.6,31.6,20.4,42,0.28,604.0,29.291,38.26,32.05,0,24.51
2019-11-23,327,13,31.0,31.2,19.5,40,1.78,654.0,26.966,38.08,30.91,0,19.56
2019-11-24,328,15,31.2,31.3,20.2,41,0.51,464.0,28.127,37.77,31.33,0,21.68
2019-11-25,329,13,31.1,31.4,20.4,45,2.04,671.0,27.639,38.39,31.85,0,21.40
2019-11-26,330,14,31.1,31.1,20.2,42,1.0,603.0,27.817,38.41,31.35,0,21.57
2019-11-27,331,13,29.9,30.2,20.2,51,0.58,571.0,28.49,37.77,31.06,0,22.27
2019-11-28,332,14,29.8,29.9,20.4,52,1.6,593.0,27.421,37.34,31.06,0,19.94
2019-11-29,333,13,29.3,29.7,19.4,51,1.8,674.0,26.911,37.02,30.19,0,18.43
2019-11-30,334,14,29.9,30.0,19.7,48,1.08,603.0,27.452,37.53,30.6,0,19.97
2019-12-01,335,13,29.0,29.6,20.5,53,1.17,638.0,27.246,37.07,30.04,0,19.04
2019-12-02,336,14,29.7,29.7,19.0,48,3.5,601.0,26.195,35.38,30.33,0,15.94
2019-12-03,337,14,29.6,29.6,20.4,49,3.74,592.0,26.166,35.06,30.33,0,15.65
2019-12-04,338,14,28.1,28.1,20.8,53,3.54,358.0,24.862,32.22,28.85,0,10.59
2019-12-05,339,14,29.4,29.5,21.0,45,3.64,534.0,25.403,34.38,29.56,0,13.43
2019-12-06,340,13,27.2,27.2,20.3,37,3.0,458.0,22.436,31.76,26.86,0,4.98
2019-12-07,341,13,27.2,27.6,18.0,39,3.8,654.0,22.888,32.29,26.96,0,6.22
2019-12-08,342,14,27.6,27.6,16.5,42,3.44,606.0,23.608,32.89,27.45,0,8.18
2019-12-09,343,14,28.5,28.5,16.4,45,2.33,602.0,25.077,35.02,28.54,0,12.90
2019-12-10,344,13,27.9,28.4,15.5,49,1.35,663.0,25.682,35.74,28.25,0,14.46
2019-12-11,345,11,25.3,27.6,14.6,51,0.45,596.0,24.755,33.51,25.26,0,10.63
2019-12-12,346,12,25.6,26.8,14.6,48,0.95,626.0,23.809,33.55,25.53,0,8.87
2019-12-13,347,12,25.4,26.3,17.4,54,2.28,603.0,23.343,32.41,25.4,0,7.16
2019-12-14,348,13,25.5,25.9,14.5,42,2.09,666.0,22.295,32.52,25.35,0,5.26
2019-12-15,349,13,25.1,25.5,14.9,40,3.77,663.0,21.21,30.22,24.91,0,3.05
2019-12-16,350,13,24.0,24.5,13.9,40,4.1,669.0,20.201,28.78,23.75,0,2.01
2019-12-17,351,14,24.5,24.5,14.0,42,3.82,611.0,20.823,29.30,24.3,0,2.38
2019-12-18,352,14,25.9,26.1,14.5,51,2.34,593.0,23.429,32.63,25.89,0,7.49
2019-12-19,353,13,26.6,27.2,15.0,54,2.0,658.0,24.668,34.18,26.66,0,10.95
2019-12-20,354,14,27.8,27.8,15.1,48,1.14,584.0,25.461,35.28,28.07,0,13.64
2019-12-21,355,13,27.9,28.5,15.5,49,1.91,653.0,25.309,35.27,28.25,0,13.41
2019-12-22,356,14,28.3,28.4,18.0,46,3.8,588.0,24.617,33.38,28.42,0,10.80
2019-12-23,357,15,27.8,27.8,18.8,48,2.79,447.0,24.354,33.03,28.07,0,9.92
2019-12-24,358,13,27.9,28.5,18.0,49,2.14,655.0,25.207,35.08,28.25,0,13.08
2019-12-25,359,12,25.8,26.9,16.4,54,2.73,656.0,23.657,32.60,25.82,0,7.90
2019-12-26,360,13,25.2,25.6,15.0,38,3.84,680.0,21.07,30.29,24.98,0,3.10
2019-12-27,361,14,24.0,24.0,12.5,22,4.73,652.0,17.751,27.73,23.52,0,1.25
2019-12-28,362,14,24.0,24.0,11.5,26,4.61,648.0,18.337,27.85,23.57,0,1.33
2019-12-29,363,14,24.2,24.3,12.6,38,3.2,532.0,20.084,29.07,23.93,0,2.21
2019-12-30,364,14,24.8,25.0,12.8,41,2.28,628.0,21.412,31.41,24.6,0,3.91
2019-12-31,365,14,24.9,25.2,13.4,45,2.63,600.0,21.782,31.11,24.76,0,3.69
2020-01-01,1,14,25.5,25.5,15.5,52,2.4,555.0,23.077,31.99,25.48,0,6.36
2020-01-02,2,13,24.9,25.5,15.3,54,1.66,668.0,23.317,32.93,24.88,0,7.49
2020-01-03,3,12,23.3,24.6,13.1,48,1.62,655.0,21.235,31.18,23.12,0,3.74
2020-01-04,4,13,24.5,24.9,12.9,40,3.06,683.0,20.887,30.54,24.27,0,3.28
2020-01-05,5,15,25.1,25.1,12.8,34,4.21,519.0,20.154,28.66,24.83,0,1.92
2020-01-06,6,15,27.2,27.2,14.1,44,1.84,507.0,23.797,33.52,27.24,0,8.91
2020-01-07,7,14,26.8,26.8,16.3,52,2.11,476.0,24.185,33.09,27.35,0,9.38
2020-01-08,8,14,25.4,25.4,15.0,39,4.2,635.0,21.226,29.90,25.21,0,2.81
2020-01-09,9,14,22.8,22.9,11.2,27,4.11,668.0,17.609,27.28,22.32,0,0.93
2020-01-10,10,14,22.9,23.0,11.5,32,4.96,668.0,18.185,26.57,22.49,0,0.41
2020-01-11,11,15,26.3,26.3,13.0,40,3.4,510.0,22.058,30.88,26.17,0,3.64
2020-01-12,12,15,29.3,29.3,16.3,45,2.44,516.0,25.57,35.25,29.44,0,14.33
2020-01-13,13,11,24.3,24.7,15.5,65,4.0,468.0,22.773,28.94,24.39,0,3.58
2020-01-14,14,13,23.5,23.9,12.8,39,2.77,703.0,20.023,30.02,23.21,0,2.91
2020-01-15,15,13,23.0,23.5,10.5,35,2.1,716.0,19.409,30.32,22.63,0,3.12
2020-01-16,16,14,22.0,22.0,10.3,42,4.63,668.0,18.587,26.19,21.68,0,0.14
2020-01-17,17,14,23.1,23.3,10.8,44,1.39,669.0,20.823,31.14,22.86,0,3.71
2020-01-18,18,14,24.4,24.6,11.0,40,1.2,675.0,21.692,32.25,24.17,0,4.51
2020-01-19,19,14,25.3,25.4,13.0,33,3.71,672.0,20.542,30.35,25.02,0,3.14
2020-01-20,20,14,25.7,25.9,12.3,34,2.86,686.0,21.242,31.74,25.46,0,4.15
2020-01-21,21,14,26.7,26.9,11.8,32,2.1,689.0,22.098,33.38,26.31,0,5.51
2020-01-22,22,13,27.3,28.4,13.4,40,2.56,736.0,23.567,34.08,27.09,0,8.83
2020-01-23,23,14,26.7,26.8,15.7,32,4.58,694.0,21.462,31.12,26.31,0,3.69
2020-01-24,24,14,27.4,27.6,14.2,37,2.06,696.0,23.395,34.30,27.0,0,8.63
2020-01-25,25,17,25.7,28.2,12.7,59,0.85,207.0,23.725,31.19,25.78,0,7.01
2020-01-26,26,14,29.1,29.3,13.9,27,0.85,692.0,24.349,36.03,27.8,0,11.98
2020-01-27,27,13,27.8,28.4,14.7,43,3.6,736.0,24.088,33.71,27.69,0,9.77
2020-01-28,28,13,24.6,25.3,16.3,45,5.02,664.0,21.142,28.67,24.45,0,1.93
2020-01-29,29,13,23.9,24.5,12.8,31,1.66,771.0,20.027,31.71,23.53,0,4.12
2020-01-30,30,14,25.6,25.7,11.9,28,1.8,726.0,20.854,32.71,25.27,0,4.85
2020-01-31,31,13,24.9,25.6,12.4,37,1.04,770.0,22.167,33.14,24.66,0,5.47
2020-02-01,32,14,26.5,26.5,12.7,21,4.53,745.0,19.724,31.08,26.13,0,3.67
2020-02-02,33,14,27.3,27.4,14.4,28,4.84,730.0,21.398,31.71,26.53,0,4.12
2020-02-03,34,14,27.7,27.9,15.4,34,1.61,730.0,23.564,34.97,27.07,0,9.46
2020-02-04,35,14,27.7,27.7,13.2,19,3.05,756.0,20.642,33.55,26.52,0,5.45
2020-02-05,36,14,28.0,28.1,13.1,25,2.35,750.0,22.133,34.50,26.89,0,6.39
2020-02-06,37,12,26.1,27.4,14.7,31,2.5,769.0,21.443,32.85,25.84,0,4.95
2020-02-07,38,14,28.0,28.1,14.2,29,3.06,752.0,22.52,34.02,27.05,0,6.80
2020-02-08,39,14,26.6,26.7,15.4,20,4.55,781.0,19.68,31.37,26.22,0,3.88
2020-02-09,40,14,27.0,27.1,14.7,27,4.44,770.0,21.124,31.88,26.31,0,4.25
2020-02-10,41,15,28.5,28.5,14.6,30,2.62,648.0,23.034,34.38,27.47,0,8.18
2020-02-11,42,15,30.7,30.7,15.6,37,0.91,637.0,26.972,37.87,30.15,0,19.14
2020-02-12,43,14,31.9,32.0,18.1,29,1.08,763.0,26.845,39.19,30.59,0,20.01
2020-02-13,44,14,32.6,32.6,17.5,26,5.28,751.0,25.35,37.68,31.05,0,16.27
2020-02-14,45,13,31.2,31.8,18.1,26,2.85,818.0,24.818,37.72,29.6,0,14.76
2020-02-15,46,15,30.7,30.7,15.0,25,1.43,656.0,24.609,37.14,29.06,0,13.74
2020-02-16,47,14,33.2,33.3,18.1,27,3.51,774.0,26.368,39.34,31.84,0,19.68
2020-02-17,48,14,34.0,34.1,19.6,19,3.33,785.0,25.465,40.10,31.87,0,18.54
2020-02-18,49,14,33.6,33.8,17.4,20,0.45,800.0,27.88,40.45,31.55,0,23.24
2020-02-19,50,14,33.8,34.1,17.6,27,2.62,772.0,27.11,40.54,32.56,0,22.22
2020-02-20,51,12,30.4,32.4,18.0,24,2.62,830.0,23.922,37.03,28.74,0,12.25
2020-02-21,52,14,31.8,32.0,17.1,26,0.82,795.0,26.689,39.06,30.2,0,19.48
2020-02-22,53,14,31.8,31.9,18.4,20,2.62,807.0,24.227,38.22,29.79,0,14.07
2020-02-23,54,14,32.0,32.2,18.0,25,2.89,797.0,25.239,38.42,30.32,0,16.32
2020-02-24,55,12,30.1,31.8,18.0,31,2.55,829.0,24.859,37.02,28.92,0,14.08
2020-02-25,56,14,32.0,32.0,18.4,20,3.28,819.0,24.197,38.11,29.98,0,14.01
2020-02-26,57,13,32.0,32.5,17.6,23,0.0,862.0,27.418,37.32,30.16,0,19.58
2020-02-27,58,15,33.4,33.4,17.5,22,1.1,697.0,26.584,39.96,31.51,0,20.42
2020-02-28,59,13,33.4,34.2,18.7,24,0.22,810.0,28.567,39.33,31.71,0,23.79
2020-02-29,60,13,33.1,33.7,20.9,25,2.11,861.0,26.539,40.34,31.49,0,20.60
2020-03-01,61,13,32.9,33.4,19.2,26,0.61,862.0,28.202,40.49,31.38,0,23.81
2020-03-02,62,12,32.1,33.6,18.9,24,0.51,860.0,27.484,39.54,30.34,0,21.38
2020-03-03,63,11,30.3,33.4,19.7,34,0.51,755.0,27.349,37.98,29.38,0,19.64
2020-03-04,64,13,31.6,32.5,20.0,25,3.1,893.0,25.002,38.30,29.92,0,15.64
2020-03-05,65,12,28.7,29.9,18.6,41,2.09,844.0,25.303,36.46,28.39,0,14.31
2020-03-06,66,13,28.8,29.4,19.1,32,5.76,857.0,23.273,33.66,27.82,0,8.24
2020-03-07,67,14,29.2,29.4,14.9,21,0.81,865.0,23.91,36.63,27.64,0,11.52
2020-03-08,68,14,31.4,31.6,16.5,19,1.32,867.0,24.571,38.53,29.39,0,14.79
2020-03-09,69,13,32.9,33.5,19.5,24,4.03,899.0,25.632,39.19,31.17,0,17.94
2020-03-10,70,13,31.2,32.3,19.4,29,4.61,905.0,25.034,37.09,29.85,0,14.80
2020-03-11,71,13,29.1,30.0,19.1,33,5.59,625.0,23.382,32.85,28.15,0,7.99
2020-03-12,72,13,27.9,29.0,15.8,21,3.18,937.0,21.396,34.56,26.7,0,6.18
2020-03-13,73,14,28.9,29.2,16.0,24,2.47,872.0,22.85,35.84,27.51,0,8.90
2020-03-14,74,15,31.6,31.6,16.5,13,3.67,765.0,22.153,36.97,29.43,0,9.12
2020-03-15,75,14,32.2,32.5,18.1,12,4.33,884.0,22.369,37.85,29.81,0,10.30
2020-03-16,76,14,33.7,34.0,19.5,14,2.83,887.0,24.36,40.20,31.28,0,16.30
2020-03-17,77,15,35.7,35.7,19.6,19,1.12,747.0,27.823,42.41,33.71,0,25.35
2020-03-18,78,12,35.1,36.8,21.0,22,1.2,903.0,28.277,42.71,33.41,0,26.31
2020-03-19,79,12,34.9,36.7,21.6,20,0.78,909.0,28.312,42.29,32.93,0,25.90
2020-03-20,80,12,31.8,33.8,21.7,24,3.09,915.0,25.016,38.58,30.04,0,15.92
2020-03-21,81,14,33.9,34.4,20.2,31,2.32,863.0,28.176,41.43,33.33,0,25.17
2020-03-22,82,14,35.0,35.2,23.1,29,1.17,794.0,29.37,42.65,34.47,0,30.01
2020-03-23,83,13,35.8,37.2,23.4,27,0.7,909.0,30.646,43.90,35.18,0,33.94
2020-03-24,84,14,37.2,37.2,26.4,24,3.22,799.0,29.116,44.20,36.48,0,35.25
2020-03-25,85,12,36.6,36.6,25.6,25,0.73,819.0,30.6,44.23,35.87,0,36.91
2020-03-26,86,14,32.3,32.3,25.3,41,1.94,616.0,28.077,39.24,32.91,0,27.09
2020-03-27,87,13,30.6,32.1,20.4,37,3.54,830.0,25.877,37.01,30.03,0,16.40
2020-03-28,88,13,33.0,33.8,20.1,25,2.2,952.0,26.568,40.58,31.38,0,20.79
2020-03-29,89,14,35.3,35.5,21.6,19,2.16,900.0,27.068,42.56,33.26,0,23.86
2020-03-30,90,12,35.5,37.2,21.5,24,0.32,937.0,30.622,42.73,34.21,0,31.06
2020-03-31,91,13,36.2,37.4,21.6,21,1.84,950.0,28.485,44.00,34.58,0,28.07
2020-04-01,92,14,36.1,36.3,23.4,25,2.98,883.0,28.643,43.41,35.18,0,29.80
2020-04-02,93,13,36.2,37.0,22.8,19,2.56,963.0,27.684,43.71,34.28,0,27.17
2020-04-03,94,13,38.0,38.2,23.8,16,3.35,962.0,28.029,45.36,35.88,0,30.78
2020-04-04,95,13,38.3,38.5,22.6,15,2.39,967.0,28.326,45.88,36.05,0,30.37
2020-04-05,96,12,37.4,38.6,21.9,18,0.63,954.0,30.222,44.97,35.53,0,32.41
2020-04-06,97,14,38.5,38.7,23.0,16,0.45,902.0,30.961,45.73,36.46,0,35.86
2020-04-07,98,13,37.5,38.0,25.3,19,2.16,961.0,28.864,45.31,35.83,0,34.05
2020-04-08,99,13,37.3,37.8,23.8,23,2.6,938.0,29.398,45.13,36.39,0,33.38
2020-04-09,100,12,36.3,37.8,24.2,29,1.91,934.0,30.135,44.56,36.37,0,34.82
2020-04-10,101,14,39.0,39.1,24.9,17,0.64,892.0,30.995,46.39,37.26,0,38.92
2020-04-11,102,14,40.9,40.9,26.4,14,1.82,902.0,30.147,48.54,38.83,1,42.87
2020-04-12,103,13,41.1,41.5,26.9,13,1.98,964.0,29.992,48.92,38.79,2,45.08
2020-04-13,104,13,41.4,41.5,28.2,13,4.38,970.0,29.429,49.15,39.14,3,47.50
2020-04-14,105,13,41.1,41.3,27.9,15,2.91,963.0,30.199,49.09,39.34,4,50.30
2020-04-15,106,13,40.5,40.5,28.8,16,5.39,949.0,29.475,48.24,38.88,5,50.87
2020-04-16,107,14,40.8,41.1,26.3,16,4.5,895.0,29.778,48.34,39.26,6,50.41
2020-04-17,108,13,39.3,40.2,27.6,21,3.94,945.0,30.127,47.04,38.68,7,51.42
2020-04-18,109,13,39.8,40.3,28.7,17,4.22,958.0,29.441,47.44,38.26,8,51.55
2020-04-19,110,13,38.7,39.2,27.5,20,3.86,960.0,29.455,46.32,37.58,0,39.11
2020-04-20,111,14,39.1,39.2,27.5,18,5.25,904.0,28.927,46.34,37.62,0,38.14
2020-04-21,112,11,37.3,39.6,26.7,30,2.59,851.0,30.69,45.15,38.25,0,39.91
2020-04-22,113,12,39.4,40.8,27.2,23,3.09,918.0,30.864,47.40,39.43,1,44.56
2020-04-23,114,13,40.5,41.0,28.2,18,5.41,964.0,30.045,48.42,39.46,2,46.59
2020-04-24,115,13,39.3,39.8,27.6,21,4.63,955.0,30.001,46.96,38.68,0,41.13
2020-04-25,116,11,36.0,38.9,25.4,30,5.04,868.0,29.056,42.61,36.16,0,32.70
2020-04-26,117,12,38.0,39.8,26.0,27,3.54,942.0,30.515,45.81,38.48,0,39.33
2020-04-27,118,13,38.2,39.4,26.4,28,2.56,947.0,31.205,46.54,39.12,0,41.87
2020-04-28,119,13,40.5,40.7,26.1,18,1.84,949.0,31.069,48.71,39.46,1,44.62
2020-04-29,120,12,41.2,41.7,28.4,17,3.76,864.0,30.474,48.85,40.08,2,48.17
2020-04-30,121,14,42.2,42.2,29.6,15,1.66,804.0,31.335,49.71,40.72,3,53.72
2020-05-01,122,12,41.0,42.2,29.3,19,3.49,950.0,31.056,49.15,40.48,4,54.02
2020-05-02,123,14,41.8,42.2,27.4,17,5.3,904.0,30.699,49.79,40.9,5,53.42
2020-05-03,124,11,37.3,42.0,27.0,34,3.75,864.0,31.105,44.83,39.56,6,51.31
2020-05-04,125,12,39.4,41.9,28.1,29,3.5,940.0,32.078,47.66,41.58,7,57.22
2020-05-05,126,12,40.4,41.9,29.0,27,2.77,937.0,32.697,49.05,42.58,8,60.81
2020-05-06,127,11,38.5,42.1,28.6,31,1.9,868.0,32.228,47.01,40.7,9,57.29
2020-05-07,128,12,39.5,42.2,27.1,24,1.79,960.0,31.819,48.11,39.92,10,55.27
2020-05-08,129,12,40.4,42.6,27.7,23,3.22,955.0,31.672,48.74,40.99,11,56.55
2020-05-09,130,12,39.6,41.9,27.9,27,3.06,944.0,31.958,47.98,41.16,12,56.84
2020-05-10,131,12,39.6,41.6,27.6,25,2.34,948.0,31.803,48.13,40.42,13,56.03
2020-05-11,132,12,38.6,40.5,27.4,30,3.54,943.0,31.61,46.70,40.51,14,54.43
2020-05-12,133,12,38.6,40.8,27.5,33,2.34,935.0,32.579,47.38,41.67,15,57.30
2020-05-13,134,12,39.7,41.4,29.1,30,2.9,927.0,32.687,48.27,42.56,16,60.34
2020-05-14,135,13,40.7,41.2,29.4,23,2.84,934.0,32.001,49.13,41.48,17,59.62
2020-05-15,136,12,40.3,41.0,29.6,23,2.83,887.0,31.615,48.45,40.83,18,58.39
2020-05-16,137,11,38.7,41.3,30.0,30,4.1,860.0,31.449,46.27,40.69,19,56.91
2020-05-17,138,13,41.2,41.4,29.0,18,5.14,952.0,30.606,49.25,40.42,20,56.21
2020-05-18,139,13,40.1,40.6,29.0,23,4.06,899.0,31.146,47.93,40.52,21,56.31
2020-05-19,140,12,39.7,41.5,28.0,25,4.16,944.0,31.323,47.67,40.59,22,55.32
2020-05-20,141,13,42.8,43.5,28.7,15,4.64,868.0,30.912,50.67,41.5,23,57.86
2020-05-21,142,13,42.5,43.3,28.6,15,4.68,964.0,30.805,50.69,41.11,24,57.42
2020-05-22,143,13,42.6,43.2,28.0,14,5.0,959.0,30.503,50.75,40.88,25,56.10
2020-05-23,144,12,40.4,42.6,27.4,21,4.3,947.0,30.914,48.37,40.28,26,54.24
2020-05-24,145,12,40.7,42.9,27.9,20,5.32,948.0,30.72,48.70,40.38,27,54.73
2020-05-25,146,12,40.0,42.7,27.8,25,4.78,947.0,31.45,47.98,41.08,28,55.73
2020-05-26,147,12,40.6,43.1,27.2,24,5.31,946.0,31.616,48.73,41.7,29,56.12
2020-05-27,148,14,42.6,43.4,27.7,23,5.57,883.0,32.854,51.16,44.68,30,61.90
2020-05-28,149,13,41.6,43.2,29.0,26,5.82,935.0,32.794,50.19,44.34,31,62.48
2020-05-29,150,12,39.2,42.3,29.0,33,5.17,927.0,32.342,47.14,42.87,32,58.87
2020-05-30,151,13,38.6,40.1,28.2,33,4.18,896.0,31.971,46.41,41.67,33,56.27
2020-05-31,152,13,39.0,40.7,28.1,31,2.57,923.0,32.418,47.59,41.63,34,57.83
2020-06-01,153,11,36.5,39.4,29.7,45,2.15,773.0,32.569,45.12,42.17,0,48.40
2020-06-02,154,13,39.8,39.8,29.5,29,1.2,797.0,33.301,48.22,42.32,0,51.84
2020-06-03,155,13,37.5,37.5,29.1,33,4.19,829.0,30.952,44.70,39.58,0,43.38
2020-06-04,156,16,37.2,37.8,27.6,35,2.06,462.0,30.954,43.58,39.72,0,40.88
2020-06-05,157,13,36.5,37.0,27.9,45,3.16,732.0,32.146,44.28,42.17,0,44.89
2020-06-06,158,12,34.7,34.7,27.8,55,3.01,754.0,32.004,43.06,41.96,0,43.55
2020-06-07,159,12,34.7,34.7,25.9,51,3.48,816.0,31.441,42.63,40.35,0,39.36
2020-06-08,160,14,34.1,34.8,26.6,57,2.6,673.0,31.698,42.41,41.21,0,40.82
2020-06-09,161,14,34.6,34.6,25.8,56,1.17,601.0,32.646,43.55,42.12,0,42.84
2020-06-10,162,13,35.3,35.3,27.5,54,1.79,689.0,32.784,44.33,43.11,0,46.02
2020-06-11,163,15,35.0,35.7,28.1,52,1.36,442.0,31.904,42.62,41.48,0,43.21
2020-06-12,164,13,37.0,37.5,28.7,47,2.8,795.0,33.099,45.64,44.29,0,49.40
2020-06-13,165,12,34.0,34.8,26.5,58,1.48,591.0,32.083,42.78,41.35,0,41.76
2020-06-14,166,15,35.4,35.4,26.1,55,2.28,534.0,32.465,43.44,43.83,0,43.41
2020-06-15,167,16,36.0,36.0,27.1,53,1.75,454.0,32.768,43.89,44.53,0,45.73
2020-06-16,168,14,36.6,37.1,27.6,51,2.73,823.0,33.389,45.70,45.19,0,49.04
2020-06-17,169,13,33.7,34.3,28.5,59,3.58,474.0,30.964,40.26,40.96,0,40.01
2020-06-18,170,15,35.6,35.9,27.5,52,5.46,642.0,31.797,42.27,43.0,0,42.63
2020-06-19,171,15,36.8,36.8,27.0,42,5.47,609.0,31.354,42.93,41.59,0,41.16
2020-06-20,172,15,35.8,36.0,27.4,48,5.06,618.0,31.431,42.14,41.77,0,41.27
2020-06-21,173,13,35.9,35.9,27.7,50,4.7,772.0,32.08,43.31,42.88,0,44.10
2020-06-22,174,13,33.6,33.9,28.0,59,4.89,751.0,31.11,40.79,40.7,0,39.99
2020-06-23,175,14,32.9,33.2,27.0,58,3.52,422.0,30.005,38.83,38.57,0,34.52
2020-06-24,176,14,35.0,35.1,28.1,56,3.0,645.0,32.226,43.06,43.19,0,44.77
2020-06-25,177,12,34.1,34.1,28.2,58,2.33,432.0,31.411,41.41,41.62,0,41.58
2020-06-26,178,14,36.3,36.3,27.8,45,3.11,696.0,31.922,43.88,41.7,0,43.89
2020-06-27,179,14,38.8,39.0,28.3,37,3.33,802.0,32.922,46.84,43.83,0,49.29
2020-06-28,180,14,38.9,39.0,29.1,37,3.39,746.0,32.905,46.68,44.06,0,50.17
2020-06-29,181,13,37.5,38.2,30.0,45,2.02,763.0,33.499,46.42,44.59,0,52.35
2020-06-30,182,15,36.8,36.8,28.6,48,0.76,562.0,33.924,45.37,44.26,0,50.63
2020-07-01,183,14,36.9,36.9,27.9,49,2.8,772.0,33.265,45.61,45.0,0,49.02
2020-07-02,184,14,37.9,38.1,27.7,38,3.3,685.0,32.14,45.22,42.32,0,45.38
2020-07-03,185,13,38.0,38.0,28.6,41,1.94,686.0,33.196,46.33,43.89,0,49.82
2020-07-04,186,14,36.0,36.3,28.2,50,0.57,664.0,34.195,45.21,43.14,0,50.15
2020-07-05,187,14,34.9,34.9,26.4,53,4.37,736.0,31.59,42.19,41.64,0,40.39
2020-07-06,188,16,29.8,29.8,25.9,78,5.83,349.0,28.927,34.60,36.53,0,27.39
2020-07-07,189,12,31.2,31.7,26.6,71,7.46,547.0,29.712,37.06,38.46,0,32.18
2020-07-08,190,11,31.2,31.3,26.6,75,5.3,471.0,30.225,37.38,39.78,0,33.87
2020-07-09,191,14,33.2,34.0,26.5,63,5.51,623.0,30.964,39.80,41.18,0,37.43
2020-07-10,192,13,33.9,33.9,26.8,57,6.28,693.0,30.884,40.47,40.7,0,37.93
2020-07-11,193,13,33.4,33.4,26.8,61,5.0,682.0,31.058,40.34,40.94,0,38.25
2020-07-12,194,13,31.3,31.7,26.3,70,5.26,536.0,29.879,37.38,38.42,0,32.37
2020-07-13,195,13,32.3,32.7,25.8,61,3.04,685.0,30.415,40.15,38.11,0,34.68
2020-07-14,196,13,32.1,32.4,25.9,68,0.89,651.0,32.226,42.07,39.97,0,40.30
2020-07-15,197,12,32.3,32.5,27.0,72,1.82,612.0,32.005,42.02,42.08,0,41.91
2020-07-16,198,16,32.3,32.5,26.5,68,1.4,406.0,31.261,40.68,40.55,0,38.39
2020-07-17,199,14,33.1,33.2,25.5,62,3.82,730.0,31.171,40.89,40.52,0,37.19
2020-07-18,200,12,32.7,32.7,26.1,62,4.39,749.0,30.718,40.07,39.46,0,36.05
2020-07-19,201,13,33.4,33.6,26.7,58,4.02,676.0,30.834,40.53,39.81,0,37.43
2020-07-20,202,14,33.9,34.2,26.9,54,4.94,724.0,30.703,40.61,39.57,0,37.39
2020-07-21,203,14,33.4,33.4,26.5,54,5.64,747.0,30.185,39.84,38.4,0,34.95
2020-07-22,204,14,34.8,34.8,27.2,49,4.39,645.0,30.813,41.26,39.83,0,38.51
2020-07-23,205,15,34.3,34.3,27.7,56,2.56,641.0,31.707,42.44,41.33,0,42.19
2020-07-24,206,13,33.0,33.3,26.2,64,1.56,785.0,32.26,43.02,41.01,0,41.79
2020-07-25,207,12,32.5,32.5,26.4,65,0.92,694.0,32.327,42.44,40.0,0,41.35
2020-07-26,208,14,32.6,33.0,25.9,64,3.42,752.0,31.066,40.82,39.91,0,37.18
2020-07-27,209,14,34.0,34.3,26.4,58,3.04,763.0,31.753,42.45,41.35,0,40.77
2020-07-28,210,14,35.0,35.1,27.1,50,4.24,778.0,31.356,42.32,40.68,0,40.50
2020-07-29,211,13,34.1,34.1,27.4,58,2.4,684.0,31.916,42.72,41.62,0,42.55
2020-07-30,212,12,31.2,31.2,26.8,71,1.57,567.0,30.878,40.38,38.46,0,37.02
2020-07-31,213,15,32.0,32.4,26.2,68,1.3,516.0,31.351,41.00,39.69,0,38.12
2020-08-01,214,14,34.2,34.2,26.6,59,2.28,760.0,32.323,43.41,42.31,0,43.14
2020-08-02,215,13,34.5,34.5,27.1,55,1.92,835.0,32.396,43.98,41.44,0,43.95
2020-08-03,216,14,34.9,34.9,27.4,55,2.22,767.0,32.49,43.98,42.48,0,44.86
2020-08-04,217,14,35.0,35.0,27.0,57,2.04,780.0,32.952,44.53,43.64,0,46.09
2020-08-05,218,13,35.8,35.8,28.4,54,2.06,653.0,33.032,44.64,44.46,0,48.26
2020-08-06,219,13,32.5,32.5,26.6,72,2.83,599.0,31.789,41.36,42.72,0,40.80
2020-08-07,220,12,31.0,31.0,26.2,75,4.39,559.0,30.296,38.06,39.17,0,33.81
2020-08-08,221,13,31.9,31.9,25.7,69,4.75,618.0,30.531,38.81,39.76,0,34.43
2020-08-09,222,15,28.1,28.1,26.0,89,3.89,244.0,28.346,33.71,34.08,0,24.86
2020-08-10,223,15,30.6,30.6,26.0,73,3.04,388.0,29.595,37.41,37.4,0,31.12
2020-08-11,224,11,30.8,31.5,26.3,77,2.92,613.0,30.711,39.51,39.22,0,35.78
2020-08-12,225,12,31.0,31.0,25.9,73,5.5,587.0,29.978,37.42,38.53,0,32.16
2020-08-13,226,12,27.2,27.2,25.5,92,5.25,199.0,27.511,31.13,32.02,0,20.06
2020-08-14,227,14,28.2,28.2,25.0,86,2.82,252.0,28.321,34.72,33.69,0,24.22
2020-08-15,228,13,30.8,30.8,25.3,76,4.19,783.0,30.593,39.09,38.89,0,33.96
2020-08-16,229,14,28.5,28.9,25.7,90,3.2,266.0,28.995,35.33,35.58,0,27.46
2020-08-17,230,13,30.3,30.3,25.9,77,2.78,613.0,30.267,38.96,37.71,0,33.51
2020-08-18,231,14,28.8,29.2,25.5,86,3.56,374.0,29.091,35.71,35.51,0,27.66
2020-08-19,232,13,29.0,29.0,24.8,85,2.73,374.0,29.346,36.74,35.87,0,28.20
2020-08-20,233,13,29.3,29.3,25.3,85,3.3,562.0,29.907,37.70,36.82,0,30.89
2020-08-21,234,11,29.8,29.8,25.3,79,1.53,430.0,30.07,38.68,36.79,0,31.89
2020-08-22,235,12,29.7,29.7,25.8,79,3.09,413.0,29.417,36.93,36.5,0,29.87
2020-08-23,236,14,25.9,26.1,25.1,95,5.52,70.0,26.07,27.43,26.46,0,12.34
2020-08-24,237,11,28.3,28.3,25.0,85,8.54,416.0,28.129,33.01,33.76,0,22.66
2020-08-25,238,14,31.8,31.8,25.3,65,6.01,747.0,30.0,38.45,38.14,0,32.10
2020-08-26,239,13,31.0,31.0,24.6,70,4.55,723.0,29.975,38.26,37.6,0,30.90
2020-08-27,240,13,30.3,30.4,24.5,77,3.86,734.0,30.21,38.54,37.71,0,31.46
2020-08-28,241,13,30.4,30.4,24.8,75,3.16,540.0,29.912,38.14,37.42,0,30.86
2020-08-29,242,13,30.4,30.4,25.3,73,2.15,560.0,30.036,39.02,36.85,0,32.10
2020-08-30,243,14,26.7,26.7,24.7,96,3.67,197.0,27.538,32.24,31.26,0,19.70
2020-08-31,244,12,28.6,29.3,24.1,82,4.03,625.0,28.879,36.05,34.04,0,25.32
2020-09-01,245,14,30.8,30.9,24.0,63,3.58,612.0,28.996,37.61,35.17,0,26.97
2020-09-02,246,13,31.2,31.5,24.0,62,1.94,800.0,30.132,40.38,35.8,0,31.35
2020-09-03,247,12,30.5,30.5,25.3,74,1.5,615.0,30.696,40.10,37.41,0,34.33
2020-09-04,248,12,32.1,32.5,25.2,63,1.8,785.0,31.142,41.60,38.26,0,36.46
2020-09-05,249,11,31.8,32.5,25.4,71,1.46,762.0,31.963,42.19,40.18,0,39.38
2020-09-06,250,13,32.9,33.0,25.1,59,2.93,797.0,30.948,41.35,38.91,0,36.04
2020-09-07,251,13,32.2,32.5,25.8,64,3.41,780.0,30.737,40.42,38.85,0,35.76
2020-09-08,252,15,31.9,31.9,25.1,62,2.91,609.0,30.061,39.47,37.45,0,32.46
2020-09-09,253,13,32.0,32.4,24.6,67,2.11,751.0,31.287,41.45,39.34,0,36.33
2020-09-10,254,13,32.9,33.2,25.8,59,2.33,811.0,31.188,41.92,38.91,0,37.72
2020-09-11,255,12,32.4,32.4,26.3,63,2.72,795.0,31.031,41.25,39.03,0,37.56
2020-09-12,256,13,30.4,31.0,25.5,81,2.14,541.0,30.858,39.83,39.23,0,35.35
2020-09-13,257,13,31.5,31.5,26.3,70,2.15,575.0,30.787,40.22,38.97,0,36.34
2020-09-14,258,13,31.3,31.3,25.8,67,1.93,680.0,30.574,40.39,37.48,0,34.92
2020-09-15,259,13,31.6,31.9,25.6,66,1.28,736.0,31.297,41.41,37.95,0,36.96
2020-09-16,260,13,31.2,31.2,26.3,72,2.5,670.0,30.783,40.19,38.78,0,36.24
2020-09-17,261,12,31.3,31.6,26.3,77,2.98,621.0,31.193,40.21,40.79,0,37.78
2020-09-18,262,12,31.1,31.1,26.4,67,2.5,720.0,30.219,39.82,36.97,0,34.35
2020-09-19,263,14,32.4,32.4,26.0,67,0.67,683.0,32.859,42.62,40.46,0,42.19
2020-09-20,264,12,32.5,32.5,26.7,71,2.56,682.0,31.914,41.87,42.31,0,41.37
2020-09-21,265,15,34.3,34.3,25.9,63,2.62,604.0,32.501,43.01,44.37,0,43.13
2020-09-22,266,13,34.4,34.8,26.8,57,4.05,837.0,31.863,42.51,42.01,0,41.74
2020-09-23,267,13,33.8,34.0,27.0,63,3.42,836.0,32.2,42.73,42.88,0,43.09
2020-09-24,268,14,33.2,33.2,25.9,64,2.31,764.0,32.0,42.61,41.58,0,40.86
2020-09-25,269,15,32.3,32.3,26.2,64,1.33,575.0,31.3,41.26,39.11,0,37.99
2020-09-26,270,13,30.9,31.3,25.2,60,3.84,758.0,28.922,38.01,34.63,0,28.32
2020-09-27,271,13,30.3,31.1,23.6,60,1.61,680.0,29.014,38.89,33.41,0,26.81
2020-09-28,272,12,30.5,31.0,22.9,68,1.75,721.0,30.11,39.84,35.75,0,29.62
2020-09-29,273,13,31.6,31.7,23.6,60,1.8,738.0,30.227,40.52,36.16,0,31.30
2020-09-30,274,13,31.7,31.7,24.5,59,2.41,680.0,29.808,39.77,36.1,0,31.00
2020-10-01,275,13,32.8,33.1,24.8,55,2.42,761.0,30.473,41.16,37.36,0,34.07
2020-10-02,276,13,34.0,34.6,24.8,49,2.22,857.0,31.027,42.71,38.06,0,36.50
2020-10-03,277,13,33.9,34.5,24.5,48,2.25,863.0,30.797,42.52,37.53,0,35.38
2020-10-04,278,17,32.1,34.6,23.7,66,0.63,232.0,30.84,39.27,39.27,0,32.83
2020-10-05,279,13,33.7,34.2,24.2,47,2.92,839.0,30.186,41.60,36.81,0,32.95
2020-10-06,280,17,32.6,35.2,24.5,70,1.08,219.0,31.31,40.16,42.22,0,36.39
2020-10-07,281,17,33.2,36.2,24.8,60,1.34,222.0,30.56,39.59,40.03,0,34.10
2020-10-08,282,13,35.3,35.9,23.1,36,1.94,847.0,30.355,43.45,36.6,0,33.24
2020-10-09,283,13,35.5,35.9,24.6,30,2.5,836.0,29.208,42.99,35.4,0,32.05
2020-10-10,284,17,32.7,35.8,23.8,59,1.39,198.0,29.852,38.59,38.42,0,30.28
2020-10-11,285,17,32.8,35.6,23.0,65,1.36,200.0,30.689,39.44,40.84,0,32.44
2020-10-12,286,12,34.4,35.4,24.0,36,1.28,825.0,30.021,42.59,35.1,0,32.48
2020-10-13,287,13,35.4,35.8,23.4,34,1.78,818.0,30.145,43.38,36.23,0,33.01
2020-10-14,288,13,35.4,35.7,24.6,37,3.11,803.0,30.067,42.73,37.06,0,34.10
2020-10-15,289,12,35.6,36.1,27.3,44,4.87,776.0,30.923,42.39,39.75,0,39.62
2020-10-16,290,13,35.3,35.3,27.9,49,4.84,723.0,31.309,42.12,40.99,0,41.32
2020-10-17,291,14,33.3,33.3,26.0,58,1.7,623.0,31.374,41.92,39.55,0,38.54
2020-10-18,292,15,32.0,32.0,26.1,70,0.41,517.0,32.805,41.52,40.41,0,41.39
2020-10-19,293,11,31.7,32.6,25.7,71,1.5,668.0,31.634,41.59,39.89,0,38.57
2020-10-20,294,13,33.3,33.3,26.0,58,1.0,693.0,32.119,42.66,39.55,0,40.48
2020-10-21,295,13,32.8,33.1,26.1,62,1.72,693.0,31.539,42.02,39.72,0,39.10
2020-10-22,296,13,34.4,35.0,23.7,36,2.3,785.0,29.3,41.93,35.1,0,30.29
2020-10-23,297,12,33.4,34.7,21.2,30,1.94,823.0,27.704,40.84,32.5,0,23.54
2020-10-24,298,12,32.9,33.7,19.6,30,1.35,799.0,27.649,40.41,31.88,0,22.89
2020-10-25,299,13,33.8,34.0,21.4,28,0.41,790.0,29.576,41.11,32.7,0,27.34
2020-10-26,300,12,33.3,34.0,21.6,32,2.25,786.0,27.74,40.50,32.69,0,23.43
2020-10-27,301,14,33.6,33.6,19.7,24,1.64,717.0,26.739,40.33,31.94,0,21.14
2020-10-28,302,13,32.7,32.9,19.3,27,0.45,790.0,28.498,40.07,31.26,0,24.02
2020-10-29,303,13,32.6,32.7,19.3,30,0.54,783.0,28.634,40.14,31.51,0,24.42
2020-10-30,304,14,32.6,32.6,19.6,27,0.7,681.0,27.429,39.40,31.15,0,21.48
2020-10-31,305,14,32.6,32.6,19.8,25,3.99,664.0,25.243,37.75,30.95,0,16.08
2020-11-01,306,13,32.2,32.5,20.6,26,2.5,743.0,25.622,38.66,30.62,0,17.33
2020-11-02,307,13,32.3,32.7,19.5,28,1.87,739.0,26.33,39.19,30.93,0,19.16
2020-11-03,308,13,32.5,32.7,19.8,26,1.03,767.0,26.881,39.64,30.94,0,20.53
2020-11-04,309,12,31.6,32.6,17.7,26,0.81,778.0,26.501,38.78,30.0,0,18.85
2020-11-05,310,12,31.4,32.2,17.2,32,0.45,767.0,28.191,39.00,30.37,0,22.34
2020-11-06,311,13,32.0,32.3,18.3,32,1.53,754.0,26.991,39.31,31.06,0,20.55
2020-11-07,312,13,32.7,32.9,18.9,26,2.02,757.0,26.257,39.53,31.15,0,19.35
2020-11-08,313,12,32.1,32.8,18.7,26,3.45,766.0,25.297,38.06,30.51,0,16.24
2020-11-09,314,13,32.1,32.3,18.3,25,1.77,754.0,25.72,38.94,30.42,0,17.64
2020-11-10,315,12,31.4,32.1,17.8,27,2.32,760.0,25.249,38.04,29.88,0,15.91
2020-11-11,316,12,31.0,31.9,17.7,26,3.21,759.0,24.456,36.98,29.41,0,13.46
2020-11-12,317,13,31.1,31.3,18.7,23,3.13,748.0,24.002,36.99,29.31,0,12.58
2020-11-13,318,15,32.0,32.2,19.3,29,0.76,514.0,26.67,38.00,30.7,0,18.87
2020-11-14,319,13,33.0,33.2,19.5,36,2.2,714.0,28.017,40.07,32.98,0,23.75
2020-11-15,320,12,32.6,33.0,21.7,42,2.6,711.0,28.403,39.65,33.58,0,24.40
2020-11-16,321,13,32.7,33.0,20.8,32,1.0,717.0,27.992,40.01,31.91,0,23.26
2020-11-17,322,12,31.5,32.4,19.9,41,1.51,715.0,27.841,39.13,31.74,0,22.28
2020-11-18,323,11,28.6,30.6,19.0,44,2.02,630.0,25.224,35.49,28.56,0,13.53
2020-11-19,324,12,28.9,30.3,17.2,32,2.79,732.0,23.76,35.16,27.91,0,10.28
2020-11-20,325,12,29.4,30.1,18.3,36,2.77,715.0,24.736,35.75,28.66,0,12.83
2020-11-21,326,14,29.8,29.8,17.4,30,3.4,639.0,23.885,35.03,28.57,0,10.67
2020-11-22,327,14,29.8,29.8,17.0,28,1.84,641.0,24.098,36.13,28.44,0,11.81
2020-11-23,328,12,29.0,30.3,16.4,38,0.1,716.0,26.865,34.79,28.43,0,16.07
2020-11-24,329,13,30.5,30.9,14.9,28,0.51,715.0,26.454,37.58,29.08,0,17.55
2020-11-25,330,14,31.3,31.3,16.9,31,0.7,606.0,26.809,37.96,30.15,0,18.89
2020-11-26,331,12,29.5,30.1,19.1,47,2.87,680.0,26.187,36.10,29.93,0,16.29
2020-11-27,332,14,30.0,30.0,19.6,30,5.55,624.0,23.683,33.86,28.75,0,9.51
2020-11-28,333,13,29.4,29.8,17.4,28,4.36,708.0,23.163,34.22,28.09,0,8.54
2020-11-29,334,14,31.2,31.2,18.2,36,2.53,593.0,26.123,37.22,30.62,0,17.23
2020-11-30,335,13,32.2,32.5,20.5,38,0.81,662.0,28.622,39.65,32.21,0,24.31
2020-12-01,336,13,32.3,32.6,19.9,36,1.66,679.0,27.625,39.43,32.01,0,22.19
2020-12-02,337,13,32.2,32.6,18.6,26,2.78,688.0,25.43,38.21,30.62,0,16.64
2020-12-03,338,13,31.8,32.3,17.2,30,1.88,686.0,26.145,38.49,30.59,0,18.19
2020-12-04,339,14,32.4,32.4,17.1,26,0.92,615.0,26.55,38.78,30.83,0,19.25
2020-12-05,340,13,31.8,32.2,16.7,31,0.54,678.0,27.814,38.88,30.7,0,21.66
2020-12-06,341,13,32.5,32.8,17.8,27,1.8,680.0,26.237,39.08,31.04,0,18.96
2020-12-07,342,14,32.8,32.8,17.5,25,1.2,610.0,26.375,39.08,31.16,0,19.26
2020-12-08,343,13,32.2,32.6,17.6,28,1.22,677.0,26.572,38.99,30.82,0,19.44
2020-12-09,344,14,32.5,32.5,17.4,25,1.3,609.0,26.046,38.75,30.84,0,18.28
2020-12-10,345,14,30.9,31.2,18.0,32,1.0,351.0,25.414,35.94,29.82,0,14.68
2020-12-11,346,15,24.2,24.2,20.7,73,1.2,337.0,23.977,31.55,24.39,0,7.74
2020-12-12,347,13,27.8,28.2,17.9,49,2.06,610.0,25.06,34.80,28.15,0,12.56
2020-12-13,348,13,27.3,27.5,16.9,42,1.41,625.0,24.169,34.54,27.2,0,10.34
2020-12-14,349,12,27.0,27.6,16.5,50,2.11,616.0,24.447,34.04,27.42,0,10.58
2020-12-15,350,11,25.2,27.2,17.1,55,2.41,582.0,23.177,31.99,25.21,0,6.55
2020-12-16,351,12,26.0,27.1,16.2,48,3.77,664.0,22.932,31.45,25.95,0,5.70
2020-12-17,352,14,26.1,26.1,15.3,37,3.3,619.0,21.733,31.37,25.92,0,3.88
2020-12-18,353,14,26.3,26.4,13.7,44,2.86,614.0,22.864,32.27,26.22,0,6.16
2020-12-19,354,14,26.8,26.9,14.0,37,3.18,624.0,22.371,32.23,26.58,0,5.20
2020-12-20,355,14,26.8,26.8,13.6,24,3.83,582.0,20.315,31.03,26.09,0,3.63
2020-12-21,356,14,27.5,27.6,13.4,31,1.84,629.0,22.628,33.96,26.79,0,6.94
2020-12-22,357,14,27.7,27.8,12.7,32,1.0,619.0,23.552,34.58,26.97,0,9.12
2020-12-23,358,14,28.1,28.1,13.2,31,1.84,616.0,23.1,34.46,27.22,0,8.27
2020-12-24,359,14,28.2,28.2,13.5,29,2.42,625.0,22.659,34.09,27.2,0,7.16
2020-12-25,360,14,29.5,29.7,15.9,32,3.57,620.0,23.871,34.52,28.44,0,10.23
2020-12-26,361,14,29.2,29.4,16.2,35,0.5,614.0,26.136,36.25,28.38,0,15.73
2020-12-27,362,12,27.3,28.0,15.5,31,4.03,675.0,21.888,32.07,26.65,0,4.39
2020-12-28,363,14,23.0,23.1,10.5,16,3.19,662.0,16.349,28.48,22.39,0,1.79
2020-12-29,364,14,23.4,23.4,11.0,21,4.17,652.0,17.22,27.67,22.87,0,1.21
2020-12-30,365,14,24.3,24.4,11.5,34,4.25,639.0,19.672,28.59,23.99,0,1.87
2020-12-31,366,15,25.8,25.8,13.2,43,3.4,501.0,21.964,30.42,25.68,0,3.19
2021-01-01,1,13,27.5,28.1,15.7,48,0.5,656.0,26.465,35.69,27.76,0,15.72
2021-01-02,2,13,26.7,27.1,15.6,36,2.52,644.0,22.382,32.88,26.48,0,5.69
2021-01-03,3,14,25.5,25.6,11.4,27,2.21,618.0,20.218,31.63,25.16,0,4.07
2021-01-04,4,12,25.0,26.4,12.2,41,0.78,615.0,22.688,32.69,24.81,0,6.13
2021-01-05,5,13,25.7,26.2,13.8,35,2.26,693.0,21.591,32.43,25.47,0,4.64
2021-01-06,6,14,26.1,26.3,12.7,27,2.28,661.0,20.764,32.36,25.79,0,4.60
2021-01-07,7,14,27.6,27.8,14.6,49,2.26,559.0,24.693,34.12,27.94,0,11.30
2021-01-08,8,14,28.1,28.2,16.6,55,0.92,531.0,26.631,35.82,29.05,0,16.60
2021-01-09,9,14,28.5,28.6,16.9,51,1.56,574.0,26.103,35.84,29.14,0,15.65
2021-01-10,10,14,29.2,29.4,17.3,53,1.75,633.0,26.999,36.87,30.32,0,18.53
2021-01-11,11,13,29.1,29.9,17.6,52,1.77,685.0,26.889,36.95,30.05,0,18.28
2021-01-12,12,14,28.3,28.4,16.4,41,2.77,653.0,24.348,34.49,28.01,0,10.94
2021-01-13,13,13,26.8,27.3,13.8,36,3.05,730.0,22.458,32.93,26.54,0,5.87
2021-01-14,14,14,27.2,27.2,12.8,32,2.47,680.0,22.351,33.48,26.63,0,6.06
2021-01-15,15,15,28.7,28.7,14.5,41,0.94,541.0,25.48,35.58,28.39,0,14.01
2021-01-16,16,14,29.5,29.6,15.3,45,1.43,661.0,26.554,37.06,29.68,0,17.58
2021-01-17,17,12,28.7,30.9,16.1,52,1.17,691.0,26.985,36.97,29.51,0,18.28
2021-01-18,18,14,30.2,30.4,14.8,34,0.61,675.0,26.747,37.44,29.28,0,18.08
2021-01-19,19,13,27.8,28.9,14.5,40,0.67,732.0,25.546,35.79,27.49,0,13.95
2021-01-20,20,14,28.7,28.9,14.1,36,0.1,685.0,26.231,34.24,28.0,0,14.31
2021-01-21,21,14,29.2,29.3,14.9,30,2.06,696.0,23.922,35.77,28.04,0,11.07
2021-01-22,22,12,27.8,30.0,12.3,32,0.51,723.0,24.855,35.37,27.04,0,12.17
2021-01-23,23,13,27.8,28.8,15.2,44,2.28,741.0,24.621,35.04,27.76,0,11.76
2021-01-24,24,14,27.3,27.5,12.7,23,1.64,718.0,21.544,34.12,26.36,0,5.86
2021-01-25,25,14,26.2,26.4,13.2,24,3.45,725.0,20.152,31.64,25.85,0,4.07
2021-01-26,26,13,25.5,26.3,12.4,27,3.55,777.0,20.092,31.19,25.16,0,3.74
2021-01-27,27,14,25.6,25.8,12.0,25,3.08,735.0,19.934,31.50,25.23,0,3.97
2021-01-28,28,14,26.7,26.9,12.0,20,3.67,740.0,19.866,31.96,25.9,0,4.31
2021-01-29,29,14,25.7,25.9,12.1,19,4.25,754.0,18.827,30.53,25.26,0,3.27
2021-01-30,30,13,26.1,26.9,12.3,19,3.86,802.0,19.282,31.53,25.68,0,4.00
2021-01-31,31,14,28.7,28.9,11.6,20,2.9,748.0,21.629,34.62,27.24,0,6.31
2021-02-01,32,13,29.7,30.5,13.1,25,2.42,787.0,23.538,36.29,28.19,0,10.78
2021-02-02,33,13,30.4,31.7,13.5,28,0.81,784.0,25.879,37.76,28.98,0,16.56
2021-02-03,34,14,31.6,31.7,15.2,22,0.1,730.0,26.5,36.34,29.72,0,16.98
2021-02-04,35,13,30.0,30.5,15.9,24,1.41,785.0,24.172,37.06,28.39,0,12.61
2021-02-05,36,14,28.6,28.6,14.8,18,3.26,762.0,21.097,34.27,27.12,0,6.02
2021-02-06,37,13,27.2,27.5,15.3,20,5.2,820.0,20.097,31.80,26.21,0,4.19
2021-02-07,38,14,28.1,28.2,14.8,19,4.4,778.0,20.683,33.03,26.79,0,5.08
2021-02-08,39,14,29.4,29.5,14.5,21,3.93,777.0,22.149,34.74,27.79,0,6.89
2021-02-09,40,15,31.3,31.3,13.7,21,0.32,636.0,25.755,36.81,29.39,0,15.79
2021-02-10,41,13,31.1,31.8,14.2,20,1.02,812.0,24.752,38.07,29.17,0,14.72
2021-02-11,42,13,31.7,32.2,15.1,21,2.19,806.0,24.523,38.39,29.75,0,14.73
2021-02-12,43,13,32.2,33.2,16.3,25,1.42,819.0,26.177,39.45,30.52,0,18.91
2021-02-13,44,13,32.6,33.3,16.3,23,0.28,817.0,27.758,38.84,30.77,0,21.55
2021-02-14,45,13,32.4,33.0,16.6,18,0.67,829.0,25.979,39.21,30.25,0,18.27
2021-02-15,46,14,31.6,31.7,17.9,25,2.91,754.0,24.84,37.77,29.92,0,14.95
2021-02-16,47,13,31.0,31.6,17.2,25,1.89,835.0,24.921,38.13,29.34,0,15.15
2021-02-17,48,13,32.5,32.8,16.8,16,2.92,852.0,23.868,38.84,30.26,0,14.01
2021-02-18,49,12,31.2,31.3,17.3,31,4.33,800.0,25.268,36.81,30.04,0,15.11
2021-02-19,50,12,31.1,32.0,18.3,29,3.83,811.0,24.976,37.00,29.75,0,14.59
2021-02-20,51,14,31.7,31.7,19.5,17,3.52,814.0,23.264,37.53,29.58,0,11.68
2021-02-21,52,15,32.5,32.6,18.3,19,3.3,695.0,24.172,38.00,30.39,0,14.03
2021-02-22,53,14,33.9,34.0,17.9,19,0.41,809.0,27.922,40.51,31.77,0,23.44
2021-02-23,54,14,34.4,34.6,18.4,15,0.85,820.0,26.411,40.92,31.99,0,20.96
2021-02-24,55,12,32.7,34.6,17.3,21,0.51,833.0,27.296,39.77,30.71,0,21.33
2021-02-25,56,13,33.6,34.5,20.0,19,2.7,873.0,25.487,40.36,31.47,0,18.62
2021-02-26,57,12,32.2,35.1,20.0,32,1.9,836.0,27.084,39.73,31.3,0,21.12
2021-02-27,58,13,35.2,36.0,21.9,20,4.24,864.0,26.527,41.52,33.27,0,22.09
2021-02-28,59,12,33.8,35.6,21.9,32,2.06,833.0,28.332,41.38,33.37,0,25.44
2021-03-01,60,13,34.5,35.0,21.6,15,3.42,900.0,25.047,40.95,32.09,0,18.45
2021-03-02,61,14,35.0,35.3,17.7,11,1.49,866.0,25.139,41.44,32.09,0,18.98
2021-03-03,62,13,35.1,36.1,18.4,12,1.12,922.0,25.974,41.81,32.36,0,20.92
2021-03-04,63,14,36.0,36.4,17.2,18,1.65,845.0,27.567,43.12,33.92,0,25.45
2021-03-05,64,12,36.3,37.9,20.3,23,1.64,861.0,28.972,43.92,35.06,0,29.11
2021-03-06,65,13,37.5,37.8,20.7,15,2.19,898.0,27.712,44.70,35.17,0,27.34
2021-03-07,66,13,35.7,37.1,21.4,16,3.72,914.0,26.14,42.33,33.37,0,21.98
2021-03-08,67,13,35.5,36.9,20.5,22,2.33,897.0,27.805,42.90,33.89,0,25.74
2021-03-09,68,12,35.6,37.3,22.4,18,1.04,880.0,27.909,42.78,33.48,0,26.16
2021-03-10,69,12,35.2,36.9,22.6,20,0.86,879.0,28.328,42.50,33.27,0,26.90
2021-03-11,70,12,34.7,37.0,20.6,20,0.45,874.0,28.958,41.92,32.71,0,26.77
2021-03-12,71,12,33.9,36.1,22.4,23,1.24,884.0,27.453,41.41,32.16,0,23.82
2021-03-13,72,14,36.1,36.2,21.1,14,0.22,875.0,28.554,41.42,33.59,0,25.97
2021-03-14,73,13,36.3,36.8,22.9,15,1.43,926.0,27.362,43.50,33.89,0,26.38
2021-03-15,74,13,36.8,37.3,21.3,12,1.82,932.0,26.61,43.76,33.98,0,24.13
2021-03-16,75,12,37.4,38.3,22.8,13,3.0,906.0,26.77,44.26,34.81,0,26.04
2021-03-17,76,14,38.1,38.1,23.6,12,1.55,875.0,27.629,44.94,35.28,0,29.26
2021-03-18,77,13,37.5,37.5,24.2,14,1.71,884.0,27.683,44.57,35.03,0,29.70
2021-03-19,78,13,36.0,36.4,23.0,18,1.02,916.0,28.32,43.36,33.92,0,28.22
2021-03-20,79,14,36.9,37.0,21.8,15,0.41,846.0,29.33,43.38,34.52,0,29.20
2021-03-21,80,13,37.4,37.8,22.1,16,1.65,929.0,28.279,44.85,35.2,0,28.64
2021-03-22,81,12,36.9,38.2,23.1,18,0.28,909.0,30.288,43.30,34.94,0,32.39
2021-03-23,82,13,37.0,37.8,22.5,17,0.36,939.0,30.201,43.87,34.9,0,31.92
2021-03-24,83,13,37.5,38.0,22.7,14,0.91,944.0,28.63,44.62,35.03,0,29.78
2021-03-25,84,13,37.2,37.6,23.9,8,3.91,976.0,24.902,43.60,33.59,0,22.86
2021-03-26,85,14,38.2,38.2,23.2,10,2.56,905.0,26.57,44.92,34.92,0,26.65
2021-03-27,86,13,39.7,40.3,23.0,12,1.52,957.0,28.961,47.08,36.94,1,34.90
2021-03-28,87,13,40.8,41.2,23.8,10,1.08,963.0,29.54,47.89,37.52,2,39.40
2021-03-29,88,13,39.5,40.4,24.5,13,2.75,965.0,28.475,47.01,37.02,3,39.05
2021-03-30,89,14,40.1,40.7,23.0,15,4.62,903.0,28.954,47.42,38.13,4,40.58
2021-03-31,90,12,37.9,41.6,25.3,30,4.04,926.0,30.889,45.55,39.27,5,47.66
2021-04-01,91,14,39.9,40.0,23.3,5,2.08,945.0,26.191,46.23,35.46,6,37.19
2021-04-02,92,12,37.8,40.1,21.7,14,2.24,970.0,27.749,45.23,35.35,7,37.86
2021-04-03,93,14,40.4,40.5,22.9,9,1.75,917.0,28.197,47.32,36.84,8,41.82
2021-04-04,94,13,39.9,40.6,24.1,13,1.84,968.0,29.21,47.53,37.45,9,45.51
2021-04-05,95,12,38.8,40.6,25.1,22,2.51,937.0,30.392,46.87,38.25,10,48.73
2021-04-06,96,13,40.6,41.1,25.7,15,3.01,963.0,29.794,48.47,38.73,11,49.63
2021-04-07,97,13,39.3,40.4,24.8,17,2.64,967.0,29.521,47.19,37.63,12,46.73
2021-04-08,98,11,37.7,40.1,25.2,20,0.76,863.0,30.413,45.18,36.27,13,46.92
2021-04-09,99,12,39.0,40.0,24.0,9,0.61,972.0,28.844,45.47,35.47,14,42.47
2021-04-10,100,13,40.4,40.7,23.3,7,0.81,992.0,28.65,46.88,36.34,15,42.63
2021-04-11,101,12,40.4,41.7,23.6,8,2.02,980.0,27.774,47.46,36.59,16,41.84
2021-04-12,102,12,39.7,40.9,25.8,16,1.51,960.0,30.171,47.59,37.89,17,49.51
2021-04-13,103,11,38.9,40.2,26.9,15,3.68,867.0,28.205,45.89,36.73,18,45.42
2021-04-14,104,13,39.4,39.7,26.0,12,1.08,955.0,29.193,46.58,36.63,0,36.70
2021-04-15,105,13,38.5,38.5,25.3,17,3.26,970.0,28.71,46.09,36.66,0,34.63
2021-04-16,106,11,35.6,39.6,24.9,30,2.5,873.0,29.352,43.27,35.55,0,32.93
2021-04-17,107,11,36.9,39.5,26.3,26,2.82,864.0,29.515,44.41,36.53,0,36.05
2021-04-18,108,12,39.8,40.2,27.7,15,2.63,885.0,29.213,47.26,37.78,1,41.31
2021-04-19,109,11,38.7,40.7,26.9,18,3.4,877.0,28.95,45.97,37.11,2,40.37
2021-04-20,110,10,34.2,38.8,26.4,39,4.0,696.0,28.974,40.33,35.52,0,31.83
2021-04-21,111,13,38.5,38.8,27.0,13,3.99,986.0,27.419,45.68,35.95,0,33.61
2021-04-22,112,11,36.3,39.6,25.7,29,0.78,875.0,31.187,44.49,36.37,0,38.51
2021-04-23,113,11,36.7,41.1,25.6,29,2.21,876.0,30.206,44.66,36.99,1,38.56
2021-04-24,114,12,37.8,39.5,25.7,31,0.81,912.0,32.839,46.56,39.43,0,44.26
2021-04-25,115,12,40.2,41.3,27.4,14,2.1,934.0,29.528,47.87,38.01,1,42.08
2021-04-26,116,15,41.9,41.9,27.9,9,0.41,763.0,30.764,47.66,38.35,2,46.64
2021-04-27,117,10,38.4,40.8,28.6,23,3.4,652.0,29.568,44.84,37.95,3,44.68
2021-04-28,118,12,40.8,42.0,28.3,17,3.11,951.0,30.469,48.83,39.55,4,51.17
2021-04-29,119,13,41.5,41.5,28.1,16,1.56,912.0,31.392,49.47,40.16,5,55.04
2021-04-30,120,11,38.2,41.2,28.1,25,0.91,863.0,31.675,46.27,38.21,6,54.20
2021-05-01,121,11,37.6,40.0,29.1,25,0.61,660.0,31.216,44.60,37.31,7,52.96
2021-05-02,122,11,38.1,39.5,28.4,24,0.92,834.0,31.294,45.94,37.78,0,43.43
2021-05-03,123,12,38.9,39.6,27.6,17,2.6,943.0,29.197,46.62,37.14,0,38.80
2021-05-04,124,13,40.0,40.1,28.4,14,3.81,977.0,28.848,47.58,37.78,1,41.67
2021-05-05,125,11,37.5,40.5,27.7,28,3.84,871.0,30.136,44.81,37.98,2,43.02
2021-05-06,126,12,40.0,41.2,27.6,19,2.7,945.0,30.528,48.08,39.08,3,48.09
2021-05-07,127,11,39.0,41.2,28.4,25,1.52,868.0,31.664,47.24,39.45,4,52.36
2021-05-08,128,11,40.0,41.4,29.9,24,1.28,861.0,32.437,48.30,40.72,5,58.47
2021-05-09,129,12,41.4,41.4,30.2,20,2.5,883.0,31.85,49.62,41.42,6,60.60
2021-05-10,130,11,37.2,40.4,29.0,32,2.4,865.0,31.078,45.29,38.71,7,53.61
2021-05-11,131,12,38.1,39.8,26.6,28,3.3,945.0,30.869,46.09,38.96,0,41.08
2021-05-12,132,13,39.1,40.4,26.9,21,4.52,957.0,29.867,46.73,38.4,1,41.45
2021-05-13,133,13,38.1,39.7,26.3,27,4.68,954.0,30.367,45.63,38.64,0,39.33
2021-05-14,134,11,36.4,40.3,27.6,35,2.86,869.0,30.768,44.27,38.24,1,42.14
2021-05-15,135,11,39.3,42.2,27.8,29,0.64,863.0,33.935,47.93,41.4,2,53.84
2021-05-16,136,13,42.7,42.7,29.3,21,4.55,765.0,32.42,50.53,43.89,3,57.20
2021-05-17,137,13,37.6,37.6,26.8,38,6.72,459.0,31.052,43.04,41.68,0,40.47
2021-05-18,138,0,27.7,28.1,24.5,89,5.26,0.0,26.658,27.19,32.89,0,14.77
2021-05-19,139,15,32.3,32.5,23.0,52,6.27,725.0,28.825,38.01,35.44,0,25.88
2021-05-20,140,13,33.8,34.6,22.7,53,2.77,948.0,31.303,42.75,38.97,0,34.94
2021-05-21,141,15,33.5,33.5,25.0,56,4.25,751.0,30.745,40.70,39.33,0,35.23
2021-05-22,142,14,33.2,33.7,25.5,55,2.64,855.0,30.915,41.88,38.27,0,36.59
2021-05-23,143,14,33.9,34.3,26.1,53,2.73,808.0,31.187,42.31,39.21,0,38.46
2021-05-24,144,13,35.1,35.7,26.8,55,2.69,798.0,32.544,44.03,43.02,0,44.50
2021-05-25,145,13,36.3,37.2,26.6,44,3.32,938.0,32.089,44.75,41.29,0,43.28
2021-05-26,146,14,36.3,37.2,26.2,44,4.3,874.0,31.772,43.96,41.29,0,41.64
2021-05-27,147,13,36.7,38.0,27.4,44,3.74,930.0,32.322,44.99,42.2,0,45.17
2021-05-28,148,14,37.7,38.7,28.2,44,3.34,861.0,33.207,46.23,44.6,0,49.56
2021-05-29,149,14,38.1,38.8,28.2,41,3.97,837.0,32.896,46.09,44.12,0,48.69
2021-05-30,150,14,38.2,38.8,28.2,38,4.1,869.0,32.5,46.09,42.97,0,47.52
2021-05-31,151,15,38.1,38.1,27.8,36,5.23,755.0,31.723,45.05,41.89,0,44.43
2021-06-01,152,14,37.9,38.1,27.3,37,4.85,877.0,31.944,45.44,41.89,0,44.55
2021-06-02,153,13,36.9,38.1,27.7,39,2.11,924.0,32.265,45.80,40.61,0,45.41
2021-06-03,154,13,37.8,39.1,27.9,37,2.98,926.0,32.354,46.29,41.68,0,46.56
2021-06-04,155,13,37.4,38.6,28.6,37,2.16,891.0,32.282,46.10,40.86,0,46.79
2021-06-05,156,14,37.8,38.4,29.0,35,2.38,807.0,32.034,45.96,40.89,0,46.70
2021-06-06,157,12,36.6,36.6,28.4,42,1.42,824.0,32.747,45.58,41.15,0,47.17
2021-06-07,158,14,37.2,37.7,29.4,41,3.72,803.0,32.115,44.87,42.06,0,46.97
2021-06-08,159,14,38.9,39.2,29.2,36,3.76,783.0,32.7,46.62,43.59,0,49.68
2021-06-09,160,14,38.9,38.9,28.9,33,3.24,767.0,32.252,46.59,42.26,0,47.96
2021-06-10,161,13,37.8,38.2,29.3,38,4.27,853.0,32.099,45.43,42.1,0,47.25
2021-06-11,162,13,38.1,38.8,29.0,36,4.49,859.0,31.98,45.66,41.89,0,46.76
2021-06-12,163,15,40.5,40.5,29.7,30,3.33,736.0,32.928,48.26,44.12,1,53.74
2021-06-13,164,14,39.7,40.1,29.7,32,4.4,847.0,32.596,47.52,43.44,2,53.99
2021-06-14,165,14,38.4,39.4,29.1,33,5.08,736.0,31.432,45.23,41.28,0,45.30
2021-06-15,166,15,39.9,39.9,29.9,29,5.47,685.0,31.779,46.83,42.51,0,48.50
2021-06-16,167,14,38.0,38.0,28.8,37,4.63,714.0,31.842,44.89,42.1,0,45.79
2021-06-17,168,11,34.6,34.6,26.8,50,3.08,665.0,31.072,42.00,39.74,0,39.03
2021-06-18,169,14,29.5,29.5,25.2,73,0.22,289.0,29.742,36.46,34.51,0,28.70
2021-06-19,170,12,29.0,29.0,24.9,82,3.55,432.0,29.002,35.95,35.18,0,26.84
2021-06-20,171,14,29.1,29.5,24.6,79,3.8,431.0,28.744,35.54,34.8,0,25.57
2021-06-21,172,14,31.0,31.0,25.2,71,2.37,548.0,30.284,39.33,37.9,0,33.06
2021-06-22,173,11,31.5,31.5,25.8,67,2.3,681.0,30.601,40.32,38.0,0,35.12
2021-06-23,174,12,31.7,32.4,26.6,74,2.01,592.0,31.521,41.16,40.97,0,39.50
2021-06-24,175,13,32.4,32.5,26.7,57,2.8,756.0,30.213,40.49,37.08,0,35.21
2021-06-25,176,14,33.5,33.6,27.0,54,2.81,747.0,30.824,41.55,38.63,0,38.06
2021-06-26,177,14,32.8,33.0,26.3,55,3.14,714.0,30.161,40.34,37.36,0,34.64
2021-06-27,178,18,33.1,34.0,26.6,62,1.08,153.0,30.524,39.14,40.52,0,35.99
2021-06-28,179,16,33.8,33.8,27.6,56,3.0,561.0,30.969,41.03,40.06,0,39.19
2021-06-29,180,14,34.1,34.5,27.3,59,2.39,750.0,32.168,43.14,42.03,0,43.36
2021-06-30,181,15,35.5,35.5,28.0,49,3.98,675.0,31.56,42.55,41.47,0,42.39
2021-07-01,182,16,36.7,36.7,27.4,38,4.34,546.0,30.673,42.48,39.83,0,39.36
2021-07-02,183,15,36.5,36.5,27.1,41,5.52,689.0,31.044,42.85,40.54,0,40.24
2021-07-03,184,13,34.8,35.6,27.0,45,4.26,650.0,30.275,41.06,38.41,0,36.59
2021-07-04,185,16,35.2,35.5,27.5,43,1.3,467.0,30.915,42.18,38.56,0,39.25
2021-07-05,186,14,35.4,35.9,27.5,45,2.52,767.0,31.431,43.48,39.69,0,41.58
2021-07-06,187,13,35.5,35.6,27.6,45,2.56,833.0,31.617,43.88,39.9,0,42.41
2021-07-07,188,15,36.9,37.1,27.9,41,2.77,691.0,31.921,44.51,41.4,0,44.35
2021-07-08,189,13,37.1,37.5,27.5,35,3.36,859.0,31.2,44.81,39.53,0,42.04
2021-07-09,190,12,34.0,35.6,28.1,51,2.08,682.0,31.04,42.17,38.73,0,40.23
2021-07-10,191,15,37.7,37.8,28.7,42,1.51,566.0,33.072,45.62,43.65,0,49.09
2021-07-11,192,15,34.0,34.5,27.8,60,1.7,465.0,31.897,42.17,42.18,0,42.78
2021-07-12,193,15,33.5,33.7,26.6,65,4.65,651.0,31.641,40.92,42.86,0,40.25
2021-07-13,194,13,34.5,34.5,27.3,60,5.64,813.0,32.049,42.25,43.59,0,43.08
2021-07-14,195,14,33.4,33.4,26.8,62,3.18,688.0,31.53,41.59,41.34,0,40.20
2021-07-15,196,15,33.4,33.4,27.2,68,1.64,617.0,32.701,43.22,43.86,0,44.99
2021-07-16,197,14,34.5,34.5,26.6,57,4.6,712.0,31.677,41.80,42.27,0,40.74
2021-07-17,198,14,34.9,34.9,26.9,53,3.9,727.0,31.664,42.40,41.64,0,41.26
2021-07-18,199,12,32.2,32.2,27.8,67,4.22,521.0,30.503,38.83,39.9,0,36.90
2021-07-19,200,13,32.3,32.7,26.5,60,5.48,610.0,29.746,38.20,37.78,0,32.70
2021-07-20,201,13,32.4,32.4,26.7,57,6.49,458.0,29.14,37.08,37.08,0,30.72
2021-07-21,202,15,33.5,33.5,26.6,58,7.41,415.0,30.145,38.57,40.06,0,34.69
2021-07-22,203,15,34.5,34.5,26.7,53,5.36,449.0,30.638,39.78,40.64,0,36.83
2021-07-23,204,12,31.7,32.7,27.3,68,3.71,486.0,30.163,38.41,38.86,0,34.98
2021-07-24,205,13,32.6,32.6,26.1,65,6.11,773.0,30.775,39.70,40.28,0,36.20
2021-07-25,206,14,27.4,27.4,26.1,92,4.31,277.0,27.987,32.91,32.61,0,23.17
2021-07-26,207,13,29.7,29.7,25.5,77,5.25,567.0,29.157,35.93,35.99,0,28.12
2021-07-27,208,12,30.0,30.0,25.4,73,5.46,439.0,28.783,35.16,35.78,0,26.66
2021-07-28,209,13,29.9,30.4,26.2,74,6.52,515.0,28.822,35.24,35.77,0,27.73
2021-07-29,210,15,30.8,30.8,25.9,65,7.38,497.0,28.591,35.65,35.68,0,27.20
2021-07-30,211,13,31.9,32.0,25.8,60,6.45,561.0,29.204,37.20,36.84,0,29.79
2021-07-31,212,15,29.9,29.9,25.9,69,5.86,303.0,27.96,33.58,34.56,0,24.10
2021-08-01,213,15,30.8,30.8,25.5,64,7.0,397.0,28.345,34.95,35.42,0,25.66
2021-08-02,214,16,29.6,29.6,25.4,72,3.14,217.0,28.066,34.56,34.53,0,24.41
2021-08-03,215,11,29.1,29.3,25.4,71,5.79,386.0,27.582,33.26,33.14,0,22.04
2021-08-04,216,15,31.3,31.3,25.7,64,5.32,467.0,29.075,36.42,36.59,0,28.78
2021-08-05,217,16,32.4,32.4,25.1,56,3.3,498.0,29.492,38.66,36.78,0,30.55
2021-08-06,218,14,31.0,31.0,26.0,62,3.16,406.0,28.753,36.94,35.35,0,28.43
2021-08-07,219,18,31.0,31.9,26.0,69,0.73,129.0,29.445,37.09,37.3,0,30.57
2021-08-08,220,14,32.0,32.4,25.9,61,2.62,672.0,30.238,40.08,37.38,0,34.14
2021-08-09,221,15,33.0,33.0,26.6,54,2.98,605.0,30.068,40.10,37.49,0,34.69
2021-08-10,222,15,32.7,32.7,26.2,52,3.76,660.0,29.455,39.26,36.25,0,32.00
2021-08-11,223,15,33.1,33.1,25.8,49,3.67,593.0,29.327,39.26,36.2,0,31.27
2021-08-12,224,14,32.6,32.9,26.2,52,3.35,637.0,29.413,39.33,36.05,0,31.89
2021-08-13,225,13,32.1,32.8,26.4,55,3.96,719.0,29.341,38.87,35.85,0,31.59
2021-08-14,226,15,33.4,33.4,26.2,48,3.96,564.0,29.358,39.21,36.51,0,31.88
2021-08-15,227,17,33.3,33.5,25.8,48,0.71,312.0,29.966,39.51,36.31,0,32.70
2021-08-16,228,16,33.6,33.6,26.0,50,0.95,502.0,30.891,41.26,37.53,0,36.40
2021-08-17,229,14,34.7,34.9,26.2,48,1.58,816.0,31.809,43.70,39.24,0,40.77
2021-08-18,230,14,34.4,34.4,27.0,48,3.32,647.0,30.525,41.33,38.58,0,37.31
2021-08-19,231,15,32.4,32.5,26.0,53,2.06,328.0,29.031,38.32,35.92,0,30.16
2021-08-20,232,14,33.5,33.9,25.7,50,2.82,632.0,30.092,40.67,37.32,0,34.03
2021-08-21,233,12,28.3,28.5,25.3,74,2.95,317.0,27.342,34.14,31.87,0,21.63
2021-08-22,234,14,32.5,32.5,25.1,59,3.1,668.0,30.313,40.10,37.94,0,33.57
2021-08-23,235,12,31.0,31.8,25.1,73,1.75,688.0,31.072,40.79,38.53,0,35.73
2021-08-24,236,14,32.8,32.9,26.2,57,3.31,641.0,30.245,40.01,38.0,0,34.68
2021-08-25,237,14,33.2,33.7,26.1,49,4.62,597.0,29.264,38.83,36.4,0,31.27
2021-08-26,238,14,33.3,33.9,25.3,47,4.27,595.0,29.132,39.00,36.03,0,30.07
2021-08-27,239,15,33.8,34.1,24.9,46,1.78,579.0,30.104,41.19,36.71,0,33.28
2021-08-28,240,15,33.5,33.5,26.9,48,2.04,611.0,30.058,41.00,36.71,0,35.38
2021-08-29,241,13,32.8,33.4,26.1,58,1.8,786.0,31.191,42.01,38.33,0,37.92
2021-08-30,242,14,33.5,33.6,26.5,53,2.02,401.0,30.244,40.19,38.29,0,35.27
2021-08-31,243,15,30.7,30.7,25.3,75,2.33,451.0,30.235,38.84,38.28,0,32.87
2021-09-01,244,14,29.7,29.7,25.4,79,0.36,490.0,31.472,39.21,36.5,0,34.93
2021-09-02,245,13,31.1,31.2,24.9,67,5.13,726.0,29.651,37.84,36.97,0,30.09
2021-09-03,246,13,30.2,30.4,25.6,79,4.49,606.0,30.016,37.51,37.99,0,31.74
2021-09-04,247,14,31.8,31.8,25.4,60,3.94,682.0,29.621,38.70,36.61,0,31.11
2021-09-05,248,13,29.5,31.1,25.6,72,2.11,531.0,29.019,37.70,34.29,0,28.62
2021-09-06,249,13,31.9,31.9,25.8,68,0.7,705.0,32.503,42.17,39.41,0,40.57
2021-09-07,250,13,32.5,32.5,26.6,69,0.73,532.0,32.61,42.18,41.51,0,42.49
2021-09-08,251,13,32.9,32.9,25.5,67,0.61,805.0,33.819,43.88,41.91,0,44.87
2021-09-09,252,10,28.5,28.5,25.5,82,3.81,422.0,28.45,34.95,33.76,0,25.25
2021-09-10,253,16,28.6,28.7,24.9,80,2.77,177.0,27.87,33.97,33.65,0,22.70
2021-09-11,254,14,28.7,28.7,24.9,78,2.32,285.0,28.194,35.39,33.53,0,24.30
2021-09-12,255,15,27.2,27.5,24.8,88,4.75,384.0,27.578,32.65,31.28,0,20.20
2021-09-13,256,15,29.9,30.4,24.7,81,1.71,452.0,30.345,39.02,37.64,0,32.28
2021-09-14,257,12,30.7,30.9,25.4,78,1.46,461.0,30.96,40.01,39.23,0,35.56
2021-09-15,258,15,30.8,30.8,25.2,77,2.2,545.0,30.804,39.86,39.22,0,34.92
2021-09-16,259,13,30.2,30.2,25.3,76,2.67,616.0,30.102,38.85,37.13,0,32.20
2021-09-17,260,12,28.2,28.2,25.1,91,3.35,470.0,29.243,36.28,34.86,0,27.64
2021-09-18,261,11,29.9,30.4,24.9,78,2.56,655.0,30.134,38.96,36.82,0,31.76
2021-09-19,262,13,30.7,30.7,24.8,79,3.03,708.0,30.967,39.96,39.55,0,34.96
2021-09-20,263,12,30.0,30.0,25.3,78,2.83,537.0,29.922,38.22,37.11,0,31.40
2021-09-21,264,12,28.4,29.7,24.5,89,1.21,433.0,29.941,38.27,35.01,0,29.75
2021-09-22,265,15,29.6,30.4,24.9,74,1.6,521.0,29.545,38.40,34.99,0,29.56
2021-09-23,266,16,29.0,29.0,24.6,76,2.28,276.0,28.259,35.56,33.9,0,24.33
2021-09-24,267,12,30.0,30.0,24.7,82,2.12,684.0,30.878,40.12,38.24,0,34.30
2021-09-25,268,13,29.5,29.5,24.8,77,2.51,531.0,29.412,37.75,35.43,0,28.89
2021-09-26,269,15,29.9,29.9,25.0,79,2.35,584.0,30.174,38.92,37.09,0,32.03
2021-09-27,270,15,29.6,29.6,24.6,74,0.72,402.0,29.961,38.25,34.99,0,29.89
2021-09-28,271,13,31.7,31.7,24.8,76,1.0,542.0,32.304,41.91,41.72,0,39.70
2021-09-29,272,13,28.7,28.7,25.1,77,9.9,421.0,27.641,32.97,33.34,0,21.66
2021-09-30,273,13,30.1,30.1,25.1,76,4.57,688.0,29.714,37.41,36.85,0,30.09
2021-10-01,274,14,31.1,31.3,24.6,74,1.6,675.0,31.342,41.09,39.14,0,36.10
2021-10-02,275,12,31.6,32.1,24.4,66,0.92,766.0,31.778,41.75,37.95,0,36.72
2021-10-03,276,12,31.8,31.9,25.8,64,2.44,782.0,30.666,40.76,37.83,0,35.50
2021-10-04,277,13,31.6,31.9,25.1,64,2.9,690.0,30.163,39.68,37.33,0,32.76
2021-10-05,278,12,31.5,32.4,25.1,65,1.86,747.0,30.704,40.82,37.38,0,34.62
2021-10-06,279,13,33.4,33.4,25.9,59,1.26,763.0,32.223,43.09,40.18,0,41.11
2021-10-07,280,13,33.7,33.8,25.8,65,1.49,754.0,33.025,43.99,43.46,0,44.38
2021-10-08,281,12,33.2,33.2,26.6,65,0.8,766.0,33.359,43.75,41.98,0,45.22
2021-10-09,282,12,32.1,32.1,25.9,70,1.77,699.0,31.798,41.95,40.7,0,39.68
2021-10-10,283,12,31.3,31.3,25.3,74,1.4,679.0,31.683,41.53,39.74,0,38.10
2021-10-11,284,12,31.7,32.2,25.2,71,1.2,706.0,31.967,41.97,39.89,0,38.89
2021-10-12,285,12,32.4,32.9,25.0,63,1.84,748.0,31.327,41.78,39.03,0,36.99
2021-10-13,286,17,32.3,34.5,23.9,72,1.17,180.0,31.025,39.60,42.08,0,34.70
2021-10-14,287,12,34.6,34.8,24.7,38,3.18,822.0,29.549,41.87,35.94,0,32.20
2021-10-15,288,12,34.0,34.5,23.1,30,2.35,836.0,28.027,41.36,33.29,0,26.10
2021-10-16,289,12,33.2,34.3,19.8,29,2.67,842.0,27.076,40.25,32.1,0,21.78
2021-10-17,290,13,32.7,33.3,21.6,45,1.7,647.0,29.182,40.27,34.42,0,26.63
2021-10-18,291,12,33.3,34.4,21.4,32,4.05,837.0,27.291,39.61,32.69,0,21.94
2021-10-19,292,13,33.5,34.0,22.0,33,4.48,820.0,27.519,39.58,33.14,0,22.52
2021-10-20,293,13,33.1,33.5,20.9,34,1.72,804.0,28.21,40.76,32.76,0,24.53
2021-10-21,294,12,32.4,33.3,20.8,39,1.14,806.0,28.865,40.55,32.67,0,25.58
2021-10-22,295,12,31.0,32.1,22.3,41,2.06,808.0,27.261,38.70,31.06,0,20.97
2021-10-23,296,14,32.0,32.0,21.5,39,3.62,679.0,27.12,37.88,32.1,0,20.15
2021-10-24,297,12,30.9,31.5,23.1,46,2.78,752.0,27.459,38.02,31.72,0,22.03
2021-10-25,298,13,31.4,31.4,22.4,49,1.84,691.0,28.569,39.22,33.08,0,24.68
2021-10-26,299,13,33.1,33.3,22.3,33,0.54,699.0,29.293,40.49,32.59,0,26.67
2021-10-27,300,12,32.7,33.4,22.4,36,2.77,727.0,27.575,39.40,32.56,0,22.75
2021-10-28,301,12,32.6,33.4,22.1,29,3.28,788.0,26.308,38.94,31.39,0,19.23
2021-10-29,302,12,32.0,32.5,19.7,25,3.52,793.0,25.06,38.00,30.32,0,15.68
2021-10-30,303,13,32.0,32.2,19.4,24,4.3,794.0,24.714,37.53,30.24,0,14.66
2021-10-31,304,13,32.7,33.0,18.2,21,3.09,794.0,24.96,38.90,30.71,0,16.29
2021-11-01,305,14,32.9,32.9,17.4,24,1.96,695.0,25.954,39.36,31.17,0,18.67
2021-11-02,306,14,32.9,32.9,18.6,23,2.83,695.0,25.427,38.86,31.08,0,17.28
2021-11-03,307,12,32.1,32.8,19.3,26,3.4,777.0,25.326,38.14,30.51,0,16.36
2021-11-04,308,12,32.0,32.6,19.4,27,4.32,774.0,25.223,37.50,30.5,0,15.69
2021-11-05,309,12,32.0,32.8,19.2,28,3.82,773.0,25.493,37.81,30.6,0,16.46
2021-11-06,310,13,31.4,31.4,19.2,27,4.3,637.0,24.532,36.10,29.88,0,13.15
2021-11-07,311,13,31.8,32.2,18.2,25,3.9,752.0,24.753,37.34,30.12,0,14.55
2021-11-08,312,12,31.8,32.7,19.3,28,4.93,750.0,25.099,36.88,30.38,0,14.97
2021-11-09,313,13,33.0,33.1,20.3,22,4.49,740.0,25.01,38.29,31.09,0,16.08
2021-11-10,314,12,32.0,32.7,18.3,24,3.95,752.0,24.719,37.51,30.24,0,14.66
2021-11-11,315,12,31.4,32.1,18.1,24,4.28,752.0,24.178,36.65,29.65,0,12.79
2021-11-12,316,14,31.7,31.7,17.9,22,5.5,658.0,23.726,35.97,29.81,0,11.51
2021-11-13,317,13,31.3,31.6,18.5,23,5.28,743.0,23.745,36.03,29.49,0,11.47
2021-11-14,318,14,31.6,31.6,18.5,30,2.26,651.0,25.737,37.87,30.37,0,16.89
2021-11-15,319,14,31.4,31.4,17.9,31,3.58,639.0,25.333,36.69,30.26,0,15.23
2021-11-16,320,14,31.6,31.6,19.0,31,4.49,640.0,25.337,36.35,30.48,0,15.07
2021-11-17,321,14,30.9,30.9,19.5,36,4.16,533.0,25.391,35.29,30.26,0,14.32
2021-11-18,322,13,30.7,30.7,22.8,44,4.48,660.0,26.489,35.91,31.11,0,18.10
2021-11-19,323,14,31.7,32.0,21.2,49,1.84,595.0,28.635,39.06,33.6,0,24.42
2021-11-20,324,14,32.9,32.9,22.0,42,3.09,598.0,28.318,39.04,34.06,0,23.98
2021-11-21,325,14,33.4,33.4,22.8,42,3.8,592.0,28.593,39.10,34.9,0,25.79
2021-11-22,326,13,33.1,33.7,24.2,44,2.44,651.0,29.07,40.17,34.87,0,29.08
2021-11-23,327,12,32.2,33.5,21.8,46,0.41,688.0,30.658,40.32,33.79,0,29.23
2021-11-24,328,13,32.5,32.7,18.4,25,1.9,704.0,25.87,39.06,30.84,0,18.17
2021-11-25,329,14,32.0,32.1,15.7,20,0.76,638.0,25.385,38.07,29.98,0,16.22
2021-11-26,330,14,32.8,32.8,17.7,29,1.04,622.0,27.282,39.43,31.62,0,21.39
2021-11-27,331,14,33.0,33.0,18.1,25,1.08,619.0,26.675,39.35,31.38,0,20.10
2021-11-28,332,12,31.4,32.6,18.7,30,2.42,689.0,25.583,37.75,30.15,0,16.43
2021-11-29,333,12,30.8,31.4,18.2,25,4.9,686.0,23.681,35.32,29.15,0,10.71
2021-11-30,334,13,30.7,30.9,19.8,27,4.81,680.0,23.949,35.26,29.19,0,11.18
2021-12-01,335,13,20.7,23.5,18.8,74,3.42,186.0,19.6,23.45,20.73,0,0.00
2021-12-02,336,10,21.7,21.7,16.3,63,6.48,403.0,19.757,23.03,21.64,0,0.00
2021-12-03,337,14,25.8,25.9,15.5,51,4.25,588.0,22.876,30.44,25.78,0,4.86
2021-12-04,338,14,28.2,28.2,17.8,50,2.84,557.0,25.165,34.21,28.68,0,12.53
2021-12-05,339,13,27.9,28.4,19.4,55,0.73,607.0,26.951,36.14,28.79,0,17.34
2021-12-06,340,14,29.4,29.4,18.6,46,2.48,586.0,25.917,35.79,29.68,0,15.47
2021-12-07,341,14,29.2,29.2,19.6,44,3.86,591.0,25.158,34.26,29.22,0,12.75
2021-12-08,342,13,28.5,28.8,18.0,39,3.49,661.0,24.089,33.99,28.04,0,10.11
2021-12-09,343,14,28.6,28.7,18.0,40,2.42,594.0,24.479,34.75,28.21,0,11.45
2021-12-10,344,14,28.9,28.9,17.8,39,3.54,595.0,24.312,34.01,28.42,0,10.68
2021-12-11,345,14,28.6,28.6,16.6,38,3.14,599.0,24.015,34.03,28.06,0,10.00
2021-12-12,346,14,29.0,29.0,16.3,39,2.08,591.0,24.817,35.38,28.52,0,12.66
2021-12-13,347,13,28.4,29.1,17.1,44,1.2,654.0,25.629,35.98,28.35,0,14.57
2021-12-14,348,12,26.9,27.7,15.5,32,1.84,663.0,22.339,33.63,26.44,0,6.15
2021-12-15,349,14,28.3,28.4,14.6,42,1.42,594.0,24.964,35.32,28.08,0,12.73
2021-12-16,350,13,26.7,26.8,14.6,41,2.98,667.0,22.916,32.73,26.7,0,6.59
2021-12-17,351,14,25.8,25.8,13.3,41,4.2,606.0,21.768,30.21,25.65,0,3.04
2021-12-18,352,14,25.0,25.0,14.6,38,4.69,605.0,20.637,28.80,24.77,0,2.02
2021-12-19,353,14,24.7,24.7,12.5,33,3.92,616.0,19.904,29.17,24.39,0,2.29
2021-12-20,354,14,25.9,25.9,11.9,22,3.07,623.0,19.519,31.09,25.51,0,3.68
2021-12-21,355,14,27.1,27.3,11.7,25,1.89,617.0,21.352,33.28,26.3,0,5.26
2021-12-22,356,13,26.6,27.3,11.2,31,0.51,673.0,23.552,34.02,26.36,0,8.73
2021-12-23,357,13,27.1,27.9,11.5,35,0.67,667.0,24.102,34.55,26.69,0,10.15
2021-12-24,358,13,27.3,28.2,15.5,50,2.08,644.0,24.787,34.52,27.71,0,11.68
2021-12-25,359,12,26.7,28.0,15.6,48,0.32,643.0,25.845,34.19,27.04,0,13.20
2021-12-26,360,12,26.2,26.8,14.5,44,1.49,533.0,23.165,33.00,26.11,0,7.26
2021-12-27,361,13,27.7,28.0,16.0,38,1.28,633.0,24.129,34.83,27.29,0,10.51
2021-12-28,362,13,24.1,24.5,16.9,59,1.17,609.0,23.325,32.53,24.1,0,7.22
2021-12-29,363,13,23.2,23.8,13.8,46,4.13,680.0,20.17,28.18,22.99,0,1.58
2021-12-30,364,14,23.9,23.9,13.5,34,5.39,629.0,19.157,27.07,23.57,0,0.77
2021-12-31,365,15,25.3,25.3,14.7,47,4.08,485.0,21.83,29.22,25.21,0,2.32
2022-01-01,1,15,27.0,27.0,16.0,50,1.52,487.0,24.44,33.78,27.42,0,10.38
2022-01-02,2,13,27.6,27.8,16.3,48,2.18,653.0,24.799,34.67,27.86,0,11.87
2022-01-03,3,15,28.3,28.3,17.3,45,0.45,496.0,26.372,35.33,28.33,0,15.49
2022-01-04,4,14,28.8,28.9,17.8,45,1.33,607.0,25.882,36.11,28.87,0,15.33
2022-01-05,5,13,29.3,29.3,18.4,44,4.68,568.0,25.078,33.62,29.33,0,12.19
2022-01-06,6,10,20.4,20.4,15.8,84,0.0,174.0,21.321,25.98,20.54,0,0.00
2022-01-07,7,14,25.4,25.5,13.6,54,2.08,570.0,23.352,32.43,25.4,0,7.20
2022-01-08,8,12,22.0,22.9,13.1,49,3.05,669.0,19.624,28.39,21.77,0,1.73
2022-01-09,9,13,21.6,21.8,10.3,34,2.98,716.0,17.79,27.98,21.15,0,1.43
2022-01-10,10,14,22.6,22.6,10.5,36,3.36,658.0,18.671,28.10,22.23,0,1.51
2022-01-11,11,14,22.1,22.1,11.2,32,3.53,671.0,17.768,27.40,21.65,0,1.01
2022-01-12,12,13,21.6,21.9,10.3,37,3.83,719.0,17.923,26.94,21.19,0,0.68
2022-01-13,13,14,22.9,23.0,10.9,39,3.04,665.0,19.359,28.91,22.58,0,2.10
2022-01-14,14,14,24.1,24.2,10.8,41,2.56,664.0,20.77,30.66,23.87,0,3.37
2022-01-15,15,14,24.6,24.7,11.9,42,2.33,666.0,21.408,31.43,24.41,0,3.92
2022-01-16,16,14,25.8,26.0,13.2,41,2.68,667.0,22.22,32.16,25.65,0,4.86
2022-01-17,17,14,26.7,27.0,13.7,43,0.61,660.0,24.88,34.61,26.79,0,11.66
2022-01-18,18,14,27.1,27.3,13.9,42,1.66,664.0,23.916,34.39,27.04,0,9.69
2022-01-19,19,14,27.9,28.1,14.1,37,1.5,661.0,24.067,35.00,27.39,0,10.55
2022-01-20,20,14,27.7,28.2,15.2,51,3.7,665.0,24.821,33.48,28.2,0,11.18
2022-01-21,21,13,27.3,28.5,16.3,55,2.64,707.0,25.26,34.55,28.07,0,12.73
2022-01-22,22,13,26.5,27.0,17.5,37,7.3,688.0,21.637,29.66,26.34,0,2.65
2022-01-23,23,14,21.7,21.7,11.9,30,3.72,712.0,17.223,27.00,21.2,0,0.72
2022-01-24,24,13,22.0,22.4,8.0,29,1.94,765.0,18.028,29.81,21.51,0,2.75
2022-01-25,25,14,23.0,23.1,9.8,35,1.17,711.0,20.021,31.15,22.63,0,3.72
2022-01-26,26,14,23.2,23.3,9.7,32,2.77,721.0,18.974,29.68,22.81,0,2.66
2022-01-27,27,14,23.9,24.0,11.8,29,3.94,726.0,18.893,28.95,23.5,0,2.13
2022-01-28,28,14,24.4,24.7,11.2,27,3.22,737.0,19.215,30.26,24.0,0,3.08
2022-01-29,29,15,26.8,26.8,10.5,26,1.24,621.0,21.695,33.45,26.15,0,5.38
2022-01-30,30,12,25.7,27.5,10.4,33,0.41,755.0,23.511,33.59,25.44,0,8.33
2022-01-31,31,13,26.3,27.5,11.6,47,0.41,766.0,25.779,34.88,26.26,0,13.55
2022-02-01,32,13,28.2,29.6,14.4,49,1.33,765.0,26.198,36.56,28.58,0,16.14
2022-02-02,33,12,27.9,29.8,14.0,42,1.98,753.0,24.62,35.37,27.71,0,11.98
2022-02-03,34,12,26.4,27.9,16.3,38,3.11,759.0,22.402,32.69,26.24,0,5.59
2022-02-04,35,12,25.2,26.8,11.9,26,0.78,785.0,21.392,33.17,24.83,0,5.18
2022-02-05,36,17,25.8,27.4,13.5,48,1.0,256.0,22.727,31.04,25.74,0,5.01
2022-02-06,37,14,28.6,28.9,12.1,25,2.1,764.0,22.75,35.33,27.32,0,8.27
2022-02-07,38,14,28.3,28.6,13.4,32,0.22,756.0,25.56,34.63,27.42,0,13.11
2022-02-08,39,13,27.6,28.5,14.9,40,1.22,795.0,24.73,35.69,27.33,0,12.28
2022-02-09,40,13,28.0,28.3,17.8,35,3.36,787.0,23.355,34.11,27.35,0,8.55
2022-02-10,41,13,27.6,27.9,16.3,32,3.67,811.0,22.562,33.46,26.9,0,6.45
2022-02-11,42,14,27.3,27.4,15.2,21,4.53,792.0,20.416,32.18,26.3,0,4.47
2022-02-12,43,14,28.7,28.8,13.7,20,2.11,798.0,22.017,35.42,27.24,0,6.93
2022-02-13,44,14,29.4,29.5,13.2,25,0.51,788.0,25.286,36.72,27.94,0,14.30
2022-02-14,45,14,29.8,30.1,14.6,31,0.78,776.0,25.892,37.33,28.64,0,16.15
2022-02-15,46,12,27.8,30.0,15.8,35,0.36,800.0,25.697,35.43,27.2,0,13.87
2022-02-16,47,13,30.1,30.7,16.6,27,2.56,830.0,24.217,36.87,28.64,0,12.65
2022-02-17,48,14,31.4,31.4,16.3,20,2.12,788.0,24.09,37.98,29.43,0,13.51
2022-02-18,49,13,30.8,31.6,17.3,29,0.6,830.0,26.945,38.46,29.44,0,19.25
2022-02-19,50,14,32.8,32.8,18.9,23,1.82,790.0,25.943,39.71,30.97,0,18.83
2022-02-20,51,14,31.9,32.0,17.0,15,3.67,818.0,22.932,37.62,29.71,0,11.16
2022-02-21,52,13,32.0,33.1,17.9,21,2.77,852.0,24.605,38.60,30.03,0,15.15
2022-02-22,53,12,29.3,33.4,16.6,38,1.46,833.0,25.801,37.28,28.73,0,15.97
2022-02-23,54,15,32.3,32.3,17.7,22,2.16,700.0,25.008,38.56,30.39,0,16.01
2022-02-24,55,13,33.0,33.5,18.6,18,2.12,875.0,25.055,39.92,30.81,0,17.24
2022-02-25,56,12,32.3,33.9,16.4,20,1.66,851.0,25.168,39.35,30.26,0,16.84
2022-02-26,57,13,31.6,32.8,17.2,23,1.25,877.0,25.603,39.01,29.78,0,17.24
2022-02-27,58,15,33.4,33.4,17.2,18,2.69,708.0,24.839,39.32,31.2,0,16.55
2022-02-28,59,14,33.2,33.3,20.2,22,2.64,826.0,25.751,39.89,31.3,0,18.71
2022-03-01,60,13,33.4,34.2,18.1,20,1.42,875.0,26.253,40.62,31.34,0,20.21
2022-03-02,61,14,34.4,34.4,18.7,17,0.92,830.0,26.812,41.18,32.12,0,21.95
2022-03-03,62,13,33.6,34.4,19.8,17,2.2,892.0,25.275,40.53,31.33,0,18.29
2022-03-04,63,13,32.4,33.0,18.9,18,3.32,901.0,24.195,38.83,30.25,0,14.62
2022-03-05,64,14,33.7,33.8,19.6,14,2.94,858.0,24.278,40.02,31.28,0,16.02
2022-03-06,65,13,34.3,34.9,16.9,13,0.22,903.0,27.049,39.55,31.8,0,21.11
2022-03-07,66,14,35.9,36.0,18.5,17,0.32,842.0,29.083,42.06,33.69,0,27.47
2022-03-08,67,14,35.8,36.0,20.1,14,2.8,833.0,25.83,42.27,33.29,0,21.32
2022-03-09,68,13,35.3,36.1,21.3,25,1.33,864.0,28.842,42.99,34.13,0,27.85
2022-03-10,69,11,32.8,35.9,20.2,27,0.94,776.0,27.445,40.06,31.38,0,22.07
2022-03-11,70,14,36.4,36.4,21.2,16,3.94,852.0,26.528,42.82,34.11,0,23.34
2022-03-12,71,13,36.6,37.0,21.4,12,1.81,923.0,26.456,43.51,33.79,0,23.59
2022-03-13,72,12,36.4,37.8,20.5,14,0.64,893.0,28.243,43.12,33.89,0,26.72
2022-03-14,73,14,39.0,39.1,21.1,13,2.25,862.0,28.151,46.06,36.48,0,29.63
2022-03-15,74,13,39.8,40.1,24.0,12,3.31,926.0,28.141,47.01,37.05,1,34.51
2022-03-16,75,14,40.2,40.2,23.2,12,3.26,872.0,28.364,47.27,37.48,2,36.01
2022-03-17,76,14,40.2,40.3,24.8,12,4.16,875.0,28.156,47.18,37.48,3,39.09
2022-03-18,77,14,40.2,40.5,23.8,10,3.75,882.0,27.585,47.01,36.91,4,38.18
2022-03-19,78,13,38.5,39.4,23.6,13,3.52,926.0,27.452,45.52,35.95,0,29.59
2022-03-20,79,11,33.5,38.4,22.5,33,2.97,809.0,27.85,40.42,33.14,0,24.33
2022-03-21,80,14,39.0,39.1,23.0,9,3.97,887.0,26.356,45.45,35.47,0,26.59
2022-03-22,81,14,38.7,38.8,24.7,9,4.87,891.0,25.984,45.07,35.19,0,27.50
2022-03-23,82,14,37.9,37.9,24.3,12,4.47,882.0,26.448,44.37,35.08,0,27.36
2022-03-24,83,15,38.3,38.3,25.6,10,2.51,764.0,26.425,44.43,35.02,0,28.85
2022-03-25,84,11,33.9,36.5,22.5,36,2.19,793.0,28.936,41.46,34.32,0,27.57
2022-03-26,85,14,40.8,41.1,23.9,13,0.54,877.0,31.411,47.76,38.45,1,41.64
2022-03-27,86,14,41.0,41.2,23.7,12,3.18,887.0,28.986,48.30,38.35,2,38.84
2022-03-28,87,13,39.9,40.7,24.8,9,4.11,963.0,27.054,46.83,36.35,3,36.34
2022-03-29,88,11,36.4,41.0,23.6,23,3.09,852.0,28.384,43.49,35.19,4,36.27
2022-03-30,89,12,37.0,40.2,22.4,20,1.57,952.0,29.072,44.86,35.39,5,38.90
2022-03-31,90,12,38.2,40.6,22.3,22,1.1,942.0,30.919,46.35,37.4,6,45.76
2022-04-01,91,13,39.9,41.1,24.0,16,0.92,955.0,30.986,47.64,38.13,7,49.07
2022-04-02,92,14,40.8,40.9,24.8,14,0.86,896.0,31.032,48.11,38.71,8,50.66
2022-04-03,93,13,41.6,42.1,24.5,9,1.79,971.0,29.1,48.95,38.05,9,47.01
2022-04-04,94,13,41.2,42.2,24.7,12,2.8,964.0,29.368,48.89,38.57,10,47.91
2022-04-05,95,13,42.0,42.9,25.8,12,1.32,954.0,30.793,49.63,39.46,11,52.75
2022-04-06,96,12,39.9,42.2,25.8,16,3.52,941.0,29.379,47.53,38.13,12,48.06
2022-04-07,97,12,40.9,43.4,24.5,16,3.33,936.0,30.174,48.76,39.38,13,49.40
2022-04-08,98,14,43.5,43.5,26.5,8,3.32,909.0,29.278,50.86,39.68,14,51.67
2022-04-09,99,13,40.9,41.7,26.5,11,2.81,971.0,28.824,48.44,37.92,15,48.41
2022-04-10,100,12,38.6,41.2,25.1,17,1.93,949.0,29.302,46.40,36.78,16,45.78
2022-04-11,101,12,38.4,40.9,25.3,20,2.86,920.0,29.446,46.09,37.18,17,46.21
2022-04-12,102,11,37.0,40.8,25.0,19,2.84,808.0,27.953,43.88,35.22,18,40.71
2022-04-13,103,12,38.1,41.4,23.7,20,2.34,964.0,29.488,46.06,36.79,19,44.26
2022-04-14,104,11,37.5,41.4,24.0,20,3.45,884.0,28.518,44.65,36.02,20,41.47
2022-04-15,105,12,38.9,41.4,24.7,21,3.35,960.0,29.983,46.77,38.12,21,47.36
2022-04-16,106,12,39.3,42.1,23.7,17,2.94,968.0,29.413,47.12,37.63,22,45.20
2022-04-17,107,11,36.7,41.8,24.4,26,2.42,875.0,29.521,44.39,36.24,23,43.73
2022-04-18,108,12,38.5,41.8,24.3,25,2.21,956.0,30.993,46.88,38.67,24,49.09
2022-04-19,109,12,39.0,41.2,25.2,20,2.82,953.0,29.976,46.96,37.99,25,48.02
2022-04-20,110,12,39.9,40.9,26.8,22,4.05,945.0,30.815,47.82,39.87,26,52.80
2022-04-21,111,13,41.0,41.3,27.6,14,2.0,955.0,30.206,48.89,38.94,27,53.01
2022-04-22,112,11,39.4,41.3,25.9,15,4.56,879.0,28.413,46.44,37.31,28,45.26
2022-04-23,113,11,39.1,41.6,26.8,16,3.54,872.0,28.675,46.26,37.17,29,46.63
2022-04-24,114,11,39.4,42.0,27.0,16,3.04,880.0,29.051,46.77,37.53,30,48.07
2022-04-25,115,13,40.9,41.4,26.8,12,4.0,980.0,28.835,48.48,38.24,31,48.93
2022-04-26,116,13,41.1,41.9,26.1,11,2.59,986.0,29.073,48.75,38.14,32,48.72
2022-04-27,117,14,42.8,42.9,26.7,12,1.9,910.0,30.846,50.51,40.38,33,54.87
2022-04-28,118,13,43.4,43.7,27.4,12,3.55,969.0,30.731,51.47,41.07,34,56.42
2022-04-29,119,13,42.1,43.4,29.1,12,4.01,980.0,29.697,49.94,39.58,35,54.80
2022-04-30,120,12,40.5,44.0,27.4,27,3.44,943.0,32.579,48.97,42.76,36,58.74
2022-05-01,121,13,42.1,43.6,26.8,19,4.24,959.0,31.741,50.47,42.08,37,57.28
2022-05-02,122,12,40.7,41.7,27.1,19,5.0,935.0,30.493,48.58,40.05,38,53.15
2022-05-03,123,15,41.2,41.9,25.7,18,2.77,760.0,30.86,48.62,40.42,39,52.38
2022-05-04,124,11,38.1,41.8,25.4,22,2.0,882.0,29.99,45.95,37.26,40,47.28
2022-05-05,125,11,36.5,41.0,26.7,36,2.24,873.0,31.273,44.82,38.75,41,50.97
2022-05-06,126,13,41.3,41.8,28.2,18,2.91,927.0,31.156,49.45,40.56,42,56.51
2022-05-07,127,12,40.7,42.2,28.4,20,4.0,947.0,30.958,48.74,40.38,43,55.79
2022-05-08,128,12,41.8,43.1,29.0,18,4.61,948.0,31.15,49.97,41.26,44,58.07
2022-05-09,129,12,42.0,43.8,28.5,18,4.42,949.0,31.339,50.23,41.54,45,58.13
2022-05-10,130,15,44.4,44.4,29.0,10,4.1,771.0,30.308,51.57,41.45,46,57.71
2022-05-11,131,13,44.2,45.4,29.8,16,3.41,912.0,32.594,52.61,43.82,47,64.59
2022-05-12,132,13,44.3,44.9,29.8,13,3.86,958.0,31.637,52.60,42.59,48,62.31
2022-05-13,133,12,40.6,43.3,27.9,23,3.78,949.0,31.673,48.83,41.31,49,56.96
2022-05-14,134,13,41.1,43.1,27.9,25,3.26,948.0,32.675,49.69,42.97,50,60.10
2022-05-15,135,13,41.5,43.2,27.7,22,4.65,957.0,31.972,49.85,42.37,51,58.43
2022-05-16,136,14,41.3,43.3,26.6,21,4.3,895.0,31.549,49.30,41.65,52,55.69
2022-05-17,137,12,37.9,40.6,26.8,28,2.45,942.0,30.997,46.21,38.63,53,51.51
2022-05-18,138,12,39.1,41.9,26.2,22,2.87,950.0,30.513,47.18,38.68,54,50.62
2022-05-19,139,13,41.8,42.9,28.2,21,2.61,948.0,32.48,50.43,42.44,55,60.42
2022-05-20,140,12,39.8,42.6,28.9,28,3.52,937.0,32.191,48.09,41.91,56,58.80
2022-05-21,141,13,40.0,42.6,27.0,27,6.27,944.0,31.67,48.16,41.86,57,55.63
2022-05-22,142,14,40.5,41.3,27.4,28,6.26,867.0,32.204,48.57,43.2,58,57.90
2022-05-23,143,14,41.0,41.6,28.3,28,6.55,865.0,32.578,49.35,44.15,59,60.57
2022-05-24,144,13,39.3,41.0,28.2,29,2.86,924.0,32.164,47.72,41.4,60,57.48
2022-05-25,145,13,39.2,40.8,28.4,31,3.28,913.0,32.332,47.49,42.02,61,58.09
2022-05-26,146,13,39.3,40.7,27.9,30,4.74,934.0,31.924,47.21,41.8,62,56.46
2022-05-27,147,14,39.9,40.3,27.6,28,5.16,867.0,31.856,47.61,42.09,63,56.37
2022-05-28,148,14,39.9,40.8,27.5,28,5.95,874.0,31.758,47.70,42.09,64,56.14
2022-05-29,149,14,39.5,40.3,28.2,31,4.88,857.0,32.165,47.18,42.6,65,57.53
2022-05-30,150,13,38.8,40.7,27.6,32,3.8,933.0,32.085,46.91,41.65,66,56.13
2022-05-31,151,14,40.4,41.3,26.9,25,4.4,880.0,31.753,48.26,41.76,67,55.71
2022-06-01,152,12,38.9,42.7,27.5,27,3.5,940.0,31.256,46.93,39.96,68,53.84
2022-06-02,153,12,39.7,42.5,26.5,27,4.1,932.0,31.755,47.72,41.33,69,54.70
2022-06-03,154,12,38.5,42.3,26.4,28,4.06,924.0,30.98,46.21,39.63,70,51.39
2022-06-04,155,13,40.6,42.1,27.6,23,3.62,940.0,31.7,48.83,41.31,71,56.67
2022-06-05,156,11,36.9,41.9,26.8,35,2.71,849.0,31.213,44.88,39.16,72,51.16
2022-06-06,157,12,38.9,41.6,27.0,27,3.11,924.0,31.343,47.02,39.96,73,53.48
2022-06-07,158,13,39.4,40.9,28.0,30,3.63,922.0,32.221,47.59,41.99,74,57.47
2022-06-08,159,13,39.6,40.9,29.3,31,4.46,897.0,32.373,47.55,42.79,75,59.55
2022-06-09,160,14,40.3,40.8,28.0,29,4.16,857.0,32.553,48.26,43.27,76,59.06
2022-06-10,161,13,39.0,40.7,29.0,34,3.56,920.0,32.668,47.31,42.9,77,59.63
2022-06-11,162,13,39.7,40.6,29.8,31,3.06,923.0,32.829,48.25,42.99,78,61.57
2022-06-12,163,11,35.8,36.8,26.7,46,2.4,620.0,31.705,43.42,40.96,0,41.59
2022-06-13,164,13,33.4,33.8,27.7,54,2.72,483.0,30.26,40.12,38.4,0,36.69
2022-06-14,165,14,37.2,37.3,27.8,38,3.8,649.0,31.369,43.90,40.84,0,42.54
2022-06-15,166,13,36.9,37.2,28.0,43,3.39,769.0,32.194,44.66,42.24,0,45.40
2022-06-16,167,13,37.4,37.6,28.2,39,4.33,829.0,31.877,44.85,41.66,0,44.96
2022-06-17,168,14,38.7,38.7,28.8,36,4.47,811.0,32.43,46.25,43.16,0,48.27
2022-06-18,169,14,36.4,36.4,28.6,46,5.35,671.0,31.716,43.01,42.36,0,44.05
2022-06-19,170,14,35.3,35.3,28.3,50,4.26,652.0,31.434,42.11,41.4,0,42.16
2022-06-20,171,13,38.3,38.7,28.2,38,4.7,869.0,32.474,46.04,43.19,0,47.51
2022-06-21,172,14,37.7,37.8,28.1,39,5.37,813.0,31.949,44.94,42.31,0,45.28
2022-06-22,173,13,36.6,37.8,26.2,44,1.06,784.0,33.327,45.71,41.97,0,46.10
2022-06-23,174,14,36.9,36.9,26.4,44,3.09,755.0,32.404,44.86,42.67,0,44.24
2022-06-24,175,14,37.7,39.2,27.4,40,2.82,717.0,32.486,45.54,42.75,0,46.08
2022-06-25,176,13,39.1,39.7,27.1,34,2.85,885.0,32.908,47.62,43.11,0,48.16
2022-06-26,177,12,39.9,41.1,28.0,36,0.61,873.0,35.887,49.44,45.82,1,58.83
2022-06-27,178,14,36.3,36.3,27.7,47,3.81,757.0,32.15,43.92,42.55,0,44.55
2022-06-28,179,14,37.8,37.8,28.3,41,3.62,673.0,32.458,45.09,43.42,0,47.00
2022-06-29,180,14,37.9,37.9,28.6,37,4.3,599.0,31.631,44.28,41.89,0,44.63
2022-06-30,181,13,37.1,37.4,29.3,41,3.98,692.0,31.805,44.10,41.84,0,45.63
2022-07-01,182,12,35.5,35.5,25.9,48,3.36,561.0,31.349,42.25,41.06,0,39.17
2022-07-02,183,12,32.8,32.8,26.1,59,1.98,579.0,30.798,40.96,38.67,0,36.55
2022-07-03,184,12,34.0,34.0,25.8,56,3.55,780.0,31.392,41.95,40.56,0,38.74
2022-07-04,185,13,32.9,33.4,26.3,61,2.89,670.0,30.99,40.98,39.62,0,37.51
2022-07-05,186,14,32.2,32.2,25.8,64,2.28,457.0,30.45,39.74,38.85,0,34.73
2022-07-06,187,13,31.6,31.6,25.4,68,4.2,814.0,30.512,39.53,38.59,0,34.13
2022-07-07,188,13,32.4,32.4,26.4,65,2.73,736.0,31.164,41.16,39.73,0,38.13
2022-07-08,189,14,27.0,27.0,25.4,92,5.52,249.0,27.417,31.13,31.45,0,19.56
2022-07-09,190,16,30.3,30.7,25.2,74,4.56,374.0,29.153,35.74,36.85,0,27.95
2022-07-10,191,13,27.8,28.4,24.8,86,4.22,380.0,28.025,33.72,32.55,0,22.29
2022-07-11,192,13,26.7,27.9,24.5,87,1.06,296.0,27.719,35.04,29.8,0,21.29
2022-07-12,193,13,29.5,30.1,25.3,77,3.76,636.0,29.301,37.08,35.43,0,28.78
2022-07-13,194,15,32.3,32.3,25.7,65,2.1,656.0,31.158,41.20,39.46,0,37.23
2022-07-14,195,14,30.0,30.0,25.7,74,1.73,407.0,29.568,38.10,36.04,0,30.71
2022-07-15,196,10,29.9,30.3,25.2,74,4.94,558.0,29.053,36.06,35.77,0,27.58
2022-07-16,197,13,31.8,32.1,25.3,64,8.04,819.0,29.778,38.69,37.83,0,31.74
2022-07-17,198,14,32.4,32.4,26.3,65,4.79,747.0,30.725,39.71,39.73,0,36.14
2022-07-18,199,13,31.2,31.6,25.6,67,4.02,764.0,29.982,38.82,37.22,0,32.34
2022-07-19,200,15,26.9,27.0,25.3,89,5.3,326.0,27.209,31.48,30.65,0,19.01
2022-07-20,201,15,32.6,32.6,25.5,59,4.52,635.0,30.069,39.05,38.18,0,32.91
2022-07-21,202,14,32.1,32.1,25.3,60,4.25,795.0,30.01,39.40,37.31,0,32.49
2022-07-22,203,14,32.0,32.0,25.4,64,4.46,752.0,30.292,39.27,38.33,0,33.43
2022-07-23,204,13,30.3,30.3,25.1,70,3.1,486.0,29.178,37.29,35.78,0,28.60
2022-07-24,205,13,27.3,27.7,24.5,85,4.0,263.0,27.196,32.23,30.99,0,18.72
2022-07-25,206,13,30.8,30.9,24.5,68,3.64,740.0,29.76,38.58,36.5,0,30.20
2022-07-26,207,14,29.0,29.0,24.8,76,3.61,403.0,28.307,35.13,33.9,0,24.34
2022-07-27,208,12,30.8,31.2,24.5,69,3.67,784.0,29.932,38.84,36.78,0,30.81
2022-07-28,209,14,32.3,32.5,24.7,59,3.18,788.0,30.305,40.35,37.47,0,33.09
2022-07-29,210,13,31.9,32.4,25.7,61,3.71,824.0,30.097,39.73,37.14,0,33.30
2022-07-30,211,12,31.2,31.9,25.7,63,3.48,833.0,29.746,39.23,36.08,0,31.89
2022-07-31,212,13,31.1,31.3,25.6,63,4.44,808.0,29.415,38.27,35.85,0,30.36
2022-08-01,213,14,32.6,32.6,25.7,57,3.98,754.0,30.098,39.80,37.54,0,33.50
2022-08-02,214,14,31.9,31.9,25.5,67,2.34,741.0,31.074,41.08,39.07,0,36.60
2022-08-03,215,13,31.3,31.6,26.0,69,1.0,630.0,31.384,40.99,38.1,0,37.35
2022-08-04,216,14,31.3,31.4,25.4,72,1.06,733.0,31.91,41.77,39.07,0,38.57
2022-08-05,217,13,30.3,30.3,25.2,76,1.03,669.0,31.263,40.64,37.42,0,35.68
2022-08-06,218,13,30.7,30.7,24.7,72,1.91,626.0,30.46,39.87,37.38,0,33.01
2022-08-07,219,13,32.2,32.5,25.3,69,2.04,832.0,31.889,42.34,40.63,0,39.40
2022-08-08,220,14,32.4,32.5,26.0,70,1.61,789.0,32.367,42.89,41.6,0,41.88
2022-08-09,221,12,32.0,32.0,25.6,70,2.51,781.0,31.517,41.55,40.41,0,38.40
2022-08-10,222,13,31.2,31.2,25.2,69,3.84,714.0,30.169,38.91,37.83,0,32.52
2022-08-11,223,11,30.0,30.0,26.0,74,7.02,688.0,29.116,36.23,36.04,0,28.86
2022-08-12,224,11,31.1,31.5,25.7,72,5.39,766.0,30.23,38.36,38.49,0,33.06
2022-08-13,225,13,31.4,31.4,25.4,65,4.66,801.0,29.88,38.66,37.13,0,31.76
2022-08-14,226,13,30.6,30.6,24.4,69,4.74,689.0,29.404,37.36,36.27,0,28.44
2022-08-15,227,10,29.1,29.6,24.7,75,3.09,506.0,28.61,36.33,33.94,0,25.68
2022-08-16,228,12,27.5,27.5,24.6,82,5.0,344.0,27.168,32.06,31.13,0,18.71
2022-08-17,229,14,28.5,28.5,24.8,77,7.02,358.0,27.496,32.35,32.84,0,20.41
2022-08-18,230,14,29.8,29.8,24.8,75,2.97,483.0,29.265,37.21,35.76,0,28.34
2022-08-19,231,14,30.9,30.9,24.4,71,4.0,683.0,30.027,38.42,37.63,0,30.89
2022-08-20,232,13,31.0,31.2,24.7,66,3.94,727.0,29.64,38.37,36.43,0,30.02
2022-08-21,233,15,31.8,31.8,24.5,61,3.85,715.0,29.809,39.00,36.91,0,30.75
2022-08-22,234,15,28.4,29.1,25.2,80,5.18,353.0,27.842,33.09,33.12,0,22.16
2022-08-23,235,12,26.7,26.9,25.0,86,5.69,255.0,26.533,30.09,29.64,0,16.00
2022-08-24,236,16,29.1,29.9,24.4,72,3.2,285.0,27.77,34.46,33.34,0,22.17
2022-08-25,237,14,31.2,31.2,23.2,61,3.2,797.0,29.531,39.17,35.54,0,28.31
2022-08-26,238,14,30.8,31.0,24.6,60,3.2,694.0,28.874,38.13,34.43,0,27.55
2022-08-27,239,13,30.3,30.3,23.7,68,3.3,843.0,29.527,38.71,35.27,0,28.46
2022-08-28,240,15,31.2,31.2,23.5,59,2.42,678.0,29.337,39.16,35.02,0,28.10
2022-08-29,241,11,29.5,30.9,24.6,68,0.63,600.0,30.057,38.81,33.43,0,29.89
2022-08-30,242,12,31.5,31.9,24.9,68,0.28,812.0,33.111,41.40,38.32,0,39.70
2022-08-31,243,13,32.2,32.3,25.9,69,1.43,801.0,32.222,42.68,40.63,0,40.98
2022-09-01,244,13,32.3,32.3,26.6,67,1.86,719.0,31.634,41.91,40.18,0,39.96
2022-09-02,245,14,32.1,32.3,25.6,66,1.1,652.0,31.744,41.74,39.27,0,38.54
2022-09-03,246,12,32.5,33.0,26.4,67,1.7,801.0,32.08,42.66,40.75,0,41.32
2022-09-04,247,13,32.5,33.0,26.4,58,4.43,782.0,30.086,39.59,37.62,0,34.17
2022-09-05,248,15,31.9,32.0,26.0,58,2.96,657.0,29.655,39.34,36.26,0,32.21
2022-09-06,249,12,30.2,31.5,25.9,67,0.73,776.0,30.916,40.32,34.79,0,34.63
2022-09-07,250,13,33.8,34.0,25.4,51,1.57,833.0,31.45,42.96,38.29,0,38.27
2022-09-08,251,13,34.6,35.0,27.2,59,3.44,840.0,32.447,43.41,43.42,0,44.48
2022-09-09,252,13,35.6,35.8,27.5,56,3.86,845.0,32.888,44.23,44.86,0,46.79
2022-09-10,253,14,35.6,35.6,25.8,54,2.85,802.0,32.821,44.50,43.91,0,44.53
2022-09-11,254,11,32.5,33.5,26.6,67,0.9,779.0,32.806,43.07,40.75,0,43.22
2022-09-12,255,13,32.8,32.8,26.1,65,1.48,753.0,32.183,42.78,40.84,0,41.29
2022-09-13,256,13,31.2,31.3,24.9,73,0.85,638.0,31.953,41.42,39.11,0,37.83
2022-09-14,257,11,29.9,30.5,24.9,77,0.78,541.0,30.954,39.73,36.55,0,33.77
2022-09-15,258,13,30.0,30.0,24.6,75,4.21,767.0,29.688,37.80,36.3,0,29.54
2022-09-16,259,14,31.5,31.5,24.5,65,4.6,739.0,29.897,38.55,37.38,0,30.76
2022-09-17,260,14,31.4,31.5,23.4,58,3.24,765.0,29.299,39.01,35.18,0,27.86
2022-09-18,261,13,31.7,31.8,24.2,57,1.75,828.0,30.164,40.84,35.55,0,31.88
2022-09-19,262,14,31.5,31.5,24.1,59,2.47,735.0,29.701,39.75,35.66,0,30.15
2022-09-20,263,12,30.9,31.3,25.0,64,3.35,788.0,29.544,38.86,35.65,0,30.25
2022-09-21,264,13,31.1,31.4,24.0,59,3.79,780.0,29.033,38.33,34.81,0,27.43
2022-09-22,265,15,31.4,31.4,24.0,54,4.62,560.0,28.216,36.69,34.19,0,24.47
2022-09-23,266,13,30.6,31.0,24.4,57,5.02,700.0,28.004,36.39,33.35,0,24.01
2022-09-24,267,13,31.1,31.4,23.9,56,3.61,783.0,28.719,38.29,34.08,0,26.42
2022-09-25,268,13,31.1,31.6,23.4,56,2.94,838.0,28.984,39.11,34.08,0,26.93
2022-09-26,269,12,31.1,31.5,23.7,62,1.75,807.0,30.162,40.44,35.58,0,31.02
2022-09-27,270,13,32.0,32.2,23.9,58,1.66,712.0,30.388,40.80,36.48,0,32.28
2022-09-28,271,12,32.0,32.3,24.2,59,2.11,758.0,30.357,40.76,36.78,0,32.65
2022-09-29,272,13,33.4,33.6,24.3,52,2.13,791.0,30.812,42.00,37.74,0,34.88
2022-09-30,273,14,34.0,34.0,24.8,48,2.15,747.0,30.725,42.19,37.73,0,35.43
2022-10-01,274,14,33.7,33.7,25.4,44,2.79,725.0,29.617,40.98,35.95,0,32.50
2022-10-02,275,13,32.4,32.5,24.2,49,2.0,817.0,29.627,40.82,34.86,0,30.60
2022-10-03,276,13,32.5,32.7,24.7,48,1.0,775.0,30.304,41.22,34.79,0,32.73
2022-10-04,277,13,34.7,35.1,24.9,38,1.75,819.0,30.221,42.86,36.11,0,34.48
2022-10-05,278,13,36.0,36.4,25.8,31,3.89,813.0,29.371,42.79,36.41,0,33.99
2022-10-06,279,13,34.5,34.5,27.4,37,2.81,797.0,29.377,41.83,35.51,0,34.83
2022-10-07,280,17,28.4,28.5,22.7,74,1.61,119.0,27.044,33.65,32.09,0,17.76
2022-10-08,281,11,26.9,27.4,23.3,80,0.41,408.0,28.516,35.69,29.52,0,21.76
2022-10-09,282,13,31.3,31.3,24.4,65,1.92,558.0,30.09,39.59,36.88,0,31.57
2022-10-10,283,14,32.2,32.2,24.9,62,0.71,550.0,31.6,41.11,38.19,0,36.59
2022-10-11,284,12,32.5,33.5,24.5,56,2.3,771.0,30.39,41.02,37.0,0,33.33
2022-10-12,285,12,32.9,34.0,24.0,53,1.71,776.0,30.687,41.72,36.97,0,33.80
2022-10-13,286,11,31.7,34.1,22.3,48,1.65,775.0,28.992,40.01,33.38,0,26.05
2022-10-14,287,13,33.4,33.5,22.2,33,3.38,834.0,27.689,40.15,33.0,0,23.43
2022-10-15,288,13,33.8,34.1,21.8,32,2.0,831.0,28.36,41.40,33.37,0,25.51
2022-10-16,289,12,33.3,33.8,21.5,33,4.43,840.0,27.387,39.46,32.86,0,22.08
2022-10-17,290,13,34.0,34.1,21.3,24,3.76,833.0,26.477,40.30,32.39,0,20.79
2022-10-18,291,12,34.1,34.8,20.9,29,1.7,829.0,28.261,41.68,33.25,0,25.48
2022-10-19,292,12,33.3,34.2,20.4,34,1.58,830.0,28.525,41.15,33.04,0,25.52
2022-10-20,293,11,32.6,33.7,20.8,46,2.78,739.0,28.949,39.89,34.48,0,25.94
2022-10-21,294,12,33.8,34.6,22.8,29,3.71,819.0,27.239,40.20,32.86,0,23.26
2022-10-22,295,11,32.4,34.2,22.3,31,4.5,753.0,26.171,37.88,31.41,0,18.45
2022-10-23,296,12,33.3,34.1,19.5,26,1.1,815.0,27.555,40.69,31.83,0,22.90
2022-10-24,297,12,32.5,33.7,20.3,30,1.81,815.0,27.017,39.89,31.39,0,21.14
2022-10-25,298,12,33.1,34.0,19.7,29,3.34,810.0,26.738,39.57,31.98,0,20.60
2022-10-26,299,14,33.4,33.4,19.9,27,0.85,714.0,27.909,40.40,32.07,0,23.45
2022-10-27,300,11,32.1,33.8,19.5,36,0.3,727.0,29.273,39.04,31.75,0,24.92
2022-10-28,301,12,33.4,34.4,21.5,32,1.75,785.0,28.08,40.87,32.83,0,24.39
2022-10-29,302,13,33.3,34.1,20.5,34,0.64,774.0,29.587,41.12,33.04,0,27.50
2022-10-30,303,12,33.2,34.5,20.5,31,2.62,782.0,27.337,40.09,32.4,0,22.27
2022-10-31,304,12,32.6,33.2,19.2,25,3.77,795.0,25.488,38.54,30.95,0,17.11
2022-11-01,305,13,32.8,33.2,19.7,30,2.71,768.0,26.781,39.48,31.75,0,20.53
2022-11-02,306,13,34.1,34.3,19.8,28,2.27,769.0,27.669,41.10,33.08,0,23.88
2022-11-03,307,12,33.2,34.5,19.7,33,1.12,769.0,28.559,40.84,32.73,0,25.24
2022-11-04,308,13,34.5,34.9,19.6,27,0.76,758.0,29.075,41.79,33.43,0,27.16
2022-11-05,309,12,33.7,35.2,19.2,31,0.8,761.0,29.067,41.24,33.06,0,26.61
2022-11-06,310,13,34.7,35.0,20.5,26,1.26,743.0,28.359,41.85,33.53,0,25.89
2022-11-07,311,14,34.2,34.2,20.6,27,0.42,649.0,29.259,40.81,33.05,0,26.66
2022-11-08,312,12,33.3,34.0,20.0,29,1.66,727.0,27.425,40.35,32.23,0,22.55
2022-11-09,313,13,33.5,33.8,19.7,24,0.98,735.0,27.296,40.39,31.83,0,22.19
2022-11-10,314,13,33.1,33.2,20.2,27,1.75,731.0,26.859,40.00,31.72,0,21.05
2022-11-11,315,13,33.5,33.6,21.0,26,2.55,730.0,26.633,39.99,32.06,0,20.74
2022-11-12,316,13,32.5,32.5,21.4,30,3.61,722.0,26.212,38.32,31.39,0,18.49
2022-11-13,317,13,32.0,32.1,19.4,28,1.87,726.0,26.059,38.81,30.6,0,18.25
2022-11-14,318,13,31.8,32.1,18.5,31,0.36,723.0,28.224,38.67,30.7,0,22.28
2022-11-15,319,13,32.2,32.7,18.5,30,0.41,719.0,28.379,39.24,31.04,0,23.12
2022-11-16,320,13,32.3,32.8,19.9,28,0.63,717.0,27.614,39.35,30.93,0,21.71
2022-11-17,321,13,31.3,31.6,19.5,25,2.41,717.0,24.704,37.59,29.63,0,14.45
2022-11-18,322,13,30.9,31.0,17.4,23,2.96,723.0,23.85,36.76,29.13,0,12.06
2022-11-19,323,13,30.3,30.6,16.0,22,2.16,722.0,23.474,36.62,28.56,0,11.04
2022-11-20,324,13,30.7,31.0,17.2,25,2.91,715.0,24.05,36.61,29.06,0,12.30
2022-11-21,325,13,30.1,30.6,18.0,25,3.2,719.0,23.494,35.79,28.53,0,10.46
2022-11-22,326,13,30.9,31.3,16.1,23,2.08,716.0,24.158,37.28,29.13,0,13.01
2022-11-23,327,14,31.0,31.0,16.6,24,1.2,618.0,24.768,37.23,29.28,0,14.19
2022-11-24,328,14,30.9,30.9,17.4,24,2.96,635.0,23.878,36.33,29.19,0,11.82
2022-11-25,329,14,30.6,30.6,16.6,21,3.51,639.0,22.958,35.56,28.77,0,9.37
2022-11-26,330,13,30.5,30.8,17.0,23,2.31,710.0,23.73,36.71,28.77,0,11.66
2022-11-27,331,13,30.4,30.8,15.4,25,0.82,705.0,25.149,37.20,28.79,0,14.70
2022-11-28,332,14,30.9,30.9,15.1,25,0.78,627.0,25.398,37.28,29.25,0,15.40
2022-11-29,333,13,31.1,31.4,16.3,29,2.2,693.0,25.266,37.56,29.75,0,15.54
2022-11-30,334,13,31.0,31.3,18.7,26,3.98,689.0,24.172,36.09,29.41,0,12.29
2022-12-01,335,13,30.1,30.4,18.1,31,3.51,688.0,24.347,35.57,28.92,0,12.06
2022-12-02,336,12,29.3,30.0,16.7,31,0.14,689.0,26.029,34.60,28.19,0,14.27
2022-12-03,337,14,30.0,30.0,16.6,29,2.06,515.0,24.046,35.50,28.68,0,11.35
2022-12-04,338,13,30.5,30.9,15.7,26,1.1,666.0,24.936,37.13,28.94,0,14.30
2022-12-05,339,14,30.7,30.7,16.1,33,1.97,601.0,25.48,36.98,29.71,0,15.51
2022-12-06,340,14,31.3,31.3,19.5,35,1.9,600.0,26.322,37.75,30.61,0,18.00
2022-12-07,341,14,30.8,30.8,18.3,35,3.28,602.0,25.447,36.19,30.03,0,15.00
2022-12-08,342,13,29.5,29.9,17.3,25,3.83,686.0,22.815,34.51,28.02,0,8.06
2022-12-09,343,13,29.1,29.8,15.6,23,4.0,691.0,22.127,33.94,27.63,0,6.21
2022-12-10,344,14,30.3,30.4,16.1,24,2.73,620.0,23.436,35.77,28.65,0,10.39
2022-12-11,345,15,31.4,31.4,17.1,29,1.64,475.0,25.294,36.94,30.06,0,15.26
2022-12-12,346,14,32.8,32.9,20.2,36,0.7,590.0,28.811,39.79,32.7,0,24.94
2022-12-13,347,13,32.3,32.3,22.3,39,4.4,634.0,27.164,37.49,32.53,0,20.46
2022-12-14,348,14,30.1,30.3,22.5,47,2.83,500.0,26.39,35.78,30.73,0,17.33
2022-12-15,349,13,31.5,32.0,21.7,40,1.56,586.0,27.376,38.37,31.58,0,20.80
2022-12-16,350,14,32.6,32.8,20.7,37,0.32,563.0,29.286,38.95,32.6,0,25.20
2022-12-17,351,13,32.8,33.3,21.0,33,1.3,637.0,27.739,39.71,32.2,0,22.68
2022-12-18,352,12,31.4,33.1,20.6,36,1.84,641.0,26.674,38.17,30.86,0,19.06
2022-12-19,353,12,30.7,32.5,18.6,33,1.49,642.0,25.84,37.47,29.71,0,16.54
2022-12-20,354,13,31.4,32.0,18.5,33,0.57,648.0,27.621,38.45,30.48,0,20.90
2022-12-21,355,13,31.3,31.8,16.2,16,1.79,663.0,23.092,37.20,29.21,0,10.97
2022-12-22,356,14,30.9,30.9,16.0,20,2.47,610.0,23.225,36.37,28.99,0,10.54
2022-12-23,357,13,28.0,28.0,15.4,17,4.19,679.0,20.118,32.50,26.68,0,4.69
2022-12-24,358,14,26.3,26.5,12.3,28,2.22,625.0,21.025,32.42,26.01,0,4.64
2022-12-25,359,14,27.1,27.1,14.9,26,3.4,624.0,21.028,32.02,26.33,0,4.35
2022-12-26,360,14,28.0,28.1,14.5,31,2.98,617.0,22.604,33.41,27.14,0,6.54
2022-12-27,361,13,28.0,28.6,15.0,34,3.18,678.0,23.086,33.67,27.3,0,7.70
2022-12-28,362,14,29.3,29.4,15.0,29,3.3,617.0,23.3,34.42,28.07,0,8.93
2022-12-29,363,12,28.1,30.5,14.9,37,0.41,651.0,25.738,35.35,27.55,0,14.02
2022-12-30,364,13,29.4,30.0,17.7,38,2.56,659.0,24.981,35.73,28.83,0,13.34
2022-12-31,365,14,27.7,27.7,15.1,29,3.33,627.0,21.993,32.79,26.84,0,4.90
2023-01-01,1,14,27.6,27.7,14.5,29,2.48,625.0,22.144,33.45,26.77,0,5.65
2023-01-02,2,14,27.6,27.7,13.0,27,2.59,633.0,21.821,33.34,26.69,0,5.30
2023-01-03,3,14,27.4,27.4,14.5,26,3.78,631.0,21.203,32.03,26.52,0,4.36
2023-01-04,4,13,24.0,25.1,13.3,25,5.73,703.0,18.128,27.28,23.55,0,0.93
2023-01-05,5,15,25.9,25.9,12.3,37,4.88,506.0,21.1,28.93,25.71,0,2.12
2023-01-06,6,15,28.8,28.8,15.4,39,3.7,501.0,24.024,33.18,28.32,0,9.50
2023-01-07,7,14,29.9,30.0,17.6,35,3.18,622.0,24.741,35.40,29.07,0,12.73
2023-01-08,8,14,29.9,29.9,17.0,32,2.1,631.0,24.662,36.18,28.81,0,13.06
2023-01-09,9,13,29.4,29.9,15.9,32,2.06,687.0,24.373,36.01,28.35,0,12.21
2023-01-10,10,13,29.2,29.9,15.3,30,1.51,692.0,24.227,36.08,28.04,0,11.87
2023-01-11,11,13,29.4,29.9,14.8,30,2.4,698.0,23.95,35.73,28.21,0,11.16
2023-01-12,12,13,28.4,29.1,18.2,40,3.71,686.0,24.128,33.87,28.02,0,10.08
2023-01-13,13,14,26.2,26.2,13.8,24,2.55,671.0,20.313,32.20,25.85,0,4.48
2023-01-14,14,14,25.5,25.7,11.6,26,2.69,674.0,20.01,31.47,25.14,0,3.95
2023-01-15,15,14,25.0,25.2,11.8,22,2.55,686.0,19.078,31.16,24.57,0,3.73
2023-01-16,16,14,25.7,26.0,9.5,18,2.33,690.0,19.053,31.96,25.25,0,4.30
2023-01-17,17,14,26.9,27.1,12.1,21,3.05,686.0,20.255,32.43,26.05,0,4.64
2023-01-18,18,14,27.5,27.9,12.7,22,3.7,686.0,20.741,32.46,26.46,0,4.67
2023-01-19,19,15,29.2,29.2,13.9,25,2.01,571.0,22.886,34.92,27.78,0,8.40
2023-01-20,20,12,27.0,29.0,12.8,32,0.3,707.0,24.312,33.76,26.5,0,9.97
2023-01-21,21,13,27.4,27.8,12.5,23,2.02,734.0,21.444,34.05,26.43,0,5.82
2023-01-22,22,14,25.3,25.5,11.7,23,2.42,706.0,19.553,31.69,24.89,0,4.11
2023-01-23,23,14,25.8,25.9,11.2,25,2.22,701.0,20.326,32.33,25.44,0,4.57
2023-01-24,24,13,25.6,26.2,11.9,28,2.42,752.0,20.614,32.30,25.27,0,4.55
2023-01-25,25,14,26.1,26.4,12.3,21,3.69,710.0,19.516,31.19,25.71,0,3.75
2023-01-26,26,14,27.5,27.6,12.8,34,3.61,698.0,22.595,32.87,26.93,0,6.08
2023-01-27,27,14,28.6,28.9,15.3,38,3.98,702.0,24.007,33.87,28.06,0,9.87
2023-01-28,28,13,27.9,28.7,18.2,46,3.27,632.0,24.448,33.70,28.01,0,10.56
2023-01-29,29,14,28.0,28.0,18.0,48,0.2,638.0,26.993,34.67,28.27,0,16.16
2023-01-30,30,12,25.3,28.1,15.2,56,1.02,724.0,24.571,34.18,25.32,0,10.77
2023-01-31,31,14,27.8,27.9,15.4,28,4.67,735.0,21.841,32.40,26.87,0,4.62
2023-02-01,32,14,27.0,27.2,14.8,32,4.52,740.0,21.79,31.74,26.5,0,4.15
2023-02-02,33,17,27.4,29.2,13.8,28,1.2,248.0,21.376,31.34,26.6,0,3.85
2023-02-03,34,15,30.0,30.0,14.4,21,1.81,633.0,23.042,36.00,28.27,0,9.66
2023-02-04,35,14,30.5,30.6,12.9,21,2.86,753.0,23.24,36.50,28.69,0,10.56
2023-02-05,36,17,30.6,31.7,14.1,36,0.58,250.0,25.815,35.12,29.92,0,14.88
2023-02-06,37,13,29.6,30.2,15.8,32,2.82,787.0,24.43,36.13,28.53,0,12.48
2023-02-07,38,14,30.9,31.3,16.1,27,2.19,754.0,24.886,37.57,29.38,0,14.70
2023-02-08,39,17,30.5,31.6,14.6,31,0.5,263.0,25.182,34.80,29.31,0,13.23
2023-02-09,40,13,32.0,33.1,14.8,21,1.12,813.0,25.533,39.01,30.03,0,17.20
2023-02-10,41,14,32.5,32.8,15.7,22,3.11,773.0,24.964,38.61,30.59,0,16.04
2023-02-11,42,13,28.1,30.0,16.7,39,2.44,825.0,24.331,35.38,27.68,0,11.43
2023-02-12,43,13,32.4,32.9,17.6,18,4.12,826.0,23.9,38.08,30.25,0,13.52
2023-02-13,44,14,31.2,31.5,16.3,13,1.63,800.0,22.699,37.64,29.1,0,10.51
2023-02-14,45,14,32.7,33.0,14.5,14,1.66,798.0,24.018,39.12,30.38,0,14.55
2023-02-15,46,17,34.0,35.2,15.6,37,0.82,286.0,28.743,39.15,34.7,0,25.10
2023-02-16,47,13,35.5,36.9,16.5,16,1.1,853.0,27.209,42.37,33.16,0,23.96
2023-02-17,48,14,36.4,36.5,17.5,13,2.97,815.0,25.91,42.73,33.8,0,22.00
2023-02-18,49,14,36.2,36.5,18.1,16,1.12,811.0,27.617,42.95,33.9,0,25.42
2023-02-19,50,13,35.7,36.4,17.8,18,1.0,856.0,27.985,42.78,33.58,0,25.87
2023-02-20,51,12,34.5,36.5,17.5,21,2.12,834.0,26.796,41.53,32.6,0,22.36
2023-02-21,52,13,33.1,34.5,17.3,23,2.7,870.0,25.921,39.99,31.29,0,19.10
2023-02-22,53,12,31.0,33.9,18.1,41,1.7,809.0,27.467,38.94,31.06,0,21.18
2023-02-23,54,12,31.3,33.7,18.4,29,1.1,837.0,26.496,38.92,29.95,0,18.92
2023-02-24,55,12,33.1,34.7,16.2,17,0.54,852.0,26.7,39.89,30.86,0,20.35
2023-02-25,56,13,33.6,34.6,17.4,18,0.1,871.0,27.656,38.56,31.4,0,21.39
2023-02-26,57,13,33.9,34.9,17.7,17,1.8,879.0,25.698,40.90,31.63,0,19.47
2023-02-27,58,14,35.9,36.0,19.5,13,1.06,829.0,26.705,42.35,33.31,0,23.04
2023-02-28,59,13,35.1,35.9,20.1,15,0.98,875.0,26.862,41.91,32.67,0,22.78
2023-03-01,60,14,36.3,36.4,20.9,13,0.28,831.0,28.291,41.71,33.7,0,25.72
2023-03-02,61,14,37.0,37.1,20.2,13,0.85,833.0,27.818,43.46,34.4,0,26.35
2023-03-03,62,13,38.0,38.3,21.6,14,1.2,872.0,28.458,44.99,35.56,0,29.10
2023-03-04,63,13,38.2,38.7,22.5,13,0.6,876.0,29.337,44.86,35.63,0,31.27
2023-03-05,64,14,37.2,37.4,24.5,17,1.22,790.0,28.474,44.09,35.13,0,31.23
2023-03-06,65,11,34.5,36.4,22.4,24,2.52,739.0,27.078,41.08,32.98,0,23.17
2023-03-07,66,13,33.9,35.1,21.0,25,0.94,814.0,28.056,41.25,32.4,0,24.46
2023-03-08,67,13,35.4,36.0,21.2,15,0.5,833.0,28.016,41.92,32.97,0,25.08
2023-03-09,68,12,34.4,35.4,21.0,17,2.4,872.0,25.757,41.24,32.12,0,20.01
2023-03-10,69,13,35.1,35.5,21.6,12,1.43,915.0,25.642,41.85,32.36,0,20.32
2023-03-11,70,15,36.1,36.1,21.0,13,0.94,738.0,26.791,42.11,33.51,0,23.11
2023-03-12,71,14,37.4,37.4,20.9,13,1.22,798.0,27.55,43.88,34.81,0,26.30
2023-03-13,72,12,37.2,37.9,23.1,14,1.7,803.0,27.314,43.88,34.72,0,27.11
2023-03-14,73,12,37.4,37.8,22.0,13,2.19,815.0,26.931,44.03,34.81,0,25.24
2023-03-15,74,10,33.2,34.5,22.4,20,1.0,427.0,25.365,38.07,31.14,0,17.08
2023-03-16,75,13,35.5,36.0,21.3,20,2.35,850.0,27.278,42.57,33.61,0,24.40
2023-03-17,76,16,31.5,33.0,21.9,31,0.45,448.0,26.971,37.24,30.37,0,18.76
2023-03-18,77,13,33.9,33.9,21.6,29,2.5,834.0,27.703,41.10,32.99,0,23.91
2023-03-19,78,13,32.1,33.0,19.6,32,0.64,863.0,28.497,40.11,31.18,0,24.02
2023-03-20,79,14,32.7,32.7,19.8,26,3.91,851.0,25.803,38.86,31.15,0,18.02
2023-03-21,80,13,33.2,33.5,20.8,24,1.6,862.0,26.737,40.58,31.49,0,21.15
2023-03-22,81,12,31.4,32.7,20.8,37,0.45,834.0,29.159,39.68,31.0,0,24.89
2023-03-23,82,13,33.6,33.9,23.1,32,2.38,852.0,28.05,41.06,33.1,0,25.86
2023-03-24,83,12,32.1,33.5,22.4,29,4.96,884.0,25.69,37.89,30.82,0,17.44
2023-03-25,84,13,31.8,32.6,20.7,26,2.5,940.0,25.627,39.13,30.2,0,17.53
2023-03-26,85,13,33.1,33.8,20.1,21,2.13,944.0,25.884,40.48,31.11,0,19.33
2023-03-27,86,14,34.9,35.2,20.0,16,0.54,895.0,27.939,41.79,32.55,0,24.68
2023-03-28,87,13,34.7,35.0,20.2,17,0.5,946.0,28.309,41.91,32.43,0,25.43
2023-03-29,88,13,35.6,36.0,22.2,19,1.6,936.0,27.704,43.15,33.59,0,25.84
2023-03-30,89,12,31.6,32.4,22.8,41,1.22,780.0,28.314,39.68,31.88,0,24.55
2023-03-31,90,13,32.2,33.3,20.3,29,3.26,902.0,26.156,39.02,30.93,0,18.72
2023-04-01,91,11,32.1,35.0,21.6,36,2.48,831.0,27.342,39.43,31.75,0,21.56
2023-04-02,92,14,35.0,35.2,22.6,23,2.42,882.0,27.556,42.29,33.44,0,25.36
2023-04-03,93,11,32.5,36.6,22.9,35,2.22,835.0,27.647,40.02,32.12,0,23.74
2023-04-04,94,13,33.9,35.1,23.3,37,3.0,883.0,28.937,41.38,34.54,0,28.54
2023-04-05,95,12,35.0,36.7,24.2,24,1.03,886.0,28.781,42.68,33.59,0,29.87
2023-04-06,96,12,35.6,37.4,23.8,20,1.27,943.0,28.237,43.26,33.72,0,28.85
2023-04-07,97,14,36.2,36.7,25.4,17,0.64,775.0,28.559,42.76,34.01,0,31.07
2023-04-08,98,14,37.1,37.1,24.9,21,0.4,744.0,30.652,43.81,35.71,0,35.83
2023-04-09,99,11,36.6,38.7,24.5,21,0.36,849.0,30.587,43.52,35.08,0,34.80
2023-04-10,100,12,37.8,39.5,25.9,19,0.76,934.0,30.421,45.48,36.2,0,37.95
2023-04-11,101,12,39.0,40.0,26.6,19,3.0,934.0,29.637,46.76,37.73,1,40.44
2023-04-12,102,13,38.8,39.5,26.5,18,3.0,951.0,29.252,46.52,37.24,0,37.58
2023-04-13,103,13,39.1,39.4,26.3,16,3.51,928.0,28.763,46.51,37.17,0,36.39
2023-04-14,104,13,39.1,39.8,25.4,18,2.72,962.0,29.596,46.99,37.62,0,37.43
2023-04-15,105,13,38.9,39.5,25.1,20,2.78,959.0,29.921,46.87,37.85,0,37.69
2023-04-16,106,11,35.6,39.6,24.8,29,1.22,865.0,29.966,43.63,35.33,0,34.15
2023-04-17,107,12,38.6,40.8,26.0,21,1.36,951.0,30.734,46.78,37.7,1,41.82
2023-04-18,108,12,39.4,40.4,26.6,19,2.25,945.0,30.256,47.46,38.26,2,43.98
2023-04-19,109,12,39.6,40.2,27.6,18,3.71,940.0,29.648,47.27,38.26,3,45.53
2023-04-20,110,12,37.4,38.0,26.8,20,4.2,945.0,28.351,44.56,35.89,0,34.31
2023-04-21,111,13,38.1,38.5,25.8,15,1.8,931.0,28.433,45.55,35.83,0,33.99
2023-04-22,112,11,36.3,38.9,26.8,24,4.88,868.0,28.15,42.85,35.25,0,32.45
2023-04-23,113,11,37.2,40.4,25.6,20,5.06,886.0,27.966,43.91,35.64,1,33.29
2023-04-24,114,10,36.0,39.5,22.4,13,0.91,735.0,26.753,41.98,33.41,0,23.37
2023-04-25,115,15,40.0,40.0,23.6,9,0.1,788.0,29.522,43.95,36.45,1,34.22
2023-04-26,116,11,37.9,39.7,26.8,23,4.18,849.0,29.307,44.90,37.23,0,36.86
2023-04-27,117,14,38.1,38.3,24.8,22,3.13,761.0,29.351,45.05,37.26,0,34.73
2023-04-28,118,13,37.9,38.4,26.6,23,2.72,906.0,29.779,45.66,37.23,0,38.07
2023-04-29,119,12,32.4,34.2,24.6,39,2.62,873.0,28.062,40.00,32.67,0,26.71
2023-04-30,120,13,31.5,32.6,20.2,46,2.37,911.0,28.411,39.74,32.64,0,24.13
2023-05-01,121,13,34.2,34.6,22.8,31,3.12,915.0,28.216,41.52,33.74,0,26.39
2023-05-02,122,12,33.4,35.0,23.7,40,0.22,896.0,31.514,40.96,34.42,0,33.52
2023-05-03,123,11,33.9,34.4,24.2,39,0.57,784.0,31.091,42.25,35.01,0,34.46
2023-05-04,124,12,37.0,37.5,24.9,29,0.4,823.0,32.494,44.86,37.47,0,40.72
2023-05-05,125,13,38.3,38.7,26.5,26,0.1,839.0,33.001,44.41,38.66,0,43.67
2023-05-06,126,15,36.9,37.6,25.6,29,1.66,683.0,30.299,44.20,37.31,0,36.85
2023-05-07,127,14,40.0,40.0,28.4,23,2.6,818.0,31.347,47.85,40.36,1,47.54
2023-05-08,128,12,39.3,40.2,28.0,24,3.23,937.0,30.998,47.36,39.6,2,47.45
2023-05-09,129,12,41.3,42.7,27.0,18,1.84,925.0,31.638,49.55,40.56,3,51.09
2023-05-10,130,14,43.3,43.3,27.4,10,3.8,911.0,29.796,50.87,40.18,4,50.56
2023-05-11,131,13,43.0,43.1,27.2,11,4.17,974.0,29.952,50.90,40.22,5,52.32
2023-05-12,132,14,43.6,43.6,28.2,9,3.38,915.0,29.736,51.13,40.14,6,54.88
2023-05-13,133,13,43.4,43.7,28.5,13,4.12,961.0,30.928,51.55,41.49,7,58.29
2023-05-14,134,11,38.6,42.7,28.3,32,4.0,865.0,31.779,46.29,41.27,8,55.78
2023-05-15,135,12,39.2,41.9,27.6,32,5.05,931.0,32.176,47.12,42.44,9,56.75
2023-05-16,136,13,39.3,41.6,28.2,32,4.14,916.0,32.405,47.36,42.63,10,58.13
2023-05-17,137,12,38.2,41.3,27.5,34,3.42,935.0,32.049,46.42,41.28,11,55.46
2023-05-18,138,12,38.0,40.7,26.8,36,3.04,918.0,32.321,46.41,41.69,12,55.30
2023-05-19,139,11,38.1,42.0,28.5,39,1.94,820.0,33.21,46.91,43.19,13,59.88
2023-05-20,140,12,39.7,42.1,28.8,31,3.28,925.0,32.766,48.17,42.99,14,60.23
2023-05-21,141,12,39.7,41.7,28.6,27,3.4,934.0,31.925,47.94,41.33,15,57.63
2023-05-22,142,12,39.3,41.5,27.3,30,3.72,931.0,32.128,47.46,41.8,16,56.32
2023-05-23,143,13,39.6,40.9,28.2,26,3.9,949.0,31.525,47.68,40.78,17,56.01
2023-05-24,144,13,40.9,42.6,28.0,25,5.05,901.0,32.071,48.97,42.62,18,58.42
2023-05-25,145,12,39.4,41.6,28.4,29,6.59,903.0,31.513,47.30,41.58,19,56.25
2023-05-26,146,14,40.6,41.3,27.8,27,5.95,823.0,32.053,48.41,42.95,20,57.88
2023-05-27,147,13,40.6,42.3,28.5,28,5.98,925.0,32.388,48.88,43.39,21,59.83
2023-05-28,148,14,39.4,39.4,28.6,34,2.3,694.0,33.037,47.36,43.73,0,50.20
2023-05-29,149,12,36.9,36.9,24.4,33,3.91,918.0,30.628,44.45,38.5,0,36.70
2023-05-30,150,11,35.2,37.7,25.1,47,0.41,724.0,33.589,44.05,39.99,0,43.38
2023-05-31,151,11,36.9,39.9,26.5,34,2.5,850.0,31.119,44.94,38.82,0,40.55
2023-06-01,152,13,40.6,41.7,26.1,21,5.08,934.0,30.915,48.54,40.58,1,44.62
2023-06-02,153,14,40.0,40.7,28.4,30,4.4,826.0,32.422,47.73,43.13,2,52.18
2023-06-03,154,13,36.7,39.4,29.1,47,1.53,801.0,33.46,46.04,43.54,0,50.56
2023-06-04,155,13,39.5,40.6,28.7,32,4.41,920.0,32.524,47.57,43.03,1,50.91
2023-06-05,156,11,37.5,41.6,29.1,45,2.71,787.0,33.259,46.11,44.59,2,53.96
2023-06-06,157,13,40.3,41.6,29.0,29,3.13,925.0,32.902,48.86,43.27,3,56.33
2023-06-07,158,12,39.9,42.4,29.1,31,3.28,908.0,32.908,48.35,43.39,4,57.79
2023-06-08,159,14,41.2,41.5,30.4,27,3.48,841.0,32.991,49.41,44.06,5,62.15
2023-06-09,160,13,40.3,41.8,29.2,29,4.53,922.0,32.569,48.47,43.27,6,60.64
2023-06-10,161,13,40.7,41.0,29.9,29,4.37,916.0,32.921,48.99,44.04,7,62.79
2023-06-11,162,12,38.5,39.3,29.1,38,5.53,816.0,32.453,45.98,43.63,0,48.64
2023-06-12,163,12,39.1,39.3,29.1,32,6.11,845.0,31.841,46.65,42.24,0,47.46
2023-06-13,164,11,36.8,36.8,28.6,44,8.25,799.0,31.649,44.45,42.44,0,45.00
2023-06-14,165,13,36.6,36.7,26.4,46,7.86,829.0,31.839,44.32,42.84,0,42.84
2023-06-15,166,14,34.3,34.3,26.3,49,10.11,709.0,29.926,41.14,38.71,0,35.28
2023-06-16,167,12,36.0,36.0,26.4,46,11.94,736.0,30.959,43.75,41.42,0,40.24
2023-06-17,168,13,34.5,34.5,26.6,51,7.58,619.0,30.432,40.59,39.88,0,36.62
2023-06-18,169,14,36.3,36.6,27.7,43,7.12,636.0,30.947,42.56,40.89,0,40.68
2023-06-19,170,14,37.4,37.6,27.2,42,5.31,787.0,32.149,44.62,42.95,0,44.62
2023-06-20,171,14,37.7,37.8,27.7,36,3.75,654.0,31.475,44.46,41.08,0,43.12
2023-06-21,172,14,38.8,39.0,28.5,34,3.52,795.0,32.326,46.53,42.49,0,47.68
2023-06-22,173,14,38.5,38.5,28.5,36,3.47,815.0,32.474,46.38,42.73,0,47.94
2023-06-23,174,15,38.8,38.8,29.2,34,4.04,671.0,32.025,45.73,42.49,0,47.35
2023-06-24,175,12,35.4,36.1,28.8,47,2.62,542.0,31.266,42.44,40.44,0,42.31
2023-06-25,176,12,34.1,35.8,26.5,56,0.92,728.0,32.796,43.65,40.82,0,43.53
2023-06-26,177,10,31.1,31.1,26.0,67,2.59,390.0,29.511,37.92,36.97,0,31.17
2023-06-27,178,14,29.8,29.9,26.0,75,1.41,288.0,29.269,37.36,35.76,0,29.86
2023-06-28,179,12,32.6,32.8,26.2,66,2.14,644.0,31.517,41.61,40.65,0,39.23
2023-06-29,180,10,28.7,29.4,25.6,84,2.94,313.0,28.753,35.55,34.73,0,26.73
2023-06-30,181,12,27.8,27.9,24.7,89,4.02,225.0,27.984,32.97,33.18,0,21.79
2023-07-01,182,12,29.2,29.8,24.4,83,3.26,598.0,29.677,37.56,36.01,0,29.00
2023-07-02,183,12,31.9,33.1,25.5,69,1.75,729.0,31.567,41.73,39.76,0,38.26
2023-07-03,184,13,33.7,33.9,26.4,64,1.33,831.0,33.198,44.31,43.02,0,45.47
2023-07-04,185,12,32.8,33.8,27.0,71,1.61,742.0,32.767,43.37,43.26,0,44.77
2023-07-05,186,13,33.4,33.6,27.2,66,1.7,725.0,32.66,43.43,42.99,0,44.74
2023-07-06,187,15,30.7,31.4,25.9,77,0.81,483.0,31.499,40.43,38.91,0,37.35
2023-07-07,188,15,31.1,31.2,25.9,73,0.5,395.0,31.67,40.11,38.82,0,37.40
2023-07-08,189,12,31.7,32.1,25.9,71,3.45,710.0,30.948,40.09,39.89,0,36.42
2023-07-09,190,13,30.2,30.2,25.6,77,3.89,500.0,29.716,37.19,37.41,0,30.73
2023-07-10,191,14,31.0,31.0,25.1,76,4.8,611.0,30.431,38.18,39.5,0,32.99
2023-07-11,192,15,32.3,32.3,25.9,70,3.83,549.0,31.056,39.73,41.3,0,36.89
2023-07-12,193,14,32.7,32.7,26.1,68,2.93,754.0,31.765,41.80,41.72,0,40.11
2023-07-13,194,13,31.6,32.4,26.2,72,2.86,669.0,31.049,40.39,39.94,0,37.20
2023-07-14,195,12,32.6,32.8,26.1,62,2.71,737.0,31.003,41.16,39.2,0,37.28
2023-07-15,196,10,29.7,29.7,25.5,81,2.5,466.0,29.889,38.07,37.03,0,31.43
2023-07-16,197,13,32.1,33.1,26.2,66,2.02,747.0,31.301,41.54,39.27,0,38.26
2023-07-17,198,13,32.6,32.6,25.7,66,2.06,736.0,31.733,42.11,40.65,0,39.42
2023-07-18,199,11,31.0,31.0,26.5,77,3.32,518.0,30.63,38.93,39.84,0,35.67
2023-07-19,200,14,31.1,31.1,26.0,78,1.3,752.0,32.174,42.15,40.5,0,40.57
2023-07-20,201,15,32.7,32.7,25.5,71,2.77,714.0,32.093,42.12,42.94,0,40.72
2023-07-21,202,13,32.8,32.8,26.4,69,2.51,808.0,32.209,42.66,42.42,0,42.19
2023-07-22,203,14,31.2,31.3,25.8,72,0.63,816.0,32.753,42.26,38.78,0,40.87
2023-07-23,204,15,31.1,31.9,26.0,76,2.52,571.0,30.928,39.99,39.81,0,36.40
2023-07-24,205,15,31.4,31.4,26.0,74,4.08,697.0,30.844,39.43,40.04,0,35.92
2023-07-25,206,14,31.7,31.7,25.5,71,1.6,380.0,30.85,39.92,39.89,0,35.65
2023-07-26,207,13,31.1,32.1,25.5,71,1.25,752.0,31.452,41.38,38.18,0,37.20
2023-07-27,208,13,32.4,33.0,25.8,69,3.51,865.0,31.61,41.47,41.22,0,39.05
2023-07-28,209,14,31.9,31.9,25.9,67,4.61,662.0,30.389,38.90,39.07,0,34.20
2023-07-29,210,14,31.7,31.7,25.3,68,4.14,651.0,30.374,38.97,38.86,0,33.44
2023-07-30,211,13,31.4,31.4,25.1,68,5.46,704.0,29.974,38.10,38.05,0,31.53
2023-07-31,212,14,31.3,31.3,25.1,73,3.48,786.0,30.901,40.06,39.4,0,35.20
2023-08-01,213,13,30.8,31.6,25.5,72,4.0,615.0,29.932,38.04,37.66,0,31.73
2023-08-02,214,14,32.8,32.8,25.3,61,6.24,754.0,30.446,39.52,39.36,0,34.17
2023-08-03,215,12,30.6,31.2,26.0,68,5.94,614.0,29.034,36.39,36.0,0,28.81
2023-08-04,216,13,31.2,31.7,25.1,69,5.06,744.0,30.006,38.26,37.83,0,31.63
2023-08-05,217,14,32.3,32.3,25.8,63,4.62,633.0,30.253,38.93,38.77,0,33.74
2023-08-06,218,15,32.6,32.6,25.4,60,5.69,604.0,29.993,38.52,38.51,0,32.39
2023-08-07,219,15,32.0,32.0,25.5,60,6.54,579.0,29.315,37.43,37.07,0,29.90
2023-08-08,220,15,32.0,32.0,26.0,62,5.74,499.0,29.507,37.28,37.69,0,30.97
2023-08-09,221,14,31.7,31.9,25.2,64,5.64,763.0,29.855,38.39,37.57,0,31.45
2023-08-10,222,15,31.7,32.0,25.2,66,3.49,640.0,30.254,39.22,38.21,0,33.05
2023-08-11,223,13,31.5,31.9,24.7,63,3.94,855.0,29.952,39.34,36.78,0,31.44
2023-08-12,224,13,31.4,31.7,25.2,66,4.65,833.0,30.04,38.88,37.43,0,32.11
2023-08-13,225,14,32.3,32.3,25.2,59,5.77,678.0,29.689,38.38,37.47,0,31.09
2023-08-14,226,13,32.0,32.5,25.6,62,5.17,686.0,29.855,38.44,37.69,0,32.00
2023-08-15,227,14,32.4,32.4,25.6,61,4.28,647.0,30.183,39.16,38.35,0,33.38
2023-08-16,228,13,32.5,33.2,25.7,59,3.97,781.0,30.294,39.96,37.94,0,34.14
2023-08-17,229,15,32.3,32.3,25.2,59,4.85,624.0,29.726,38.43,37.47,0,31.20
2023-08-18,230,14,32.6,32.9,24.8,53,3.83,714.0,29.564,39.42,36.33,0,30.72
2023-08-19,231,13,32.3,33.3,24.9,57,3.2,768.0,30.023,40.08,36.86,0,32.38
2023-08-20,232,14,31.5,31.5,25.8,63,3.83,619.0,29.613,38.32,36.78,0,31.35
2023-08-21,233,14,30.4,30.6,25.0,68,3.18,480.0,29.022,37.13,35.51,0,27.97
2023-08-22,234,13,32.5,32.8,25.5,60,4.32,749.0,30.303,39.67,38.27,0,33.83
2023-08-23,235,14,32.9,32.9,26.1,54,5.02,621.0,29.628,38.75,37.27,0,32.22
2023-08-24,236,14,33.3,33.6,26.0,55,6.19,757.0,30.171,39.74,38.5,0,34.31
2023-08-25,237,13,33.0,34.3,25.2,57,4.78,818.0,30.415,40.14,38.47,0,34.11
2023-08-26,238,14,33.6,33.7,25.3,50,4.39,770.0,30.055,40.38,37.53,0,33.37
2023-08-27,239,14,33.8,34.0,24.8,50,4.27,814.0,30.32,40.90,37.96,0,33.82
2023-08-28,240,14,34.2,34.7,24.8,46,4.32,800.0,30.098,41.05,37.51,0,33.34
2023-08-29,241,13,33.5,34.3,24.5,51,3.3,833.0,30.427,41.32,37.63,0,33.86
2023-08-30,242,14,33.8,34.1,25.6,50,2.44,830.0,30.842,42.26,37.96,0,36.73
2023-08-31,243,11,32.1,33.8,25.3,58,0.99,753.0,31.172,41.50,36.71,0,35.99
2023-09-01,244,12,33.8,34.8,25.2,51,0.71,868.0,32.59,43.51,38.29,0,40.58
2023-09-02,245,14,34.6,34.9,26.4,45,1.5,790.0,31.301,43.25,38.0,0,39.25
2023-09-03,246,14,34.2,34.4,26.7,50,2.26,767.0,31.167,42.60,38.84,0,39.19
2023-09-04,247,15,34.5,34.5,26.4,44,2.32,702.0,30.448,42.15,37.48,0,36.65
2023-09-05,248,15,35.8,35.8,26.2,41,2.66,713.0,31.035,43.33,39.09,0,38.98
2023-09-06,249,13,36.7,36.7,26.8,42,5.61,850.0,31.577,43.91,41.37,0,41.97
2023-09-07,250,13,35.6,36.0,25.7,49,4.43,824.0,31.787,43.15,41.71,0,40.66
2023-09-08,251,14,35.6,36.3,25.8,51,2.94,753.0,32.302,43.90,42.56,0,42.61
2023-09-09,252,15,36.4,36.6,26.6,41,4.9,682.0,31.028,42.79,40.33,0,39.51
2023-09-10,253,13,34.2,35.3,25.9,53,4.46,901.0,31.165,41.92,39.92,0,38.17
2023-09-11,254,15,35.7,35.7,26.1,45,4.42,703.0,31.127,42.41,40.34,0,38.84
2023-09-12,255,14,34.3,34.9,25.7,48,3.71,747.0,30.51,41.42,38.37,0,35.76
2023-09-13,256,14,33.8,33.9,26.5,52,2.82,750.0,30.838,41.77,38.63,0,37.66
2023-09-14,257,14,34.2,34.3,27.0,51,2.4,798.0,31.299,42.72,39.19,0,40.01
2023-09-15,258,14,32.4,32.5,26.7,61,3.49,719.0,30.452,40.07,38.35,0,35.83
2023-09-16,259,11,32.7,33.0,25.8,58,6.36,667.0,29.859,38.71,38.09,0,32.59
2023-09-17,260,15,28.0,28.0,24.7,84,6.0,340.0,27.764,32.36,32.73,0,20.76
2023-09-18,261,14,26.4,26.4,24.6,91,4.67,174.0,26.593,30.00,26.94,0,14.60
2023-09-19,262,14,29.1,29.1,24.5,75,5.82,626.0,28.391,34.98,33.94,0,24.06
2023-09-20,263,12,30.2,30.4,25.2,76,3.51,659.0,29.961,38.25,37.13,0,31.39
2023-09-21,264,13,31.9,32.5,25.6,66,1.3,778.0,31.655,41.96,38.73,0,38.33
2023-09-22,265,14,32.2,32.2,25.4,64,1.63,735.0,31.359,41.72,38.85,0,37.41
2023-09-23,266,16,30.9,31.3,25.7,76,0.54,417.0,31.807,40.33,39.2,0,37.73
2023-09-24,267,12,30.5,30.5,24.7,74,1.7,582.0,30.499,39.77,37.41,0,33.02
2023-09-25,268,12,30.6,31.0,24.1,73,0.9,770.0,31.651,41.24,37.4,0,35.56
2023-09-26,269,13,31.6,32.3,24.9,72,0.51,771.0,33.344,42.68,39.94,0,41.67
2023-09-27,270,15,31.2,31.7,25.2,78,1.39,381.0,31.256,40.28,40.83,0,36.68
2023-09-28,271,12,33.1,33.1,24.9,69,1.1,825.0,33.45,44.23,43.36,0,44.26
2023-09-29,272,11,32.4,34.0,24.7,70,1.24,770.0,32.628,43.06,41.6,0,40.98
2023-09-30,273,11,34.2,35.6,23.1,53,2.53,782.0,31.488,42.72,39.92,0,36.09
2023-10-01,274,12,34.2,35.7,23.8,55,1.6,867.0,32.385,43.95,40.68,0,39.77
2023-10-02,275,13,33.2,33.6,23.2,51,2.64,864.0,30.412,41.61,37.0,0,32.28
2023-10-03,276,17,31.9,33.6,22.5,69,1.44,236.0,30.412,38.99,39.76,0,30.60
2023-10-04,277,17,31.5,33.2,21.7,72,1.64,231.0,30.271,38.62,39.65,0,29.44
2023-10-05,278,17,31.1,33.0,21.0,73,1.36,227.0,30.098,38.37,38.82,0,28.63
2023-10-06,279,17,31.5,32.3,21.1,72,1.22,224.0,30.428,38.85,39.65,0,29.91
2023-10-07,280,12,31.6,32.5,23.1,64,1.7,845.0,30.968,41.41,37.33,0,33.20
2023-10-08,281,12,32.3,33.4,23.4,59,1.4,847.0,31.256,42.03,37.47,0,34.59
2023-10-09,282,13,32.8,33.6,23.0,58,2.61,836.0,30.904,41.58,38.33,0,33.45
2023-10-10,283,17,31.7,32.3,23.5,67,0.72,209.0,30.353,38.63,38.53,0,30.94
2023-10-11,284,12,33.0,33.9,22.7,50,1.26,838.0,30.868,42.12,36.29,0,32.67
2023-10-12,285,12,33.7,34.5,23.4,45,0.4,838.0,32.328,42.58,36.23,0,36.55
2023-10-13,286,14,35.5,35.5,22.8,35,0.72,724.0,31.305,43.39,36.66,0,34.67
2023-10-14,287,11,33.8,35.3,24.1,50,0.41,751.0,32.836,42.81,37.96,0,39.13
2023-10-15,288,15,32.5,33.3,24.8,48,0.41,461.0,30.36,39.56,34.79,0,31.75
2023-10-16,289,12,33.5,34.0,23.6,44,2.06,807.0,29.874,41.65,35.59,0,31.24
2023-10-17,290,11,32.3,33.6,22.8,46,1.56,743.0,29.257,40.44,33.96,0,27.66
2023-10-18,291,13,33.1,33.3,21.1,43,1.39,760.0,29.714,41.29,34.63,0,28.45
2023-10-19,292,13,33.8,33.9,22.8,37,1.75,785.0,29.225,41.62,34.38,0,28.60
2023-10-20,293,12,33.9,35.2,22.3,40,2.0,811.0,29.678,41.90,35.26,0,29.41
2023-10-21,294,12,34.0,34.5,21.8,41,1.72,802.0,30.059,42.20,35.69,0,30.16
2023-10-22,295,12,33.8,35.0,20.9,37,0.64,803.0,30.569,42.04,34.38,0,30.52
2023-10-23,296,13,33.5,34.0,22.4,38,1.04,788.0,29.741,41.63,34.14,0,29.03
2023-10-24,297,12,33.5,34.5,22.2,37,1.6,797.0,29.089,41.41,33.92,0,27.33
2023-10-25,298,13,33.3,34.0,20.8,34,0.36,792.0,30.187,40.80,33.04,0,28.40
2023-10-26,299,13,33.9,34.5,20.4,31,2.02,789.0,28.186,41.26,33.33,0,25.06
2023-10-27,300,12,32.8,34.0,19.9,33,0.92,801.0,28.553,40.59,32.2,0,24.85
2023-10-28,301,13,32.8,33.3,20.4,33,0.32,763.0,29.513,39.83,32.2,0,26.11
2023-10-29,302,12,33.6,34.6,21.1,31,2.62,788.0,27.68,40.57,32.92,0,23.46
2023-10-30,303,13,34.5,34.5,21.3,26,3.26,765.0,27.285,40.90,33.27,0,23.08
2023-10-31,304,12,33.5,34.2,21.4,32,3.76,776.0,27.43,39.72,32.96,0,22.39
2023-11-01,305,12,33.3,34.1,20.9,36,2.79,769.0,28.152,40.27,33.42,0,24.32
2023-11-02,306,12,32.9,33.8,21.2,37,2.06,767.0,28.249,40.35,33.03,0,24.41
2023-11-03,307,13,34.2,34.4,21.4,26,1.22,757.0,28.024,41.38,32.9,0,24.68
2023-11-04,308,12,33.0,34.4,19.9,32,0.64,764.0,28.981,40.60,32.3,0,25.70
2023-11-05,309,11,33.4,34.8,20.7,31,2.94,696.0,27.254,39.69,32.66,0,21.92
2023-11-06,310,13,33.3,34.2,19.9,32,1.7,650.0,27.749,40.12,32.69,0,23.17
2023-11-07,311,12,33.5,34.2,19.6,28,2.5,751.0,27.054,40.22,32.33,0,21.80
2023-11-08,312,13,34.5,34.5,20.7,25,2.53,738.0,27.271,41.12,33.12,0,23.15
2023-11-09,313,12,33.9,34.7,20.1,30,0.64,739.0,29.32,41.29,33.15,0,27.16
2023-11-10,314,13,34.7,34.7,20.0,28,1.0,720.0,28.962,41.91,33.87,0,27.19
2023-11-11,315,13,33.5,33.5,21.2,23,2.92,746.0,25.963,39.73,31.72,0,19.16
2023-11-12,316,13,32.7,33.0,19.3,22,2.83,747.0,25.161,38.86,30.79,0,16.67
2023-11-13,317,12,31.2,31.8,18.1,34,3.1,729.0,25.9,37.41,30.37,0,16.86
2023-11-14,318,13,31.9,32.1,19.5,28,1.61,730.0,26.14,38.83,30.49,0,18.39
2023-11-15,319,13,31.8,32.0,19.6,30,3.72,723.0,25.61,37.46,30.59,0,16.43
2023-11-16,320,13,31.7,31.8,20.1,31,3.4,718.0,25.754,37.57,30.59,0,16.78
2023-11-17,321,13,31.2,31.4,19.9,34,3.2,712.0,25.845,37.24,30.37,0,16.64
2023-11-18,322,14,31.2,31.2,18.9,33,0.61,632.0,27.306,38.15,30.25,0,20.00
2023-11-19,323,14,32.5,32.5,19.3,32,0.91,625.0,27.7,39.34,31.66,0,22.14
2023-11-20,324,13,33.2,33.4,21.3,35,1.68,668.0,28.201,40.29,33.08,0,24.30
2023-11-21,325,13,32.7,32.8,22.2,33,2.04,696.0,27.326,39.58,32.07,0,21.99
2023-11-22,326,13,31.6,31.8,19.7,28,0.92,704.0,26.487,38.55,30.17,0,18.72
2023-11-23,327,14,30.8,30.8,17.0,25,1.04,636.0,24.993,37.21,29.15,0,14.55
2023-11-24,328,14,32.5,32.5,18.2,31,4.01,616.0,26.128,37.55,31.53,0,17.82
2023-11-25,329,14,32.6,32.6,20.8,34,3.38,604.0,26.801,38.12,32.09,0,19.72
2023-11-26,330,13,30.7,30.7,20.3,49,6.86,650.0,26.843,35.30,31.95,0,17.71
2023-11-27,331,13,26.3,26.8,19.4,60,1.44,598.0,25.225,34.39,26.43,0,12.15
2023-11-28,332,12,25.8,26.5,17.8,62,2.33,602.0,24.532,33.16,25.93,0,9.95
2023-11-29,333,12,26.5,27.4,17.1,60,2.42,681.0,25.095,34.10,26.64,0,11.69
2023-11-30,334,12,27.3,28.3,17.1,58,2.64,670.0,25.524,34.52,28.31,0,13.30
2023-12-01,335,13,26.8,27.6,19.5,64,3.34,571.0,25.334,33.02,28.1,0,11.78
2023-12-02,336,13,28.3,28.3,20.5,57,5.04,632.0,25.783,33.22,29.54,0,13.31
2023-12-03,337,13,28.4,28.4,20.8,59,3.31,505.0,26.167,34.15,29.93,0,14.85
2023-12-04,338,13,27.5,27.9,19.4,58,3.42,653.0,25.468,33.83,28.56,0,12.79
2023-12-05,339,14,27.7,27.7,18.5,51,4.67,593.0,24.54,32.25,28.2,0,9.76
2023-12-06,340,13,27.4,27.5,17.6,55,4.68,655.0,24.816,32.44,28.19,0,10.41
2023-12-07,341,13,27.7,27.8,18.8,50,3.61,659.0,24.714,33.49,28.12,0,10.95
2023-12-08,342,13,28.1,28.3,17.9,48,2.6,663.0,25.11,34.83,28.38,0,12.77
2023-12-09,343,13,28.3,28.5,16.2,43,1.56,664.0,25.157,35.67,28.16,0,13.38
2023-12-10,344,13,28.5,28.8,16.5,44,1.44,667.0,25.549,36.01,28.45,0,14.48
2023-12-11,345,13,28.3,28.7,16.2,41,0.22,670.0,26.501,34.79,28.01,0,15.22
2023-12-12,346,12,27.5,28.6,15.6,45,1.03,668.0,25.167,35.33,27.56,0,12.93
2023-12-13,347,13,28.6,28.9,16.1,40,3.42,650.0,24.305,34.14,28.21,0,10.69
2023-12-14,348,14,29.5,29.5,17.1,40,2.3,594.0,25.304,35.79,29.13,0,14.10
2023-12-15,349,13,30.0,30.4,17.9,35,1.04,654.0,25.97,37.10,29.17,0,16.32
2023-12-16,350,13,29.4,29.5,17.5,34,2.63,624.0,24.329,35.30,28.49,0,11.67
2023-12-17,351,12,27.4,28.4,15.1,40,3.98,658.0,23.161,32.40,27.17,0,6.88
2023-12-18,352,11,25.2,27.4,16.4,41,4.57,576.0,21.138,29.03,25.02,0,2.19
2023-12-19,353,13,26.0,26.2,16.6,33,5.55,663.0,20.832,29.51,25.76,0,2.53
2023-12-20,354,14,26.2,26.2,16.8,30,3.57,491.0,20.599,30.16,25.93,0,3.00
2023-12-21,355,14,27.8,27.8,17.0,30,4.12,528.0,21.899,31.60,26.95,0,4.05
2023-12-22,356,14,28.8,28.8,17.3,34,2.33,544.0,23.76,34.47,27.95,0,9.79
2023-12-23,357,14,29.7,29.8,15.9,32,2.05,605.0,24.462,35.87,28.62,0,12.38
2023-12-24,358,14,30.1,30.2,17.4,33,2.95,608.0,24.649,35.65,29.09,0,12.75
2023-12-25,359,14,30.0,30.1,16.5,35,1.39,612.0,25.547,36.75,29.17,0,15.27
2023-12-26,360,14,30.1,30.3,16.0,37,0.14,614.0,27.325,35.46,29.47,0,17.81
2023-12-27,361,14,29.8,29.9,15.7,37,1.56,605.0,25.529,36.53,29.15,0,15.07
2023-12-28,362,14,29.8,29.9,18.5,40,3.14,559.0,25.249,35.17,29.46,0,13.68
2023-12-29,363,14,29.6,29.7,17.7,42,1.55,609.0,26.051,36.63,29.46,0,16.25
2023-12-30,364,14,29.7,29.8,16.4,41,1.84,609.0,25.842,36.49,29.46,0,15.75
2023-12-31,365,13,28.3,28.9,15.7,44,1.03,666.0,25.747,36.03,28.25,0,14.78
2024-01-01,1,13,27.6,28.3,15.5,45,1.12,674.0,25.172,35.41,27.65,0,13.03
2024-01-02,2,13,27.1,27.9,15.9,51,1.71,673.0,24.969,34.86,27.58,0,12.22
2024-01-03,3,12,25.4,26.9,14.9,52,2.92,664.0,23.035,31.94,25.38,0,6.24
2024-01-04,4,12,24.6,26.4,14.4,54,3.11,671.0,22.48,31.05,24.56,0,4.55
2024-01-05,5,13,25.1,25.9,13.6,49,2.42,683.0,22.633,32.18,25.02,0,5.66
2024-01-06,6,13,25.3,26.1,14.3,45,3.69,690.0,22.026,30.84,25.18,0,3.54
2024-01-07,7,15,26.5,26.5,15.1,51,4.02,508.0,23.408,30.92,26.52,0,6.22
2024-01-08,8,15,27.5,27.5,17.0,54,2.62,472.0,24.875,33.38,28.22,0,11.21
2024-01-09,9,14,27.9,27.9,18.1,47,3.89,569.0,24.332,32.79,28.09,0,9.71
2024-01-10,10,14,27.8,27.9,18.0,52,3.26,619.0,25.046,33.82,28.4,0,11.92
2024-01-11,11,14,28.5,28.6,16.7,47,2.42,635.0,25.356,35.22,28.73,0,13.64
2024-01-12,12,13,28.2,28.9,15.5,52,0.57,693.0,27.485,36.77,28.87,0,18.84
2024-01-13,13,13,28.5,28.8,15.3,42,2.55,696.0,24.8,35.18,28.28,0,12.39
2024-01-14,14,14,27.7,27.7,12.6,23,3.38,666.0,21.105,32.84,26.62,0,4.94
2024-01-15,15,15,26.7,26.7,12.0,35,0.45,554.0,23.93,33.62,26.43,0,9.15
2024-01-16,16,12,25.2,26.5,11.8,35,1.2,703.0,21.843,32.88,24.94,0,4.97
2024-01-17,17,13,26.0,26.5,12.7,43,1.79,706.0,23.083,33.52,25.89,0,7.47
2024-01-18,18,13,27.0,27.7,13.7,39,1.75,719.0,23.516,34.37,26.81,0,8.91
2024-01-19,19,12,26.0,27.3,15.4,40,3.35,698.0,22.142,31.78,25.85,0,4.44
2024-01-20,20,12,25.5,26.8,14.0,35,2.33,708.0,21.421,32.26,25.26,0,4.52
2024-01-21,21,14,26.6,26.7,14.1,27,2.76,684.0,21.047,32.51,26.31,0,4.70
2024-01-22,22,14,26.8,27.0,13.1,25,1.61,692.0,21.429,33.62,26.12,0,5.50
2024-01-23,23,12,26.0,27.3,12.1,30,1.92,719.0,21.385,32.99,25.72,0,5.05
2024-01-24,24,14,27.1,27.1,13.6,28,1.72,700.0,22.076,33.96,26.41,0,5.89
2024-01-25,25,17,25.7,27.5,12.6,47,0.86,214.0,22.447,30.52,25.63,0,4.11
2024-01-26,26,14,27.9,27.9,13.3,28,3.05,708.0,22.216,33.67,26.94,0,5.95
2024-01-27,27,14,29.1,29.2,13.5,27,2.4,712.0,23.257,35.40,27.8,0,9.46
2024-01-28,28,12,27.8,29.6,12.7,32,0.41,731.0,25.061,35.21,27.04,0,12.45
2024-01-29,29,14,27.7,27.9,14.0,35,1.42,701.0,23.774,34.98,27.12,0,9.88
2024-01-30,30,14,28.9,29.1,14.1,33,0.61,686.0,25.537,36.19,27.97,0,14.40
2024-01-31,31,12,27.6,29.1,15.6,40,0.98,715.0,24.814,35.41,27.33,0,12.23
2024-02-01,32,12,27.3,29.0,18.2,51,1.8,719.0,25.194,35.21,27.78,0,12.98
2024-02-02,33,11,26.9,29.7,16.0,47,0.63,628.0,25.387,34.84,27.15,0,12.84
2024-02-03,34,14,31.7,31.9,16.6,30,1.43,710.0,26.396,38.70,30.48,0,18.77
2024-02-04,35,14,32.8,32.8,17.5,30,3.72,711.0,26.419,38.54,31.75,0,19.17
2024-02-05,36,13,29.7,30.0,18.7,44,3.31,754.0,25.987,36.15,29.81,0,15.91
2024-02-06,37,12,29.0,30.6,18.4,44,0.76,728.0,26.918,37.13,28.99,0,18.07
2024-02-07,38,11,27.2,30.3,17.6,45,0.1,631.0,25.896,33.12,27.29,0,12.61
2024-02-08,39,15,28.0,28.0,18.7,29,2.69,622.0,22.4,33.64,27.05,0,6.29
2024-02-09,40,14,28.3,28.5,15.7,27,1.3,755.0,23.328,35.51,27.18,0,9.44
2024-02-10,41,14,29.3,29.5,15.5,27,2.58,759.0,23.437,35.70,27.96,0,10.08
2024-02-11,42,14,29.3,29.5,16.4,29,2.58,761.0,23.759,35.78,28.07,0,10.78
2024-02-12,43,14,29.2,29.4,16.8,29,0.4,753.0,25.848,36.36,27.98,0,15.11
2024-02-13,44,13,29.2,29.6,17.6,31,0.4,748.0,26.138,36.45,28.1,0,15.78
2024-02-14,45,13,29.3,30.1,17.1,30,1.51,816.0,24.57,36.78,28.13,0,13.06
2024-02-15,46,14,31.8,32.0,19.0,29,3.75,770.0,25.509,37.64,30.48,0,16.33
2024-02-16,47,14,33.6,33.9,20.1,27,3.32,774.0,26.74,39.91,32.31,0,20.97
2024-02-17,48,14,34.4,34.7,20.5,26,1.14,773.0,28.305,41.68,33.15,0,25.52
2024-02-18,49,12,32.3,34.3,18.4,25,1.35,808.0,26.295,39.52,30.63,0,19.23
2024-02-19,50,15,34.3,34.3,19.5,20,4.08,671.0,25.576,39.58,32.28,0,18.53
2024-02-20,51,12,29.4,32.4,19.1,49,2.12,786.0,26.814,37.30,30.06,0,18.39
2024-02-21,52,13,29.3,30.4,20.9,40,4.34,833.0,25.005,35.10,28.92,0,12.96
2024-02-22,53,14,29.9,29.9,19.2,31,4.6,732.0,24.041,34.82,28.73,0,10.87
2024-02-23,54,14,29.8,29.8,16.0,19,2.47,820.0,22.56,36.32,28.05,0,8.90
2024-02-24,55,14,30.5,30.6,15.7,10,3.24,839.0,20.823,36.34,28.24,0,7.93
2024-02-25,56,13,30.6,31.4,15.5,11,3.74,880.0,21.085,36.39,28.41,0,8.03
2024-02-26,57,15,33.1,33.1,20.1,21,3.08,702.0,25.124,38.89,31.11,0,16.74
2024-02-27,58,13,33.7,34.7,20.1,31,0.81,845.0,29.262,41.63,33.06,0,27.26
2024-02-28,59,14,33.9,34.1,20.3,24,2.31,815.0,26.816,40.87,32.28,0,21.80
2024-02-29,60,13,35.8,37.0,21.0,23,1.22,864.0,28.94,43.40,34.42,0,28.43
2024-03-01,61,13,36.0,36.9,21.4,21,4.64,862.0,27.298,42.41,34.34,0,24.59
2024-03-02,62,13,30.1,30.1,21.1,50,5.02,457.0,26.316,33.99,31.2,0,15.49
2024-03-03,63,13,24.4,25.3,14.6,23,3.52,899.0,18.812,30.76,23.95,0,3.44
2024-03-04,64,14,27.3,27.6,13.7,21,0.2,863.0,23.355,33.50,26.3,0,7.97
2024-03-05,65,14,30.0,30.4,14.6,18,1.0,866.0,23.654,37.18,28.19,0,11.64
2024-03-06,66,12,29.6,31.8,15.4,25,0.82,863.0,24.908,37.20,28.11,0,13.99
2024-03-07,67,13,31.5,32.3,16.4,17,0.32,898.0,25.917,37.87,29.41,0,16.87
2024-03-08,68,13,32.1,32.5,16.7,18,2.2,902.0,24.374,39.08,29.98,0,15.04
2024-03-09,69,11,29.8,32.4,17.3,22,0.86,789.0,24.29,36.87,28.14,0,12.60
2024-03-10,70,12,32.2,33.9,19.1,25,1.75,875.0,26.045,39.60,30.52,0,18.77
2024-03-11,71,14,35.1,35.1,19.8,15,3.2,849.0,25.477,41.48,32.67,0,19.86
2024-03-12,72,13,34.6,34.9,22.9,23,3.45,905.0,26.934,41.44,32.96,0,23.74
2024-03-13,73,12,32.2,34.4,20.4,30,3.2,886.0,26.318,39.03,31.04,0,19.07
2024-03-14,74,13,32.9,33.5,20.5,19,1.28,925.0,25.883,40.26,30.78,0,19.04
2024-03-15,75,13,33.5,34.1,18.0,18,0.63,926.0,27.172,40.70,31.3,0,21.99
2024-03-16,76,14,35.1,35.1,19.3,17,2.28,870.0,26.336,42.03,32.84,0,21.94
2024-03-17,77,14,35.7,35.8,21.7,17,2.18,871.0,26.839,42.73,33.47,0,23.63
2024-03-18,78,12,34.5,36.2,21.6,18,1.52,909.0,26.64,41.77,32.31,0,22.13
2024-03-19,79,14,36.9,36.9,19.9,11,2.68,885.0,25.89,43.47,33.87,0,22.52
2024-03-20,80,12,36.4,38.2,21.1,15,1.94,921.0,27.066,43.59,34.0,0,24.88
2024-03-21,81,12,36.7,38.0,22.2,14,0.2,920.0,29.127,42.09,34.2,0,28.00
2024-03-22,82,13,37.6,38.3,20.5,11,2.28,952.0,26.662,44.59,34.55,0,25.04
2024-03-23,83,12,36.5,38.5,21.8,24,1.53,915.0,29.528,44.46,35.52,0,30.72
2024-03-24,84,14,37.2,37.3,24.2,19,2.6,870.0,28.291,44.47,35.46,0,30.93
2024-03-25,85,13,37.8,38.8,23.1,22,0.32,924.0,31.977,45.06,36.85,0,37.56
2024-03-26,86,12,38.5,40.0,23.7,22,0.71,906.0,31.721,46.48,37.82,1,40.83
2024-03-27,87,13,40.2,40.8,25.8,19,1.43,925.0,31.363,48.34,39.35,2,46.18
2024-03-28,88,13,39.8,40.4,26.6,21,2.85,907.0,30.765,47.79,39.4,3,47.27
2024-03-29,89,13,39.1,39.8,25.8,19,3.3,930.0,29.617,46.78,37.87,0,37.87
2024-03-30,90,14,37.9,37.9,25.6,15,4.13,886.0,27.389,44.67,35.61,0,31.07
2024-03-31,91,12,35.0,37.1,23.8,23,2.28,937.0,27.709,42.59,33.44,0,27.26
2024-04-01,92,13,37.6,38.1,23.8,18,3.32,886.0,28.145,44.71,35.76,0,30.48
2024-04-02,93,12,36.9,37.5,23.3,16,2.66,874.0,27.293,43.90,34.65,0,27.29
2024-04-03,94,13,36.8,37.3,23.8,17,3.34,939.0,27.355,43.91,34.68,0,28.01
2024-04-04,95,12,36.0,37.5,25.4,24,3.04,743.0,28.117,42.58,34.86,0,30.42
2024-04-05,96,13,37.5,37.5,24.7,15,5.41,953.0,26.956,44.35,35.17,0,28.81
2024-04-06,97,14,37.9,37.9,26.7,15,4.11,890.0,27.399,44.69,35.61,0,32.38
2024-04-07,98,13,38.0,38.8,24.3,14,1.71,968.0,28.203,45.47,35.56,0,31.65
2024-04-08,99,12,39.0,40.1,24.7,13,2.02,953.0,28.421,46.44,36.48,1,35.24
2024-04-09,100,14,40.9,41.0,23.5,12,0.54,900.0,31.224,47.82,38.24,2,42.45
2024-04-10,101,12,39.2,40.0,25.6,14,0.72,940.0,30.232,46.43,36.88,3,43.18
2024-04-11,102,13,39.7,40.5,25.6,17,2.48,891.0,29.768,47.38,38.14,4,45.12
2024-04-12,103,13,38.3,38.9,25.7,21,3.06,956.0,29.595,46.11,37.29,0,37.02
2024-04-13,104,13,37.7,38.7,23.2,25,1.79,942.0,30.563,45.99,37.45,0,35.90
2024-04-14,105,12,38.4,39.5,27.0,30,0.63,889.0,33.484,47.09,40.15,0,47.65
2024-04-15,106,12,37.8,40.8,27.1,28,0.36,921.0,33.246,45.90,38.47,1,47.50
2024-04-16,107,14,41.3,41.3,27.5,15,3.18,885.0,30.146,48.96,39.59,2,46.41
2024-04-17,108,12,41.5,42.9,27.6,15,0.32,941.0,33.028,48.44,39.84,3,53.35
2024-04-18,109,13,40.9,41.6,28.5,16,3.85,939.0,30.046,48.70,39.38,4,50.45
2024-04-19,110,13,39.0,39.7,27.5,23,4.44,936.0,30.246,46.61,38.83,0,41.28
2024-04-20,111,13,37.2,37.9,25.7,20,3.55,968.0,28.378,44.61,35.64,0,33.02
2024-04-21,112,12,36.6,38.3,25.6,26,2.8,906.0,29.345,44.24,36.1,0,34.63
2024-04-22,113,12,37.1,38.5,25.4,20,3.01,950.0,28.432,44.61,35.52,0,32.73
2024-04-23,114,12,38.1,39.4,24.7,20,1.9,950.0,29.696,46.09,36.79,0,35.84
2024-04-24,115,12,39.3,40.9,26.2,19,0.4,949.0,32.495,46.98,38.13,1,45.68
2024-04-25,116,12,38.8,40.8,27.1,24,1.3,939.0,31.617,47.23,38.83,2,47.18
2024-04-26,117,11,36.8,40.3,25.6,24,2.06,829.0,29.274,44.32,35.93,3,39.49
2024-04-27,118,13,39.8,39.8,27.7,15,3.98,883.0,28.829,47.01,37.78,0,38.74
2024-04-28,119,14,40.8,40.8,28.6,11,4.02,905.0,28.325,47.94,37.82,1,41.18
2024-04-29,120,15,40.7,40.7,28.5,15,4.6,768.0,29.221,47.58,38.85,2,44.55
2024-04-30,121,13,40.2,40.6,26.4,11,4.3,975.0,27.931,47.48,37.19,3,40.64
2024-05-01,122,12,39.7,40.8,25.4,7,3.61,997.0,26.345,46.48,35.69,4,36.86
2024-05-02,123,14,40.0,40.3,24.5,8,0.4,847.0,29.34,45.63,36.2,5,42.71
2024-05-03,124,12,40.6,42.1,25.8,10,1.61,971.0,28.889,47.89,37.32,6,47.10
2024-05-04,125,14,41.4,41.4,29.0,21,5.28,863.0,31.422,49.32,41.81,7,58.32
2024-05-05,126,14,39.5,39.5,30.0,25,5.24,849.0,30.851,46.89,40.26,0,46.07
2024-05-06,127,13,40.3,41.0,27.1,21,3.32,955.0,31.08,48.47,40.13,1,45.88
2024-05-07,128,15,43.1,43.1,27.6,18,0.57,719.0,34.087,50.31,43.15,2,56.27
2024-05-08,129,14,42.6,42.7,28.7,19,3.13,859.0,32.256,50.78,42.83,3,55.97
2024-05-09,130,15,42.4,42.4,28.9,19,2.61,687.0,31.979,49.82,42.53,4,56.54
2024-05-10,131,14,41.9,42.2,28.9,22,2.59,877.0,32.708,50.33,43.03,5,60.15
2024-05-11,132,13,39.3,41.0,28.8,31,0.85,796.0,33.737,47.80,42.21,6,61.51
2024-05-12,133,12,39.7,41.7,29.1,30,1.41,822.0,33.279,48.28,42.56,7,61.47
2024-05-13,134,11,39.5,39.5,29.2,25,0.92,762.0,32.462,47.32,40.26,0,48.50
2024-05-14,135,12,40.0,40.0,27.5,22,1.68,923.0,31.758,48.39,40.02,1,47.53
2024-05-15,136,11,40.8,41.0,27.4,19,2.31,875.0,31.191,48.82,40.19,2,48.38
2024-05-16,137,13,42.7,42.7,29.4,17,2.72,873.0,31.919,50.82,42.14,3,55.93
2024-05-17,138,14,45.0,45.0,30.8,13,3.7,852.0,32.037,52.95,43.47,4,61.49
2024-05-18,139,13,45.0,45.4,29.3,13,3.9,896.0,32.054,53.16,43.47,5,61.58
2024-05-19,140,15,45.5,45.5,31.5,11,4.55,764.0,31.377,53.01,43.12,6,64.30
2024-05-20,141,13,43.8,44.7,31.4,14,5.22,946.0,31.336,52.25,42.39,7,63.29
2024-05-21,142,13,43.7,45.2,30.8,16,3.8,928.0,32.143,52.08,43.12,8,64.26
2024-05-22,143,12,43.2,45.9,30.4,23,2.9,931.0,33.96,52.15,45.75,9,68.25
2024-05-23,144,14,46.2,46.5,31.0,12,6.0,894.0,32.215,55.06,44.46,10,67.28
2024-05-24,145,12,43.1,45.8,30.4,21,5.61,933.0,32.79,51.95,44.55,11,65.45
2024-05-25,146,13,43.1,44.6,29.2,23,5.6,932.0,33.306,52.05,45.57,12,65.48
2024-05-26,147,13,42.7,43.9,30.9,26,5.05,928.0,33.788,51.54,46.44,13,68.33
2024-05-27,148,14,43.1,44.3,29.4,26,4.9,874.0,34.067,51.84,47.22,14,67.61
2024-05-28,149,14,43.0,44.2,29.1,26,6.36,871.0,33.786,52.07,47.03,15,66.82
2024-05-29,150,14,41.7,42.9,29.0,30,6.62,870.0,33.579,50.48,46.59,16,65.01
2024-05-30,151,13,40.7,42.5,28.4,30,3.97,945.0,33.249,49.25,44.52,17,62.02
2024-05-31,152,14,41.3,41.9,29.3,26,4.17,884.0,32.755,49.53,43.78,18,62.07
2024-06-01,153,14,41.2,41.9,29.5,24,4.67,883.0,32.119,49.25,42.71,19,60.50
2024-06-02,154,13,40.1,41.6,29.4,28,2.69,938.0,32.697,48.77,42.46,20,61.04
2024-06-03,155,12,40.1,41.3,29.3,34,2.47,866.0,33.864,48.96,45.24,21,64.29
2024-06-04,156,13,40.1,40.9,29.7,32,2.97,850.0,33.276,48.53,44.26,22,62.98
2024-06-05,157,13,40.0,41.3,29.1,28,3.64,928.0,32.311,48.27,42.27,23,59.52
2024-06-06,158,14,41.2,41.6,28.6,26,2.06,848.0,33.283,49.77,43.6,24,62.35
2024-06-07,159,14,41.4,41.6,29.6,28,3.26,861.0,33.461,49.87,44.93,25,64.43
2024-06-08,160,14,40.7,40.9,29.6,30,3.0,855.0,33.374,49.17,44.52,26,63.61
2024-06-09,161,13,41.0,42.2,30.5,30,2.91,898.0,33.717,49.77,45.13,27,65.96
2024-06-10,162,12,38.8,40.9,30.0,36,3.52,877.0,32.809,47.02,43.37,28,61.02
2024-06-11,163,13,40.0,41.3,29.0,30,3.41,895.0,32.736,48.31,43.13,29,60.56
2024-06-12,164,13,39.3,40.8,28.2,33,3.31,873.0,32.732,47.54,43.07,30,59.04
2024-06-13,165,12,37.9,41.2,28.7,35,3.73,903.0,31.85,45.82,41.09,31,55.98
2024-06-14,166,12,38.7,40.7,29.4,31,4.44,910.0,31.645,46.43,41.07,32,56.84
2024-06-15,167,14,39.6,39.9,29.5,27,3.47,787.0,31.609,47.15,41.16,0,47.45
2024-06-16,168,14,40.8,41.0,29.9,27,3.62,835.0,32.622,48.84,43.31,1,53.51
2024-06-17,169,14,40.7,40.9,30.0,29,3.08,834.0,33.109,48.99,44.04,2,56.59
2024-06-18,170,14,40.0,40.0,30.7,34,3.89,828.0,33.306,48.09,45.02,3,59.16
2024-06-19,171,15,40.5,40.5,30.0,34,5.06,682.0,33.319,47.87,46.13,4,60.29
2024-06-20,172,14,41.0,41.9,29.9,29,4.92,852.0,32.988,49.07,44.64,5,61.53
2024-06-21,173,14,40.9,41.3,29.7,32,3.75,822.0,33.698,49.15,45.95,6,64.85
2024-06-22,174,13,39.8,40.2,30.1,36,3.32,892.0,33.737,48.46,45.59,7,64.76
2024-06-23,175,13,40.7,41.7,30.4,34,2.16,820.0,34.428,49.63,46.58,8,67.62
2024-06-24,176,14,40.0,40.0,29.8,38,1.5,755.0,34.83,49.05,47.13,9,67.47
2024-06-25,177,15,35.1,35.1,27.1,56,1.12,656.0,33.293,44.51,43.46,0,46.77
2024-06-26,178,14,36.9,37.3,28.5,51,2.62,776.0,33.621,45.97,46.02,0,51.04
2024-06-27,179,12,34.5,35.1,28.5,59,4.36,610.0,31.815,41.63,43.14,0,43.42
2024-06-28,180,15,32.5,32.5,27.6,67,5.0,480.0,30.611,38.61,40.75,0,37.02
2024-06-29,181,13,31.6,31.6,26.8,72,4.72,481.0,30.361,37.98,39.94,0,34.86
2024-06-30,182,13,31.2,31.2,26.5,77,4.95,759.0,30.928,39.21,40.47,0,36.67
2024-07-01,183,9,28.6,28.6,25.8,83,4.71,288.0,28.251,33.47,34.24,0,24.33
2024-07-02,184,16,29.4,29.4,25.5,82,3.02,271.0,29.105,35.89,36.37,0,28.14
2024-07-03,185,12,33.0,33.6,26.5,69,4.89,840.0,31.871,41.37,43.04,0,40.96
2024-07-04,186,13,33.4,33.4,27.6,62,3.26,785.0,31.667,41.97,41.34,0,41.66
2024-07-05,187,14,30.5,30.6,26.0,76,3.62,341.0,29.615,36.73,38.0,0,30.90
2024-07-06,188,12,32.7,32.8,26.3,65,3.54,668.0,31.115,40.57,40.56,0,37.80
2024-07-07,189,13,33.2,33.3,26.9,60,3.91,724.0,30.992,40.75,40.03,0,38.20
2024-07-08,190,12,31.3,33.2,26.6,71,0.28,591.0,32.526,40.50,38.74,0,40.09
2024-07-09,191,13,32.2,32.7,26.9,73,0.41,681.0,33.923,43.03,42.16,0,46.18
2024-07-10,192,13,32.6,32.7,26.0,63,3.96,644.0,30.66,39.80,39.55,0,35.66
2024-07-11,193,14,32.9,32.9,27.2,66,2.21,750.0,31.973,42.45,41.51,0,42.18
2024-07-12,194,14,32.7,32.7,26.1,67,3.71,540.0,31.095,40.00,41.32,0,37.40
2024-07-13,195,14,32.6,33.1,25.8,69,3.64,689.0,31.5,40.88,41.81,0,38.64
2024-07-14,196,13,33.0,33.1,26.8,65,2.57,763.0,31.83,42.23,41.4,0,41.24
2024-07-15,197,11,30.7,30.7,26.6,77,2.3,571.0,30.726,39.76,38.91,0,36.22
2024-07-16,198,13,32.2,32.8,25.6,72,0.81,738.0,33.132,43.14,41.77,0,43.10
2024-07-17,199,14,32.7,32.8,26.6,65,3.86,659.0,31.035,40.28,40.56,0,37.79
2024-07-18,200,14,33.6,33.6,26.6,62,3.0,754.0,31.876,42.32,41.89,0,41.35
2024-07-19,201,11,31.6,31.7,26.9,73,4.12,741.0,30.984,39.78,40.3,0,37.58
2024-07-20,202,14,32.2,32.4,26.4,68,4.54,704.0,30.862,39.66,40.26,0,36.67
2024-07-21,203,15,33.1,33.1,26.2,64,2.82,678.0,31.573,41.65,41.29,0,39.60
2024-07-22,204,14,30.8,30.8,26.7,78,3.61,543.0,30.533,38.63,39.54,0,35.39
2024-07-23,205,14,31.3,31.7,26.5,69,4.3,592.0,29.986,38.11,38.1,0,33.21
2024-07-24,206,13,29.3,29.3,26.1,82,4.0,444.0,29.245,36.02,36.07,0,29.08
2024-07-25,207,12,30.1,30.4,25.9,73,5.12,570.0,29.134,36.21,36.05,0,28.77
2024-07-26,208,14,30.9,31.1,25.8,75,3.61,562.0,30.338,38.54,38.87,0,33.65
2024-07-27,209,14,30.3,30.3,26.0,72,4.61,558.0,29.264,36.63,36.31,0,29.53
2024-07-28,210,14,30.9,31.4,25.8,75,3.1,480.0,30.288,38.54,38.87,0,33.56
2024-07-29,211,16,28.1,28.1,25.9,86,6.99,290.0,27.9,32.01,33.4,0,22.42
2024-07-30,212,12,31.2,31.5,25.9,71,3.56,646.0,30.341,39.00,38.46,0,33.96
2024-07-31,213,13,32.0,32.4,25.4,65,4.24,797.0,30.513,39.70,38.66,0,34.28
2024-08-01,214,12,30.8,30.8,26.0,71,4.43,532.0,29.613,37.20,37.36,0,30.99
2024-08-02,215,15,29.1,29.1,25.7,78,4.84,231.0,28.073,33.12,34.58,0,23.75
2024-08-03,216,14,29.0,29.0,25.5,84,4.05,440.0,29.143,35.75,35.64,0,27.83
2024-08-04,217,14,30.0,30.1,25.8,76,3.62,521.0,29.503,37.17,36.56,0,30.23
2024-08-05,218,15,28.9,29.3,25.6,80,3.47,448.0,28.745,35.79,34.46,0,26.79
2024-08-06,219,15,31.3,31.3,25.5,67,4.79,623.0,29.736,37.78,37.48,0,31.11
2024-08-07,220,14,31.4,31.7,25.3,63,4.73,784.0,29.614,38.38,36.55,0,30.73
2024-08-08,221,15,31.1,31.1,24.7,69,3.49,651.0,30.045,38.76,37.56,0,31.49
2024-08-09,222,12,29.8,29.9,25.0,73,4.3,659.0,29.103,36.79,35.26,0,27.78
2024-08-10,223,12,29.6,29.6,25.5,77,3.81,409.0,28.972,35.88,35.71,0,27.63
2024-08-11,224,14,28.8,29.0,25.1,77,5.25,440.0,28.076,33.94,33.59,0,23.28
2024-08-12,225,15,30.3,30.5,25.0,77,3.04,461.0,29.899,37.88,37.71,0,30.98
2024-08-13,226,15,30.9,31.1,25.7,70,2.83,568.0,29.978,38.77,37.33,0,32.46
2024-08-14,227,15,31.3,31.4,26.0,72,2.41,517.0,30.603,39.62,39.07,0,35.25
2024-08-15,228,15,31.1,31.1,25.6,71,3.22,585.0,30.214,38.86,38.18,0,33.16
2024-08-16,229,14,31.7,31.7,25.8,67,3.82,761.0,30.491,39.62,38.53,0,34.60
2024-08-17,230,14,31.9,32.3,25.3,63,3.49,734.0,30.247,39.67,37.76,0,33.30
2024-08-18,231,15,32.7,32.7,25.7,61,2.78,688.0,30.868,40.90,39.11,0,36.34
2024-08-19,232,14,32.6,32.6,26.0,66,2.32,793.0,31.72,42.14,40.65,0,39.77
2024-08-20,233,11,31.1,31.1,26.4,71,1.94,647.0,30.761,40.36,38.18,0,36.21
2024-08-21,234,13,31.9,31.9,26.2,68,1.92,792.0,31.48,41.77,39.41,0,38.81
2024-08-22,235,13,31.8,32.0,26.3,70,0.71,627.0,32.389,41.88,39.83,0,40.88
2024-08-23,236,13,30.2,30.6,26.1,86,1.1,566.0,31.879,41.24,40.16,0,39.35
2024-08-24,237,17,26.9,26.9,25.4,93,2.42,82.0,27.145,32.17,31.33,0,19.75
2024-08-25,238,14,29.6,29.6,24.7,78,5.09,522.0,29.112,35.72,35.96,0,26.94
2024-08-26,239,13,29.3,29.3,25.0,81,7.63,641.0,29.07,35.55,35.83,0,27.04
2024-08-27,240,13,25.7,26.3,24.5,93,10.24,264.0,26.025,27.85,26.23,0,11.86
2024-08-28,241,12,29.6,29.6,25.0,71,8.89,590.0,28.15,34.94,34.3,0,24.29
2024-08-29,242,13,31.0,31.1,25.5,70,7.11,664.0,29.596,37.24,37.6,0,30.49
2024-08-30,243,14,30.5,30.5,25.1,73,5.3,645.0,29.608,37.07,37.12,0,29.75
2024-08-31,244,13,31.6,32.2,24.2,61,1.89,749.0,30.318,40.58,36.44,0,32.32
2024-09-01,245,13,31.9,32.1,24.9,63,2.64,807.0,30.61,40.73,37.76,0,34.29
2024-09-02,246,15,30.8,30.8,25.8,76,4.61,591.0,30.233,37.90,38.89,0,33.00
2024-09-03,247,14,29.1,29.1,25.0,78,2.2,529.0,29.231,37.64,34.58,0,28.39
2024-09-04,248,11,29.4,29.4,24.1,76,4.34,601.0,28.94,36.19,34.93,0,25.87
2024-09-05,249,13,30.5,30.5,24.9,71,3.79,689.0,29.695,38.09,36.56,0,30.20
2024-09-06,250,13,30.8,30.8,24.3,69,3.79,700.0,29.777,38.36,36.78,0,29.94
2024-09-07,251,12,31.0,31.2,24.6,65,2.92,837.0,29.952,39.66,36.16,0,31.33
2024-09-08,252,13,30.9,30.9,25.0,70,2.82,668.0,30.168,39.29,37.33,0,32.37
2024-09-09,253,14,31.7,31.7,25.2,69,3.35,770.0,30.842,40.24,39.2,0,35.26
2024-09-10,254,14,31.4,31.4,25.2,69,2.82,784.0,30.73,40.38,38.37,0,34.84
2024-09-11,255,12,30.5,30.6,24.5,73,3.92,713.0,29.926,38.27,37.12,0,30.52
2024-09-12,256,14,31.8,32.0,25.2,62,4.05,739.0,29.925,39.05,37.21,0,31.93
2024-09-13,257,13,30.7,31.1,24.4,60,3.7,850.0,28.902,38.30,34.22,0,27.40
2024-09-14,258,14,30.5,30.5,22.9,65,3.06,744.0,29.289,38.51,34.99,0,26.82
2024-09-15,259,14,30.7,30.8,22.9,62,3.77,769.0,28.999,38.02,34.7,0,25.81
2024-09-16,260,12,30.1,31.2,22.4,63,2.86,843.0,28.908,38.52,33.66,0,25.03
2024-09-17,261,15,31.3,31.3,23.3,61,1.91,666.0,29.862,39.81,35.76,0,29.60
2024-09-18,262,14,32.1,32.1,24.7,58,3.31,793.0,29.972,39.93,36.71,0,31.88
2024-09-19,263,14,32.5,32.6,24.0,61,3.24,778.0,30.701,40.67,38.6,0,33.68
2024-09-20,264,14,32.8,32.9,24.6,61,3.01,724.0,30.955,41.01,39.36,0,35.39
2024-09-21,265,12,31.4,31.8,25.5,67,2.47,759.0,30.583,40.40,37.74,0,34.69
2024-09-22,266,13,32.6,33.1,25.6,65,2.2,827.0,31.716,42.29,40.28,0,39.26
2024-09-23,267,13,33.3,33.6,26.3,59,3.72,829.0,31.159,41.39,39.92,0,38.24
2024-09-24,268,13,33.3,33.5,25.8,65,2.73,834.0,32.174,42.81,42.27,0,41.47
2024-09-25,269,13,32.9,33.0,26.4,67,2.22,741.0,32.07,42.52,41.91,0,41.63
2024-09-26,270,14,31.5,31.5,25.1,72,0.45,343.0,31.814,40.15,39.65,0,37.08
2024-09-27,271,16,30.2,30.2,25.0,78,0.87,414.0,30.817,39.44,37.7,0,33.84
2024-09-28,272,15,30.1,30.1,25.0,76,1.67,477.0,30.092,38.91,36.85,0,31.77
2024-09-29,273,15,29.6,29.7,24.7,80,1.63,399.0,29.843,38.25,36.46,0,30.33
2024-09-30,274,14,31.9,32.0,24.1,73,1.63,684.0,31.999,42.08,41.22,0,38.24
2024-10-01,275,14,33.4,33.4,25.7,63,2.44,702.0,31.904,42.38,41.74,0,40.34
2024-10-02,276,13,33.3,33.5,25.8,62,2.75,790.0,31.734,42.28,41.06,0,39.81
2024-10-03,277,15,32.5,32.5,24.9,59,2.16,534.0,30.347,40.20,37.94,0,33.47
2024-10-04,278,14,31.6,31.7,24.5,64,3.22,618.0,29.951,39.04,37.33,0,31.19
2024-10-05,279,13,31.6,31.9,24.0,62,2.42,789.0,30.264,40.40,36.73,0,31.96
2024-10-06,280,14,32.2,32.2,23.0,57,1.57,717.0,30.52,41.04,36.63,0,31.71
2024-10-07,281,12,33.4,34.4,23.8,53,3.0,839.0,30.694,41.61,38.06,0,33.91
2024-10-08,282,11,33.1,34.4,23.9,57,2.96,754.0,30.805,41.21,38.71,0,34.19
2024-10-09,283,13,34.2,34.3,23.0,46,2.61,792.0,30.519,42.15,37.51,0,32.83
2024-10-10,284,10,29.0,29.4,23.8,72,1.9,277.0,27.948,35.59,33.1,0,22.53
2024-10-11,285,15,30.6,30.6,25.4,63,3.48,282.0,28.146,35.33,34.72,0,25.19
2024-10-12,286,14,31.8,31.8,24.5,61,3.07,638.0,29.859,39.27,36.91,0,31.03
2024-10-13,287,16,31.0,31.4,24.6,71,0.25,330.0,31.163,38.53,37.9,0,33.45
2024-10-14,288,17,30.6,31.4,24.4,73,0.78,178.0,29.756,37.56,37.4,0,29.67
2024-10-15,289,13,32.8,32.9,24.9,62,2.16,750.0,31.425,41.94,39.72,0,37.43
2024-10-16,290,14,32.8,33.0,25.1,63,1.76,667.0,31.582,41.96,40.09,0,38.12
2024-10-17,291,14,33.6,33.6,24.7,47,1.51,716.0,30.53,41.89,36.61,0,34.32
2024-10-18,292,13,33.5,33.8,24.6,53,2.87,783.0,30.736,41.59,38.29,0,34.99
2024-10-19,293,12,32.1,32.4,24.8,68,1.46,724.0,31.825,42.08,39.97,0,38.26
2024-10-20,294,13,31.6,31.9,24.4,61,1.84,747.0,30.341,40.61,36.44,0,32.62
2024-10-21,295,14,30.9,30.9,24.7,67,1.39,589.0,30.317,39.86,36.47,0,32.39
2024-10-22,296,13,32.2,32.4,22.4,59,1.1,753.0,31.253,41.66,37.24,0,33.06
2024-10-23,297,12,32.7,33.4,23.8,55,2.26,749.0,30.425,41.11,37.14,0,32.70
2024-10-24,298,14,33.8,33.8,23.2,39,1.85,706.0,29.318,41.31,34.85,0,29.20
2024-10-25,299,13,33.4,33.6,21.1,41,2.64,787.0,29.076,40.85,34.66,0,26.94
2024-10-26,300,12,33.2,34.3,19.8,45,0.21,792.0,31.744,40.68,35.31,0,32.10
2024-10-27,301,12,34.2,35.7,20.9,40,0.51,785.0,31.686,42.71,35.78,0,33.63
2024-10-28,302,13,35.5,36.0,21.5,35,0.22,774.0,32.161,42.42,36.66,0,34.65
2024-10-29,303,11,33.9,36.8,23.6,44,0.98,713.0,30.871,42.20,36.33,0,33.79
2024-10-30,304,14,36.3,36.3,22.1,26,1.38,689.0,29.429,43.38,35.67,0,29.92
2024-10-31,305,13,35.8,35.9,22.1,30,2.2,763.0,29.454,43.16,35.86,0,29.89
2024-11-01,306,15,35.7,35.8,21.8,24,0.39,544.0,29.505,41.48,34.47,0,28.14
2024-11-02,307,11,32.3,34.8,20.0,36,0.69,713.0,28.768,39.90,32.01,0,24.69
2024-11-03,308,14,35.0,35.0,20.3,28,1.67,674.0,28.523,41.90,34.27,0,26.51
2024-11-04,309,13,34.9,34.9,21.8,29,2.04,747.0,28.572,42.07,34.33,0,26.74
2024-11-05,310,12,33.8,35.0,21.8,35,2.26,754.0,28.59,41.07,33.95,0,25.91
2024-11-06,311,13,34.1,34.5,22.0,33,1.78,741.0,28.73,41.48,33.99,0,26.50
2024-11-07,312,13,33.9,34.4,21.9,36,0.91,737.0,29.822,41.71,34.32,0,28.84
2024-11-08,313,13,34.0,34.3,21.7,35,1.77,736.0,28.969,41.48,34.25,0,27.04
2024-11-09,314,13,33.6,34.2,21.7,37,1.38,729.0,29.198,41.29,34.07,0,27.27
2024-11-10,315,13,34.1,34.3,21.4,30,2.05,731.0,28.055,41.14,33.42,0,24.76
2024-11-11,316,12,32.5,33.5,20.4,37,2.02,738.0,27.871,39.80,32.46,0,23.09
2024-11-12,317,13,33.1,33.4,20.1,34,2.15,723.0,27.826,40.14,32.76,0,23.36
2024-11-13,318,12,32.5,33.1,22.6,32,2.08,728.0,27.04,39.44,31.66,0,21.66
2024-11-14,319,11,30.7,33.0,21.8,36,2.21,664.0,25.953,37.30,30.03,0,16.76
2024-11-15,320,12,31.5,32.6,20.8,30,1.95,732.0,25.952,38.37,30.26,0,17.61
2024-11-16,321,11,30.6,32.6,21.6,30,1.11,664.0,25.663,37.44,29.33,0,16.05
2024-11-17,322,12,31.9,32.8,21.1,26,2.11,727.0,25.51,38.49,30.3,0,16.87
2024-11-18,323,13,31.7,32.1,20.9,27,1.75,714.0,25.684,38.44,30.18,0,17.12
2024-11-19,324,13,31.1,31.4,20.4,29,1.41,704.0,25.738,38.01,29.75,0,16.76
2024-11-20,325,14,30.7,30.7,20.3,29,1.5,629.0,25.174,37.18,29.35,0,14.94
2024-11-21,326,13,29.7,30.0,18.8,24,1.74,717.0,23.561,36.31,28.14,0,10.82
2024-11-22,327,13,29.0,29.3,17.6,27,2.17,717.0,23.279,35.49,27.72,0,9.54
2024-11-23,328,13,29.3,29.7,17.7,30,1.29,706.0,24.514,36.34,28.13,0,12.63
2024-11-24,329,13,29.7,30.1,18.0,32,1.45,699.0,25.006,36.72,28.62,0,14.03
2024-11-25,330,13,29.7,30.0,19.0,30,2.91,695.0,24.024,35.62,28.48,0,11.32
2024-11-26,331,12,29.1,30.5,18.2,28,2.15,706.0,23.508,35.59,27.85,0,10.09
2024-11-27,332,13,30.0,30.5,18.6,23,1.75,697.0,23.576,36.45,28.35,0,11.03
2024-11-28,333,13,30.0,30.4,18.5,28,2.03,691.0,24.27,36.48,28.62,0,12.46
2024-11-29,334,13,28.3,28.7,19.1,30,2.88,688.0,22.861,34.17,27.32,0,7.65
2024-11-30,335,13,27.3,27.9,17.3,28,3.07,698.0,21.702,33.00,26.53,0,5.06
2024-12-01,336,13,27.5,28.2,16.7,28,2.96,698.0,21.896,33.30,26.66,0,5.27
2024-12-02,337,14,29.2,29.3,17.1,28,2.64,621.0,23.245,34.85,27.93,0,9.09
2024-12-03,338,14,30.8,31.1,20.0,32,2.1,596.0,25.343,36.92,29.71,0,15.21
2024-12-04,339,14,31.2,31.3,21.0,34,2.1,597.0,25.989,37.45,30.37,0,17.06
2024-12-05,340,15,31.3,31.3,21.2,35,0.82,461.0,26.781,37.35,30.61,0,18.57
2024-12-06,341,13,29.8,30.3,18.8,26,1.54,681.0,24.033,36.40,28.32,0,11.84
2024-12-07,342,14,28.9,28.9,17.6,26,2.06,615.0,22.881,34.88,27.59,0,8.30
2024-12-08,343,11,26.4,28.5,17.3,25,2.09,621.0,20.706,32.52,26.07,0,4.71
2024-12-09,344,14,26.5,26.7,14.6,12,2.37,637.0,18.375,32.25,26.01,0,4.52
2024-12-10,345,14,25.2,25.4,14.4,20,3.0,628.0,18.675,30.51,24.75,0,3.26
2024-12-11,346,14,26.4,26.6,14.6,25,2.38,621.0,20.592,32.27,26.07,0,4.53
2024-12-12,347,13,26.2,26.9,14.9,29,1.74,681.0,21.43,33.07,25.92,0,5.11
2024-12-13,348,14,25.6,25.7,14.7,17,3.42,627.0,18.367,30.44,25.13,0,3.21
2024-12-14,349,14,26.1,26.3,14.0,21,2.74,630.0,19.618,31.63,25.71,0,4.07
2024-12-15,350,14,27.5,27.9,14.2,23,1.92,629.0,21.36,33.64,26.49,0,5.52
2024-12-16,351,14,28.2,28.6,14.9,22,0.92,628.0,22.522,34.63,26.93,0,7.22
2024-12-17,352,13,27.4,28.4,14.4,27,1.18,678.0,22.529,34.35,26.56,0,7.03
2024-12-18,353,15,29.1,29.1,16.0,26,0.5,490.0,24.236,34.87,27.75,0,10.91
2024-12-19,354,14,28.8,28.9,15.8,29,0.4,609.0,25.035,35.25,27.66,0,12.66
2024-12-20,355,13,26.9,27.4,15.7,30,1.72,673.0,22.146,33.70,26.36,0,5.84
2024-12-21,356,14,29.5,29.6,16.9,31,1.74,608.0,24.301,35.84,28.37,0,11.96
2024-12-22,357,13,27.6,27.7,18.8,45,2.45,627.0,24.286,34.12,27.65,0,10.43
2024-12-23,358,14,26.4,26.4,18.1,34,2.32,607.0,21.863,32.50,26.19,0,4.69
2024-12-24,359,12,24.5,25.9,14.3,33,1.03,674.0,21.108,32.16,24.18,0,4.45
2024-12-25,360,14,27.9,28.2,16.8,44,1.31,599.0,24.958,35.13,27.86,0,12.50
2024-12-26,361,14,29.3,29.5,19.6,46,0.76,583.0,27.021,36.80,29.56,0,18.23
2024-12-27,362,12,27.1,28.2,20.7,55,0.45,605.0,26.866,35.47,27.85,0,16.35
2024-12-28,363,13,25.9,26.7,17.2,47,1.14,671.0,23.867,33.91,25.84,0,9.24
2024-12-29,364,14,26.8,27.0,16.6,48,2.21,611.0,23.986,33.61,27.12,0,9.29
2024-12-30,365,15,27.0,27.0,15.4,45,1.77,496.0,23.746,33.36,27.13,0,8.66
2024-12-31,366,13,27.2,28.3,15.7,41,0.62,683.0,25.119,35.07,27.07,0,12.47
2025-01-01,1,14,28.2,28.5,16.2,41,1.66,624.0,24.664,35.18,27.91,0,12.00
2025-01-02,2,14,29.4,29.7,16.6,38,1.93,629.0,25.174,36.07,28.83,0,13.95
2025-01-03,3,14,30.1,30.4,16.6,29,0.76,638.0,25.484,36.81,28.77,0,15.05
2025-01-04,4,13,28.9,30.3,16.3,31,0.7,693.0,25.068,36.09,27.85,0,13.40
2025-01-05,5,14,28.0,28.0,17.9,33,2.26,631.0,23.147,34.20,27.24,0,8.18
2025-01-06,6,14,26.2,26.4,14.8,26,1.9,658.0,20.86,32.73,25.88,0,4.86
2025-01-07,7,14,25.3,25.5,15.1,22,2.94,670.0,19.165,30.94,24.88,0,3.57
2025-01-08,8,14,25.3,25.6,12.7,21,2.33,673.0,19.212,31.55,24.87,0,4.01
2025-01-09,9,15,27.4,27.4,13.2,29,1.72,542.0,22.121,33.36,26.64,0,5.54
2025-01-10,10,15,28.6,28.6,15.4,29,1.25,528.0,23.375,34.64,27.5,0,9.03
2025-01-11,11,12,26.6,27.7,18.6,40,1.25,663.0,23.53,34.09,26.48,0,8.73
2025-01-12,12,12,25.4,27.1,15.6,31,2.43,695.0,20.753,31.88,25.1,0,4.24
2025-01-13,13,14,24.7,25.1,13.8,31,2.51,677.0,20.108,31.05,24.37,0,3.65
2025-01-14,14,14,26.3,26.7,13.3,36,2.15,650.0,22.192,32.88,26.11,0,5.33
2025-01-15,15,14,26.9,27.1,17.1,47,1.48,607.0,24.325,34.27,27.15,0,10.42
2025-01-16,16,11,23.3,27.6,15.2,44,2.23,612.0,20.419,30.11,23.07,0,2.97
2025-01-17,17,15,27.0,27.0,15.2,47,3.09,540.0,23.639,32.43,27.24,0,7.83
2025-01-18,18,15,30.2,30.2,17.5,37,1.54,544.0,25.739,36.60,29.58,0,15.68
2025-01-19,19,14,30.7,31.1,18.8,31,1.09,666.0,25.93,37.61,29.52,0,16.75
2025-01-20,20,14,31.0,31.2,18.2,29,0.46,675.0,27.063,37.96,29.64,0,19.18
2025-01-21,21,13,29.9,30.7,19.0,31,0.65,726.0,26.101,37.21,28.73,0,16.49
2025-01-22,22,13,28.6,29.2,18.9,31,2.2,725.0,23.567,35.27,27.6,0,9.88
2025-01-23,23,13,27.9,28.4,16.4,25,2.11,748.0,22.153,34.58,26.82,0,6.48
2025-01-24,24,14,27.8,28.1,17.5,28,3.61,701.0,21.986,33.04,26.87,0,5.08
2025-01-25,25,15,28.8,28.8,16.6,32,2.1,589.0,23.653,34.84,27.82,0,9.81
2025-01-26,26,14,29.4,29.8,16.3,32,1.54,711.0,24.716,36.45,28.35,0,13.18
2025-01-27,27,15,29.8,29.8,16.4,30,1.68,590.0,24.389,36.02,28.57,0,12.34
2025-01-28,28,14,30.8,31.3,18.2,32,1.0,699.0,26.356,37.96,29.71,0,17.87
2025-01-29,29,11,27.3,31.4,18.1,36,0.47,631.0,24.806,34.67,26.88,0,11.57
2025-01-30,30,13,28.8,30.1,17.3,34,1.27,766.0,24.839,36.36,27.95,0,13.20
2025-01-31,31,12,27.3,29.1,17.2,27,0.9,743.0,22.941,34.68,26.5,0,8.05
2025-02-01,32,14,27.4,27.7,16.5,22,1.78,731.0,21.398,34.17,26.4,0,5.90
2025-02-02,33,14,27.9,28.6,16.0,18,0.46,738.0,22.878,34.86,26.63,0,8.06
2025-02-03,34,11,27.2,30.3,19.2,23,0.43,638.0,22.89,33.86,26.3,0,7.36
2025-02-04,35,12,27.6,28.7,19.1,23,2.72,744.0,21.341,33.74,26.56,0,5.59
2025-02-05,36,15,28.0,28.0,15.3,17,1.98,646.0,20.681,33.99,26.68,0,5.77
2025-02-06,37,14,27.9,28.3,15.7,15,3.8,774.0,19.864,33.19,26.58,0,5.20
2025-02-07,38,15,29.5,29.5,17.2,23,3.02,637.0,22.572,34.80,27.94,0,7.78
2025-02-08,39,15,30.9,30.9,17.4,24,1.3,625.0,24.62,37.15,29.19,0,13.82
2025-02-09,40,13,31.3,32.5,16.9,22,0.25,813.0,26.525,37.27,29.44,0,17.60
2025-02-10,41,13,31.5,32.2,18.4,17,1.68,820.0,23.846,38.24,29.41,0,13.22
2025-02-11,42,14,30.3,30.7,17.2,24,1.56,772.0,24.27,37.24,28.65,0,13.02
2025-02-12,43,12,29.4,31.6,18.6,34,1.09,787.0,25.582,37.10,28.49,0,15.34
2025-02-13,44,14,31.3,31.7,19.4,19,1.05,773.0,24.576,38.02,29.3,0,14.40
2025-02-14,45,13,31.9,33.1,18.9,17,0.34,822.0,25.993,38.05,29.76,0,17.27
2025-02-15,46,13,31.7,34.0,19.9,27,1.67,829.0,25.963,39.01,30.18,0,18.07
2025-02-16,47,13,31.8,32.7,21.1,27,1.71,822.0,26.004,39.07,30.29,0,18.23
2025-02-17,48,13,32.0,33.2,21.1,28,1.12,819.0,26.839,39.48,30.6,0,20.22
2025-02-18,49,13,32.8,33.4,22.8,25,2.83,810.0,25.922,39.39,31.16,0,19.56
2025-02-19,50,15,33.0,33.4,21.7,23,1.69,665.0,25.925,39.36,31.18,0,18.62
2025-02-20,51,13,31.9,33.3,21.5,28,1.61,837.0,26.356,39.33,30.49,0,19.16
2025-02-21,52,13,32.9,33.2,22.0,21,2.45,835.0,25.4,39.65,30.91,0,17.74
2025-02-22,53,13,33.1,33.8,21.4,20,0.8,846.0,26.723,40.16,31.04,0,20.65
2025-02-23,54,13,33.2,34.1,20.9,16,0.21,861.0,26.863,38.56,30.9,0,19.71
2025-02-24,55,14,33.7,34.0,21.4,18,1.88,809.0,25.598,40.43,31.5,0,18.89
2025-02-25,56,15,34.7,34.7,21.8,18,1.68,658.0,26.174,40.81,32.51,0,20.63
2025-02-26,57,15,35.9,35.9,22.7,17,1.68,693.0,26.922,42.22,33.69,0,24.32
2025-02-27,58,13,35.2,36.1,23.7,22,1.78,850.0,27.775,42.53,33.53,0,27.26
2025-02-28,59,13,34.1,35.3,23.5,17,1.74,866.0,25.863,41.06,31.82,0,21.72
2025-03-01,60,14,33.6,34.0,22.7,22,2.8,820.0,26.001,40.21,31.73,0,20.40
2025-03-02,61,14,33.0,33.3,22.8,22,1.47,830.0,26.221,40.14,31.09,0,20.64
2025-03-03,62,14,34.0,34.3,22.7,23,1.88,817.0,26.912,41.10,32.27,0,22.96
2025-03-04,63,12,31.3,32.4,22.7,19,3.46,868.0,23.477,37.45,29.3,0,12.73
2025-03-05,64,15,32.5,32.6,18.8,7,2.59,758.0,21.423,37.99,29.52,0,9.60
2025-03-06,65,12,31.0,33.1,18.3,12,0.67,882.0,23.683,37.67,28.83,0,12.29
2025-03-07,66,13,34.7,35.9,21.0,12,0.91,907.0,25.945,41.27,31.99,0,20.34
2025-03-08,67,12,34.9,37.2,23.0,19,0.55,868.0,28.544,42.00,32.82,0,27.25
2025-03-09,68,13,37.2,38.0,24.7,15,0.14,896.0,29.701,42.22,34.84,0,32.33
2025-03-10,69,13,38.4,39.4,24.6,15,1.4,904.0,28.907,45.74,36.16,0,33.75
2025-03-11,70,13,39.4,40.1,25.8,14,0.7,905.0,30.338,46.50,37.1,1,40.41
2025-03-12,71,15,39.3,39.5,25.7,13,2.52,734.0,28.037,45.80,36.8,0,33.67
2025-03-13,72,15,39.0,39.0,25.1,10,3.34,748.0,26.638,45.04,35.71,0,29.37
2025-03-14,73,12,36.0,38.3,26.0,21,2.75,888.0,27.798,43.22,34.34,0,30.78
2025-03-15,74,13,36.0,37.4,25.0,19,1.87,915.0,27.791,43.47,34.05,0,29.68
2025-03-16,75,14,35.8,36.2,24.6,16,2.62,864.0,26.467,42.61,33.47,0,25.88
2025-03-17,76,12,34.3,35.5,23.3,14,0.65,907.0,26.708,41.02,31.84,0,23.06
2025-03-18,77,14,36.1,36.3,23.8,14,1.35,879.0,26.925,42.97,33.59,0,26.11
2025-03-19,78,14,35.8,36.1,23.8,14,1.7,874.0,26.419,42.65,33.29,0,24.81
2025-03-20,79,14,34.8,35.0,22.7,15,2.44,883.0,25.568,41.57,32.38,0,20.80
2025-03-21,80,11,31.8,35.3,23.1,34,1.8,806.0,27.065,39.32,31.08,0,21.99
2025-03-22,81,14,37.3,37.4,24.7,13,1.6,883.0,27.325,44.21,34.7,0,29.23
2025-03-23,82,14,38.4,38.7,24.7,11,0.53,888.0,29.108,44.79,35.35,0,33.25
2025-03-24,83,14,39.4,39.6,25.8,10,0.35,891.0,29.762,45.24,36.1,0,36.38
2025-03-25,84,13,38.3,39.3,25.8,12,0.92,950.0,28.62,45.25,35.48,0,34.00
2025-03-26,85,13,36.6,37.8,25.6,19,1.61,936.0,28.466,44.26,34.74,0,32.48
2025-03-27,86,14,35.4,36.1,24.9,21,2.55,874.0,27.38,42.55,33.63,0,27.96
2025-03-28,87,15,36.2,36.2,24.4,4,2.64,804.0,23.288,41.44,32.12,0,18.29
2025-03-29,88,15,36.8,36.8,22.0,5,1.54,792.0,24.215,42.11,32.77,0,17.96
2025-03-30,89,14,38.0,38.4,22.8,6,0.87,916.0,26.379,43.73,33.97,0,24.60
2025-03-31,90,14,39.1,39.4,24.1,7,1.09,907.0,27.148,45.22,35.14,0,29.08
2025-04-01,91,14,39.9,40.0,26.6,8,2.14,904.0,27.24,46.59,36.11,1,35.19
2025-04-02,92,13,39.1,40.1,26.1,8,0.2,973.0,29.089,43.93,35.35,2,37.56
2025-04-03,93,11,37.7,40.2,26.3,8,0.43,866.0,27.82,43.31,34.05,3,36.14
2025-04-04,94,12,37.7,40.5,25.8,11,1.08,956.0,27.662,44.54,34.65,4,38.03
2025-04-05,95,13,40.2,41.3,26.4,11,2.65,962.0,28.372,47.59,37.19,5,44.89
2025-04-06,96,14,41.8,42.4,28.4,8,2.89,909.0,28.244,48.84,37.95,6,49.83
2025-04-07,97,14,42.0,42.5,28.3,8,2.91,912.0,28.379,49.09,38.15,7,50.23
2025-04-08,98,14,42.3,42.8,27.5,9,2.64,909.0,29.06,49.58,38.76,8,51.16
2025-04-09,99,14,43.1,43.2,29.0,8,3.29,906.0,29.008,50.37,39.26,9,53.57
2025-04-10,100,12,40.2,42.4,28.2,12,2.15,956.0,28.914,47.72,37.48,10,49.88
2025-04-11,101,13,36.1,38.1,26.2,30,3.58,950.0,29.538,43.62,36.32,0,35.33
2025-04-12,102,13,38.3,40.3,26.4,24,1.95,954.0,30.751,46.64,38.07,1,42.35
2025-04-13,103,13,39.3,41.4,26.5,20,2.88,963.0,30.202,47.34,38.4,2,43.73
2025-04-14,104,14,41.2,41.9,27.8,15,2.62,903.0,30.286,48.99,39.47,3,48.66
2025-04-15,105,13,40.5,42.7,27.5,22,2.06,952.0,31.969,49.07,40.79,4,53.70
2025-04-16,106,12,38.8,42.9,27.4,28,1.13,938.0,32.655,47.57,40.14,5,55.22
2025-04-17,107,14,40.7,42.3,27.3,21,2.82,896.0,31.462,48.84,40.73,6,55.66
2025-04-18,108,12,39.5,42.7,27.4,21,2.75,955.0,30.638,47.65,38.97,7,52.71
2025-04-19,109,13,39.1,40.6,26.9,19,3.08,969.0,29.739,47.00,37.87,8,49.55
2025-04-20,110,11,35.1,40.2,25.5,35,2.05,880.0,30.019,43.24,35.99,9,45.03
2025-04-21,111,12,38.4,40.8,27.6,19,1.68,959.0,29.843,46.41,36.96,10,49.79
2025-04-22,112,14,41.3,41.5,26.9,6,2.63,934.0,27.246,48.05,36.94,11,45.25
2025-04-23,113,14,41.9,42.0,27.0,4,2.04,940.0,27.513,48.47,37.0,12,46.19
2025-04-24,114,13,40.4,41.5,27.7,12,1.68,977.0,29.379,47.99,37.69,13,50.45
2025-04-25,115,13,39.4,40.8,26.9,18,1.87,960.0,30.229,47.47,38.0,14,50.86
2025-04-26,116,12,38.4,42.0,26.8,27,1.88,953.0,31.511,46.98,39.13,15,53.23
2025-04-27,117,12,39.4,42.8,27.7,26,1.91,950.0,32.088,48.08,40.45,16,56.66
2025-04-28,118,12,40.0,43.9,28.7,21,2.09,956.0,31.322,48.40,39.69,17,56.33
2025-04-29,119,13,41.6,43.8,28.3,21,2.93,958.0,32.222,50.17,42.12,18,59.74
2025-04-30,120,12,40.7,44.1,28.4,18,3.36,962.0,30.61,48.78,39.73,19,54.92
2025-05-01,121,12,40.2,43.8,28.5,19,2.14,955.0,30.943,48.46,39.35,20,55.29
2025-05-02,122,14,43.2,43.4,28.1,11,3.62,906.0,30.128,50.85,40.45,21,55.42
2025-05-03,123,10,34.1,41.4,27.6,44,2.01,732.0,30.288,42.03,36.71,22,47.38
2025-05-04,124,12,36.7,37.6,28.4,37,2.6,925.0,31.544,45.15,39.47,0,43.96
2025-05-05,125,12,37.0,37.4,27.8,37,3.58,922.0,31.49,44.95,40.06,0,43.24
2025-05-06,126,13,32.1,32.3,22.9,51,2.6,884.0,29.464,40.43,34.8,0,28.47
2025-05-07,127,14,30.9,30.9,22.7,65,1.03,760.0,30.843,40.73,35.92,0,31.48
2025-05-08,128,14,31.9,32.3,23.6,58,0.3,819.0,32.335,41.04,36.26,0,35.69
2025-05-09,129,14,33.3,33.8,25.4,51,0.46,812.0,32.695,42.82,37.21,0,40.12
2025-05-10,130,15,34.8,34.8,24.5,46,0.52,706.0,32.822,43.56,38.75,0,40.41
2025-05-11,131,15,34.5,35.4,26.9,48,0.51,701.0,32.851,43.38,38.8,0,43.15
2025-05-12,132,14,36.8,37.0,26.9,38,1.71,783.0,31.986,45.18,40.03,0,43.28
2025-05-13,133,13,37.2,37.7,28.3,36,1.76,802.0,31.998,45.57,40.09,0,45.24
2025-05-14,134,13,38.8,39.5,28.0,30,0.85,845.0,33.246,47.34,40.87,0,48.82
2025-05-15,135,15,40.1,40.1,28.3,29,0.51,645.0,34.301,47.82,42.89,1,53.93
2025-05-16,136,13,38.2,38.2,29.2,38,1.81,766.0,33.098,46.76,42.97,0,50.30
2025-05-17,137,13,38.2,39.1,29.1,38,2.16,798.0,32.977,46.74,42.97,0,49.94
2025-05-18,138,13,39.1,40.4,29.5,34,2.18,916.0,33.231,48.06,43.11,1,53.55
2025-05-19,139,14,40.7,40.9,29.8,33,1.33,816.0,34.765,49.73,46.04,2,60.77
2025-05-20,140,16,40.6,41.1,29.6,30,0.11,517.0,34.624,46.19,44.32,3,58.74
2025-05-21,141,13,40.7,40.9,30.8,29,1.19,919.0,34.313,49.82,44.04,4,63.74
2025-05-22,142,14,40.4,40.5,29.6,34,1.33,790.0,34.649,49.34,45.9,5,64.98
2025-05-23,143,15,42.1,42.1,30.8,26,1.53,712.0,34.062,50.27,45.28,6,67.38
2025-05-24,144,13,41.4,43.0,30.6,23,1.89,935.0,32.991,50.16,42.63,7,64.06
2025-05-25,145,13,40.7,42.3,29.8,32,0.87,919.0,35.364,50.12,45.52,8,68.66
2025-05-26,146,14,42.1,42.4,30.1,28,1.95,808.0,34.447,50.85,46.33,9,68.10
2025-05-27,147,14,41.7,42.3,30.5,34,3.11,852.0,34.975,50.68,48.9,10,70.40
2025-05-28,148,14,40.0,40.6,29.3,37,3.15,845.0,34.067,48.67,46.58,11,64.97
2025-05-29,149,13,37.9,39.5,27.1,44,1.94,909.0,34.006,47.53,45.1,0,50.91
2025-05-30,150,13,38.0,40.8,28.4,39,3.52,934.0,32.72,46.43,42.97,1,50.08
2025-05-31,151,13,37.6,39.8,27.6,36,4.34,915.0,31.655,45.30,40.88,0,43.87
2025-06-01,152,13,37.7,39.5,28.2,33,4.43,804.0,31.041,44.77,39.95,0,42.68
2025-06-02,153,13,37.5,39.0,28.1,31,3.06,848.0,30.882,45.20,38.91,0,42.19
2025-06-03,154,14,38.1,38.7,28.2,33,3.14,750.0,31.578,45.56,40.7,0,44.55
2025-06-04,155,13,37.5,38.5,28.6,32,2.58,912.0,31.333,45.77,39.24,0,44.16
2025-06-05,156,13,38.2,39.4,28.5,35,1.04,837.0,33.381,47.04,41.69,0,49.74
2025-06-06,157,11,37.1,41.0,28.4,37,1.9,841.0,32.073,45.64,40.26,1,47.28
2025-06-07,158,13,40.1,41.2,28.9,26,2.76,904.0,32.188,48.48,41.64,2,52.31
2025-06-08,159,14,40.3,40.8,28.0,28,2.47,854.0,32.812,48.73,42.83,3,54.73
2025-06-09,160,14,40.6,41.0,29.0,29,3.72,856.0,32.893,48.75,43.85,4,58.11
2025-06-10,161,14,40.0,40.5,28.9,32,2.9,856.0,33.224,48.46,44.05,5,60.15
2025-06-11,162,14,40.8,41.5,28.5,25,2.89,863.0,32.421,49.06,42.45,6,59.67
2025-06-12,163,15,42.1,42.1,29.3,22,3.05,750.0,32.507,49.92,43.36,7,61.73
2025-06-13,164,16,40.8,40.8,29.9,30,2.16,539.0,33.167,48.02,44.72,8,62.81
2025-06-14,165,17,36.3,36.3,30.0,51,0.47,348.0,33.665,43.85,44.38,0,50.72
2025-06-15,166,14,35.4,36.1,27.1,49,0.4,865.0,34.49,45.11,41.23,0,48.64
2025-06-16,167,14,34.5,34.5,27.5,61,1.05,754.0,33.697,44.83,44.04,0,48.45
2025-06-17,168,15,31.6,31.6,26.5,65,2.96,356.0,29.588,37.81,37.63,0,32.07
2025-06-18,169,13,33.3,33.3,26.3,63,3.0,655.0,31.548,41.55,41.46,0,39.66
2025-06-19,170,14,33.3,33.9,27.3,64,1.69,232.0,31.037,40.07,41.86,0,38.94
2025-06-20,171,15,34.7,34.7,26.8,50,3.62,609.0,30.941,41.47,39.97,0,38.48
2025-06-21,172,14,32.6,32.6,25.7,61,2.34,549.0,30.65,40.44,38.85,0,35.49
2025-06-22,173,12,32.6,33.1,25.9,63,2.39,793.0,31.337,41.78,39.55,0,38.25
2025-06-23,174,15,31.3,31.3,26.4,72,2.37,490.0,30.557,39.51,39.07,0,35.54
2025-06-24,175,11,31.2,31.6,26.4,71,3.36,638.0,30.371,39.14,38.46,0,34.70
2025-06-25,176,11,31.6,31.7,26.3,71,1.07,592.0,31.716,41.36,39.6,0,39.15
2025-06-26,177,11,31.4,31.4,26.4,75,0.51,662.0,33.142,42.26,40.4,0,42.91
2025-06-27,178,14,32.1,32.4,26.1,63,4.17,700.0,30.242,39.26,38.26,0,34.12
2025-06-28,179,14,31.8,31.8,26.2,70,4.1,718.0,30.808,39.65,39.83,0,36.17
2025-06-29,180,15,33.0,33.0,26.0,58,4.09,546.0,30.237,39.29,38.81,0,34.22
2025-06-30,181,14,31.6,32.5,26.1,68,2.43,630.0,30.663,40.18,38.59,0,35.70
2025-07-01,182,14,34.1,34.4,25.7,55,2.15,787.0,31.825,43.09,40.43,0,40.22
2025-07-02,183,13,30.9,30.9,25.6,71,3.04,522.0,29.946,38.42,37.63,0,32.14
2025-07-03,184,13,31.3,31.3,24.9,70,1.43,711.0,31.287,41.22,38.42,0,36.16
2025-07-04,185,12,31.8,31.9,26.1,68,1.9,774.0,31.362,41.58,39.14,0,38.23
2025-07-05,186,14,29.8,30.4,25.8,80,1.52,496.0,30.357,39.19,37.06,0,33.49
2025-07-06,187,11,29.9,29.9,25.5,76,1.1,534.0,30.445,39.40,36.29,0,33.17
2025-07-07,188,14,32.5,32.5,25.4,59,3.51,765.0,30.37,40.23,37.94,0,34.12
2025-07-08,189,14,31.8,31.8,25.3,67,1.6,682.0,31.238,41.29,38.8,0,36.73
2025-07-09,190,14,32.9,33.7,25.5,59,3.54,756.0,30.72,40.68,38.91,0,35.59
2025-07-10,191,14,32.4,32.5,25.8,60,2.73,695.0,30.496,40.51,38.03,0,35.06
2025-07-11,192,14,32.0,32.2,26.8,64,2.0,689.0,30.871,40.97,38.33,0,37.38
2025-07-12,193,13,30.8,30.8,26.2,70,2.33,677.0,30.255,39.67,37.07,0,34.11
2025-07-13,194,14,30.8,31.3,26.3,79,1.91,776.0,31.618,41.47,39.87,0,39.15
2025-07-14,195,14,32.0,32.5,25.4,67,2.02,615.0,31.059,40.88,39.34,0,36.42
2025-07-15,196,15,34.0,34.1,26.1,58,1.75,717.0,32.192,43.23,41.35,0,41.82
2025-07-16,197,14,33.9,34.3,26.9,54,2.48,834.0,31.453,42.70,39.57,0,40.31
2025-07-17,198,14,33.3,33.6,25.8,58,1.43,818.0,31.974,43.01,39.55,0,40.23
2025-07-18,199,13,32.3,32.3,27.2,63,2.39,683.0,30.857,40.89,38.77,0,37.93
2025-07-19,200,15,31.9,31.9,26.4,59,2.83,639.0,29.78,39.44,36.55,0,33.09
2025-07-20,201,15,31.1,31.1,25.8,72,1.74,496.0,30.629,39.83,38.49,0,35.00
2025-07-21,202,14,32.4,32.4,24.8,65,0.79,541.0,31.985,41.59,39.73,0,38.13
2025-07-22,203,13,33.1,33.1,26.6,62,1.9,789.0,31.908,42.71,40.52,0,41.18
2025-07-23,204,14,32.3,32.3,26.3,59,3.4,606.0,29.948,39.29,37.47,0,33.52
2025-07-24,205,12,32.1,32.4,26.1,61,2.62,809.0,30.571,40.84,37.62,0,35.64
2025-07-25,206,13,32.9,33.1,27.0,61,1.13,815.0,32.254,42.97,39.62,0,42.15
2025-07-26,207,14,32.9,32.9,25.7,59,3.04,624.0,30.622,40.44,38.91,0,35.46
2025-07-27,208,12,27.2,28.1,25.4,94,3.2,234.0,28.012,33.63,32.4,0,22.84
2025-07-28,209,14,30.4,30.6,25.8,72,3.81,422.0,29.23,36.57,36.57,0,29.28
2025-07-29,210,12,30.5,30.7,25.9,70,4.32,575.0,29.306,37.01,36.29,0,29.76
2025-07-30,211,17,31.4,31.8,26.1,71,1.96,199.0,29.846,37.81,39.02,0,32.60
2025-07-31,212,14,30.9,31.2,26.1,66,3.19,441.0,29.187,37.35,36.19,0,29.98
2025-08-01,213,15,32.4,32.4,25.9,59,3.42,521.0,29.881,38.94,37.7,0,32.76
2025-08-02,214,14,32.2,32.5,25.3,58,2.3,790.0,30.394,40.90,36.93,0,34.16
2025-08-03,215,15,31.6,31.6,24.7,66,2.02,697.0,30.733,40.67,37.95,0,34.32
2025-08-04,216,13,31.5,31.7,26.0,63,3.11,813.0,30.095,39.84,36.78,0,33.59
2025-08-05,217,13,31.4,32.2,26.0,63,3.09,817.0,30.014,39.75,36.55,0,33.29
2025-08-06,218,14,31.6,32.2,25.6,61,2.67,789.0,30.054,40.09,36.44,0,33.10
2025-08-07,219,12,32.1,33.3,25.7,57,2.09,894.0,30.459,41.33,36.41,0,34.86
2025-08-08,220,13,33.8,34.2,26.0,46,2.68,851.0,30.236,41.88,36.71,0,35.31
2025-08-09,221,13,32.9,33.9,26.7,50,2.17,795.0,30.085,41.24,36.09,0,35.15
2025-08-10,222,14,33.7,33.8,26.6,46,2.46,801.0,30.146,41.71,36.52,0,35.64
2025-08-11,223,14,34.2,34.4,26.0,46,3.12,803.0,30.375,41.83,37.51,0,35.83
2025-08-12,224,14,33.9,34.1,27.1,48,3.06,719.0,30.266,41.25,37.53,0,36.50
2025-08-13,225,14,33.1,33.1,26.8,53,2.32,648.0,30.32,40.89,37.4,0,35.94
2025-08-14,226,12,32.5,32.6,26.7,60,1.56,856.0,31.453,42.29,38.27,0,39.30
2025-08-15,227,15,31.3,33.0,26.1,71,0.41,553.0,32.387,40.92,38.74,0,39.55
2025-08-16,228,12,31.7,31.7,25.6,68,1.0,670.0,31.754,41.59,38.86,0,38.30
2025-08-17,229,15,32.5,32.5,25.8,70,0.46,450.0,33.003,41.99,41.91,0,42.31
2025-08-18,230,14,32.3,32.6,25.5,68,1.6,786.0,32.043,42.52,40.55,0,40.02
2025-08-19,231,14,33.1,33.1,25.5,64,1.75,768.0,32.195,42.94,41.29,0,40.89
2025-08-20,232,13,30.1,30.5,26.2,79,1.38,475.0,30.574,39.46,37.69,0,34.80
2025-08-21,233,14,31.2,31.2,25.4,71,3.18,760.0,30.619,39.87,38.46,0,34.53
2025-08-22,234,13,28.8,29.2,25.1,81,2.5,364.0,28.771,36.22,34.4,0,26.54
2025-08-23,235,14,30.0,30.0,25.1,72,3.22,518.0,29.147,37.15,35.53,0,28.34
2025-08-24,236,13,29.1,29.1,25.0,81,3.45,522.0,29.192,36.61,35.25,0,27.82
2025-08-25,237,13,31.0,31.2,24.1,69,2.81,842.0,30.448,40.12,37.3,0,32.44
2025-08-26,238,12,31.3,31.9,25.5,70,2.11,818.0,31.087,41.14,38.42,0,36.43
2025-08-27,239,15,32.6,32.6,25.6,62,1.35,556.0,31.28,41.32,39.2,0,37.33
2025-08-28,240,14,31.5,31.5,25.4,74,2.04,671.0,31.479,41.25,40.35,0,37.85
2025-08-29,241,14,31.7,31.7,26.0,72,2.05,695.0,31.49,41.39,40.24,0,38.63
2025-08-30,242,11,29.8,30.1,25.8,81,1.41,530.0,30.619,39.58,37.33,0,34.37
2025-08-31,243,14,30.2,30.2,25.4,76,1.28,342.0,30.017,38.48,37.13,0,31.89
2025-09-01,244,15,31.3,31.5,24.9,70,2.62,600.0,30.482,39.66,38.42,0,33.52
2025-09-02,245,15,32.2,32.4,25.5,57,2.47,694.0,30.031,40.23,36.63,0,33.12
2025-09-03,246,14,31.8,31.9,25.0,63,2.15,800.0,30.705,41.01,37.51,0,34.69
2025-09-04,247,11,29.3,29.3,24.7,76,3.8,543.0,28.835,36.20,34.67,0,26.28
2025-09-05,248,16,31.7,31.7,24.6,68,2.4,379.0,30.216,38.90,38.86,0,32.28
2025-09-06,249,16,28.6,28.6,25.3,86,2.23,227.0,28.758,35.70,34.89,0,26.55
2025-09-07,250,16,26.2,26.2,24.5,84,4.72,273.0,25.968,30.10,26.63,0,13.37
2025-09-08,251,15,28.8,29.1,24.6,74,3.72,396.0,27.871,34.56,33.02,0,22.54
2025-09-09,252,14,30.9,30.9,24.1,62,2.85,747.0,29.388,38.97,35.13,0,28.80
2025-09-10,253,13,30.6,30.9,23.9,61,1.9,871.0,29.609,39.94,34.25,0,29.36
2025-09-11,254,11,30.1,31.6,23.9,66,1.8,796.0,29.627,39.51,34.33,0,29.11
2025-09-12,255,12,30.9,31.9,24.4,62,1.65,826.0,30.077,40.37,35.13,0,31.46
2025-09-13,256,13,32.4,32.7,24.4,52,1.48,807.0,30.328,41.34,35.64,0,32.82
2025-09-14,257,13,33.7,33.9,25.3,47,1.34,835.0,31.008,42.64,36.81,0,36.53
2025-09-15,258,13,33.2,33.8,25.4,51,2.5,817.0,30.387,41.51,37.0,0,34.73
2025-09-16,259,14,32.9,32.9,25.2,51,2.51,708.0,29.921,40.64,36.37,0,32.76
2025-09-17,260,12,33.0,33.4,25.6,50,0.81,789.0,31.339,42.09,36.29,0,36.92
2025-09-18,261,12,33.7,34.4,25.9,46,0.91,822.0,31.342,42.67,36.52,0,37.78
2025-09-19,262,12,33.4,33.8,26.6,50,1.25,775.0,31.102,42.31,37.11,0,38.10
2025-09-20,263,13,33.8,34.1,26.5,52,1.84,786.0,31.317,42.67,38.63,0,39.21
2025-09-21,264,13,33.3,33.3,25.9,52,1.55,790.0,31.057,42.27,37.52,0,37.32
2025-09-22,265,13,34.0,34.1,26.5,47,2.3,829.0,30.667,42.38,37.42,0,37.33
2025-09-23,266,13,34.0,34.0,26.2,46,2.19,818.0,30.557,42.33,37.11,0,36.62
2025-09-24,267,11,32.0,32.6,25.6,48,1.75,743.0,29.134,40.13,33.9,0,30.45
2025-09-25,268,12,32.1,32.4,25.7,50,0.81,767.0,30.471,40.97,34.55,0,33.94
2025-09-26,269,13,34.6,34.9,26.0,43,1.95,799.0,30.741,42.89,37.37,0,37.24
2025-09-27,270,12,37.0,37.5,28.3,34,2.98,817.0,30.983,44.65,39.0,0,42.25
2025-09-28,271,13,31.7,32.9,26.3,64,2.55,407.0,29.783,38.55,37.57,0,32.72
2025-09-29,272,14,31.1,31.1,25.4,63,5.56,728.0,29.139,37.36,35.85,0,28.95
2025-09-30,273,14,30.1,30.1,24.4,64,4.45,720.0,28.464,36.67,33.88,0,25.28
2025-10-01,274,14,30.9,30.9,24.3,66,3.17,746.0,29.753,38.98,36.19,0,30.13
2025-10-02,275,13,31.1,31.1,25.1,62,3.0,604.0,29.28,38.37,35.58,0,29.50
2025-10-03,276,13,32.1,32.3,24.7,58,1.84,799.0,30.546,41.19,36.71,0,33.88
2025-10-04,277,14,32.9,32.9,25.3,49,2.16,731.0,29.839,40.88,35.81,0,32.68
2025-10-05,278,12,31.8,32.5,25.6,54,2.18,777.0,29.562,40.17,34.97,0,31.68
2025-10-06,279,12,30.4,31.4,24.7,57,3.22,771.0,28.272,37.81,32.98,0,25.75
2025-10-07,280,12,30.8,32.1,24.1,51,1.85,812.0,28.513,39.25,32.48,0,26.36
2025-10-08,281,11,31.6,33.3,24.3,43,0.56,697.0,29.429,39.64,32.23,0,28.51
2025-10-09,282,11,32.5,33.7,24.7,33,1.32,782.0,27.8,40.10,31.81,0,26.08
2025-10-10,283,12,33.1,34.0,24.2,25,1.85,845.0,26.651,40.38,31.49,0,23.41
2025-10-11,284,12,33.0,33.3,22.9,22,2.16,855.0,25.843,40.03,31.09,0,19.97
2025-10-12,285,14,33.9,33.9,23.2,22,2.49,768.0,26.26,40.46,32.05,0,21.77
2025-10-13,286,11,32.8,34.2,23.5,27,1.34,774.0,26.998,40.01,31.38,0,22.94
2025-10-14,287,14,34.1,34.1,23.6,22,2.47,759.0,26.409,40.65,32.27,0,22.74
2025-10-15,288,13,34.6,34.8,23.4,23,1.67,833.0,27.548,41.89,32.96,0,25.80
2025-10-16,289,14,35.8,35.8,24.3,25,1.0,737.0,29.317,42.97,34.78,0,31.66
2025-10-17,290,14,36.5,36.6,25.4,21,0.41,736.0,30.157,43.16,34.95,0,34.72
2025-10-18,291,12,35.1,36.1,24.6,30,2.03,818.0,29.055,42.68,34.82,0,31.32
2025-10-19,292,11,33.1,35.7,24.2,39,1.7,758.0,28.904,40.86,33.73,0,28.84
2025-10-20,293,13,35.5,36.1,24.6,25,1.38,795.0,28.815,42.90,34.39,0,30.86
2025-10-21,294,13,35.4,35.6,26.5,29,2.56,750.0,28.773,42.40,35.04,0,32.88
2025-10-22,295,12,34.7,35.7,25.9,33,3.44,795.0,28.709,41.46,34.88,0,31.32
2025-10-23,296,13,35.3,35.5,26.1,35,3.76,770.0,29.441,41.98,36.33,0,33.85
2025-10-24,297,12,34.5,35.1,27.3,40,3.1,767.0,29.707,41.66,36.31,0,35.52
2025-10-25,298,12,34.2,34.2,27.4,43,3.4,699.0,29.704,40.95,36.61,0,35.22
2025-10-26,299,14,27.5,28.2,24.4,73,4.1,326.0,26.314,31.98,30.06,0,16.41
2025-10-27,300,13,25.5,25.7,23.5,93,2.73,151.0,26.019,30.85,26.02,0,12.85
2025-10-28,301,15,27.6,27.6,22.8,76,3.32,361.0,26.913,33.37,30.62,0,16.89
2025-10-29,302,13,29.7,30.0,22.6,62,4.11,718.0,27.921,36.29,32.65,0,21.42
2025-10-30,303,12,26.2,26.6,23.6,78,2.82,288.0,25.671,31.83,26.56,0,13.01
2025-10-31,304,15,27.4,27.4,22.9,73,1.12,282.0,26.9,34.51,29.86,0,17.52
2025-11-01,305,15,28.6,28.6,23.9,73,0.97,427.0,28.682,37.02,32.38,0,24.80
2025-11-02,306,13,30.3,30.8,24.5,69,1.1,653.0,30.383,39.83,35.52,0,31.91
2025-11-03,307,13,30.7,30.8,23.9,65,2.86,681.0,29.428,38.64,35.45,0,28.52
2025-11-04,308,12,29.0,30.3,23.9,67,1.95,679.0,28.387,37.65,32.19,0,24.63
2025-11-05,309,12,29.3,30.6,22.1,62,0.92,752.0,29.131,38.71,31.89,0,24.59
2025-11-06,310,12,29.9,30.8,21.5,45,1.42,762.0,27.139,37.97,30.19,0,19.54
2025-11-07,311,12,29.0,29.9,18.9,36,1.81,779.0,24.921,36.42,28.27,0,13.52
2025-11-08,312,12,28.8,29.7,17.1,31,0.96,777.0,24.778,36.36,27.77,0,13.02
2025-11-09,313,13,29.7,29.8,16.8,22,0.4,760.0,25.099,36.43,28.06,0,13.78
2025-11-10,314,14,30.0,30.0,17.5,21,0.78,674.0,24.09,36.44,28.27,0,11.96
2025-11-11,315,14,30.2,30.2,17.8,22,0.65,668.0,24.664,36.65,28.47,0,13.27
2025-11-12,316,13,30.2,30.4,18.2,24,1.04,741.0,24.599,37.11,28.56,0,13.52
2025-11-13,317,13,30.3,30.4,18.5,26,1.92,736.0,24.325,36.99,28.76,0,12.98
2025-11-14,318,12,29.5,30.3,18.4,29,2.7,741.0,23.848,35.79,28.24,0,11.02
2025-11-15,319,14,30.1,30.1,18.5,26,2.42,651.0,23.782,36.03,28.58,0,11.20
2025-11-16,320,13,29.4,29.6,18.2,22,3.21,736.0,22.434,35.07,27.82,0,7.67
2025-11-17,321,14,29.3,29.3,17.2,23,2.45,660.0,22.631,35.15,27.78,0,8.09
2025-11-18,322,13,28.8,29.2,16.9,25,2.4,735.0,22.729,35.16,27.47,0,8.17
2025-11-19,323,14,29.4,29.5,16.5,26,1.62,652.0,23.594,35.83,27.99,0,10.48
2025-11-20,324,13,29.2,29.6,17.3,30,2.08,720.0,23.96,35.88,28.04,0,11.23
2025-11-21,325,13,30.0,30.4,18.4,31,2.06,715.0,24.778,36.71,28.83,0,13.67
2025-11-22,326,14,31.0,31.0,18.4,28,1.47,635.0,25.29,37.47,29.56,0,15.45
2025-11-23,327,13,30.7,31.2,18.1,28,0.89,705.0,25.794,37.66,29.27,0,16.43
2025-11-24,328,14,30.9,31.1,18.8,35,1.08,624.0,26.614,37.84,30.14,0,18.43
2025-11-25,329,14,30.8,31.0,20.3,41,1.1,609.0,27.326,38.03,30.8,0,20.16
2025-11-26,330,13,30.9,31.4,20.8,44,0.34,671.0,29.18,38.33,31.39,0,24.10
2025-11-27,331,14,31.1,31.1,22.0,40,0.6,528.0,27.928,37.95,31.04,0,21.33
2025-11-28,332,12,30.8,31.5,22.5,43,1.6,667.0,27.337,38.22,31.09,0,21.01
2025-11-29,333,13,30.9,31.2,21.4,36,2.14,673.0,26.171,37.61,30.26,0,17.48
2025-11-30,334,13,30.4,30.7,20.5,32,1.43,644.0,25.482,37.14,29.3,0,15.48
2025-12-01,335,13,30.0,30.2,19.7,32,1.29,675.0,25.33,36.96,28.91,0,14.92
2025-12-02,336,13,29.3,29.5,19.4,34,1.66,672.0,24.763,36.18,28.4,0,13.09
2025-12-03,337,14,29.6,29.6,18.9,28,2.7,609.0,23.532,35.14,28.26,0,9.97
2025-12-04,338,14,29.0,29.0,18.3,27,2.61,614.0,22.919,34.60,27.72,0,8.21
2025-12-05,339,14,29.0,29.0,17.7,31,2.71,609.0,23.498,34.62,27.93,0,9.40
2025-12-06,340,14,28.1,28.2,17.0,31,2.58,593.0,22.757,33.73,27.22,0,7.09
2025-12-07,341,14,29.5,29.7,16.9,23,2.4,622.0,22.734,35.17,27.94,0,8.36
2025-12-08,342,12,28.7,30.7,16.9,30,2.42,682.0,23.332,34.93,27.63,0,9.20
2025-12-09,343,14,30.6,30.6,17.1,23,2.28,620.0,23.647,36.35,28.86,0,11.28
2025-12-10,344,12,29.1,30.9,16.6,28,1.4,683.0,23.894,35.89,27.85,0,11.04
2025-12-11,345,14,30.2,30.3,16.7,21,1.05,616.0,23.725,36.31,28.44,0,11.24
2025-12-12,346,14,30.1,30.2,16.6,24,1.35,614.0,23.914,36.30,28.48,0,11.61
2025-12-13,347,14,30.5,30.6,16.1,22,1.55,616.0,23.734,36.54,28.73,0,11.53
2025-12-14,348,14,29.9,30.2,16.7,29,0.87,610.0,25.07,36.45,28.59,0,13.94
2025-12-15,349,13,29.6,30.2,17.2,29,1.71,677.0,24.241,36.24,28.32,0,12.12
2025-12-16,350,13,27.8,28.7,16.2,27,2.45,691.0,22.141,33.98,26.83,0,6.03
2025-12-17,351,14,30.0,30.2,16.0,27,1.21,618.0,24.471,36.42,28.55,0,12.77
2025-12-18,352,13,29.6,30.4,16.6,26,1.82,686.0,23.712,36.10,28.16,0,10.96
2025-12-19,353,14,30.6,30.7,16.2,23,1.67,608.0,23.906,36.60,28.86,0,11.95
2025-12-20,354,13,30.8,31.6,17.6,24,0.61,668.0,25.594,37.34,29.09,0,15.76
2025-12-21,355,13,29.2,30.1,18.2,31,1.75,618.0,24.068,35.59,28.1,0,11.24
2025-12-22,356,14,30.6,30.7,18.0,25,1.87,611.0,24.164,36.62,28.97,0,12.49
2025-12-23,357,12,28.9,30.6,17.7,34,1.53,662.0,24.487,35.81,28.04,0,12.17
2025-12-24,358,13,29.2,29.6,17.7,29,1.26,673.0,24.226,36.03,27.98,0,11.81
2025-12-25,359,13,28.3,28.8,17.2,31,1.93,674.0,23.343,34.91,27.37,0,9.11
2025-12-26,360,14,28.5,28.6,16.8,30,1.7,617.0,23.361,34.90,27.47,0,9.17
2025-12-27,361,14,28.0,28.3,16.3,31,1.3,615.0,23.359,34.67,27.14,0,8.88
2025-12-28,362,14,28.7,28.9,16.2,29,0.35,618.0,24.984,34.95,27.58,0,12.32
2025-12-29,363,14,28.8,29.0,16.3,28,0.95,623.0,23.939,35.42,27.61,0,10.69
2025-12-30,364,13,28.4,28.8,16.4,30,0.34,675.0,25.084,34.98,27.39,0,12.45
2025-12-31,365,12,26.9,28.0,17.7,35,1.06,656.0,23.318,34.18,26.56,0,8.40
2026-01-01,1,13,26.1,26.8,18.8,48,1.41,585.0,23.72,33.48,26.06,0,8.66
2026-01-02,2,13,25.7,26.1,16.7,42,1.4,674.0,22.888,33.33,25.56,0,6.97
2026-01-03,3,14,26.1,26.3,15.1,40,0.76,634.0,23.615,33.71,25.96,0,8.62
2026-01-04,4,13,25.7,26.7,15.0,44,1.6,690.0,23.017,33.36,25.59,0,7.24
2026-01-05,5,14,25.8,26.0,14.6,41,2.46,637.0,22.237,32.22,25.65,0,4.94
2026-01-06,6,14,26.3,26.5,14.5,35,1.91,645.0,22.162,33.03,26.1,0,5.39
2026-01-07,7,14,26.0,26.1,15.1,40,1.58,642.0,22.712,33.21,25.85,0,6.55
2026-01-08,8,12,24.9,27.0,15.3,45,0.2,664.0,23.972,31.72,24.76,0,7.85
2026-01-09,9,13,25.9,26.4,14.2,29,1.2,699.0,21.624,33.24,25.6,0,5.23
2026-01-10,10,13,25.6,26.0,13.6,25,1.6,703.0,20.493,32.65,25.23,0,4.81
2026-01-11,11,14,27.4,27.9,13.4,34,1.37,649.0,23.304,34.4,26.86,0,8.53
2026-01-12,12,14,28.7,29.1,15.8,27,1.1,657.0,23.617,35.43,27.48,0,10.04
2026-01-13,13,13,28.7,29.5,16.8,32,0.21,695.0,25.696,34.66,27.74,0,13.51
2026-01-14,14,14,27.1,27.1,15.4,20,1.83,685.0,20.699,33.57,26.15,0,5.47
2026-01-15,15,14,28.0,28.3,13.5,26,1.9,675.0,22.352,34.47,26.93,0,6.78
2026-01-16,16,15,30.0,30.0,15.5,26,1.03,555.0,24.312,36.04,28.5,0,12.18
2026-01-17,17,14,27.9,27.9,16.1,34,2.31,668.0,23.256,34.3,27.22,0,8.45
2026-01-18,18,12,25.3,26.3,15.9,50,1.82,673.0,23.17,32.98,25.25,0,7.25
2026-01-19,19,13,26.4,26.7,16.3,31,1.83,725.0,21.915,33.48,26.15,0,5.4
2026-01-20,20,14,27.5,27.7,15.6,26,1.26,689.0,22.408,34.43,26.59,0,6.86
2026-01-21,21,14,29.9,30.0,17.3,32,1.98,672.0,24.8,36.49,28.81,0,13.54
2026-01-22,22,13,29.6,30.3,18.7,36,2.56,709.0,24.965,36.11,28.85,0,13.59
2026-01-23,23,13,25.5,26.5,17.8,42,3.05,661.0,21.958,31.46,25.35,0,3.95
2026-01-24,24,15,25.4,25.4,13.8,30,1.93,571.0,20.574,31.59,25.09,0,4.04
2026-01-25,25,15,26.2,26.2,15.3,41,1.84,564.0,22.688,32.77,26.07,0,6.19
2026-01-26,26,13,28.5,29.4,17.6,42,1.72,671.0,25.122,35.74,28.28,0,13.41
2026-01-27,27,13,27.0,27.3,18.0,34,2.55,727.0,22.514,33.53,26.58,0,6.41
2026-01-28,28,15,25.8,25.8,15.3,23,2.37,613.0,19.791,31.64,25.42,0,4.07
2026-01-29,29,14,26.7,27.0,15.1,33,2.86,721.0,22.014,32.87,26.35,0,4.99
2026-01-30,30,14,28.5,29.0,17.0,41,1.58,593.0,24.903,35.36,28.2,0,12.69
2026-01-31,31,13,29.5,30.2,20.8,47,1.71,673.0,26.649,37.05,29.93,0,17.86
2026-02-01,32,12,29.1,30.3,22.2,48,0.6,642.0,27.586,37.12,29.55,0,19.76
2026-02-02,33,13,30.5,30.6,20.8,33,1.86,676.0,25.523,37.24,29.5,0,15.7
2026-02-03,34,14,29.8,29.9,19.7,36,1.98,686.0,25.33,36.65,29.06,0,14.74
2026-02-04,35,14,30.1,30.2,19.8,36,2.53,710.0,25.405,36.66,29.37,0,15.01
2026-02-05,36,14,31.0,31.4,19.5,32,1.22,722.0,26.341,38.22,29.93,0,18.11
2026-02-06,37,14,32.0,32.3,19.7,28,0.57,732.0,27.562,39.13,30.6,0,21.33
2026-02-07,38,13,31.5,32.0,21.0,26,1.23,783.0,25.887,38.67,29.9,0,17.57
2026-02-08,39,13,31.3,31.9,18.4,18,0.32,808.0,25.709,37.39,29.27,0,16.08
2026-02-09,40,14,31.5,31.5,18.2,23,2.05,759.0,24.73,38.12,29.68,0,14.91
2026-02-10,41,14,29.6,29.8,18.7,32,2.11,752.0,24.643,36.5,28.53,0,13.15
2026-02-11,42,14,30.8,31.1,19.6,25,2.08,768.0,24.537,37.52,29.15,0,13.91
2026-02-12,43,15,33.5,33.5,20.5,26,1.17,640.0,27.229,40.05,32.06,0,21.91
2026-02-13,44,13,32.7,33.9,21.0,27,0.46,809.0,28.543,40.18,31.26,0,24.19
2026-02-14,45,14,32.9,32.9,20.7,20,2.68,782.0,25.018,39.24,30.84,0,16.69
2026-02-15,46,12,31.1,33.3,18.9,21,0.6,808.0,25.706,38.1,29.21,0,16.56
2026-02-16,47,13,32.0,32.9,19.6,20,0.35,833.0,26.739,38.49,29.98,0,19.08
2026-02-17,48,14,31.5,32.0,19.4,22,0.38,778.0,26.574,38.08,29.62,0,18.34
2026-02-18,49,14,32.1,32.3,21.5,19,0.27,754.0,26.364,37.7,30.02,0,17.82
2026-02-19,50,14,31.5,31.9,19.7,26,1.19,754.0,25.862,38.54,29.9,0,17.43
2026-02-20,51,14,31.7,32.0,21.9,36,2.55,779.0,26.885,38.7,31.23,0,19.98
2026-02-21,52,14,33.5,34.0,21.0,27,0.81,794.0,28.264,40.88,32.19,0,24.51
2026-02-22,53,11,30.8,33.9,22.2,30,0.51,721.0,27.045,38.03,29.53,0,19.4
2026-02-23,54,13,32.5,32.9,22.7,20,0.16,805.0,27.042,37.62,30.45,0,20.02
2026-02-24,55,14,33.8,34.1,24.0,20,1.25,641.0,26.197,39.95,31.75,0,22.1
2026-02-25,56,13,34.9,35.2,24.0,20,1.73,849.0,27.136,42.07,32.93,0,25.85
2026-02-26,57,14,33.0,33.1,21.9,27,2.52,808.0,26.557,39.87,31.61,0,20.34
2026-02-27,58,13,30.0,30.7,20.0,35,2.26,865.0,25.555,37.47,29.17,0,15.8
2026-02-28,59,14,31.4,31.6,21.5,26,2.02,818.0,25.318,38.45,29.8,0,16.3
2026-03-01,60,14,32.8,33.2,21.3,28,1.06,816.0,27.559,40.3,31.5,0,22.5
2026-03-02,61,14,34.5,34.8,23.1,23,0.34,827.0,29.296,41.22,32.85,0,28.23
2026-03-03,62,13,35.6,36.4,23.8,19,1.17,884.0,27.995,42.92,33.59,0,28.1
2026-03-04,63,13,36.6,37.0,24.6,17,1.85,889.0,27.73,43.87,34.45,0,29.54
2026-03-05,64,14,36.2,36.3,23.7,14,2.59,854.0,26.233,42.87,33.69,0,24.65
2026-03-06,65,12,31.8,34.6,21.5,34,1.05,873.0,27.855,39.91,31.08,0,22.62
2026-03-07,66,13,34.7,36.2,20.7,27,0.98,904.0,29.234,42.66,33.69,0,28.19
2026-03-08,67,13,37.3,38.7,23.5,17,0.85,912.0,29.315,44.62,35.24,0,32.09
2026-03-09,68,14,39.3,39.6,24.8,12,0.85,857.0,29.242,45.95,36.52,0,34.9
2026-03-10,69,14,39.9,40.1,25.9,10,0.92,862.0,28.909,46.37,36.6,1,37.55
2026-03-11,70,13,39.4,40.3,26.7,10,0.43,918.0,29.841,45.76,36.1,2,41.29
2026-03-12,71,14,37.4,37.9,26.1,14,2.39,868.0,27.22,44.33,34.93,0,30.83
2026-03-13,72,11,34.3,38.1,24.6,25,0.57,787.0,29.043,41.55,32.88,0,29.76
2026-03-14,73,14,36.1,36.6,23.9,16,2.98,870.0,26.578,42.86,33.79,0,25.57
2026-03-15,74,13,35.7,37.0,24.1,21,2.31,913.0,27.78,43.15,33.98,0,28.35
2026-03-16,75,11,32.0,36.1,23.7,26,1.75,805.0,25.932,39.13,30.41,0,20.16
2026-03-17,76,13,34.2,35.3,23.6,23,2.14,920.0,27.114,41.68,32.5,0,24.9
2026-03-18,77,11,31.2,34.8,23.9,31,0.49,795.0,27.831,38.87,30.04,0,23.66
2026-03-19,78,13,34.0,34.8,22.2,22,1.52,856.0,27.022,41.3,32.16,0,22.69
2026-03-20,79,12,28.5,31.2,20.4,44,2.0,875.0,25.613,36.61,28.45,0,15.03
2026-03-21,80,13,32.8,33.8,22.8,20,0.86,855.0,26.408,39.9,30.74,0,20.69
2026-03-22,81,14,35.0,35.0,23.7,22,2.46,859.0,27.293,42.12,33.3,0,25.97
2026-03-23,82,12,34.5,36.1,26.3,26,2.82,890.0,27.613,41.71,33.27,0,29.3
2026-03-24,83,13,35.7,35.9,26.0,23,0.9,907.0,29.37,43.44,34.3,0,33.9
2026-03-25,84,13,35.6,36.6,26.5,26,0.34,925.0,31.069,43.1,34.71,0,37.6
2026-03-26,85,13,36.8,37.4,26.0,21,2.06,927.0,28.787,44.54,35.33,0,33.97
2026-03-27,86,14,37.4,37.6,26.3,20,3.16,870.0,28.5,44.57,35.89,0,34.02
2026-03-28,87,14,36.3,36.8,26.6,28,4.18,863.0,29.071,43.15,36.13,0,34.51
2026-03-29,88,12,33.3,34.4,26.0,42,2.16,797.0,29.346,41.18,34.73,0,32.38
2026-03-30,89,12,34.5,35.1,27.0,37,1.87,828.0,29.836,42.54,35.51,0,35.75
2026-03-31,90,13,34.4,34.8,26.4,35,2.06,832.0,29.334,42.22,34.87,0,33.63
2026-04-01,91,12,33.6,35.3,25.3,31,0.85,916.0,29.278,41.82,32.92,0,31.23
2026-04-02,92,12,33.7,35.3,24.7,31,1.92,922.0,28.313,41.67,33.06,0,28.65
2026-04-03,93,11,31.5,32.9,25.7,36,2.44,686.0,26.589,38.11,30.98,0,23.21
2026-04-04,94,13,31.7,32.7,24.3,28,2.21,883.0,25.929,39.04,30.28,0,20.74
2026-04-05,95,12,31.9,33.7,23.5,28,0.88,869.0,27.199,39.62,30.49,0,22.71
2026-04-06,96,12,33.3,34.9,23.9,25,1.3,935.0,27.406,41.12,31.71,0,25.1
2026-04-07,97,13,33.6,33.6,23.3,39,4.74,821.0,28.506,39.82,34.52,0,26.59
2026-04-08,98,13,32.5,34.2,24.9,38,3.47,835.0,27.682,39.27,32.64,0,25.8
2026-04-09,99,12,33.2,35.0,24.0,34,0.53,894.0,30.143,41.6,32.9,0,31.17
2026-04-10,100,14,37.4,37.6,26.0,15,2.75,896.0,27.402,44.46,35.06,0,31.2
2026-04-11,101,12,37.2,38.8,25.8,11,0.58,953.0,28.272,43.77,34.16,0,31.78
2026-04-12,102,12,38.4,39.6,27.6,18,0.95,946.0,30.321,46.15,36.74,0,40.42
2026-04-13,103,12,38.5,40.1,26.9,13,0.87,960.0,29.175,45.64,35.95,1,38.45
2026-04-14,104,13,39.1,40.5,28.0,15,2.84,970.0,28.747,46.74,36.96,2,41.76
2026-04-15,105,12,37.7,39.9,27.3,25,1.59,941.0,30.703,46.02,37.45,0,40.97
2026-04-16,106,12,37.2,39.6,26.7,26,1.52,945.0,30.57,45.54,36.97,0,39.5
2026-04-17,107,11,34.6,40.2,27.0,21,0.9,729.0,27.648,41.28,32.72,1,31.33
2026-04-18,108,13,40.0,41.1,27.8,14,2.03,977.0,29.49,47.82,37.78,2,44.02
2026-04-19,109,13,38.7,40.0,26.8,16,1.9,939.0,29.108,46.38,36.69,3,42.35
2026-04-20,110,13,38.5,39.7,26.5,19,1.63,958.0,29.955,46.52,37.08,0,38.85
2026-04-21,111,13,39.6,40.6,27.5,14,2.13,965.0,29.122,47.3,37.33,1,40.76
2026-04-22,112,15,39.6,39.6,26.3,17,2.96,773.0,29.332,46.64,38.01,0,37.87
2026-04-23,113,13,38.4,40.8,26.1,21,1.46,970.0,30.522,46.63,37.43,1,41.33
2026-04-24,114,11,37.3,41.9,28.0,25,1.79,880.0,30.13,45.26,36.87,2,43.27
2026-04-25,115,14,42.6,43.3,29.2,14,0.66,887.0,32.742,50.01,40.88,3,56.19
2026-04-26,116,12,41.3,44.1,28.8,20,1.64,956.0,32.364,49.86,41.27,4,56.72
2026-04-27,117,12,40.6,43.5,30.0,18,2.21,959.0,30.956,48.85,39.59,5,55.77
2026-04-28,118,13,40.5,42.8,28.7,19,2.8,964.0,30.905,48.74,39.77,6,55.81
2026-04-29,119,14,40.7,41.9,28.4,20,3.96,895.0,30.896,48.53,40.38,7,55.52
2026-04-30,120,13,39.0,40.9,28.1,26,3.41,949.0,31.162,47.08,39.78,8,54.4
2026-05-01,121,13,40.2,42.3,28.1,27,2.95,945.0,32.484,48.77,42.22,9,59.03
2026-05-02,122,12,38.9,43.5,28.1,30,3.4,947.0,31.902,47.15,41.06,10,56.32
2026-05-03,123,14,40.7,42.0,28.0,20,4.0,896.0,30.889,48.53,40.38,11,55.04
2026-05-04,124,14,38.9,40.0,28.5,31,3.13,878.0,32.074,47.02,41.45,12,57.17
2026-05-05,125,12,35.7,39.3,27.8,39,2.0,919.0,31.277,44.4,38.22,0,41.75
2026-05-06,126,12,37.3,39.3,27.2,34,0.7,877.0,33.107,46.1,39.56,0,46.24
2026-05-07,127,11,37.8,41.5,30.0,28,1.08,864.0,31.738,46.08,38.47,1,48.16
2026-05-08,128,12,40.1,42.2,29.9,17,1.36,960.0,30.883,48.14,38.64,2,49.65
2026-05-09,129,12,40.8,43.0,29.4,18,2.33,952.0,31.04,49.05,39.87,3,52.14
2026-05-10,130,12,39.8,43.1,30.2,24,1.47,947.0,32.274,48.43,40.39,4,56.83
2026-05-11,131,14,44.0,44.6,31.2,13,1.52,879.0,32.26,51.74,42.22,5,62.7
2026-05-12,132,13,42.9,43.9,30.6,15,2.13,961.0,31.861,51.22,41.63,6,62.32
2026-05-13,133,13,42.4,43.5,30.2,20,2.47,924.0,32.705,50.98,42.96,7,63.77
2026-05-14,134,14,43.0,43.5,30.6,17,3.45,902.0,31.967,51.24,42.57,8,62.88
2026-05-15,135,11,36.1,40.0,28.1,33,1.66,882.0,30.763,44.45,37.12,9,50.76
2026-05-16,136,11,37.0,41.1,28.8,37,2.01,877.0,31.991,45.63,40.06,10,55.84
2026-05-17,137,13,41.1,42.1,30.2,23,2.2,879.0,32.49,49.53,42.13,11,62.0
2026-05-18,138,14,43.1,43.1,31.3,13,3.25,897.0,30.834,50.94,41.13,12,60.81
2026-05-19,139,12,39.8,42.2,29.0,19,2.75,974.0,30.399,47.95,38.8,13,54.28
2026-05-20,140,11,37.0,42.1,28.7,40,1.86,875.0,32.567,45.92,41.21,14,57.46
2026-05-21,141,12,38.5,41.1,28.9,27,1.28,951.0,32.063,47.18,39.3,15,56.93
2026-05-22,142,12,39.5,41.9,29.9,25,2.01,938.0,31.872,48.05,40.26,16,58.72
2026-05-23,143,12,39.0,42.1,29.7,31,2.15,939.0,32.632,47.83,41.63,17,60.28
2026-05-24,144,12,38.7,41.1,29.8,38,3.01,932.0,33.299,47.52,44.08,18,62.34
2026-05-25,145,12,38.9,42.1,28.1,29,2.78,944.0,31.893,47.34,40.68,19,56.31
2026-05-26,146,13,39.9,42.1,28.9,30,2.88,954.0,32.9,48.64,42.94,20,60.92
2026-05-27,147,13,40.1,42.6,28.9,29,2.46,953.0,33.021,48.98,42.89,21,61.37
2026-05-28,148,14,41.7,43.1,29.1,26,4.04,893.0,33.118,50.1,44.52,22,63.21
2026-05-29,149,14,41.8,42.4,28.9,27,4.72,880.0,33.279,50.17,45.21,23,63.58
2026-05-30,150,16,40.7,40.7,27.6,29,4.21,584.0,32.461,47.46,44.04,24,58.14
2026-05-31,151,15,38.7,39.2,25.0,36,2.3,754.0,32.917,46.93,43.16,0,45.25
2026-06-01,152,13,37.6,39.9,26.4,41,2.28,928.0,33.121,46.75,42.96,0,47.07
2026-06-02,153,15,36.7,37.0,24.1,39,0.89,744.0,32.758,45.2,40.2,0,41.55
2026-06-03,154,13,38.4,39.4,29.3,38,1.26,890.0,33.94,47.75,43.41,0,52.88
2026-06-04,155,14,39.2,39.4,30.4,35,3.18,825.0,32.982,47.39,43.77,0,52.23
2026-06-05,156,14,38.7,39.3,29.8,38,3.43,874.0,33.092,47.06,44.08,0,51.61
2026-06-06,157,14,40.0,40.5,30.8,33,2.95,836.0,33.37,48.42,44.53,1,56.13
2026-06-07,158,14,39.7,41.4,30.7,35,2.94,873.0,33.554,48.35,44.86,2,58.09
2026-06-08,159,14,40.4,41.5,30.4,34,3.33,871.0,33.842,49.0,45.9,3,60.81
2026-06-09,160,14,39.9,41.3,30.6,34,3.52,835.0,33.316,48.12,44.8,4,60.68
2026-06-10,161,15,41.2,41.5,30.6,32,3.35,766.0,33.959,49.41,46.6,5,65.16
2026-06-11,162,15,41.6,41.6,30.2,32,4.22,755.0,34.091,49.67,47.49,6,67.12
2026-06-12,163,15,41.6,42.1,29.8,30,3.91,760.0,33.747,49.62,46.38,7,65.56
2026-06-13,164,14,40.0,40.4,29.7,31,3.42,829.0,32.837,48.08,43.59,8,61.57
2026-06-14,165,15,39.2,39.7,29.5,32,3.63,704.0,32.12,46.45,42.44,0,48.38
2026-06-15,166,14,38.6,39.6,29.7,35,3.7,852.0,32.38,46.51,42.51,0,49.17
2026-06-16,167,15,39.0,39.0,29.9,33,3.09,667.0,32.209,46.3,42.46,0,48.92
2026-06-17,168,14,38.7,39.1,27.1,32,3.13,832.0,32.028,46.63,41.46,0,45.17
2026-06-18,169,14,36.0,36.8,24.3,42,2.13,790.0,31.713,44.34,39.86,0,39.06
2026-06-19,170,14,36.3,36.5,24.5,41,2.64,857.0,31.722,44.62,40.12,0,39.61
2026-06-20,171,14,39.1,39.1,29.8,32,2.5,837.0,32.582,47.43,42.24,0,50.24
2026-06-21,172,15,39.2,39.6,30.0,33,2.82,740.0,32.58,47.03,42.87,0,50.41
2026-06-22,173,14,39.0,39.0,30.1,33,2.42,837.0,32.719,47.41,42.46,0,50.92
2026-06-23,174,13,36.3,38.8,24.4,45,2.3,856.0,32.471,45.15,41.7,0,41.88
2026-06-24,175,14,38.5,39.0,29.7,34,3.46,828.0,32.137,46.32,41.88,0,48.34
2026-06-25,176,14,38.2,38.7,29.8,34,3.01,812.0,31.982,46.09,41.28,0,47.78
2026-06-26,177,12,37.3,39.3,30.0,35,2.58,866.0,31.628,45.51,39.91,0,46.42
2026-06-27,178,13,38.7,39.7,30.1,36,2.67,849.0,32.936,47.18,43.16,0,51.42
2026-06-28,179,14,38.4,39.0,29.2,37,2.15,857.0,33.086,47.18,42.96,0,50.58
2026-06-29,180,15,39.1,39.3,29.4,35,2.2,714.0,33.046,47.21,43.56,0,50.97
2026-06-30,181,15,38.9,38.9,30.2,35,2.64,743.0,32.76,46.89,43.13,0,50.98
2026-07-01,182,13,36.8,37.6,26.8,44,1.21,813.0,33.402,46.04,42.44,0,47.36
2026-07-02,183,12,35.1,35.7,25.8,54,1.39,850.0,33.21,45.04,42.58,0,45.15
2026-07-03,184,9,31.2,31.5,26.3,71,1.65,282.0,30.047,38.51,38.46,0,33.52
2026-07-04,185,15,32.0,32.0,25.7,61,2.45,484.0,29.915,39.22,37.38,0,32.68
2026-07-05,186,15,33.0,33.1,25.4,68,1.25,590.0,32.531,42.77,42.62,0,41.79
2026-07-06,187,15,34.0,34.0,26.7,65,1.84,739.0,33.051,44.1,44.38,0,45.9
2026-07-07,188,12,29.0,30.9,25.5,87,1.71,289.0,29.615,37.43,36.4,0,30.22
2026-07-08,189,12,32.1,33.1,27.4,67,2.63,608.0,30.912,40.44,39.62,0,38.26
2026-07-09,190,16,35.3,35.3,27.5,49,3.85,560.0,31.213,41.76,40.99,0,40.41
2026-07-10,191,15,35.7,35.7,27.2,45,4.53,670.0,31.06,42.21,40.34,0,39.85
2026-07-11,192,15,36.4,36.4,27.4,41,5.38,752.0,31.061,43.03,40.33,0,40.67
2026-07-12,193,13,36.6,37.4,27.7,41,5.68,940.0,31.432,44.08,40.75,0,42.64
2026-07-13,194,15,37.5,37.5,27.7,40,5.26,744.0,31.864,44.43,42.3,0,44.28
2026-07-14,195,15,36.6,36.6,27.4,39,4.17,742.0,31.089,43.48,39.99,0,40.93
2026-07-15,196,14,35.6,35.6,27.8,43,2.93,857.0,31.317,43.71,39.39,0,41.76
2026-07-16,197,16,34.7,34.7,27.1,47,2.29,519.0,30.698,41.67,38.89,0,38.12
2026-07-17,198,14,35.8,36.1,27.8,43,2.56,810.0,31.545,43.99,39.81,0,42.56
2026-07-18,199,15,34.8,35.0,28.4,52,2.93,676.0,31.585,42.59,40.98,0,42.76
2026-07-19,200,12,32.8,33.8,26.4,56,1.79,740.0,30.857,41.63,37.68,0,37.12
2026-07-20,201,14,33.4,33.4,26.9,59,1.68,761.0,31.894,42.82,40.18,0,41.46
2026-07-21,202,13,32.6,32.6,26.8,58,2.08,735.0,30.761,41.32,37.86,0,37.25
2026-07-22,203,16,30.9,31.2,26.4,68,1.93,372.0,29.59,38.24,36.75,0,31.94
2026-07-23,204,11,26.6,27.4,25.5,95,1.6,269.0,28.008,35.05,27.2,0,22.05
2026-07-24,205,15,26.7,26.9,24.8,93,4.65,263.0,27.322,31.56,30.77,0,18.73
2026-07-25,206,15,29.4,29.4,25.0,74,3.4,487.0,28.689,36.21,34.48,0,26.29
2026-07-26,207,14,31.9,31.9,26.0,67,3.22,784.0,30.859,40.48,39.07,0,36.35
2026-07-27,208,14,31.1,31.1,24.9,72,2.81,551.0,30.363,39.16,38.49,0,32.96
2026-07-28,209,13,32.5,32.7,26.5,58,3.0,901.0,30.596,41.15,37.62,0,36.38
2026-07-29,210,14,31.7,32.2,27.2,64,1.46,478.0,30.397,39.89,37.57,0,35.89
2026-07-30,211,13,32.3,32.5,27.2,65,1.51,562.0,31.26,41.18,39.46,0,39.16
2026-07-31,212,16,31.2,32.5,26.1,82,0.9,388.0,32.093,41.24,42.3,0,40.55
2026-08-01,213,14,28.1,28.1,25.8,91,3.24,484.0,29.195,36.33,34.54,0,28.29
2026-08-02,214,14,32.2,32.6,25.6,62,2.59,791.0,30.764,41.0,38.19,0,35.75
2026-08-03,215,13,31.5,31.5,26.3,64,3.15,827.0,30.222,39.95,37.08,0,34.37
2026-08-04,216,13,32.7,33.0,26.2,56,1.86,908.0,31.04,42.19,37.45,0,37.56
2026-08-05,217,14,32.9,33.1,25.4,56,2.68,814.0,30.685,41.38,37.91,0,35.54
2026-08-06,218,14,33.2,33.6,26.5,52,3.07,705.0,30.144,40.62,37.3,0,35.02
2026-08-07,219,15,33.5,33.5,25.8,52,3.3,689.0,30.33,40.73,37.96,0,34.89
2026-08-08,220,12,32.6,33.3,26.2,53,2.53,855.0,30.154,41.09,36.33,0,34.67
2026-08-09,221,15,33.6,33.6,27.0,51,2.35,664.0,30.532,41.39,37.85,0,37.1
2026-08-10,222,14,28.1,29.1,26.5,83,0.42,132.0,28.462,34.98,32.84,0,26.12
2026-08-11,223,14,30.1,30.1,26.4,71,3.33,751.0,29.516,38.27,35.53,0,31.37
2026-08-12,224,11,29.5,29.5,25.9,77,2.32,190.0,28.556,35.48,35.43,0,26.92
2026-08-13,225,13,31.7,31.7,25.1,67,2.46,864.0,31.05,41.25,38.53,0,36.01
2026-08-14,226,15,31.7,31.7,26.0,63,2.26,682.0,30.344,40.25,37.27,0,34.54
2026-08-15,227,14,32.0,32.2,25.4,58,2.4,765.0,30.124,40.46,36.48,0,33.29
2026-08-16,228,15,30.8,30.8,25.7,68,1.87,536.0,29.931,39.17,36.5,0,32.35
2026-08-17,229,16,31.7,31.7,25.8,62,2.33,470.0,29.76,38.96,36.97,0,32.16
2026-08-18,230,14,31.9,32.4,25.3,59,3.38,560.0,29.499,38.56,36.55,0,30.64
2026-08-19,231,14,31.9,32.6,25.6,63,3.58,700.0,30.172,39.44,37.76,0,33.34
2026-08-20,232,14,31.7,31.7,25.8,60,2.88,605.0,29.637,39.06,36.38,0,31.78
2026-08-21,233,14,31.6,31.7,25.9,60,2.98,577.0,29.465,38.7,36.16,0,31.23
2026-08-22,234,14,33.2,33.2,26.2,52,3.01,716.0,30.179,40.72,37.3,0,34.81
2026-08-23,235,13,33.3,33.3,27.0,49,3.32,764.0,29.868,40.61,36.6,0,34.82
2026-08-24,236,13,34.1,34.1,26.9,46,1.9,821.0,30.799,42.66,37.31,0,38.2
2026-08-25,237,15,34.1,34.1,26.8,49,2.89,611.0,30.439,41.16,38.27,0,36.68
2026-08-26,238,14,33.8,33.8,27.2,49,2.6,829.0,30.643,42.06,37.63,0,37.95
2026-08-27,239,14,33.1,33.1,26.8,50,3.16,546.0,29.483,39.45,36.49,0,32.98
2026-08-28,240,14,33.7,33.9,26.6,47,3.35,533.0,29.549,39.76,36.81,0,33.21
2026-08-29,241,13,34.0,34.0,26.4,45,4.17,759.0,29.747,40.63,36.81,0,33.98
2026-08-30,242,15,34.6,35.2,26.2,42,3.76,571.0,29.615,40.48,37.07,0,33.49
2026-08-31,243,15,34.2,34.2,26.3,44,4.21,639.0,29.591,40.21,36.9,0,33.3
2026-09-01,244,14,34.4,34.4,26.3,44,3.58,690.0,29.97,41.09,37.29,0,34.8
2026-09-02,245,13,34.4,34.9,26.8,42,3.83,821.0,29.823,41.43,36.69,0,35.12
2026-09-03,246,13,33.8,33.8,26.3,44,3.41,796.0,29.647,40.98,36.14,0,33.68
2026-09-04,247,14,33.5,33.5,26.5,49,3.08,732.0,30.059,40.89,37.01,0,34.95
2026-09-05,248,14,33.1,33.4,26.6,51,3.37,778.0,29.962,40.53,36.79,0,34.54
2026-09-06,249,13,33.0,33.0,26.5,48,2.3,677.0,29.634,40.56,35.73,0,33.43
2026-09-07,250,16,33.8,33.8,26.9,48,2.26,468.0,29.928,40.38,37.32,0,34.92
2026-09-08,251,14,34.2,34.6,26.4,47,2.56,743.0,30.593,42.03,37.83,0,36.97
2026-09-09,252,14,34.1,34.3,26.8,47,2.59,796.0,30.585,42.14,37.62,0,37.42
2026-09-10,253,14,34.5,34.6,26.7,46,2.19,795.0,30.961,42.82,38.12,0,38.7
