date,doy,peak_hour,tmax_peak,tmax_daily,tmin,rh_peak,wind_peak,solar_peak,wbgt_peak,utci_peak,hi_peak,run_days,htsi
2013-01-01,1,13,28.7,28.7,23.1,63,3.44,790.0,27.35,36.11,30.97,0,20.17
2013-01-02,2,13,28.3,28.3,20.7,62,3.1,773.0,26.929,35.86,30.15,0,17.60
2013-01-03,3,13,28.7,28.7,20.4,60,2.83,783.0,27.178,36.50,30.54,0,18.68
2013-01-04,4,12,28.6,28.8,21.5,63,2.95,791.0,27.392,36.49,30.79,0,19.17
2013-01-05,5,12,29.1,29.1,21.9,65,3.32,813.0,28.011,36.92,32.03,0,21.11
2013-01-06,6,11,28.8,29.0,22.6,63,3.26,748.0,27.423,36.21,31.15,0,19.86
2013-01-07,7,11,28.2,28.3,22.4,59,4.5,734.0,26.144,34.12,29.63,0,15.14
2013-01-08,8,12,28.6,28.8,22.6,58,4.56,792.0,26.475,34.77,30.11,0,16.64
2013-01-09,9,13,28.5,28.5,22.4,58,6.54,805.0,26.137,33.77,29.96,0,15.00
2013-01-10,10,11,28.5,28.9,21.3,60,3.68,761.0,26.731,35.35,30.21,0,16.88
2013-01-11,11,11,28.3,28.5,21.1,56,3.74,773.0,26.102,34.91,29.43,0,15.08
2013-01-12,12,12,28.2,28.3,20.5,50,4.08,857.0,25.367,34.60,28.68,0,13.19
2013-01-13,13,11,27.6,28.5,17.9,54,1.91,801.0,25.906,35.98,28.34,0,15.08
2013-01-14,14,10,25.8,28.3,17.6,64,0.81,671.0,26.022,34.97,25.95,0,14.07
2013-01-15,15,12,27.9,28.2,18.1,56,3.1,838.0,25.996,35.40,28.89,0,15.04
2013-01-16,16,12,28.2,28.4,20.3,55,3.23,792.0,26.049,35.32,29.18,0,15.19
2013-01-17,17,13,28.1,28.2,21.3,51,3.81,736.0,25.273,34.19,28.66,0,12.71
2013-01-18,18,12,27.7,27.7,22.0,54,4.88,574.0,24.824,32.13,28.46,0,10.31
2013-01-19,19,13,28.6,28.6,20.0,46,3.4,758.0,25.249,34.98,28.74,0,13.27
2013-01-20,20,13,28.6,28.6,20.7,57,4.34,706.0,26.275,34.46,29.98,0,15.29
2013-01-21,21,11,28.2,28.6,20.4,55,3.56,787.0,25.959,34.98,29.18,0,14.77
2013-01-22,22,12,28.4,28.7,21.4,48,4.32,868.0,25.276,34.59,28.71,0,13.03
2013-01-23,23,12,28.3,28.5,21.1,49,5.73,788.0,24.984,33.28,28.7,0,11.53
2013-01-24,24,13,28.6,28.6,21.0,50,4.28,865.0,25.699,34.92,29.15,0,14.23
2013-01-25,25,13,28.5,28.5,21.6,47,5.06,845.0,25.088,34.05,28.73,0,12.29
2013-01-26,26,13,28.7,28.7,20.3,48,4.53,858.0,25.493,34.72,29.06,0,13.66
2013-01-27,27,13,29.0,29.0,20.0,50,3.22,847.0,26.279,36.20,29.66,0,16.44
2013-01-28,28,13,29.2,29.2,20.6,52,3.2,832.0,26.682,36.47,30.19,0,17.59
2013-01-29,29,13,29.1,29.1,20.9,53,3.22,810.0,26.67,36.29,30.18,0,17.44
2013-01-30,30,13,29.1,29.1,21.0,55,4.31,853.0,26.72,35.65,30.46,0,17.17
2013-01-31,31,11,28.8,29.4,21.4,49,4.36,829.0,25.695,34.87,29.29,0,14.24
2013-02-01,32,11,27.8,28.3,20.7,50,4.02,781.0,24.91,33.85,28.23,0,11.62
2013-02-02,33,12,28.5,28.8,20.6,46,4.04,866.0,25.175,34.83,28.63,0,12.98
2013-02-03,34,13,29.6,29.6,20.0,46,3.25,889.0,26.377,36.81,29.93,0,17.17
2013-02-04,35,13,29.4,29.4,20.7,51,3.64,838.0,26.64,36.27,30.33,0,17.42
2013-02-05,36,13,29.9,30.1,22.7,55,3.91,791.0,27.444,36.61,31.72,0,20.52
2013-02-06,37,14,29.9,29.9,22.5,55,3.76,716.0,27.362,36.37,31.72,0,19.96
2013-02-07,38,13,30.9,30.9,20.0,50,3.13,895.0,28.091,38.59,32.45,0,22.63
2013-02-08,39,13,31.1,31.2,20.8,50,2.55,888.0,28.459,39.29,32.78,0,23.95
2013-02-09,40,12,29.2,29.3,22.1,53,3.85,834.0,26.644,35.95,30.32,0,17.31
2013-02-10,41,12,29.6,29.6,23.9,51,5.87,801.0,26.397,34.95,30.62,0,18.34
2013-02-11,42,12,29.7,29.8,23.8,50,5.71,761.0,26.333,34.89,30.61,0,18.05
2013-02-12,43,11,29.1,29.1,22.6,55,5.95,683.0,26.252,33.93,30.46,0,15.75
2013-02-13,44,12,30.1,30.1,23.4,51,4.91,799.0,26.977,35.97,31.36,0,19.86
2013-02-14,45,14,29.6,29.6,24.1,58,3.45,497.0,27.12,35.29,31.73,0,20.59
2013-02-15,46,12,29.2,29.2,23.6,60,2.98,543.0,27.171,35.68,31.38,0,20.25
2013-02-16,47,11,29.9,31.3,23.5,68,2.21,655.0,29.184,38.41,34.33,0,27.01
2013-02-17,48,12,30.7,31.5,24.3,66,2.97,810.0,29.724,39.21,35.71,0,30.05
2013-02-18,49,11,29.2,29.2,23.4,68,1.24,710.0,29.229,38.67,32.78,0,26.59
2013-02-19,50,11,28.9,29.6,23.8,68,3.4,656.0,27.877,36.06,32.16,0,22.39
2013-02-20,51,12,29.2,29.5,24.1,57,3.62,902.0,27.26,36.66,30.9,0,21.54
2013-02-21,52,12,28.8,29.1,23.3,56,3.86,890.0,26.704,35.89,30.15,0,18.72
2013-02-22,53,13,29.5,29.5,21.6,53,4.05,918.0,26.99,36.49,30.77,0,18.41
2013-02-23,54,13,29.4,29.4,20.5,48,3.67,937.0,26.407,36.53,29.93,0,17.02
2013-02-24,55,13,29.1,29.1,18.8,49,3.62,946.0,26.285,36.33,29.67,0,16.55
2013-02-25,56,13,29.7,30.0,17.7,47,2.0,967.0,27.213,38.39,30.19,0,19.98
2013-02-26,57,12,30.7,31.2,17.7,44,3.26,972.0,27.21,38.27,31.11,0,20.23
2013-02-27,58,10,28.4,31.8,19.4,59,0.71,746.0,28.298,37.63,29.93,0,21.39
2013-02-28,59,12,31.2,31.5,20.2,45,3.05,954.0,27.824,38.98,32.0,0,22.23
2013-03-01,60,11,30.6,31.3,19.6,42,3.06,910.0,26.825,37.97,30.68,0,19.13
2013-03-02,61,11,30.7,31.2,20.4,47,3.53,895.0,27.419,37.87,31.6,0,20.52
2013-03-03,62,11,30.1,31.0,19.9,48,4.46,893.0,26.806,36.53,30.88,0,18.13
2013-03-04,63,13,30.8,30.8,20.8,49,4.75,885.0,27.499,37.19,32.1,0,20.36
2013-03-05,64,13,30.7,30.7,24.4,59,5.8,848.0,28.425,37.02,33.99,0,25.50
2013-03-06,65,10,29.1,29.1,25.2,71,3.31,497.0,28.119,35.73,33.14,0,24.61
2013-03-07,66,11,30.2,30.2,24.9,65,4.34,690.0,28.644,36.80,34.32,0,26.46
2013-03-08,67,12,30.7,30.8,24.0,59,3.11,741.0,28.766,38.25,33.99,0,26.56
2013-03-09,68,13,32.2,32.2,22.8,54,3.27,929.0,29.783,40.38,35.78,0,29.29
2013-03-10,69,13,32.2,32.2,24.2,55,4.03,944.0,29.739,39.94,36.06,0,30.62
2013-03-11,70,12,32.1,32.4,21.9,45,4.66,979.0,28.269,38.99,33.41,0,23.61
2013-03-12,71,13,32.4,32.4,21.9,43,4.03,965.0,28.366,39.57,33.47,0,24.23
2013-03-13,72,13,32.0,32.1,20.9,46,3.47,968.0,28.564,39.66,33.45,0,24.66
2013-03-14,73,12,31.8,32.3,22.4,45,3.86,981.0,28.171,39.14,32.92,0,23.82
2013-03-15,74,12,31.4,31.5,23.9,53,4.05,948.0,28.76,38.84,33.96,0,26.85
2013-03-16,75,12,31.8,32.1,23.0,47,3.72,933.0,28.407,39.15,33.33,0,25.12
2013-03-17,76,11,31.3,32.8,22.1,47,1.8,916.0,28.673,40.03,32.52,0,24.91
2013-03-18,77,12,31.6,31.9,20.9,46,3.35,983.0,28.263,39.36,32.8,0,23.63
2013-03-19,78,13,32.3,32.3,21.1,46,3.84,964.0,28.732,39.72,33.96,0,25.22
2013-03-20,79,12,32.9,33.3,22.9,48,3.56,985.0,29.636,40.84,35.54,0,29.37
2013-03-21,80,11,32.5,33.9,21.8,44,3.28,937.0,28.744,40.15,33.85,0,25.51
2013-03-22,81,12,33.8,34.4,22.7,38,3.76,1005.0,28.968,41.33,34.61,0,27.88
2013-03-23,82,12,33.4,34.0,23.8,41,4.69,1003.0,28.872,40.47,34.66,0,28.38
2013-03-24,83,12,32.5,32.8,22.1,49,3.22,964.0,29.476,40.60,35.04,0,27.77
2013-03-25,84,12,33.5,34.0,23.5,47,2.56,979.0,30.355,42.22,36.42,0,32.75
2013-03-26,85,13,35.0,35.0,24.2,40,4.79,981.0,30.07,42.29,37.22,0,33.38
2013-03-27,86,12,35.1,35.5,24.9,43,4.59,992.0,30.662,42.70,38.36,0,36.03
2013-03-28,87,13,34.6,34.6,24.5,40,4.81,992.0,29.732,41.82,36.48,0,32.47
2013-03-29,88,13,34.4,34.4,25.6,49,5.82,931.0,30.632,41.59,38.93,0,36.20
2013-03-30,89,14,34.1,34.1,26.7,52,5.72,790.0,30.606,40.82,39.31,0,37.02
2013-03-31,90,12,34.9,34.9,26.3,49,5.06,934.0,31.195,42.44,40.06,0,39.12
2013-04-01,91,13,35.1,35.1,24.7,44,5.47,970.0,30.638,42.41,38.7,0,35.67
2013-04-02,92,11,34.0,34.0,26.7,51,5.01,902.0,30.624,41.27,38.73,0,37.17
2013-04-03,93,12,33.7,33.8,25.7,49,4.36,948.0,30.258,41.23,37.43,0,34.79
2013-04-04,94,13,35.2,35.2,23.9,48,5.19,972.0,31.349,42.88,40.37,0,37.04
2013-04-05,95,13,36.4,36.4,26.3,41,4.56,869.0,31.342,43.76,40.33,0,40.45
2013-04-06,96,13,37.1,37.1,27.8,42,4.36,977.0,32.29,45.27,42.26,1,47.47
2013-04-07,97,13,36.3,36.3,27.3,47,5.31,945.0,32.138,44.17,42.55,0,44.24
2013-04-08,98,13,35.2,35.2,27.2,50,5.33,934.0,31.562,42.85,41.15,0,41.56
2013-04-09,99,13,34.7,34.7,26.7,51,6.15,940.0,31.144,42.16,40.35,0,39.39
2013-04-10,100,12,34.2,34.5,25.9,48,4.97,937.0,30.446,41.48,38.16,0,35.84
2013-04-11,101,13,34.8,34.8,25.2,42,4.16,982.0,30.322,42.42,37.45,0,35.20
2013-04-12,102,12,34.2,34.6,25.0,44,4.24,933.0,30.008,41.55,36.9,0,33.54
2013-04-13,103,11,32.1,32.6,26.0,60,4.3,804.0,30.013,39.40,37.31,0,33.32
2013-04-14,104,12,33.8,33.8,27.1,52,3.14,868.0,30.929,42.04,38.63,0,38.73
2013-04-15,105,13,35.9,35.9,27.3,47,5.51,931.0,31.735,43.53,41.6,0,42.67
2013-04-16,106,11,36.7,37.7,28.3,45,2.31,914.0,32.917,45.89,42.64,1,49.83
2013-04-17,107,11,37.0,37.0,28.7,42,3.57,941.0,32.333,45.37,42.04,2,50.25
2013-04-18,108,14,36.4,37.0,28.3,52,6.74,838.0,32.638,44.36,45.14,3,52.46
2013-04-19,109,13,36.8,36.8,27.6,46,6.16,959.0,32.336,44.80,43.33,0,45.71
2013-04-20,110,13,35.8,35.8,27.3,42,4.75,946.0,31.039,43.30,39.44,0,40.38
2013-04-21,111,12,33.2,33.2,27.3,61,5.66,892.0,31.06,40.77,40.41,0,38.96
2013-04-22,112,12,33.7,33.7,27.3,58,5.81,849.0,31.079,41.01,40.57,0,39.22
2013-04-23,113,12,33.2,33.2,27.5,60,4.09,836.0,31.121,41.13,40.03,0,39.42
2013-04-24,114,13,33.3,33.3,26.8,61,4.03,852.0,31.371,41.46,40.67,0,39.56
2013-04-25,115,11,33.3,33.3,27.1,58,3.19,844.0,31.191,41.77,39.55,0,39.37
2013-04-26,116,11,33.3,33.6,26.6,54,2.98,778.0,30.641,41.31,38.17,0,36.90
2013-04-27,117,13,35.2,35.2,26.5,46,3.81,936.0,31.281,43.19,39.62,0,39.89
2013-04-28,118,13,37.1,37.1,27.5,42,4.43,956.0,32.249,45.16,42.26,1,46.96
2013-04-29,119,11,36.0,36.5,27.8,46,3.32,909.0,32.08,44.40,41.42,0,44.46
2013-04-30,120,12,35.0,35.3,27.5,51,4.65,911.0,31.601,42.78,41.07,0,41.91
2013-05-01,121,13,35.8,35.8,26.8,44,4.75,967.0,31.368,43.51,40.18,0,40.84
2013-05-02,122,12,36.1,36.4,27.6,44,4.31,982.0,31.735,44.14,40.84,0,43.17
2013-05-03,123,14,36.9,37.3,27.8,48,5.68,851.0,32.654,44.68,44.52,1,48.57
2013-05-04,124,13,36.5,36.5,28.3,45,5.69,910.0,31.923,44.10,42.17,0,44.81
2013-05-05,125,13,36.1,36.1,28.7,48,5.26,906.0,32.064,43.83,42.5,0,45.47
2013-05-06,126,11,34.2,34.6,27.9,54,4.53,853.0,31.221,41.77,40.29,0,40.64
2013-05-07,127,13,35.0,35.0,27.4,47,2.92,689.0,31.098,42.49,39.54,0,40.06
2013-05-08,128,12,37.4,37.8,28.0,42,4.26,954.0,32.543,45.61,42.95,1,48.68
2013-05-09,129,13,38.1,38.1,28.7,43,4.79,946.0,33.207,46.45,45.1,2,53.82
2013-05-10,130,13,38.4,38.4,28.7,46,4.3,942.0,34.03,47.29,47.45,3,58.53
2013-05-11,131,12,39.3,39.9,28.7,39,0.57,968.0,36.268,49.49,45.98,4,65.46
2013-05-12,132,12,39.2,39.5,29.6,37,2.9,930.0,33.588,48.13,44.73,5,61.67
2013-05-13,133,11,36.5,36.5,29.1,47,3.49,784.0,32.442,44.49,43.04,0,47.33
2013-05-14,134,12,36.1,36.7,29.2,41,0.36,641.0,33.209,43.86,39.7,0,47.20
2013-05-15,135,11,38.0,38.0,28.7,37,1.08,819.0,33.47,46.89,42.1,1,51.86
2013-05-16,136,12,39.0,39.5,29.1,32,0.61,950.0,34.582,48.26,42.04,2,57.06
2013-05-17,137,11,37.9,38.6,28.5,38,1.48,927.0,33.38,47.23,42.32,3,55.11
2013-05-18,138,12,37.9,37.9,28.8,41,4.79,965.0,32.734,46.09,43.65,4,55.58
2013-05-19,139,12,37.3,37.5,28.7,46,3.58,959.0,33.237,46.17,44.57,5,58.48
2013-05-20,140,13,37.5,37.5,28.4,46,5.98,929.0,32.947,45.68,45.08,6,59.09
2013-05-21,141,12,37.8,38.2,28.9,43,3.07,961.0,33.364,46.86,44.36,7,61.04
2013-05-22,142,12,39.5,40.0,29.3,35,3.6,967.0,33.331,48.20,44.42,8,62.44
2013-05-23,143,12,39.5,40.3,29.5,36,3.76,956.0,33.458,48.16,44.91,9,63.06
2013-05-24,144,13,40.7,40.8,31.0,28,2.79,921.0,33.126,49.40,43.58,10,64.59
2013-05-25,145,14,40.5,40.5,31.5,26,1.53,818.0,32.988,48.87,42.34,11,64.06
2013-05-26,146,13,39.9,40.1,31.1,31,1.33,907.0,33.889,48.99,43.39,12,65.77
2013-05-27,147,11,38.7,38.7,27.5,33,3.32,891.0,32.251,46.86,41.87,13,56.38
2013-05-28,148,12,35.6,36.2,28.0,46,0.42,817.0,34.094,44.92,40.5,0,48.53
2013-05-29,149,11,36.1,36.5,28.8,42,1.91,851.0,32.025,44.86,40.07,0,45.35
2013-05-30,150,11,34.0,34.0,28.2,52,2.15,621.0,31.021,41.90,39.08,0,40.25
2013-05-31,151,12,34.9,34.9,27.4,51,3.91,864.0,31.592,42.83,40.83,0,41.72
2013-06-01,152,13,33.5,33.7,26.8,53,1.58,816.0,31.4,42.69,38.29,0,39.61
2013-06-02,153,12,34.6,34.8,28.2,47,0.73,742.0,32.388,43.50,38.67,0,43.83
2013-06-03,154,14,34.0,34.0,26.5,48,0.94,481.0,30.926,41.42,37.73,0,37.24
2013-06-04,155,13,34.8,34.8,27.2,45,2.46,738.0,30.87,42.66,38.41,0,39.10
2013-06-05,156,11,35.2,35.2,27.4,44,2.92,864.0,31.128,43.32,38.9,0,40.48
2013-06-06,157,12,35.7,36.0,26.2,47,0.36,859.0,34.456,45.02,41.13,0,47.42
2013-06-07,158,12,33.5,33.6,25.8,57,2.86,825.0,31.32,42.12,39.69,0,38.40
2013-06-08,159,11,32.7,32.8,26.7,51,3.94,814.0,29.524,39.79,35.97,0,32.99
2013-06-09,160,15,35.0,35.2,28.3,47,1.34,523.0,31.444,42.62,39.54,0,41.85
2013-06-10,161,14,35.6,35.6,28.0,42,2.0,635.0,31.122,43.18,39.03,0,41.12
2013-06-11,162,13,35.9,35.9,26.7,44,2.75,775.0,31.658,43.91,40.4,0,41.64
2013-06-12,163,13,33.5,33.5,26.2,50,3.98,685.0,29.913,40.09,37.32,0,33.86
2013-06-13,164,12,34.4,34.8,28.3,43,4.27,764.0,29.8,40.98,36.98,0,36.61
2013-06-14,165,15,36.1,36.1,28.2,40,5.45,574.0,30.378,41.67,39.34,0,38.97
2013-06-15,166,15,35.1,35.1,27.9,43,4.56,532.0,30.008,40.55,38.36,0,36.74
2013-06-16,167,13,35.8,35.9,28.8,42,4.7,773.0,30.819,42.56,39.44,0,41.18
2013-06-17,168,13,36.3,36.4,28.5,42,4.9,841.0,31.317,43.46,40.5,0,42.82
2013-06-18,169,12,35.1,35.9,28.8,43,4.51,858.0,30.504,42.17,38.36,0,39.90
2013-06-19,170,14,37.3,37.3,28.5,38,4.04,776.0,31.604,44.53,41.05,1,46.00
2013-06-20,171,13,37.1,37.1,28.0,37,2.51,838.0,31.782,45.31,40.26,2,47.69
2013-06-21,172,13,36.3,36.3,28.1,39,2.52,727.0,31.227,43.95,39.39,0,42.12
2013-06-22,173,14,36.6,36.6,29.3,38,1.32,544.0,31.543,43.87,39.63,0,44.15
2013-06-23,174,15,34.7,34.7,29.3,40,0.67,300.0,30.052,40.32,36.67,0,37.67
2013-06-24,175,11,34.9,35.7,28.5,39,6.24,558.0,29.075,39.87,36.74,0,34.59
2013-06-25,176,13,35.7,35.8,26.7,38,5.32,443.0,29.511,40.29,37.9,0,34.05
2013-06-26,177,11,35.9,36.0,28.4,38,4.61,795.0,30.321,42.60,38.28,0,39.37
2013-06-27,178,13,37.0,37.0,28.0,38,2.56,728.0,31.656,44.72,40.43,1,45.42
2013-06-28,179,13,37.6,37.6,28.5,33,3.85,890.0,31.192,45.23,39.76,2,46.92
2013-06-29,180,12,36.2,36.9,27.9,38,1.2,816.0,31.949,44.79,38.85,0,43.66
2013-06-30,181,14,36.5,36.5,28.1,35,1.3,598.0,31.107,43.81,38.42,0,41.43
2013-07-01,182,14,37.1,37.1,29.0,34,1.26,671.0,31.652,44.83,39.19,1,46.20
2013-07-02,183,13,36.9,36.9,26.5,36,3.98,816.0,30.994,44.12,39.5,0,39.97
2013-07-03,184,15,34.3,34.9,26.7,44,2.64,452.0,29.659,40.31,37.09,0,34.04
2013-07-04,185,11,33.1,33.1,26.5,49,3.45,575.0,29.34,39.32,36.2,0,32.16
2013-07-05,186,14,28.4,30.8,26.6,71,0.67,298.0,28.143,35.85,31.62,0,25.81
2013-07-06,187,14,31.5,32.8,25.9,58,0.54,459.0,30.49,39.45,35.39,0,33.42
2013-07-07,188,16,28.8,30.0,25.1,73,0.51,194.0,28.44,35.62,32.83,0,24.90
2013-07-08,189,16,32.0,32.2,25.7,51,0.64,246.0,28.981,37.76,34.61,0,28.83
2013-07-09,190,14,32.5,32.5,27.4,51,0.89,480.0,30.031,39.96,35.57,0,34.74
2013-07-10,191,15,31.7,32.1,27.4,52,2.51,364.0,28.236,37.31,34.29,0,28.96
2013-07-11,192,16,30.1,30.1,24.6,58,2.01,245.0,27.29,35.38,32.62,0,21.89
2013-07-12,193,14,33.3,33.3,26.4,47,2.95,452.0,29.117,39.09,36.03,0,31.39
2013-07-13,194,14,34.5,34.5,27.0,44,1.35,625.0,30.817,42.32,37.48,0,38.17
2013-07-14,195,13,34.1,34.2,27.2,44,1.61,546.0,30.101,41.30,36.71,0,36.03
2013-07-15,196,13,35.4,35.4,26.1,44,1.34,784.0,31.98,44.16,39.32,0,41.33
2013-07-16,197,14,33.1,33.2,25.6,48,3.84,411.0,28.821,37.99,35.92,0,29.07
2013-07-17,198,14,33.2,33.2,26.2,51,3.49,608.0,29.745,39.73,37.0,0,33.17
2013-07-18,199,14,33.5,33.5,27.1,45,1.56,509.0,29.65,40.50,35.86,0,34.17
2013-07-19,200,13,30.5,31.1,24.9,62,4.12,577.0,28.441,36.54,34.27,0,25.87
2013-07-20,201,15,33.1,33.1,24.5,49,2.38,440.0,29.332,39.36,36.2,0,29.84
2013-07-21,202,15,32.0,32.3,26.5,54,1.14,320.0,29.195,38.46,35.37,0,30.95
2013-07-22,203,14,32.6,32.6,26.9,46,2.2,251.0,28.019,37.28,34.48,0,28.02
2013-07-23,204,16,31.0,31.0,27.6,49,0.14,111.0,27.229,34.11,32.42,0,24.28
2013-07-24,205,13,31.7,31.7,27.0,52,5.65,514.0,28.042,36.24,34.29,0,27.35
2013-07-25,206,15,33.3,33.3,26.9,47,2.69,286.0,28.771,38.11,36.03,0,30.61
2013-07-26,207,15,33.7,33.7,27.1,45,4.63,404.0,28.821,38.06,36.23,0,30.98
2013-07-27,208,11,32.7,32.7,27.1,48,5.34,722.0,28.768,38.47,35.16,0,30.78
2013-07-28,209,12,33.9,34.5,26.1,48,3.24,690.0,30.17,40.98,37.53,0,34.95
2013-07-29,210,15,34.5,34.5,25.8,43,1.99,558.0,30.146,41.54,37.18,0,34.83
2013-07-30,211,15,34.6,35.0,27.4,40,4.2,485.0,29.086,39.62,36.48,0,33.05
2013-07-31,212,14,34.9,34.9,28.4,37,6.87,433.0,28.513,39.08,36.19,0,32.64
2013-08-01,213,14,34.5,34.5,27.8,40,7.14,542.0,28.783,39.36,36.31,0,32.69
2013-08-02,214,11,35.0,35.4,27.2,41,4.12,747.0,30.03,41.61,37.52,0,36.42
2013-08-03,215,16,34.2,34.5,26.2,42,0.22,238.0,29.967,38.62,36.32,0,32.53
2013-08-04,216,13,34.8,35.0,25.7,43,1.93,739.0,30.813,42.86,37.76,0,37.14
2013-08-05,217,12,32.5,32.5,25.4,49,4.16,491.0,28.522,37.61,35.04,0,27.66
2013-08-06,218,14,33.2,33.4,26.1,48,1.8,638.0,29.963,40.95,36.12,0,34.01
2013-08-07,219,15,33.6,33.9,27.0,46,0.76,453.0,30.427,40.66,36.33,0,35.81
2013-08-08,220,13,35.5,35.5,26.6,43,1.52,840.0,31.887,44.37,39.18,0,41.84
2013-08-09,221,11,34.2,34.2,26.2,44,3.0,809.0,30.134,41.81,36.9,0,35.37
2013-08-10,222,13,32.2,32.9,26.9,52,2.08,516.0,29.19,39.22,35.25,0,31.92
2013-08-11,223,11,32.7,32.7,27.0,48,1.66,644.0,29.607,40.49,35.16,0,33.70
2013-08-12,224,11,32.8,32.8,26.4,48,3.47,528.0,28.846,38.61,35.35,0,30.28
2013-08-13,225,13,33.2,33.2,25.1,49,0.99,601.0,30.635,41.24,36.4,0,34.43
2013-08-14,226,11,26.0,26.0,24.9,87,3.49,159.0,25.869,30.14,26.46,0,13.68
2013-08-15,227,15,25.9,26.0,24.4,87,4.34,182.0,25.761,29.36,26.36,0,12.33
2013-08-16,228,16,29.4,29.4,24.6,69,1.53,318.0,28.283,36.45,33.42,0,24.84
2013-08-17,229,13,30.0,30.0,24.5,69,4.91,722.0,28.857,36.63,34.8,0,26.45
2013-08-18,230,15,31.8,31.8,25.5,58,2.97,473.0,29.207,38.20,36.04,0,29.87
2013-08-19,231,13,31.7,31.8,25.8,59,3.45,702.0,29.543,38.98,36.1,0,31.44
2013-08-20,232,14,33.4,33.4,26.3,51,2.98,683.0,30.181,40.75,37.42,0,35.00
2013-08-21,233,13,33.3,33.3,26.0,52,4.65,905.0,30.186,40.59,37.52,0,34.58
2013-08-22,234,15,33.5,33.5,26.3,48,2.28,613.0,29.964,40.83,36.71,0,34.39
2013-08-23,235,14,33.5,33.5,26.3,50,2.82,796.0,30.377,41.46,37.32,0,35.84
2013-08-24,236,16,32.7,32.8,26.4,51,0.57,392.0,30.382,39.73,35.97,0,34.22
2013-08-25,237,14,32.4,32.6,26.3,54,0.28,624.0,31.662,40.26,36.2,0,36.99
2013-08-26,238,13,32.5,32.5,26.9,52,1.75,802.0,30.221,41.26,35.84,0,35.56
2013-08-27,239,13,32.3,32.4,27.1,56,0.42,806.0,32.418,41.91,36.56,0,40.68
2013-08-28,240,13,32.8,32.8,26.2,55,1.92,822.0,30.815,41.82,37.36,0,36.83
2013-08-29,241,13,32.3,32.3,24.8,60,0.4,894.0,33.172,42.57,37.78,0,40.35
2013-08-30,242,11,31.3,31.4,24.9,64,1.63,812.0,30.669,40.96,36.59,0,34.13
2013-08-31,243,11,31.4,32.0,25.8,66,3.32,864.0,30.367,40.00,37.43,0,34.23
2013-09-01,244,13,32.2,32.5,25.5,61,2.56,825.0,30.713,41.08,37.86,0,35.48
2013-09-02,245,14,32.7,32.7,25.9,60,3.18,695.0,30.646,40.51,38.76,0,35.74
2013-09-03,246,13,33.1,33.1,25.4,58,2.88,868.0,31.138,41.87,39.06,0,37.18
2013-09-04,247,15,31.8,31.9,24.6,62,2.33,610.0,30.152,39.86,37.21,0,32.24
2013-09-05,248,14,32.0,32.1,24.7,57,2.06,712.0,30.05,40.42,36.2,0,32.19
2013-09-06,249,13,32.1,32.1,25.7,59,1.12,785.0,31.212,41.67,37.0,0,36.76
2013-09-07,250,11,30.9,30.9,24.9,63,2.56,753.0,29.611,39.34,35.39,0,30.52
2013-09-08,251,11,29.4,29.4,25.1,70,1.77,567.0,28.942,37.92,33.62,0,27.80
2013-09-09,252,13,30.7,30.7,23.9,65,0.54,715.0,31.439,40.56,35.45,0,33.70
2013-09-10,253,14,30.2,30.2,23.9,69,1.02,522.0,30.018,39.07,35.28,0,29.88
2013-09-11,254,11,29.0,29.0,24.6,70,2.85,576.0,28.179,36.45,32.73,0,24.38
2013-09-12,255,13,28.6,28.6,24.1,74,3.0,604.0,28.234,36.27,32.55,0,23.71
2013-09-13,256,13,30.7,30.7,24.4,68,2.0,685.0,30.094,39.70,36.25,0,31.43
2013-09-14,257,14,30.3,30.3,24.3,71,1.25,535.0,30.16,39.31,36.04,0,31.07
2013-09-15,258,13,31.9,31.9,25.6,66,2.35,794.0,31.049,41.21,38.73,0,36.64
2013-09-16,259,14,31.8,31.8,25.7,63,3.34,740.0,30.199,39.69,37.51,0,33.60
2013-09-17,260,14,31.1,31.3,25.8,68,2.16,540.0,30.102,39.31,37.26,0,33.17
2013-09-18,261,14,31.2,31.2,26.0,64,3.34,535.0,29.397,37.98,36.36,0,30.77
2013-09-19,262,13,31.7,31.8,26.1,61,4.17,641.0,29.54,38.29,36.67,0,31.50
2013-09-20,263,13,32.2,32.5,26.9,56,4.75,670.0,29.35,38.35,36.34,0,31.99
2013-09-21,264,15,32.1,32.1,26.5,59,2.68,407.0,29.529,38.49,37.0,0,32.22
2013-09-22,265,16,32.7,33.1,26.0,54,0.32,362.0,30.893,39.33,36.84,0,34.75
2013-09-23,266,15,32.7,32.8,25.7,50,0.32,635.0,31.457,40.51,35.69,0,35.89
2013-09-24,267,11,32.0,32.7,26.2,58,2.2,912.0,30.464,41.27,36.48,0,35.44
2013-09-25,268,13,31.8,31.8,26.4,62,0.54,805.0,32.393,42.00,37.21,0,40.12
2013-09-26,269,12,31.8,32.1,26.8,64,1.41,882.0,31.447,42.02,37.83,0,39.04
2013-09-27,270,13,32.9,32.9,26.1,61,1.84,898.0,31.835,42.86,39.62,0,40.23
2013-09-28,271,13,33.2,33.2,26.5,55,1.98,796.0,31.101,42.14,38.27,0,38.29
2013-09-29,272,12,32.3,32.8,26.1,51,3.41,662.0,29.041,38.97,35.18,0,30.50
2013-09-30,273,14,33.6,33.6,26.0,49,2.12,720.0,30.466,41.68,37.22,0,35.79
2013-10-01,274,14,33.1,33.1,26.3,54,0.61,712.0,32.148,42.29,37.72,0,39.94
2013-10-02,275,12,32.3,32.5,26.6,61,0.58,879.0,32.83,42.80,38.11,0,42.09
2013-10-03,276,14,30.8,30.8,27.0,66,2.24,650.0,29.79,39.27,35.95,0,33.46
2013-10-04,277,13,32.7,32.9,26.1,50,1.14,831.0,30.708,41.80,35.69,0,35.88
2013-10-05,278,13,33.4,33.5,25.4,41,1.4,911.0,29.989,42.15,34.66,0,33.57
2013-10-06,279,13,33.1,33.1,25.5,49,2.4,782.0,30.01,41.17,36.2,0,33.59
2013-10-07,280,12,33.3,33.6,26.5,54,1.55,890.0,31.514,42.88,38.17,0,39.57
2013-10-08,281,13,32.6,32.6,24.8,60,1.77,829.0,31.351,42.15,38.51,0,36.88
2013-10-09,282,14,31.1,31.1,24.8,65,0.42,571.0,31.585,40.19,36.4,0,35.12
2013-10-10,283,14,30.8,30.8,25.1,66,1.2,430.0,29.82,38.85,35.95,0,31.00
2013-10-11,284,15,32.1,32.1,24.9,55,1.88,460.0,29.426,39.16,35.85,0,30.21
2013-10-12,285,14,31.7,31.7,25.8,52,4.73,509.0,28.139,36.58,34.29,0,26.38
2013-10-13,286,14,33.2,33.2,26.7,53,2.53,687.0,30.408,41.04,37.62,0,36.18
2013-10-14,287,14,32.8,32.8,26.5,55,0.78,660.0,31.508,41.70,37.36,0,38.40
2013-10-15,288,14,32.0,32.0,26.6,62,0.67,645.0,31.783,41.39,37.69,0,38.94
2013-10-16,289,11,30.9,31.7,25.4,65,2.12,760.0,30.032,39.93,35.92,0,32.52
2013-10-17,290,12,30.4,30.5,24.5,73,2.73,731.0,30.159,39.31,36.85,0,31.61
2013-10-18,291,13,30.5,30.5,24.5,65,3.71,758.0,29.151,37.99,34.99,0,28.06
2013-10-19,292,11,30.0,30.0,24.3,70,2.72,787.0,29.548,38.81,35.04,0,29.19
2013-10-20,293,11,25.5,25.5,24.3,90,2.59,219.0,25.993,31.54,25.98,0,14.23
2013-10-21,294,11,24.8,24.9,23.9,94,4.27,109.0,25.102,27.51,25.3,0,9.16
2013-10-22,295,12,26.5,26.5,23.7,78,6.4,332.0,25.657,29.54,26.87,0,11.45
2013-10-23,296,12,28.3,28.4,24.1,74,3.91,443.0,27.457,34.06,31.87,0,20.39
2013-10-24,297,11,29.0,29.3,24.4,73,2.51,520.0,28.485,36.72,33.3,0,25.14
2013-10-25,298,11,29.3,29.5,25.6,78,5.2,523.0,28.811,35.25,35.12,0,26.76
2013-10-26,299,13,30.7,30.7,26.0,72,3.61,677.0,30.014,38.54,37.38,0,32.72
2013-10-27,300,11,30.5,30.7,25.7,69,2.41,716.0,29.901,39.32,36.02,0,32.21
2013-10-28,301,12,30.1,30.5,25.4,74,1.12,705.0,30.844,40.30,36.31,0,34.46
2013-10-29,302,10,29.8,30.5,24.8,69,1.21,607.0,29.686,38.94,34.33,0,29.86
2013-10-30,303,12,29.7,30.0,24.5,73,2.97,736.0,29.423,38.21,35.01,0,28.74
2013-10-31,304,11,30.2,30.2,25.0,62,4.16,801.0,28.5,37.24,33.64,0,26.37
2013-11-01,305,12,29.1,29.2,25.0,73,4.14,650.0,28.445,35.97,33.53,0,25.30
2013-11-02,306,13,29.4,29.4,24.6,79,2.97,710.0,29.726,38.25,35.64,0,29.69
2013-11-03,307,14,28.0,28.0,24.3,83,4.18,585.0,28.303,35.00,32.57,0,23.16
2013-11-04,308,13,28.8,28.8,24.1,76,5.38,614.0,28.239,34.79,33.4,0,22.96
2013-11-05,309,11,29.0,29.0,25.3,66,6.4,682.0,27.348,34.32,32.01,0,21.82
2013-11-06,310,13,28.9,28.9,24.5,64,6.37,783.0,27.168,34.56,31.49,0,20.53
2013-11-07,311,12,29.3,29.3,24.2,61,5.1,816.0,27.41,35.53,31.72,0,21.43
2013-11-08,312,12,28.6,28.6,23.4,57,5.95,852.0,26.24,34.24,29.98,0,16.70
2013-11-09,313,11,29.0,29.0,23.2,53,5.36,816.0,26.176,34.60,30.04,0,16.63
2013-11-10,314,11,29.1,29.1,23.5,62,5.28,817.0,27.311,35.26,31.53,0,20.15
2013-11-11,315,12,28.4,28.4,23.8,67,5.95,719.0,26.986,33.92,31.01,0,18.73
2013-11-12,316,12,28.6,28.6,23.7,56,6.05,804.0,26.055,33.93,29.85,0,16.43
2013-11-13,317,11,28.7,28.9,22.8,57,7.05,777.0,26.124,33.75,30.13,0,15.49
2013-11-14,318,11,28.0,28.0,22.8,61,6.5,602.0,25.745,32.26,29.56,0,13.48
2013-11-15,319,11,28.0,28.0,23.1,62,7.95,639.0,25.787,32.32,29.68,0,14.00
2013-11-16,320,12,24.7,24.7,23.2,92,4.97,224.0,25.115,27.99,25.16,0,8.72
2013-11-17,321,11,26.3,26.3,23.2,83,2.15,379.0,26.672,33.82,26.73,0,15.87
2013-11-18,322,10,27.3,27.3,23.7,79,4.86,439.0,26.869,32.34,30.31,0,16.99
2013-11-19,323,11,28.7,29.0,23.4,67,5.41,730.0,27.35,34.59,31.59,0,19.65
2013-11-20,324,13,29.2,29.3,23.2,63,5.63,712.0,27.33,34.78,31.88,0,19.63
2013-11-21,325,13,29.9,30.1,22.2,59,2.42,714.0,28.2,37.84,32.45,0,22.53
2013-11-22,326,12,29.2,29.2,23.4,65,1.4,668.0,28.67,38.13,32.23,0,24.94
2013-11-23,327,11,28.5,28.7,23.3,79,2.8,637.0,28.773,36.94,33.2,0,24.52
2013-11-24,328,12,27.1,27.4,23.5,83,1.79,427.0,27.715,35.47,30.27,0,20.60
2013-11-25,329,13,28.9,28.9,23.9,69,4.0,642.0,27.839,35.50,32.33,0,22.09
2013-11-26,330,11,28.8,29.2,22.5,65,2.87,777.0,27.801,36.86,31.46,0,21.04
2013-11-27,331,11,28.9,28.9,21.0,63,3.44,801.0,27.554,36.39,31.33,0,19.61
2013-11-28,332,10,24.8,24.8,22.0,63,3.72,406.0,22.964,29.25,24.89,0,4.17
2013-11-29,333,10,27.9,28.4,21.8,64,2.56,665.0,26.751,35.57,29.75,0,16.91
2013-11-30,334,12,28.3,28.4,22.0,72,4.84,712.0,27.555,34.67,31.56,0,18.45
2013-12-01,335,11,27.8,27.8,24.0,82,3.02,510.0,28.097,35.40,31.89,0,22.46
2013-12-02,336,10,26.3,26.3,23.5,88,3.47,303.0,26.677,32.08,26.79,0,14.98
2013-12-03,337,9,27.0,27.3,23.7,77,5.66,338.0,26.108,30.55,29.46,0,13.95
2013-12-04,338,10,27.4,27.4,23.4,64,7.32,558.0,25.378,31.22,28.96,0,12.51
2013-12-05,339,11,27.8,27.8,24.7,61,8.3,703.0,25.545,32.32,29.26,0,15.25
2013-12-06,340,13,27.2,27.2,24.0,64,8.99,514.0,25.023,30.52,28.67,0,11.93
2013-12-07,341,10,26.3,26.3,23.3,72,7.44,303.0,24.745,28.32,26.58,0,8.38
2013-12-08,342,11,26.0,26.4,23.2,76,8.45,425.0,25.009,28.94,26.32,0,9.21
2013-12-09,343,13,28.0,28.2,22.1,45,6.74,736.0,24.057,32.17,28.03,0,8.84
2013-12-10,344,13,29.1,29.1,23.3,40,5.81,792.0,24.556,33.88,28.71,0,12.67
2013-12-11,345,15,28.3,28.5,23.4,59,6.08,466.0,25.634,31.84,29.78,0,13.75
2013-12-12,346,15,25.7,25.7,23.5,89,6.3,246.0,25.779,28.47,26.17,0,10.67
2013-12-13,347,11,27.7,27.7,23.1,80,4.05,702.0,27.917,35.08,31.36,0,20.64
2013-12-14,348,13,28.1,28.1,23.2,67,5.61,683.0,26.693,33.51,30.46,0,16.97
2013-12-15,349,11,27.3,27.6,21.2,64,5.85,774.0,25.713,32.69,28.81,0,12.52
2013-12-16,350,13,27.1,27.1,18.9,55,5.16,772.0,24.639,32.37,27.85,0,9.90
2013-12-17,351,11,26.7,26.7,22.1,54,5.17,656.0,23.999,31.24,27.36,0,7.81
2013-12-18,352,13,26.5,26.5,20.8,55,4.47,597.0,23.933,31.26,26.57,0,7.45
2013-12-19,353,12,25.8,25.9,19.8,52,3.72,827.0,23.458,32.32,25.8,0,7.32
2013-12-20,354,12,26.4,26.5,17.0,54,3.62,827.0,24.246,33.13,26.45,0,9.39
2013-12-21,355,12,25.6,25.6,18.1,56,4.14,699.0,23.43,31.20,25.64,0,6.45
2013-12-22,356,13,27.0,27.0,19.6,55,4.58,557.0,24.309,31.49,27.74,0,8.60
2013-12-23,357,12,27.4,27.5,21.8,55,5.02,643.0,24.75,32.13,28.19,0,10.06
2013-12-24,358,14,26.9,26.9,22.7,55,5.97,512.0,23.985,30.20,27.63,0,7.84
2013-12-25,359,12,27.0,27.0,21.9,52,6.0,698.0,24.008,31.28,27.54,0,7.81
2013-12-26,360,13,26.5,26.5,21.2,50,4.17,481.0,23.223,30.55,26.51,0,5.60
2013-12-27,361,13,27.0,27.0,22.1,56,4.75,652.0,24.545,31.96,27.8,0,9.53
2013-12-28,362,12,26.5,26.5,20.7,52,3.56,528.0,23.637,31.57,26.53,0,7.11
2013-12-29,363,13,26.1,26.1,18.9,52,4.18,614.0,23.312,31.04,26.11,0,6.12
2013-12-30,364,13,26.5,26.5,21.0,51,4.94,569.0,23.38,30.52,26.52,0,5.87
2013-12-31,365,13,27.5,27.5,22.3,56,5.2,617.0,24.891,32.04,28.39,0,10.69
2014-01-01,1,12,26.9,26.9,23.0,59,6.3,612.0,24.539,30.89,27.89,0,9.82
2014-01-02,2,12,27.5,27.6,22.8,50,5.7,739.0,24.321,32.14,27.91,0,10.09
2014-01-03,3,13,27.6,27.6,23.3,60,5.81,670.0,25.429,32.33,28.88,0,13.26
2014-01-04,4,12,26.5,26.5,22.2,61,5.97,427.0,24.123,29.44,26.65,0,6.73
2014-01-05,5,11,27.8,27.8,22.6,61,5.16,703.0,25.85,33.14,29.26,0,13.97
2014-01-06,6,11,27.5,27.5,22.1,61,5.11,580.0,25.394,32.15,28.83,0,11.65
2014-01-07,7,11,27.6,27.6,22.4,59,5.59,677.0,25.355,32.42,28.78,0,12.10
2014-01-08,8,13,27.9,27.9,23.4,55,5.8,621.0,25.082,32.17,28.79,0,12.58
2014-01-09,9,12,27.8,27.8,22.3,59,4.79,619.0,25.558,32.83,29.06,0,12.77
2014-01-10,10,11,27.7,28.0,21.3,58,2.98,746.0,25.922,34.98,28.82,0,14.57
2014-01-11,11,13,28.0,28.0,21.0,52,2.93,751.0,25.542,35.06,28.63,0,13.84
2014-01-12,12,13,28.2,28.2,19.3,55,3.8,809.0,25.937,34.86,29.18,0,14.65
2014-01-13,13,11,28.1,28.2,21.6,58,5.3,655.0,25.711,33.01,29.37,0,12.95
2014-01-14,14,13,28.0,28.0,21.7,57,4.46,747.0,25.762,33.88,29.13,0,13.59
2014-01-15,15,12,28.4,28.7,21.4,55,3.06,715.0,26.154,35.33,29.45,0,15.50
2014-01-16,16,12,28.4,28.4,22.2,54,3.21,670.0,25.923,34.90,29.34,0,14.94
2014-01-17,17,13,28.0,28.1,21.5,57,4.93,723.0,25.654,33.42,29.13,0,13.05
2014-01-18,18,13,28.0,28.0,21.8,49,4.3,741.0,24.861,33.59,28.36,0,11.39
2014-01-19,19,13,27.1,27.1,22.1,70,4.97,617.0,26.043,32.48,29.03,0,13.19
2014-01-20,20,12,28.4,28.4,22.3,56,5.95,791.0,25.867,33.66,29.57,0,14.14
2014-01-21,21,12,28.0,28.0,22.8,54,5.78,720.0,25.2,32.79,28.82,0,12.56
2014-01-22,22,13,28.2,28.2,22.8,50,5.08,700.0,24.979,33.10,28.68,0,12.31
2014-01-23,23,12,28.4,28.4,21.3,49,4.13,627.0,25.075,33.57,28.81,0,11.95
2014-01-24,24,13,28.5,28.5,18.9,52,3.96,814.0,25.837,34.93,29.25,0,14.53
2014-01-25,25,12,28.5,28.7,21.6,49,4.18,816.0,25.441,34.61,28.93,0,13.44
2014-01-26,26,13,27.8,27.8,21.4,50,6.36,684.0,24.446,31.95,28.23,0,9.37
2014-01-27,27,12,28.7,28.8,23.7,48,5.88,830.0,25.258,33.86,29.06,0,14.58
2014-01-28,28,13,28.8,28.8,22.4,46,6.23,874.0,25.113,33.99,28.97,0,12.85
2014-01-29,29,12,28.2,28.3,21.4,49,6.11,889.0,24.973,33.50,28.58,0,11.62
2014-01-30,30,13,28.6,28.6,20.8,46,5.6,849.0,24.983,33.86,28.74,0,11.96
2014-01-31,31,12,28.9,28.9,20.7,50,4.2,768.0,25.848,34.86,29.53,0,14.61
2014-02-01,32,11,27.1,27.6,22.2,70,4.64,710.0,26.229,33.22,29.03,0,14.19
2014-02-02,33,12,28.5,28.5,22.4,57,4.88,813.0,26.246,34.47,29.83,0,15.66
2014-02-03,34,13,29.0,29.0,19.3,47,3.21,894.0,25.987,36.27,29.31,0,15.81
2014-02-04,35,12,29.2,29.5,18.7,46,2.62,913.0,26.265,37.06,29.44,0,16.95
2014-02-05,36,10,26.6,30.0,18.4,55,0.41,719.0,26.796,35.40,26.68,0,15.85
2014-02-06,37,10,26.2,29.7,17.4,62,0.45,713.0,27.155,35.64,26.35,0,16.70
2014-02-07,38,11,28.2,30.3,18.1,51,1.21,854.0,26.741,37.15,28.77,0,17.67
2014-02-08,39,13,30.1,30.5,17.9,38,2.38,921.0,26.107,37.86,29.58,0,17.28
2014-02-09,40,13,30.6,30.7,16.7,39,4.67,920.0,26.051,36.72,30.28,0,16.62
2014-02-10,41,13,30.6,30.7,19.3,44,3.79,912.0,26.899,37.48,30.97,0,19.02
2014-02-11,42,13,30.2,30.3,20.6,45,4.09,882.0,26.569,36.72,30.58,0,17.70
2014-02-12,43,13,30.1,30.1,20.0,44,3.98,913.0,26.416,36.78,30.31,0,17.36
2014-02-13,44,14,29.6,29.6,21.1,49,4.61,791.0,26.317,35.43,30.33,0,16.20
2014-02-14,45,12,29.9,29.9,21.9,47,3.45,808.0,26.597,36.65,30.46,0,17.66
2014-02-15,46,13,30.3,30.4,21.6,52,3.42,669.0,27.364,36.72,31.85,0,19.68
2014-02-16,47,13,30.0,30.1,23.8,60,3.94,654.0,27.904,36.34,32.83,0,22.89
2014-02-17,48,11,29.6,29.6,23.9,65,2.91,667.0,28.353,37.21,33.04,0,24.56
2014-02-18,49,11,29.0,29.2,24.0,66,4.59,635.0,27.5,34.92,32.01,0,21.03
2014-02-19,50,12,28.5,28.5,23.1,62,4.62,733.0,26.734,34.54,30.48,0,17.69
2014-02-20,51,11,29.0,29.0,22.5,52,3.89,818.0,26.312,35.56,29.91,0,16.72
2014-02-21,52,13,29.5,29.5,21.1,50,4.02,917.0,26.634,36.36,30.33,0,17.48
2014-02-22,53,13,29.5,29.5,20.4,43,3.11,940.0,26.02,36.91,29.45,0,16.39
2014-02-23,54,13,29.0,29.0,20.7,44,3.91,925.0,25.477,35.67,28.99,0,14.29
2014-02-24,55,13,27.0,27.2,21.8,71,5.54,448.0,25.711,31.03,28.94,0,11.36
2014-02-25,56,14,29.7,29.7,23.1,53,4.15,665.0,26.787,35.45,31.07,0,18.67
2014-02-26,57,13,30.0,30.0,22.1,49,3.21,923.0,27.173,37.58,30.89,0,19.70
2014-02-27,58,13,30.5,30.5,21.1,49,3.13,900.0,27.612,38.11,31.64,0,21.07
2014-02-28,59,12,30.5,30.6,22.4,48,2.24,781.0,27.612,38.29,31.47,0,21.61
2014-03-01,60,11,28.8,29.3,23.4,56,2.94,594.0,26.453,35.31,30.15,0,17.94
2014-03-02,61,11,30.0,30.0,22.6,50,2.92,711.0,27.047,36.92,31.05,0,19.63
2014-03-03,62,12,30.7,30.7,23.4,47,3.74,813.0,27.25,37.33,31.6,0,21.45
2014-03-04,63,10,29.5,30.1,23.4,53,3.2,689.0,26.844,36.17,30.77,0,19.53
2014-03-05,64,12,30.0,30.1,23.5,52,4.01,719.0,27.048,36.13,31.37,0,20.23
2014-03-06,65,12,29.8,29.8,23.2,53,3.71,564.0,26.79,35.38,31.22,0,18.79
2014-03-07,66,11,30.0,30.3,22.8,51,4.12,786.0,27.005,36.32,31.21,0,19.40
2014-03-08,67,12,30.3,30.3,23.0,51,4.85,913.0,27.317,36.76,31.67,0,20.72
2014-03-09,68,13,30.6,30.6,23.7,48,4.78,854.0,27.146,36.74,31.62,0,21.18
2014-03-10,69,13,30.3,30.5,23.6,51,4.24,711.0,27.143,36.22,31.67,0,20.70
2014-03-11,70,11,30.2,30.8,23.6,52,4.06,800.0,27.34,36.71,31.69,0,21.44
2014-03-12,71,13,31.2,31.2,22.8,46,3.74,949.0,27.758,38.45,32.18,0,22.73
2014-03-13,72,13,31.0,31.0,20.6,44,3.72,952.0,27.324,38.16,31.53,0,20.52
2014-03-14,73,11,30.8,31.9,21.2,45,2.77,929.0,27.527,38.66,31.41,0,21.23
2014-03-15,74,11,30.8,31.6,19.5,47,3.35,911.0,27.579,38.20,31.75,0,21.12
2014-03-16,75,11,31.5,32.3,19.7,45,2.73,931.0,28.165,39.48,32.45,0,23.41
2014-03-17,76,11,31.5,32.7,21.3,47,2.25,923.0,28.617,39.95,32.84,0,24.74
2014-03-18,77,11,31.6,33.8,21.0,43,1.78,940.0,28.459,40.22,32.23,0,24.42
2014-03-19,78,12,32.7,33.2,21.8,44,2.97,989.0,29.092,40.83,34.18,0,26.78
2014-03-20,79,13,34.5,34.5,22.7,46,3.41,965.0,30.8,42.68,38.12,0,33.63
2014-03-21,80,13,35.3,35.3,24.3,41,3.94,971.0,30.642,43.06,38.1,0,35.46
2014-03-22,81,13,34.9,34.9,24.5,40,4.95,979.0,29.953,42.10,37.03,0,33.30
2014-03-23,82,12,33.6,34.1,24.8,46,5.35,977.0,29.621,40.63,36.33,0,31.70
2014-03-24,83,12,33.2,33.4,22.5,46,4.41,988.0,29.441,40.55,35.57,0,28.34
2014-03-25,84,11,32.5,33.9,22.8,47,2.97,935.0,29.246,40.55,34.55,0,27.94
2014-03-26,85,12,32.4,32.9,22.0,46,3.04,1003.0,29.097,40.60,34.13,0,26.60
2014-03-27,86,11,32.1,33.6,22.4,47,1.98,926.0,29.297,40.83,33.84,0,27.50
2014-03-28,87,12,34.3,35.0,21.4,34,2.82,1022.0,29.064,42.40,34.49,0,27.97
2014-03-29,88,12,35.4,36.1,22.4,32,2.6,1018.0,29.729,43.69,35.72,0,31.09
2014-03-30,89,13,36.7,36.7,23.0,28,4.3,995.0,29.548,44.17,36.73,0,32.16
2014-03-31,90,13,36.7,36.7,23.1,30,5.61,1003.0,29.715,44.00,37.26,0,32.67
2014-04-01,91,14,36.6,36.7,24.0,31,4.96,895.0,29.786,43.54,37.38,0,33.57
2014-04-02,92,13,35.1,35.1,24.7,42,4.52,984.0,30.515,42.64,38.03,0,35.35
2014-04-03,93,12,33.5,33.9,24.9,49,3.66,943.0,30.226,41.39,37.01,0,33.76
2014-04-04,94,13,34.3,34.3,24.1,41,3.8,980.0,29.814,41.95,36.22,0,32.16
2014-04-05,95,12,34.3,35.0,24.2,44,3.16,994.0,30.45,42.60,37.09,0,34.27
2014-04-06,96,12,35.0,35.2,25.9,47,5.22,1003.0,31.061,42.66,39.54,0,38.36
2014-04-07,97,13,35.6,35.6,26.0,43,5.24,981.0,30.977,43.10,39.39,0,38.58
2014-04-08,98,14,35.8,36.1,25.4,43,6.36,880.0,30.885,42.86,39.81,0,37.69
2014-04-09,99,12,36.8,37.3,26.8,40,3.91,992.0,31.826,45.00,40.79,1,44.68
2014-04-10,100,12,35.4,35.6,25.8,44,3.61,992.0,31.291,43.65,39.32,0,39.32
2014-04-11,101,12,36.5,36.9,26.3,39,3.3,994.0,31.566,44.90,39.79,0,41.49
2014-04-12,102,13,35.5,35.5,27.1,48,5.02,939.0,31.605,43.20,41.06,0,41.75
2014-04-13,103,13,34.7,34.7,27.1,50,4.55,947.0,31.257,42.49,39.97,0,40.17
2014-04-14,104,13,34.1,34.1,26.0,50,5.02,932.0,30.616,41.45,38.61,0,36.42
2014-04-15,105,13,34.0,34.0,26.5,49,4.46,933.0,30.489,41.49,38.06,0,36.59
2014-04-16,106,13,34.9,34.9,25.4,44,4.22,965.0,30.672,42.57,38.29,0,36.51
2014-04-17,107,14,35.8,36.1,25.5,41,5.68,875.0,30.655,42.74,39.09,0,37.02
2014-04-18,108,13,35.5,35.5,26.8,44,4.55,931.0,31.094,43.04,39.54,0,39.75
2014-04-19,109,12,35.1,35.4,24.5,40,2.91,1010.0,30.658,43.56,37.4,0,35.82
2014-04-20,110,12,34.4,34.8,23.3,43,2.61,1005.0,30.603,43.09,36.98,0,33.83
2014-04-21,111,12,34.1,34.5,23.0,43,4.08,997.0,29.892,41.72,36.42,0,30.93
2014-04-22,112,12,33.9,34.2,23.7,45,3.2,996.0,30.23,42.16,36.62,0,32.78
2014-04-23,113,13,34.7,34.7,24.3,43,2.95,952.0,30.663,43.00,37.56,0,35.25
2014-04-24,114,13,35.8,35.8,24.9,42,4.22,962.0,31.16,43.58,39.44,0,38.01
2014-04-25,115,13,36.9,36.9,26.7,41,4.97,963.0,31.828,44.69,41.4,0,42.90
2014-04-26,116,12,36.3,36.5,27.4,46,5.04,940.0,32.027,44.13,42.12,0,43.96
2014-04-27,117,13,35.5,35.5,27.3,48,5.72,955.0,31.52,43.13,41.06,0,41.77
2014-04-28,118,12,35.5,35.8,27.7,48,4.39,918.0,31.689,43.35,41.06,0,42.71
2014-04-29,119,13,35.5,35.5,26.7,46,5.06,902.0,31.265,42.89,40.28,0,40.12
2014-04-30,120,11,34.8,34.8,27.5,49,2.97,811.0,31.388,42.94,39.83,0,41.16
2014-05-01,121,13,35.7,35.7,27.5,47,5.76,882.0,31.463,43.02,41.13,0,41.84
2014-05-02,122,11,34.9,35.1,28.1,50,5.68,891.0,31.19,42.20,40.44,0,41.18
2014-05-03,123,13,35.2,35.2,27.6,50,5.25,865.0,31.489,42.58,41.15,0,41.70
2014-05-04,124,12,32.6,33.2,27.2,60,3.55,762.0,30.571,40.39,38.51,0,36.94
2014-05-05,125,15,29.9,29.9,25.9,70,1.66,411.0,29.082,37.69,34.8,0,29.27
2014-05-06,126,15,30.2,30.2,24.9,69,3.95,547.0,28.922,36.67,35.28,0,27.24
2014-05-07,127,15,29.5,29.5,25.6,76,3.26,383.0,28.806,35.99,35.2,0,27.32
2014-05-08,128,12,31.3,31.3,25.2,67,5.75,811.0,29.871,38.26,37.48,0,31.36
2014-05-09,129,13,32.3,32.4,25.6,62,6.51,767.0,30.087,38.93,38.44,0,33.07
2014-05-10,130,12,34.1,34.3,27.6,52,2.51,945.0,31.539,43.23,39.31,0,41.57
2014-05-11,131,12,35.4,35.5,27.8,53,1.55,936.0,33.384,45.59,42.92,0,48.34
2014-05-12,132,12,36.3,36.6,28.1,45,2.5,971.0,32.571,45.50,41.7,0,46.64
2014-05-13,133,12,36.6,36.9,28.6,47,3.32,929.0,32.79,45.36,43.29,0,48.12
2014-05-14,134,11,37.5,38.0,28.1,35,1.2,905.0,32.744,46.47,40.3,1,48.81
2014-05-15,135,11,37.6,38.4,27.9,33,0.5,931.0,33.892,46.67,39.76,2,52.36
2014-05-16,136,12,38.3,38.3,27.3,31,2.73,967.0,31.841,46.84,40.33,3,49.78
2014-05-17,137,12,36.9,37.1,27.4,45,3.04,917.0,32.824,45.69,43.12,4,53.63
2014-05-18,138,11,35.8,35.8,26.9,47,2.06,880.0,32.477,44.96,41.36,0,44.54
2014-05-19,139,13,36.3,36.3,27.2,43,4.97,942.0,31.589,43.94,40.89,0,42.30
2014-05-20,140,13,36.9,36.9,27.1,45,4.55,932.0,32.484,44.98,43.12,0,45.46
2014-05-21,141,12,37.7,38.0,27.9,41,3.65,961.0,32.793,46.24,43.19,1,49.58
2014-05-22,142,13,39.6,39.6,29.1,34,2.04,935.0,33.758,48.81,44.16,2,56.68
2014-05-23,143,12,40.2,40.2,29.8,32,2.98,962.0,33.526,49.13,44.47,3,59.08
2014-05-24,144,11,39.2,39.4,29.7,35,1.53,905.0,33.883,48.44,43.77,4,60.54
2014-05-25,145,12,39.8,40.3,29.6,30,1.2,911.0,33.748,48.81,42.75,5,61.72
2014-05-26,146,11,37.7,37.7,29.3,38,2.91,911.0,32.439,46.21,41.89,6,58.37
2014-05-27,147,12,37.1,37.3,28.7,44,4.24,935.0,32.572,45.30,43.14,7,57.73
2014-05-28,148,13,36.6,36.6,28.8,46,4.92,915.0,32.282,44.47,42.84,0,46.59
2014-05-29,149,11,36.6,37.2,28.6,44,3.13,905.0,32.361,45.12,41.97,1,48.31
2014-05-30,150,11,37.7,38.5,28.8,39,2.75,868.0,32.594,46.19,42.31,2,51.56
2014-05-31,151,10,37.1,38.9,28.1,44,0.61,800.0,34.593,46.55,43.14,3,56.75
2014-06-01,152,12,37.8,38.0,28.7,45,3.47,942.0,33.533,46.74,45.35,4,58.07
2014-06-02,153,11,36.9,36.9,28.0,49,4.49,890.0,33.034,45.20,45.0,0,48.40
2014-06-03,154,12,36.1,36.1,27.1,49,1.8,912.0,33.239,45.82,42.94,0,47.43
2014-06-04,155,11,34.9,35.6,28.0,55,1.97,863.0,32.786,44.58,42.48,0,46.56
2014-06-05,156,12,36.0,36.4,28.4,49,0.81,854.0,34.065,45.90,42.69,0,50.47
2014-06-06,157,12,37.0,37.4,28.1,45,1.3,870.0,33.763,46.61,43.36,1,51.98
2014-06-07,158,12,37.9,38.1,28.9,44,0.8,912.0,35.17,47.99,45.1,2,58.88
2014-06-08,159,12,38.4,39.1,28.0,39,1.66,833.0,33.665,47.46,43.87,3,55.81
2014-06-09,160,11,34.4,34.4,27.8,47,2.32,557.0,30.501,41.50,38.25,0,38.21
2014-06-10,161,14,37.0,37.1,29.0,43,3.85,773.0,32.183,44.56,42.47,1,48.23
2014-06-11,162,14,38.1,38.1,28.9,40,0.92,799.0,34.229,47.25,43.65,2,56.02
2014-06-12,163,13,38.2,38.4,28.6,40,0.94,887.0,34.493,47.76,43.88,3,58.30
2014-06-13,164,15,36.7,36.9,29.5,41,0.54,423.0,32.694,43.68,40.97,0,46.91
2014-06-14,165,14,36.9,36.9,30.0,39,1.7,564.0,31.775,44.28,40.61,0,46.06
2014-06-15,166,15,37.7,37.7,30.1,36,2.95,623.0,31.607,44.71,41.08,1,48.01
2014-06-16,167,15,38.8,38.8,30.0,31,0.45,512.0,33.309,45.75,41.26,2,53.60
2014-06-17,168,13,39.7,39.7,30.0,32,1.39,886.0,33.821,48.73,43.44,3,59.20
2014-06-18,169,12,37.3,37.4,29.9,36,4.44,849.0,31.292,44.59,40.28,4,51.81
2014-06-19,170,13,37.8,37.8,29.9,35,4.58,815.0,31.473,45.00,40.89,5,54.33
2014-06-20,171,13,38.1,38.1,29.6,34,2.9,808.0,31.924,46.00,41.09,6,57.30
2014-06-21,172,12,37.8,38.3,29.9,36,2.94,902.0,32.158,46.15,41.28,7,58.27
2014-06-22,173,13,37.7,37.8,29.9,35,1.68,772.0,32.241,45.99,40.69,8,58.09
2014-06-23,174,15,38.5,38.6,30.3,30,0.51,546.0,32.838,45.50,40.33,9,59.20
2014-06-24,175,13,38.7,39.2,29.6,32,0.72,781.0,33.626,47.12,41.46,10,61.46
2014-06-25,176,12,38.5,39.3,29.7,31,0.45,884.0,34.303,47.33,40.7,11,62.73
2014-06-26,177,13,37.6,37.9,30.0,34,1.97,680.0,31.633,45.24,40.12,12,56.31
2014-06-27,178,12,37.1,37.6,29.2,38,1.43,798.0,32.475,45.71,40.64,13,57.50
2014-06-28,179,14,36.3,36.3,28.7,43,2.06,736.0,32.062,44.58,40.89,0,45.41
2014-06-29,180,13,37.5,37.5,27.7,42,1.93,873.0,33.28,46.67,43.18,1,50.57
2014-06-30,181,14,35.9,35.9,26.5,47,3.18,695.0,31.841,43.48,41.6,0,41.90
2014-07-01,182,13,36.1,36.2,28.3,45,0.3,754.0,34.194,44.49,41.24,0,49.04
2014-07-02,183,13,36.3,36.3,28.5,43,1.71,782.0,32.343,44.98,40.89,0,46.00
2014-07-03,184,14,37.0,37.0,29.5,37,1.2,726.0,32.269,45.24,40.06,1,48.57
2014-07-04,185,14,37.1,37.1,28.3,39,0.61,709.0,33.536,45.58,41.03,2,51.83
2014-07-05,186,12,36.3,37.0,27.0,43,1.0,846.0,33.13,45.55,40.89,3,51.14
2014-07-06,187,11,34.3,34.3,27.4,50,3.06,797.0,31.026,42.26,39.06,0,39.58
2014-07-07,188,13,33.3,33.3,26.5,53,0.91,678.0,31.561,42.14,37.84,0,39.00
2014-07-08,189,11,33.2,33.8,26.4,53,4.57,726.0,29.995,39.78,37.62,0,34.14
2014-07-09,190,15,31.7,31.9,26.1,58,2.76,336.0,28.847,37.35,35.82,0,29.20
2014-07-10,191,14,30.1,30.2,26.0,64,4.59,245.0,27.568,33.58,33.88,0,23.22
2014-07-11,192,16,31.3,31.3,26.7,54,2.97,139.0,27.353,34.51,34.0,0,24.35
2014-07-12,193,16,34.0,34.0,27.6,44,3.45,369.0,29.037,38.82,36.52,0,32.62
2014-07-13,194,15,34.1,34.1,28.1,49,5.2,647.0,30.071,40.04,38.27,0,36.69
2014-07-14,195,15,31.6,31.8,28.2,57,4.29,140.0,27.869,34.12,35.34,0,27.28
2014-07-15,196,13,33.2,33.2,28.2,48,5.1,515.0,28.933,38.11,36.12,0,32.47
2014-07-16,197,15,36.0,36.0,28.0,41,3.96,651.0,30.784,42.49,39.5,0,40.15
2014-07-17,198,14,36.6,36.6,27.9,37,2.92,759.0,31.081,44.10,39.28,0,41.68
2014-07-18,199,13,36.3,36.3,28.4,39,2.52,865.0,31.463,44.59,39.39,0,43.37
2014-07-19,200,15,35.3,35.3,28.9,38,3.01,422.0,29.465,40.68,37.17,0,36.54
2014-07-20,201,16,35.3,35.3,29.1,38,5.08,260.0,28.821,38.49,37.17,0,33.97
2014-07-21,202,14,36.7,36.7,28.6,35,5.12,586.0,30.126,42.32,38.79,0,39.22
2014-07-22,203,15,36.1,36.1,28.3,37,4.42,498.0,29.897,41.34,38.33,0,37.56
2014-07-23,204,15,37.1,37.1,28.0,34,6.2,461.0,29.981,42.06,39.19,1,39.88
2014-07-24,205,14,36.2,36.2,28.9,37,2.12,506.0,30.519,42.76,38.52,0,40.53
2014-07-25,206,13,37.2,37.2,28.6,34,2.22,766.0,31.343,45.06,39.37,1,45.38
2014-07-26,207,13,35.2,35.2,28.5,41,1.56,508.0,30.556,42.16,37.9,0,39.47
2014-07-27,208,13,34.9,34.9,25.7,40,3.97,485.0,29.383,40.12,37.03,0,32.19
2014-07-28,209,15,32.6,32.9,26.7,46,2.1,242.0,28.016,37.28,34.48,0,27.77
2014-07-29,210,15,35.2,35.3,28.4,39,0.5,338.0,30.797,41.13,37.29,0,38.84
2014-07-30,211,11,34.6,35.3,28.9,39,4.18,735.0,29.346,40.92,36.21,0,36.13
2014-07-31,212,13,37.2,37.2,28.9,35,5.02,811.0,30.887,44.09,39.72,1,44.30
2014-08-01,213,13,35.9,36.1,28.9,42,2.47,770.0,31.445,43.92,39.65,0,43.54
2014-08-02,214,15,33.3,33.8,26.9,45,2.1,283.0,28.629,38.38,35.49,0,30.34
2014-08-03,215,11,35.5,35.7,28.4,39,4.4,733.0,30.083,41.93,37.84,0,38.28
2014-08-04,216,13,37.7,37.7,28.4,33,4.3,676.0,30.876,44.20,39.95,1,43.86
2014-08-05,217,11,36.1,36.1,28.1,37,4.61,733.0,30.243,42.51,38.33,0,38.83
2014-08-06,218,12,36.1,36.1,27.3,38,3.11,673.0,30.617,43.02,38.66,0,39.09
2014-08-07,219,11,34.4,34.4,27.0,42,3.08,647.0,29.723,41.09,36.69,0,34.92
2014-08-08,220,13,34.5,35.0,26.5,45,2.86,602.0,30.226,41.33,37.8,0,35.88
2014-08-09,221,12,30.9,31.1,25.2,59,3.05,539.0,28.607,37.50,34.39,0,27.27
2014-08-10,222,15,32.6,32.6,24.5,53,2.7,456.0,29.349,38.91,36.33,0,29.59
2014-08-11,223,13,32.9,32.9,25.3,56,3.64,831.0,30.437,40.69,37.91,0,34.45
2014-08-12,224,15,32.3,32.3,24.7,57,1.06,495.0,30.47,40.28,36.86,0,33.13
2014-08-13,225,13,32.0,32.0,26.8,55,4.71,792.0,29.223,38.62,35.64,0,31.57
2014-08-14,226,13,33.2,33.2,26.8,52,0.22,720.0,32.458,41.09,37.3,0,40.08
2014-08-15,227,13,33.7,33.7,26.1,52,0.9,822.0,32.171,43.20,38.4,0,40.66
2014-08-16,228,13,32.4,32.5,25.8,56,1.2,751.0,30.959,41.57,36.78,0,36.24
2014-08-17,229,13,33.0,33.0,26.0,56,2.56,827.0,30.842,41.66,38.14,0,36.82
2014-08-18,230,12,31.7,31.9,25.6,62,0.58,826.0,32.243,41.94,36.97,0,38.77
2014-08-19,231,13,31.9,31.9,25.2,63,4.72,850.0,30.173,39.34,37.76,0,32.81
2014-08-20,232,14,31.9,31.9,26.5,64,4.52,798.0,30.253,39.31,38.08,0,34.57
2014-08-21,233,13,31.2,31.2,26.3,67,5.0,755.0,29.804,38.17,37.22,0,32.35
2014-08-22,234,12,30.9,31.0,26.1,66,3.67,857.0,29.797,39.04,36.19,0,32.35
2014-08-23,235,12,31.1,31.1,25.5,69,3.5,859.0,30.369,39.70,37.56,0,33.71
2014-08-24,236,14,32.6,32.6,26.5,61,4.1,759.0,30.572,40.07,38.85,0,36.01
2014-08-25,237,13,31.9,32.1,25.5,59,2.62,692.0,29.942,39.89,36.55,0,32.67
2014-08-26,238,14,31.4,31.6,25.6,60,1.99,445.0,29.305,38.56,35.71,0,30.31
2014-08-27,239,16,30.0,30.0,26.6,63,2.47,221.0,27.581,35.00,33.45,0,24.81
2014-08-28,240,12,30.6,31.1,25.4,59,5.73,777.0,28.252,36.59,33.79,0,25.95
2014-08-29,241,14,32.5,32.5,26.7,50,4.97,471.0,28.511,37.13,35.3,0,28.91
2014-08-30,242,13,33.2,33.5,27.6,54,5.52,863.0,30.167,40.11,37.94,0,36.22
2014-08-31,243,14,35.0,35.0,27.6,42,4.5,628.0,29.935,40.90,37.83,0,36.31
2014-09-01,244,14,33.8,33.8,27.3,47,4.12,511.0,29.458,39.25,37.01,0,33.56
2014-09-02,245,13,33.5,33.5,25.7,53,4.27,796.0,30.42,40.66,38.29,0,35.01
2014-09-03,246,13,32.4,32.4,26.0,55,3.4,697.0,29.701,39.56,36.49,0,32.54
2014-09-04,247,12,29.6,29.6,25.3,70,4.24,441.0,28.222,35.12,34.08,0,24.82
2014-09-05,248,14,32.4,32.4,25.9,57,2.62,595.0,29.978,39.85,37.08,0,33.37
2014-09-06,249,15,32.8,32.8,26.7,50,1.14,410.0,29.708,39.68,35.89,0,33.23
2014-09-07,250,13,32.5,32.8,26.3,54,3.75,595.0,29.421,38.82,36.41,0,31.80
2014-09-08,251,14,33.9,33.9,26.1,47,3.32,769.0,30.14,41.23,37.21,0,34.96
2014-09-09,252,13,34.3,34.3,26.6,45,1.25,929.0,31.541,43.62,37.4,0,39.98
2014-09-10,253,13,34.2,34.4,26.6,41,0.58,801.0,31.674,42.83,36.04,0,39.16
2014-09-11,254,13,34.5,34.6,26.1,44,2.42,925.0,30.792,43.09,37.48,0,37.63
2014-09-12,255,12,34.2,34.6,27.2,47,0.82,945.0,32.369,43.90,37.83,0,42.61
2014-09-13,256,11,33.0,33.0,26.2,52,1.77,780.0,30.62,41.73,36.88,0,36.22
2014-09-14,257,12,33.5,33.5,26.3,51,1.75,731.0,30.856,42.03,37.63,0,37.28
2014-09-15,258,13,33.8,33.8,25.8,51,0.14,742.0,32.941,41.22,38.29,0,40.29
2014-09-16,259,12,30.3,30.8,25.5,63,5.42,640.0,28.284,35.92,34.08,0,25.76
2014-09-17,260,13,32.9,32.9,26.5,54,3.94,829.0,30.114,40.32,37.27,0,34.74
2014-09-18,261,11,27.5,27.6,25.1,75,5.22,232.0,26.19,30.41,30.29,0,15.94
2014-09-19,262,14,33.7,33.7,26.0,54,0.9,747.0,32.248,43.05,39.09,0,40.84
2014-09-20,263,13,32.9,32.9,26.7,57,2.2,797.0,30.973,41.78,38.24,0,38.01
2014-09-21,264,13,32.5,32.6,26.4,57,0.36,719.0,32.45,41.54,37.31,0,39.93
2014-09-22,265,13,32.0,32.2,25.4,62,0.76,666.0,31.675,41.45,37.69,0,37.38
2014-09-23,266,11,32.3,32.4,26.0,63,2.06,873.0,31.347,42.02,38.77,0,38.27
2014-09-24,267,12,31.9,32.0,26.0,60,1.77,776.0,30.599,41.07,36.84,0,35.45
2014-09-25,268,11,31.3,31.3,26.4,63,2.19,735.0,30.099,40.07,36.31,0,34.06
2014-09-26,269,12,31.1,31.1,25.5,63,2.52,888.0,30.04,40.21,35.85,0,32.82
2014-09-27,270,11,30.5,30.6,25.2,71,2.79,806.0,30.142,39.53,36.56,0,32.44
2014-09-28,271,11,29.9,30.8,25.6,76,3.0,713.0,29.889,38.60,36.29,0,31.66
2014-09-29,272,11,30.7,31.0,25.7,69,3.35,785.0,29.915,39.00,36.52,0,32.20
2014-09-30,273,11,30.8,31.4,25.5,70,3.28,757.0,30.096,39.15,37.07,0,32.62
2014-10-01,274,12,31.6,31.8,24.7,60,2.56,871.0,30.111,40.47,36.16,0,32.33
2014-10-02,275,11,31.4,32.1,22.9,57,1.8,903.0,29.995,40.77,34.93,0,29.77
2014-10-03,276,13,31.4,31.4,24.2,60,2.97,774.0,29.628,39.44,35.71,0,29.92
2014-10-04,277,11,32.3,32.9,24.0,53,0.61,839.0,31.652,41.86,35.71,0,35.26
2014-10-05,278,11,33.0,33.6,24.5,51,1.2,860.0,31.108,42.33,36.58,0,35.48
2014-10-06,279,11,34.2,34.4,25.1,48,2.33,896.0,31.085,42.96,38.16,0,37.18
2014-10-07,280,11,30.8,31.1,24.4,66,1.97,713.0,30.034,39.81,35.95,0,31.28
2014-10-08,281,12,31.7,31.7,24.6,58,1.8,826.0,30.251,40.87,35.82,0,32.64
2014-10-09,282,12,32.1,32.1,25.4,56,2.64,805.0,29.949,40.41,36.13,0,32.78
2014-10-10,283,13,33.1,33.1,25.5,50,1.0,572.0,30.587,41.05,36.49,0,34.71
2014-10-11,284,12,33.3,33.7,27.0,54,3.65,548.0,30.088,39.65,38.17,0,35.13
2014-10-12,285,11,34.2,34.4,28.2,49,3.51,661.0,30.464,41.09,38.49,0,38.39
2014-10-13,286,12,35.7,36.1,26.0,38,2.44,877.0,30.836,43.90,37.9,0,38.34
2014-10-14,287,11,33.7,34.1,26.5,52,3.35,874.0,30.789,41.79,38.4,0,37.49
2014-10-15,288,11,30.5,31.5,25.5,69,3.1,755.0,29.744,38.84,36.02,0,31.34
2014-10-16,289,14,31.0,31.0,25.0,61,3.94,717.0,29.049,37.94,35.1,0,28.45
2014-10-17,290,13,28.6,28.6,24.9,77,3.11,394.0,28.096,35.15,33.09,0,23.77
2014-10-18,291,10,27.1,27.2,24.3,84,3.26,338.0,27.19,33.28,30.37,0,19.00
2014-10-19,292,11,25.8,26.0,24.3,93,1.66,175.0,26.641,32.82,26.33,0,16.38
2014-10-20,293,11,26.8,26.8,24.4,87,2.62,276.0,27.152,33.40,30.05,0,19.01
2014-10-21,294,13,28.9,28.9,24.5,78,3.54,582.0,28.777,36.31,34.05,0,25.79
2014-10-22,295,13,29.2,29.2,24.6,74,4.68,710.0,28.65,36.06,33.98,0,25.46
2014-10-23,296,14,27.4,27.6,24.5,81,3.49,361.0,27.197,33.33,30.77,0,19.43
2014-10-24,297,11,29.0,29.0,24.1,76,3.21,738.0,29.006,37.37,33.9,0,26.46
2014-10-25,298,11,29.3,29.3,24.2,78,2.41,731.0,29.747,38.70,35.12,0,29.39
2014-10-26,299,11,28.7,28.7,24.2,80,0.8,595.0,30.238,38.84,33.92,0,29.97
2014-10-27,300,11,29.1,29.8,23.9,74,0.54,711.0,30.891,39.49,33.74,0,31.26
2014-10-28,301,12,29.3,29.3,24.1,68,3.2,691.0,28.363,36.90,33.0,0,24.58
2014-10-29,302,11,28.8,28.9,25.0,70,5.8,651.0,27.61,34.35,32.3,0,22.10
2014-10-30,303,12,29.8,29.8,24.9,59,7.03,851.0,27.459,35.64,32.27,0,22.62
2014-10-31,304,11,27.8,27.8,24.1,73,6.77,529.0,26.703,32.24,30.66,0,17.20
2014-11-01,305,13,27.0,27.1,21.3,79,4.49,331.0,26.406,31.47,29.65,0,13.26
2014-11-02,306,14,27.3,27.3,23.9,83,5.46,470.0,27.26,32.44,30.76,0,18.21
2014-11-03,307,11,28.4,28.4,24.5,74,4.29,415.0,27.443,33.67,32.09,0,20.63
2014-11-04,308,12,29.7,29.8,23.5,62,4.8,713.0,27.798,35.78,32.65,0,21.87
2014-11-05,309,11,30.0,30.3,22.7,53,3.75,695.0,27.183,36.28,31.54,0,19.72
2014-11-06,310,11,31.3,31.3,21.4,48,4.51,852.0,27.817,37.73,32.71,0,21.58
2014-11-07,311,12,31.0,31.0,21.1,51,4.4,864.0,27.965,37.65,32.82,0,21.85
2014-11-08,312,12,30.1,30.3,22.8,54,2.83,739.0,27.699,37.49,31.88,0,21.81
2014-11-09,313,13,30.3,30.4,24.0,55,2.33,756.0,28.21,38.31,32.4,0,24.96
2014-11-10,314,11,29.3,29.6,22.7,63,1.4,745.0,28.714,38.46,32.07,0,24.39
2014-11-11,315,13,29.8,29.8,23.6,70,4.49,729.0,28.851,36.74,34.56,0,25.38
2014-11-12,316,11,25.7,25.8,24.3,90,5.33,251.0,25.953,29.19,26.19,0,12.46
2014-11-13,317,10,26.2,26.2,24.0,86,4.16,256.0,26.178,30.63,26.66,0,13.57
2014-11-14,318,12,28.2,28.2,24.0,83,3.3,539.0,28.582,35.86,33.11,0,24.16
2014-11-15,319,12,28.8,28.8,24.0,78,3.28,704.0,28.948,37.05,33.79,0,25.97
2014-11-16,320,14,28.4,28.4,23.8,74,4.4,622.0,27.791,34.80,32.09,0,21.29
2014-11-17,321,13,28.7,28.7,23.6,66,5.33,797.0,27.342,34.89,31.43,0,20.02
2014-11-18,322,13,28.9,28.9,24.4,68,5.47,657.0,27.537,34.52,32.16,0,21.33
2014-11-19,323,12,29.0,29.0,24.4,63,4.86,801.0,27.369,35.36,31.51,0,21.38
2014-11-20,324,13,28.8,28.8,23.4,64,5.77,774.0,27.131,34.58,31.3,0,19.12
2014-11-21,325,13,29.0,29.0,22.9,62,4.61,751.0,27.229,35.23,31.35,0,19.22
2014-11-22,326,11,27.7,27.8,23.6,75,4.33,536.0,27.09,33.58,30.71,0,18.34
2014-11-23,327,11,28.6,28.7,22.8,64,4.46,723.0,27.059,34.85,30.94,0,18.35
2014-11-24,328,12,28.4,28.4,23.5,62,5.9,718.0,26.448,33.64,30.32,0,16.90
2014-11-25,329,11,27.9,27.9,23.3,58,7.08,722.0,25.428,32.49,29.09,0,13.46
2014-11-26,330,13,27.8,27.8,23.5,56,6.74,621.0,25.011,31.78,28.76,0,12.27
2014-11-27,331,13,27.9,27.9,23.3,57,6.44,644.0,25.274,32.17,28.99,0,12.90
2014-11-28,332,11,27.8,27.8,23.7,64,7.24,566.0,25.771,31.81,29.59,0,14.27
2014-11-29,333,13,26.6,26.6,24.3,71,7.37,350.0,25.02,29.09,26.88,0,10.62
2014-11-30,334,11,27.7,27.7,24.8,66,7.56,387.0,25.596,30.58,29.64,0,14.35
2014-12-01,335,11,28.0,28.3,24.1,63,6.51,357.0,25.572,30.77,29.79,0,13.68
2014-12-02,336,11,28.3,28.3,21.9,60,5.19,791.0,26.322,34.10,29.9,0,15.09
2014-12-03,337,11,27.9,28.0,19.2,57,3.85,769.0,25.817,34.39,28.99,0,14.01
2014-12-04,338,11,27.7,28.0,20.0,57,3.58,783.0,25.714,34.50,28.73,0,13.80
2014-12-05,339,11,27.4,27.5,18.8,55,3.49,758.0,25.198,34.04,28.19,0,12.29
2014-12-06,340,13,27.8,27.8,22.3,56,4.25,621.0,25.309,33.11,28.76,0,12.39
2014-12-07,341,12,28.0,28.1,22.0,65,3.96,454.0,26.234,33.11,30.03,0,14.26
2014-12-08,342,12,28.7,28.7,23.4,65,3.88,567.0,27.113,34.70,31.27,0,19.16
2014-12-09,343,12,27.5,27.7,23.4,78,3.47,458.0,27.202,33.91,30.64,0,18.52
2014-12-10,344,11,27.2,27.2,23.6,78,3.2,543.0,27.133,34.35,29.98,0,18.70
2014-12-11,345,11,27.9,28.3,23.2,80,3.26,602.0,28.109,35.61,31.85,0,21.68
2014-12-12,346,10,27.3,27.9,23.7,83,2.82,426.0,27.579,34.57,30.76,0,20.11
2014-12-13,347,12,26.8,26.8,23.6,76,4.98,489.0,26.158,31.73,28.98,0,14.59
2014-12-14,348,12,28.3,28.5,23.8,65,3.81,711.0,26.987,35.05,30.55,0,19.38
2014-12-15,349,13,27.7,27.7,22.5,73,4.46,658.0,27.062,34.01,30.46,0,17.22
2014-12-16,350,12,27.5,27.5,23.5,82,4.96,573.0,27.582,33.57,31.13,0,19.30
2014-12-17,351,13,28.2,28.2,24.7,66,6.92,651.0,26.504,32.99,30.51,0,18.01
2014-12-18,352,13,28.1,28.1,24.9,65,6.82,699.0,26.374,33.07,30.2,0,17.94
2014-12-19,353,12,27.4,27.4,24.2,66,7.71,695.0,25.74,32.05,29.15,0,14.80
2014-12-20,354,13,26.6,26.8,23.0,62,5.83,573.0,24.57,30.65,26.77,0,9.38
2014-12-21,355,12,26.9,27.0,22.6,59,5.41,695.0,24.753,31.78,27.89,0,10.40
2014-12-22,356,13,27.1,27.1,23.0,60,6.08,707.0,24.985,31.80,28.21,0,11.44
2014-12-23,357,11,27.6,27.6,21.8,60,5.11,558.0,25.344,32.08,28.88,0,11.41
2014-12-24,358,11,27.6,27.9,23.2,63,5.95,683.0,25.756,32.50,29.17,0,14.00
2014-12-25,359,11,27.6,27.6,21.8,63,6.62,702.0,25.712,32.37,29.17,0,12.42
2014-12-26,360,12,26.9,26.9,21.4,57,7.47,655.0,24.278,30.73,27.76,0,8.00
2014-12-27,361,11,26.8,26.8,21.7,57,7.29,571.0,24.088,30.13,27.64,0,7.17
2014-12-28,362,11,26.7,26.7,23.3,71,7.12,252.0,24.94,28.42,28.43,0,9.35
2014-12-29,363,11,23.8,24.0,22.0,95,6.2,115.0,24.117,24.52,24.26,0,4.00
2014-12-30,364,15,25.9,25.9,21.8,77,5.87,280.0,24.91,28.46,26.23,0,7.28
2014-12-31,365,12,28.0,28.3,23.3,70,6.11,652.0,26.817,33.19,30.67,0,17.18
2015-01-01,1,13,28.6,28.7,22.0,71,1.63,690.0,28.638,37.84,32.04,0,22.96
2015-01-02,2,12,28.6,28.6,23.3,75,2.98,719.0,28.547,36.94,32.73,0,23.92
2015-01-03,3,13,28.4,28.4,23.3,79,2.61,628.0,28.717,36.97,32.94,0,24.34
2015-01-04,4,13,28.3,28.3,23.0,77,2.31,612.0,28.487,36.92,32.35,0,23.30
2015-01-05,5,12,28.1,28.4,21.6,67,3.42,742.0,27.148,35.47,30.46,0,17.85
2015-01-06,6,11,27.0,27.7,21.5,76,1.88,591.0,27.267,35.70,29.37,0,17.83
2015-01-07,7,11,27.6,28.0,20.8,69,2.0,740.0,27.369,36.51,29.8,0,18.77
2015-01-08,8,11,27.0,27.6,21.5,75,1.75,620.0,27.297,35.91,29.28,0,18.01
2015-01-09,9,11,26.8,26.8,21.3,70,2.97,536.0,25.976,33.58,28.52,0,13.55
2015-01-10,10,11,26.9,27.0,18.1,58,4.59,757.0,24.85,32.62,27.82,0,10.47
2015-01-11,11,11,26.2,26.4,19.8,54,4.53,606.0,23.555,30.87,26.24,0,6.46
2015-01-12,12,13,26.7,26.7,20.8,50,5.44,751.0,23.648,31.41,27.14,0,7.07
2015-01-13,13,13,27.2,27.2,19.0,49,4.74,826.0,24.187,32.78,27.54,0,9.23
2015-01-14,14,12,26.7,26.7,19.8,52,4.46,847.0,24.153,32.68,27.25,0,8.98
2015-01-15,15,12,27.7,27.7,18.9,55,2.48,752.0,25.763,35.36,28.55,0,14.44
2015-01-16,16,13,27.6,27.6,21.6,62,5.25,724.0,25.789,33.01,29.07,0,12.99
2015-01-17,17,10,27.2,28.1,21.0,63,4.1,639.0,25.571,33.03,28.58,0,12.41
2015-01-18,18,11,27.6,27.7,21.2,51,3.5,763.0,24.931,34.07,28.09,0,11.77
2015-01-19,19,12,27.4,27.5,21.1,53,4.66,799.0,24.802,33.10,28.03,0,10.81
2015-01-20,20,12,27.5,27.5,20.3,50,4.72,860.0,24.621,33.33,27.91,0,10.59
2015-01-21,21,12,27.2,27.2,20.5,52,4.94,871.0,24.558,32.98,27.74,0,10.15
2015-01-22,22,13,27.0,27.0,21.1,71,4.47,673.0,26.208,33.11,28.94,0,13.81
2015-01-23,23,12,27.3,27.3,22.3,68,3.89,720.0,26.359,34.05,29.18,0,15.21
2015-01-24,24,13,27.3,27.3,22.3,68,4.0,694.0,26.297,33.81,29.18,0,14.92
2015-01-25,25,11,26.5,26.9,21.1,59,4.82,720.0,24.499,31.85,26.62,0,8.94
2015-01-26,26,13,27.1,27.2,21.3,52,4.33,591.0,24.158,31.87,27.64,0,8.56
2015-01-27,27,13,26.8,26.8,21.8,58,5.6,544.0,24.308,30.63,27.71,0,7.97
2015-01-28,28,11,27.2,27.2,21.4,55,3.69,545.0,24.616,32.45,27.96,0,9.96
2015-01-29,29,11,27.7,27.7,21.6,59,4.39,686.0,25.628,33.38,28.92,0,12.90
2015-01-30,30,14,28.2,28.2,22.2,55,4.03,753.0,25.807,34.39,29.18,0,14.29
2015-01-31,31,13,28.2,28.2,21.0,55,4.38,863.0,25.896,34.62,29.18,0,14.39
2015-02-01,32,14,28.0,28.0,21.1,56,4.53,633.0,25.468,33.18,29.02,0,12.49
2015-02-02,33,12,28.0,28.1,21.6,59,5.2,815.0,25.963,33.80,29.34,0,13.99
2015-02-03,34,13,28.3,28.3,22.3,52,5.78,790.0,25.335,33.40,29.0,0,12.74
2015-02-04,35,13,28.2,28.2,22.5,55,5.69,792.0,25.603,33.48,29.18,0,13.60
2015-02-05,36,12,28.4,28.6,21.2,52,4.1,869.0,25.795,34.95,29.12,0,14.42
2015-02-06,37,12,28.6,28.7,21.5,55,3.8,833.0,26.338,35.42,29.73,0,16.01
2015-02-07,38,11,28.2,28.7,20.1,55,3.3,768.0,25.993,35.14,29.18,0,14.95
2015-02-08,39,12,28.4,28.7,20.9,53,3.49,846.0,26.017,35.44,29.23,0,15.23
2015-02-09,40,13,28.4,28.4,22.1,48,4.39,862.0,25.255,34.51,28.71,0,13.05
2015-02-10,41,12,28.4,28.4,21.8,50,4.74,680.0,25.179,33.44,28.91,0,12.09
2015-02-11,42,12,27.4,27.5,21.4,66,5.02,712.0,26.043,33.08,29.15,0,13.55
2015-02-12,43,12,29.3,29.5,22.5,55,3.82,789.0,26.911,35.98,30.76,0,18.47
2015-02-13,44,12,29.7,30.3,20.7,54,1.91,887.0,27.981,38.53,31.23,0,21.92
2015-02-14,45,13,30.9,30.9,19.3,49,2.97,918.0,28.048,38.77,32.26,0,22.60
2015-02-15,46,12,30.8,31.6,20.5,44,1.88,930.0,27.809,39.31,31.25,0,22.17
2015-02-16,47,12,30.1,30.7,21.4,51,2.55,931.0,27.748,38.42,31.36,0,21.45
2015-02-17,48,13,30.5,30.8,20.0,47,2.22,929.0,27.749,38.90,31.3,0,21.78
2015-02-18,49,12,29.8,30.2,19.2,51,4.49,904.0,26.916,36.35,30.91,0,18.22
2015-02-19,50,13,30.3,30.3,19.6,45,3.89,943.0,26.784,37.24,30.71,0,18.54
2015-02-20,51,13,29.6,29.6,21.1,49,3.6,942.0,26.734,36.88,30.33,0,18.04
2015-02-21,52,12,29.2,29.8,20.4,49,2.72,905.0,26.586,37.08,29.8,0,17.71
2015-02-22,53,11,29.3,30.5,20.1,48,2.02,858.0,26.781,37.55,29.8,0,18.41
2015-02-23,54,10,27.3,30.4,19.7,61,1.22,739.0,26.772,36.34,28.55,0,17.05
2015-02-24,55,11,29.3,30.9,19.4,52,1.8,893.0,27.456,38.10,30.33,0,20.29
2015-02-25,56,10,27.2,30.8,18.9,62,1.43,748.0,26.623,36.19,28.5,0,16.65
2015-02-26,57,12,30.2,30.9,20.1,50,1.97,864.0,27.875,38.68,31.35,0,21.87
2015-02-27,58,11,30.1,30.5,23.2,60,3.26,721.0,28.254,37.38,33.02,0,23.67
2015-02-28,59,11,29.3,29.5,24.1,64,4.46,661.0,27.623,35.39,32.25,0,21.80
2015-03-01,60,11,29.9,30.0,24.6,59,5.02,767.0,27.685,35.97,32.45,0,23.00
2015-03-02,61,12,29.6,30.0,24.3,63,4.38,766.0,27.962,36.26,32.65,0,23.45
2015-03-03,62,12,31.5,31.7,23.9,56,2.84,873.0,29.439,39.82,34.88,0,29.18
2015-03-04,63,13,32.3,32.3,24.1,54,4.16,874.0,29.584,39.61,35.99,0,29.95
2015-03-05,64,12,32.0,32.0,24.4,56,3.61,887.0,29.698,39.83,35.92,0,30.65
2015-03-06,65,12,31.6,31.9,25.2,56,2.79,883.0,29.563,40.02,35.08,0,31.15
2015-03-07,66,11,30.8,31.5,25.0,59,2.56,786.0,29.109,39.08,34.19,0,29.05
2015-03-08,67,12,31.4,31.4,24.2,55,4.02,890.0,28.936,38.74,34.43,0,27.63
2015-03-09,68,11,30.7,30.9,23.5,55,3.11,813.0,28.406,38.32,33.11,0,25.02
2015-03-10,69,11,30.1,30.9,22.8,52,3.64,798.0,27.336,36.93,31.53,0,20.59
2015-03-11,70,12,30.9,31.0,22.3,48,3.98,904.0,27.633,37.84,32.08,0,21.43
2015-03-12,71,12,31.4,31.4,24.8,51,4.62,844.0,28.261,37.91,33.51,0,26.12
2015-03-13,72,12,31.6,31.9,23.7,50,3.5,907.0,28.637,39.14,33.64,0,26.48
2015-03-14,73,13,31.7,31.7,23.8,45,4.11,966.0,28.007,38.79,32.76,0,24.83
2015-03-15,74,12,31.5,31.5,24.5,54,4.21,826.0,28.777,38.39,34.39,0,27.41
2015-03-16,75,12,31.8,32.0,22.4,48,3.62,926.0,28.554,39.25,33.55,0,24.85
2015-03-17,76,12,31.8,32.2,21.9,46,3.26,993.0,28.481,39.70,33.12,0,24.41
2015-03-18,77,13,34.4,34.4,21.2,33,3.38,994.0,28.761,42.01,34.43,0,27.10
2015-03-19,78,12,33.4,33.8,21.9,42,3.19,1000.0,29.368,41.42,34.9,0,27.99
2015-03-20,79,12,32.2,32.4,22.4,47,3.16,979.0,28.981,40.24,34.02,0,26.55
2015-03-21,80,11,32.2,33.9,22.0,45,1.7,945.0,29.326,41.07,33.57,0,27.17
2015-03-22,81,13,35.2,35.2,21.5,34,3.33,984.0,29.605,42.99,35.9,0,29.95
2015-03-23,82,13,34.2,34.2,24.0,46,4.62,967.0,30.264,41.62,37.51,0,33.13
2015-03-24,83,12,33.8,33.9,23.5,49,4.72,991.0,30.334,41.35,37.63,0,32.53
2015-03-25,84,13,32.8,32.8,24.0,50,4.92,946.0,29.477,39.87,35.89,0,29.78
2015-03-26,85,11,31.4,32.1,24.4,54,3.38,895.0,28.973,39.20,34.19,0,28.18
2015-03-27,86,13,32.4,32.4,24.9,49,3.67,910.0,29.189,39.91,34.86,0,29.93
2015-03-28,87,12,33.4,33.6,24.1,48,3.45,953.0,30.069,41.39,36.51,0,32.35
2015-03-29,88,11,32.7,33.3,25.1,50,2.87,903.0,29.809,40.92,35.69,0,32.38
2015-03-30,89,11,33.1,33.2,25.9,50,4.13,909.0,29.847,40.51,36.49,0,33.38
2015-03-31,90,13,33.1,33.1,26.0,54,4.42,887.0,30.282,40.52,37.72,0,34.79
2015-04-01,91,13,33.1,33.1,26.1,54,4.33,791.0,30.166,40.16,37.72,0,34.42
2015-04-02,92,12,34.4,34.6,26.5,47,4.69,926.0,30.519,41.74,38.25,0,36.89
2015-04-03,93,12,36.2,36.8,26.4,42,3.51,993.0,31.719,44.59,40.29,0,41.86
2015-04-04,94,12,36.2,36.6,27.5,43,3.75,961.0,31.768,44.39,40.67,0,43.24
2015-04-05,95,13,35.5,35.5,27.3,47,5.76,970.0,31.389,43.11,40.67,0,41.36
2015-04-06,96,13,34.8,34.8,26.9,46,6.26,961.0,30.547,42.02,38.75,0,37.80
2015-04-07,97,13,34.7,34.7,26.7,49,5.77,951.0,30.931,42.08,39.6,0,38.66
2015-04-08,98,11,32.4,32.7,26.6,59,5.44,839.0,30.037,39.33,37.7,0,34.16
2015-04-09,99,13,33.2,33.2,26.2,57,5.16,877.0,30.617,40.51,38.95,0,36.10
2015-04-10,100,12,33.9,34.2,26.5,48,4.02,965.0,30.394,41.68,37.53,0,36.34
2015-04-11,101,13,34.8,34.8,25.7,41,4.83,944.0,29.996,41.92,37.14,0,34.69
2015-04-12,102,11,33.5,33.7,25.4,46,2.68,848.0,29.964,41.52,36.13,0,33.61
2015-04-13,103,14,32.2,32.2,26.5,48,3.64,666.0,28.515,38.51,34.25,0,29.29
2015-04-14,104,10,31.5,33.6,24.6,47,0.76,790.0,29.691,40.20,32.84,0,29.99
2015-04-15,105,11,29.2,29.2,22.8,65,1.98,667.0,28.318,37.65,32.23,0,23.23
2015-04-16,106,12,31.1,31.5,24.4,67,1.62,874.0,30.951,41.25,36.97,0,34.43
2015-04-17,107,12,32.0,32.0,25.1,58,1.92,894.0,30.581,41.42,36.48,0,34.49
2015-04-18,108,11,32.2,33.2,25.1,57,0.72,881.0,31.909,42.23,36.63,0,37.64
2015-04-19,109,12,33.0,33.3,24.5,52,2.98,902.0,30.304,41.33,36.88,0,33.35
2015-04-20,110,13,33.0,33.0,25.8,54,3.31,855.0,30.394,41.02,37.49,0,35.04
2015-04-21,111,13,33.0,33.0,25.4,58,3.7,833.0,30.768,40.94,38.81,0,35.72
2015-04-22,112,13,34.2,34.2,26.5,53,5.08,897.0,31.055,41.65,39.92,0,38.46
2015-04-23,113,13,35.8,35.8,27.7,49,4.79,953.0,32.072,43.82,42.2,0,44.20
2015-04-24,114,13,35.5,35.5,28.0,48,4.18,873.0,31.67,43.26,41.06,0,42.96
2015-04-25,115,13,33.7,33.7,25.5,55,5.02,875.0,30.841,41.06,39.45,0,36.30
2015-04-26,116,11,32.5,33.0,27.1,60,3.83,780.0,30.443,40.14,38.27,0,36.30
2015-04-27,117,13,33.0,33.0,26.8,60,4.7,849.0,30.841,40.57,39.52,0,37.48
2015-04-28,118,13,34.8,34.8,26.1,47,5.26,926.0,30.783,42.07,39.1,0,37.48
2015-04-29,119,13,35.5,35.5,26.8,48,5.94,948.0,31.483,43.08,41.06,0,41.08
2015-04-30,120,12,35.7,35.9,27.1,48,4.59,981.0,31.911,43.79,41.54,0,42.93
2015-05-01,121,13,36.8,36.8,27.6,45,5.25,952.0,32.303,44.74,42.88,0,45.44
2015-05-02,122,13,36.3,36.3,27.7,48,6.11,943.0,32.172,44.19,42.99,0,44.95
2015-05-03,123,11,35.1,35.3,27.7,52,4.95,926.0,31.796,42.96,41.73,0,42.88
2015-05-04,124,11,33.8,34.0,27.3,53,5.02,873.0,30.67,41.03,38.97,0,37.87
2015-05-05,125,11,33.0,33.4,26.9,57,3.11,821.0,30.777,41.27,38.47,0,37.59
2015-05-06,126,13,34.2,34.2,26.6,52,4.83,881.0,30.942,41.59,39.55,0,38.19
2015-05-07,127,13,35.2,35.2,27.4,51,4.36,917.0,31.843,43.21,41.56,0,42.74
2015-05-08,128,12,36.0,36.3,27.4,47,3.28,930.0,32.268,44.60,41.83,0,44.65
2015-05-09,129,11,35.6,36.0,28.0,49,5.16,911.0,31.78,43.27,41.71,0,43.42
2015-05-10,130,11,34.7,34.7,28.4,53,3.86,660.0,31.384,41.83,41.14,0,41.89
2015-05-11,131,11,32.7,32.7,28.5,59,4.08,603.0,30.181,39.29,38.42,0,36.88
2015-05-12,132,12,34.7,34.9,27.8,54,3.06,879.0,32.054,43.48,41.54,0,43.79
2015-05-13,133,11,32.1,32.1,26.6,64,1.94,586.0,30.778,40.63,38.59,0,36.82
2015-05-14,134,14,29.9,29.9,25.8,72,4.22,445.0,28.736,35.72,35.28,0,27.25
2015-05-15,135,12,31.1,31.4,26.0,70,2.32,696.0,30.58,40.15,37.87,0,35.14
2015-05-16,136,11,31.5,31.5,26.4,66,2.91,684.0,30.286,39.69,37.69,0,34.65
2015-05-17,137,11,31.5,31.5,26.1,66,3.2,743.0,30.306,39.70,37.69,0,34.35
2015-05-18,138,14,33.8,33.8,26.0,58,3.18,675.0,31.383,41.66,40.83,0,38.85
2015-05-19,139,13,35.5,35.8,27.2,54,4.74,916.0,32.454,43.74,43.64,0,44.82
2015-05-20,140,13,36.2,36.4,27.5,53,4.16,933.0,33.087,44.95,45.08,0,47.77
2015-05-21,141,14,37.9,37.9,28.7,47,5.7,818.0,33.355,45.90,46.65,1,52.62
2015-05-22,142,14,37.7,37.7,29.5,47,4.74,718.0,33.175,45.28,46.11,2,54.23
2015-05-23,143,13,38.3,38.4,29.7,43,4.62,906.0,33.362,46.60,45.59,3,57.24
2015-05-24,144,13,39.2,39.3,29.8,37,3.23,928.0,33.481,47.96,44.73,4,59.91
2015-05-25,145,13,39.8,40.1,30.3,33,2.15,935.0,33.68,48.93,44.11,5,63.01
2015-05-26,146,13,39.1,39.3,29.7,34,2.72,861.0,32.915,47.57,43.11,6,61.17
2015-05-27,147,12,38.9,39.1,29.5,37,3.52,944.0,33.167,47.50,44.06,7,61.72
2015-05-28,148,15,37.5,37.5,27.1,39,0.76,640.0,33.376,45.66,41.88,8,57.18
2015-05-29,149,13,37.7,37.7,28.5,42,3.42,919.0,32.955,46.26,43.65,9,59.11
2015-05-30,150,11,35.8,36.9,28.5,51,1.98,908.0,33.137,45.52,43.07,0,48.69
2015-05-31,151,13,36.9,36.9,28.6,47,5.0,904.0,32.671,44.91,44.04,0,47.85
2015-06-01,152,11,34.0,34.0,27.7,55,1.7,646.0,31.687,42.61,40.18,0,41.85
2015-06-02,153,13,35.1,35.2,27.8,50,0.4,813.0,34.202,44.62,40.91,0,48.44
2015-06-03,154,11,33.8,33.8,27.8,56,2.1,802.0,31.73,42.91,40.06,0,42.22
2015-06-04,155,13,34.5,34.5,27.8,56,4.65,878.0,31.769,42.41,41.85,0,42.60
2015-06-05,156,12,35.6,35.9,27.8,51,3.88,898.0,32.279,43.92,42.56,0,44.92
2015-06-06,157,12,34.9,34.9,27.6,51,2.31,733.0,31.853,43.36,40.83,0,42.83
2015-06-07,158,13,36.0,36.0,28.1,46,4.22,849.0,31.786,43.64,41.42,0,43.71
2015-06-08,159,12,35.7,36.0,28.4,46,1.5,835.0,32.514,44.86,40.73,0,46.06
2015-06-09,160,11,34.2,35.2,28.3,50,0.81,785.0,32.411,43.48,38.84,0,44.04
2015-06-10,161,13,35.9,36.1,26.8,46,0.95,868.0,33.347,45.47,41.19,0,46.37
2015-06-11,162,13,37.1,37.2,28.1,40,1.71,863.0,32.726,46.06,41.43,1,48.90
2015-06-12,163,13,34.5,34.5,26.9,52,2.31,809.0,31.762,43.30,40.26,0,41.58
2015-06-13,164,14,35.7,35.7,27.6,44,3.1,746.0,31.327,43.29,39.96,0,41.46
2015-06-14,165,13,35.6,35.6,27.5,43,1.7,784.0,31.738,44.15,39.39,0,42.53
2015-06-15,166,14,36.1,36.1,27.5,40,2.69,745.0,31.186,43.76,39.34,0,41.19
2015-06-16,167,13,33.9,34.3,26.1,47,5.02,579.0,29.535,39.34,37.21,0,32.45
2015-06-17,168,11,29.0,29.0,26.2,69,2.92,246.0,27.292,34.04,32.54,0,22.76
2015-06-18,169,16,28.2,29.0,25.2,75,2.63,89.0,26.622,31.99,31.8,0,18.58
2015-06-19,170,14,31.4,31.4,26.2,58,5.03,361.0,28.296,35.51,35.18,0,26.71
2015-06-20,171,12,33.4,33.4,27.2,47,6.61,761.0,29.164,39.33,36.22,0,32.65
2015-06-21,172,14,35.2,35.2,28.3,43,6.58,453.0,29.756,39.92,38.56,0,36.36
2015-06-22,173,14,36.0,36.0,28.3,39,6.19,652.0,30.166,41.85,38.8,0,38.61
2015-06-23,174,15,36.0,36.0,28.3,41,6.26,545.0,30.321,41.41,39.5,0,38.85
2015-06-24,175,13,36.8,37.1,28.1,39,5.73,726.0,31.009,43.30,40.4,1,43.28
2015-06-25,176,14,37.0,37.0,28.9,36,5.94,523.0,30.366,42.37,39.7,2,43.73
2015-06-26,177,15,36.7,36.9,28.5,38,4.99,456.0,30.432,41.76,39.83,0,39.67
2015-06-27,178,15,36.2,36.2,28.7,38,4.18,485.0,30.158,41.55,38.85,0,38.86
2015-06-28,179,12,36.6,37.2,28.2,38,1.06,804.0,32.425,45.24,39.63,1,47.19
2015-06-29,180,13,36.1,36.4,28.4,39,2.51,783.0,31.156,43.98,39.0,0,42.21
2015-06-30,181,12,36.0,36.4,28.4,41,1.1,800.0,32.328,44.77,39.5,0,45.18
2015-07-01,182,13,36.9,37.2,28.7,37,1.61,870.0,32.142,45.65,39.86,1,47.62
2015-07-02,183,12,37.1,37.7,29.0,36,1.17,906.0,32.612,46.09,39.89,2,50.85
2015-07-03,184,13,36.5,36.7,27.4,40,0.45,739.0,33.726,45.17,40.16,0,47.19
2015-07-04,185,14,37.3,37.4,29.4,39,1.3,758.0,32.839,45.89,41.45,1,50.52
2015-07-05,186,13,37.8,38.2,29.1,35,0.92,880.0,33.308,46.77,40.89,2,53.14
2015-07-06,187,14,38.6,38.8,29.2,28,0.41,840.0,33.662,46.75,39.8,3,55.17
2015-07-07,188,14,38.2,38.2,28.3,27,0.4,806.0,33.027,45.98,38.81,4,53.67
2015-07-08,189,13,37.8,37.8,29.2,35,0.71,843.0,33.599,46.63,40.89,5,58.71
2015-07-09,190,13,37.4,37.4,29.5,36,2.69,768.0,31.685,45.19,40.48,6,55.92
2015-07-10,191,12,36.4,36.5,28.5,41,4.27,707.0,31.165,43.13,40.33,0,42.23
2015-07-11,192,14,35.6,35.6,29.0,41,2.15,417.0,30.416,41.76,38.69,0,39.79
2015-07-12,193,13,36.6,36.6,29.1,39,1.04,781.0,32.559,45.23,39.99,0,46.95
2015-07-13,194,12,36.8,37.4,28.1,41,0.91,920.0,33.557,46.30,41.18,1,50.55
2015-07-14,195,11,35.3,35.3,27.4,46,2.16,756.0,31.615,43.63,39.84,0,41.97
2015-07-15,196,15,33.7,33.7,27.1,51,0.57,292.0,30.848,40.15,38.07,0,37.00
2015-07-16,197,13,35.6,35.6,27.9,44,0.71,752.0,32.908,44.45,39.75,0,45.56
2015-07-17,198,13,35.4,35.7,27.4,42,2.5,568.0,30.617,42.27,38.63,0,38.66
2015-07-18,199,13,35.8,35.8,27.8,42,2.06,693.0,31.387,43.68,39.44,0,41.90
2015-07-19,200,13,36.6,36.6,28.1,41,2.06,672.0,31.889,44.47,40.75,0,44.25
2015-07-20,201,15,35.1,35.1,27.3,39,3.69,379.0,29.232,39.78,37.1,0,33.56
2015-07-21,202,13,35.7,36.0,26.7,44,1.93,781.0,31.836,44.21,39.96,0,42.04
2015-07-22,203,12,34.5,35.1,26.9,48,1.91,780.0,31.354,43.10,38.8,0,40.13
2015-07-23,204,13,34.7,34.7,27.3,48,3.41,831.0,31.067,42.51,39.24,0,39.79
2015-07-24,205,14,33.9,33.9,26.1,53,3.67,744.0,30.828,41.31,39.21,0,37.06
2015-07-25,206,14,34.9,34.9,27.6,46,2.12,752.0,31.27,43.15,38.97,0,40.89
2015-07-26,207,14,33.7,33.7,26.6,50,3.76,530.0,29.872,39.67,37.74,0,34.10
2015-07-27,208,14,33.9,34.4,26.1,48,1.32,493.0,30.535,41.23,37.53,0,35.82
2015-07-28,209,13,34.9,35.1,26.5,45,1.7,867.0,31.575,43.85,38.62,0,40.55
2015-07-29,210,13,35.0,35.4,27.1,42,1.46,831.0,31.326,43.68,37.83,0,40.37
2015-07-30,211,13,34.7,35.1,27.8,42,1.0,852.0,31.588,43.59,37.26,0,41.40
2015-07-31,212,13,34.3,34.3,27.1,46,1.4,727.0,31.121,42.73,37.71,0,39.25
2015-08-01,213,14,33.5,33.5,27.3,49,1.9,650.0,30.341,41.37,37.01,0,36.76
2015-08-02,214,11,29.8,29.8,26.3,66,4.3,475.0,28.028,35.23,33.67,0,25.55
2015-08-03,215,14,34.3,34.3,26.6,49,2.34,662.0,30.893,42.08,38.71,0,38.13
2015-08-04,216,13,33.9,34.2,27.5,49,3.11,702.0,30.36,41.21,37.85,0,37.23
2015-08-05,217,13,34.5,34.5,26.4,47,2.91,729.0,30.723,42.07,38.46,0,37.48
2015-08-06,218,15,34.8,34.8,27.4,43,0.51,439.0,31.469,41.75,37.76,0,39.56
2015-08-07,219,14,34.3,34.3,27.9,47,1.48,542.0,30.773,41.82,38.04,0,38.99
2015-08-08,220,15,35.4,35.4,26.5,42,0.73,501.0,31.642,42.68,38.63,0,39.84
2015-08-09,221,14,34.7,34.7,26.9,47,1.28,548.0,31.287,42.42,38.89,0,39.54
2015-08-10,222,15,33.2,33.9,26.7,53,2.01,533.0,30.294,40.64,37.62,0,35.67
2015-08-11,223,15,34.2,34.2,26.7,47,1.1,384.0,30.505,40.89,37.83,0,36.33
2015-08-12,224,15,33.3,33.3,27.0,50,1.44,479.0,30.148,40.55,36.9,0,35.42
2015-08-13,225,15,34.7,34.8,27.7,48,0.63,487.0,32.023,42.38,39.24,0,41.96
2015-08-14,226,14,34.5,34.5,27.8,50,0.1,753.0,33.473,41.92,39.51,0,44.59
2015-08-15,227,13,35.1,35.1,27.3,48,1.1,816.0,32.605,44.40,40.14,0,44.40
2015-08-16,228,14,33.2,33.2,26.0,55,1.84,730.0,31.05,41.94,38.27,0,37.47
2015-08-17,229,11,31.7,32.5,24.8,62,1.8,846.0,30.765,41.28,36.97,0,34.57
2015-08-18,230,13,31.9,31.9,26.1,62,5.1,825.0,29.962,38.96,37.45,0,33.07
2015-08-19,231,14,32.8,32.8,26.6,57,5.33,695.0,29.982,39.10,38.0,0,34.00
2015-08-20,232,13,33.9,34.0,27.2,56,4.14,831.0,31.248,41.66,40.31,0,39.79
2015-08-21,233,14,32.5,32.6,25.8,63,2.27,710.0,31.142,41.38,39.29,0,37.38
2015-08-22,234,15,29.6,29.6,25.4,70,1.8,233.0,28.19,35.85,34.08,0,25.40
2015-08-23,235,15,31.9,31.9,25.0,61,0.91,371.0,30.332,39.46,37.14,0,32.73
2015-08-24,236,14,32.8,33.0,25.7,54,2.59,653.0,30.089,40.42,37.05,0,33.75
2015-08-25,237,16,33.5,33.9,26.8,53,0.22,419.0,31.746,40.07,38.29,0,38.37
2015-08-26,238,14,33.6,33.6,26.7,51,1.08,518.0,30.937,41.39,37.85,0,37.52
2015-08-27,239,13,31.6,31.6,26.1,61,4.0,646.0,29.485,38.30,36.44,0,31.32
2015-08-28,240,13,32.6,32.7,26.7,53,3.11,729.0,29.757,40.04,36.33,0,33.75
2015-08-29,241,14,34.3,34.3,25.7,47,1.84,794.0,31.102,42.89,38.04,0,37.81
2015-08-30,242,12,33.5,34.4,27.1,52,1.53,915.0,31.499,43.06,37.96,0,40.29
2015-08-31,243,13,34.0,34.1,27.1,50,0.73,817.0,32.463,43.42,38.39,0,42.53
2015-09-01,244,13,34.6,34.9,27.6,48,2.44,886.0,31.379,43.32,39.02,0,41.23
2015-09-02,245,13,34.0,34.0,27.9,52,1.12,794.0,32.088,43.35,39.08,0,42.96
2015-09-03,246,13,32.8,32.8,27.3,60,4.12,763.0,30.638,40.25,39.01,0,37.26
2015-09-04,247,13,33.6,33.6,26.8,57,3.0,876.0,31.448,42.36,39.94,0,40.07
2015-09-05,248,12,32.7,33.0,26.6,57,3.03,868.0,30.597,41.16,37.77,0,36.56
2015-09-06,249,13,34.7,34.7,27.3,49,5.32,895.0,30.927,41.94,39.6,0,39.24
2015-09-07,250,13,31.7,31.7,25.7,62,2.3,626.0,30.102,39.85,36.97,0,33.33
2015-09-08,251,13,32.9,33.0,25.8,51,3.2,807.0,29.872,40.55,36.37,0,33.30
2015-09-09,252,11,32.8,32.8,25.8,50,2.44,767.0,29.831,40.79,35.89,0,33.21
2015-09-10,253,12,31.9,32.3,25.9,58,2.24,771.0,30.108,40.51,36.26,0,33.79
2015-09-11,254,11,30.1,30.1,26.1,61,3.75,521.0,27.918,35.96,33.23,0,25.47
2015-09-12,255,16,30.9,31.1,26.1,58,0.63,255.0,28.896,37.21,34.16,0,28.57
2015-09-13,256,12,33.5,33.7,26.0,48,2.75,910.0,30.313,41.86,36.71,0,35.44
2015-09-14,257,15,32.2,32.3,27.3,54,0.5,369.0,30.362,39.30,35.78,0,34.85
2015-09-15,258,14,33.5,33.5,27.7,48,4.3,531.0,29.335,38.95,36.71,0,33.47
2015-09-16,259,13,34.4,34.5,27.8,45,5.98,861.0,29.966,41.01,37.6,0,36.60
2015-09-17,260,13,34.4,34.4,28.0,48,4.14,836.0,30.641,41.69,38.58,0,38.97
2015-09-18,261,14,34.1,34.1,27.4,48,1.49,559.0,30.769,41.76,37.94,0,38.32
2015-09-19,262,12,31.9,32.3,26.3,58,0.22,547.0,31.418,39.34,36.26,0,35.89
2015-09-20,263,14,33.9,33.9,27.1,50,0.41,622.0,32.494,42.28,38.17,0,41.69
2015-09-21,264,13,33.7,33.7,26.6,51,0.76,886.0,32.44,43.45,38.07,0,41.81
2015-09-22,265,12,32.7,32.9,27.1,56,3.52,814.0,30.257,40.45,37.45,0,35.87
2015-09-23,266,12,33.7,33.7,27.2,55,3.92,936.0,31.127,41.88,39.45,0,39.41
2015-09-24,267,13,34.5,34.5,26.9,51,4.81,901.0,31.108,42.01,39.88,0,39.27
2015-09-25,268,11,34.1,35.1,26.7,53,1.14,909.0,32.54,44.05,39.68,0,43.15
2015-09-26,269,12,34.0,34.4,25.4,53,1.08,895.0,32.492,43.90,39.44,0,41.34
2015-09-27,270,12,32.1,32.4,25.9,61,0.61,789.0,32.313,42.14,37.62,0,39.64
2015-09-28,271,12,32.5,32.5,24.9,57,2.77,845.0,30.461,41.03,37.31,0,34.06
2015-09-29,272,11,30.7,30.7,25.3,65,1.89,577.0,29.582,38.99,35.45,0,30.70
2015-09-30,273,10,29.4,30.7,25.0,71,0.1,652.0,30.927,37.49,33.83,0,31.20
2015-10-01,274,11,30.4,30.4,25.0,69,3.26,755.0,29.606,38.56,35.77,0,30.20
2015-10-02,275,14,33.2,33.2,25.9,57,2.94,693.0,30.8,41.07,38.95,0,36.50
2015-10-03,276,13,31.6,31.6,25.1,64,3.62,647.0,29.912,38.84,37.33,0,31.68
2015-10-04,277,14,31.5,31.5,25.7,66,1.25,508.0,30.666,40.14,37.69,0,34.88
2015-10-05,278,12,30.3,30.7,25.4,70,0.5,539.0,31.142,39.67,35.78,0,34.37
2015-10-06,279,12,31.4,32.0,24.5,62,0.61,785.0,31.767,41.38,36.26,0,35.92
2015-10-07,280,14,32.3,32.3,25.3,59,2.2,700.0,30.485,40.77,37.47,0,34.44
2015-10-08,281,14,33.2,33.2,25.8,56,1.9,718.0,31.12,41.93,38.61,0,37.49
2015-10-09,282,13,32.7,32.7,26.5,57,2.25,734.0,30.652,41.21,37.77,0,36.59
2015-10-10,283,13,32.9,32.9,25.6,56,2.51,797.0,30.719,41.45,37.91,0,35.89
2015-10-11,284,13,32.0,32.0,25.7,63,0.45,721.0,32.716,41.98,38.01,0,40.19
2015-10-12,285,13,32.9,33.0,25.6,54,0.81,841.0,31.898,42.56,37.27,0,38.68
2015-10-13,286,11,31.7,32.5,25.2,60,2.45,889.0,30.277,40.76,36.38,0,33.52
2015-10-14,287,12,32.1,32.7,23.6,56,1.7,928.0,30.628,41.68,36.13,0,32.89
2015-10-15,288,12,31.8,31.8,23.2,56,2.67,909.0,29.831,40.47,35.49,0,29.80
2015-10-16,289,12,31.3,31.3,24.4,59,2.8,847.0,29.588,39.72,35.23,0,30.10
2015-10-17,290,11,30.9,31.1,24.0,62,2.98,728.0,29.317,38.76,35.13,0,28.40
2015-10-18,291,12,31.9,31.9,24.6,57,4.02,850.0,29.584,39.31,35.98,0,30.32
2015-10-19,292,12,31.8,31.9,25.3,61,3.45,796.0,30.023,39.69,36.91,0,32.58
2015-10-20,293,11,31.9,31.9,24.9,59,2.2,811.0,30.319,40.80,36.55,0,33.34
2015-10-21,294,12,32.2,32.5,25.0,54,2.8,838.0,29.79,40.39,35.78,0,31.87
2015-10-22,295,11,31.9,32.5,23.2,52,2.88,888.0,29.317,40.05,34.66,0,28.22
2015-10-23,296,11,31.0,31.0,23.1,63,3.19,793.0,29.573,39.07,35.62,0,28.23
2015-10-24,297,12,32.1,32.1,24.9,48,4.29,900.0,28.639,39.03,34.07,0,27.96
2015-10-25,298,12,30.8,30.8,24.8,58,4.88,713.0,28.346,36.85,33.96,0,25.68
2015-10-26,299,12,31.9,31.9,25.0,52,5.28,888.0,28.793,38.47,34.66,0,28.18
2015-10-27,300,10,30.4,30.4,24.9,61,4.69,660.0,28.275,36.39,33.83,0,25.28
2015-10-28,301,14,29.8,29.8,24.0,70,3.16,525.0,28.766,36.83,34.56,0,25.75
2015-10-29,302,11,28.6,28.6,24.3,76,4.39,635.0,28.214,35.28,32.91,0,23.32
2015-10-30,303,11,26.9,27.7,24.8,90,2.27,339.0,27.806,34.73,30.82,0,21.96
2015-10-31,304,11,27.8,27.8,24.1,81,1.52,292.0,27.919,35.40,31.75,0,22.19
2015-11-01,305,12,29.9,29.9,24.4,71,2.55,695.0,29.46,38.52,35.03,0,28.92
2015-11-02,306,13,28.0,28.5,23.9,73,0.1,418.0,28.908,34.98,31.07,0,23.26
2015-11-03,307,12,30.3,30.3,24.0,67,1.91,716.0,29.711,39.36,35.02,0,29.53
2015-11-04,308,13,30.6,30.6,24.9,66,3.5,748.0,29.39,38.32,35.47,0,29.40
2015-11-05,309,11,29.5,29.5,24.1,73,2.42,634.0,29.224,38.03,34.51,0,27.58
2015-11-06,310,12,29.7,29.7,24.3,73,4.97,808.0,29.115,36.90,35.01,0,26.98
2015-11-07,311,13,28.4,28.4,24.4,77,4.04,601.0,28.128,35.22,32.6,0,23.12
2015-11-08,312,8,26.0,26.0,24.5,91,6.14,195.0,26.157,28.63,26.52,0,12.66
2015-11-09,313,15,25.8,26.1,24.9,93,7.85,165.0,25.998,27.50,26.33,0,12.02
2015-11-10,314,13,26.9,27.0,24.4,72,8.48,590.0,25.701,31.06,28.85,0,14.14
2015-11-11,315,14,28.2,28.2,24.4,80,3.67,498.0,28.126,34.98,32.6,0,22.94
2015-11-12,316,14,28.0,28.0,24.3,81,3.83,447.0,27.908,34.34,32.25,0,21.82
2015-11-13,317,11,27.9,27.9,24.4,76,5.75,373.0,26.934,31.92,31.28,0,17.99
2015-11-14,318,11,29.2,29.2,24.7,65,7.03,606.0,27.267,34.02,32.23,0,20.83
2015-11-15,319,10,25.8,25.8,24.7,93,6.23,150.0,26.026,27.91,26.33,0,12.13
2015-11-16,320,11,25.6,25.7,24.8,91,5.95,155.0,25.664,27.65,26.1,0,11.38
2015-11-17,321,13,26.2,26.3,22.4,77,3.09,399.0,25.792,32.32,26.54,0,12.19
2015-11-18,322,13,28.4,28.5,23.0,78,1.14,526.0,29.146,37.71,32.77,0,25.27
2015-11-19,323,10,27.0,27.6,24.0,85,1.3,392.0,27.977,35.74,30.22,0,21.86
2015-11-20,324,13,27.9,28.0,24.0,83,3.51,556.0,28.276,35.35,32.3,0,22.92
2015-11-21,325,13,28.3,28.3,23.9,79,4.48,654.0,28.25,35.16,32.69,0,22.75
2015-11-22,326,14,27.3,27.3,24.4,85,4.65,448.0,27.512,33.03,30.99,0,19.78
2015-11-23,327,11,28.5,28.5,24.1,80,4.07,590.0,28.511,35.51,33.38,0,23.99
2015-11-24,328,12,28.8,28.9,23.4,76,4.18,693.0,28.533,36.00,33.4,0,23.58
2015-11-25,329,12,28.7,28.9,23.2,65,4.56,687.0,27.192,34.78,31.27,0,19.14
2015-11-26,330,11,28.1,28.5,24.0,72,5.24,603.0,27.149,33.60,31.14,0,19.09
2015-11-27,331,12,28.7,28.7,22.9,68,2.98,835.0,28.09,37.09,31.75,0,22.33
2015-11-28,332,12,28.5,28.5,21.7,62,4.44,701.0,26.717,34.52,30.48,0,16.36
2015-11-29,333,13,27.5,27.5,24.3,82,3.7,559.0,27.753,34.58,31.13,0,21.29
2015-11-30,334,10,26.6,26.6,24.3,82,4.17,293.0,26.267,31.16,27.03,0,14.48
2015-12-01,335,12,25.5,25.5,24.1,90,5.68,222.0,25.661,28.37,25.98,0,11.08
2015-12-02,336,14,24.7,24.8,24.0,94,3.55,117.0,25.091,28.35,25.19,0,9.87
2015-12-03,337,10,26.1,26.4,24.1,86,5.73,163.0,25.709,28.22,26.56,0,11.06
2015-12-04,338,12,27.8,27.9,23.5,78,7.17,436.0,27.044,31.93,31.32,0,17.17
2015-12-05,339,11,28.2,28.2,24.4,75,6.81,518.0,27.274,32.86,31.8,0,19.50
2015-12-06,340,11,26.6,26.6,24.2,85,5.46,433.0,26.709,31.41,27.07,0,15.39
2015-12-07,341,11,28.2,28.2,24.9,68,7.05,667.0,26.727,33.18,30.78,0,18.90
2015-12-08,342,12,28.1,28.1,24.3,66,7.13,776.0,26.548,33.45,30.33,0,17.90
2015-12-09,343,12,26.8,27.1,23.8,85,4.83,380.0,26.872,31.75,29.73,0,16.47
2015-12-10,344,12,28.2,28.2,23.5,69,5.47,662.0,26.987,33.72,30.92,0,18.20
2015-12-11,345,14,28.3,28.3,24.0,78,2.02,605.0,28.693,37.26,32.52,0,25.16
2015-12-12,346,11,28.7,29.1,23.3,68,2.0,660.0,28.149,37.25,31.75,0,23.02
2015-12-13,347,13,28.9,28.9,22.0,56,1.84,761.0,27.287,37.30,30.29,0,19.37
2015-12-14,348,11,28.4,28.4,21.8,66,2.42,596.0,27.352,36.03,30.87,0,18.79
2015-12-15,349,12,27.8,27.9,21.5,65,2.62,676.0,26.765,35.52,29.7,0,16.88
2015-12-16,350,13,28.3,28.4,19.7,60,2.11,669.0,26.869,36.23,29.9,0,17.66
2015-12-17,351,12,28.3,28.3,21.0,61,2.98,662.0,26.665,35.38,30.03,0,16.71
2015-12-18,352,13,28.9,29.0,21.0,62,2.73,695.0,27.468,36.53,31.17,0,19.48
2015-12-19,353,12,28.8,28.8,22.8,67,4.15,759.0,27.681,35.70,31.78,0,20.45
2015-12-20,354,12,28.4,28.5,22.0,65,3.09,747.0,27.31,36.04,30.73,0,18.67
2015-12-21,355,12,28.3,28.5,20.7,62,1.3,789.0,27.849,37.60,30.15,0,20.60
2015-12-22,356,12,28.7,28.8,21.1,64,2.06,714.0,27.794,37.18,31.12,0,20.55
2015-12-23,357,11,28.6,28.8,23.0,63,2.57,703.0,27.365,36.46,30.79,0,20.26
2015-12-24,358,11,28.5,28.8,21.8,66,2.55,690.0,27.581,36.50,31.05,0,19.63
2015-12-25,359,13,28.7,28.7,21.7,62,4.12,761.0,27.049,35.30,30.82,0,17.68
2015-12-26,360,13,27.4,27.4,22.9,66,6.99,691.0,25.795,32.14,29.15,0,13.45
2015-12-27,361,11,28.0,28.0,24.2,66,8.14,705.0,26.286,32.89,30.15,0,16.81
2015-12-28,362,13,27.9,27.9,23.1,57,5.92,765.0,25.49,32.98,28.99,0,13.66
2015-12-29,363,13,28.1,28.1,22.4,61,5.49,737.0,26.133,33.49,29.71,0,14.69
2015-12-30,364,12,28.0,28.0,22.2,60,4.39,787.0,26.164,34.28,29.45,0,14.99
2015-12-31,365,12,28.2,28.2,20.8,59,5.23,758.0,26.068,33.75,29.63,0,14.26
2016-01-01,1,12,28.2,28.2,23.0,55,6.44,775.0,25.495,33.13,29.18,0,13.73
2016-01-02,2,12,28.2,28.2,22.1,60,5.19,798.0,26.238,34.02,29.75,0,14.93
2016-01-03,3,11,28.1,28.9,19.2,60,2.88,774.0,26.589,35.76,29.6,0,16.68
2016-01-04,4,11,28.6,28.9,19.9,56,3.39,791.0,26.487,35.65,29.85,0,16.51
2016-01-05,5,12,28.1,28.1,21.7,59,4.25,749.0,26.117,34.28,29.48,0,14.68
2016-01-06,6,12,28.1,28.1,22.3,58,4.5,729.0,25.933,33.92,29.37,0,14.38
2016-01-07,7,11,27.9,28.0,21.8,59,4.82,743.0,25.829,33.58,29.2,0,13.53
2016-01-08,8,12,27.8,27.9,21.6,59,4.94,727.0,25.696,33.30,29.06,0,13.02
2016-01-09,9,12,27.8,28.0,19.4,54,3.08,794.0,25.615,35.00,28.58,0,13.92
2016-01-10,10,11,27.2,27.9,18.8,55,2.7,741.0,25.208,34.56,27.96,0,12.60
2016-01-11,11,11,27.5,28.0,18.3,56,3.3,760.0,25.451,34.40,28.39,0,13.10
2016-01-12,12,11,27.6,28.3,19.1,55,2.36,733.0,25.683,35.28,28.42,0,14.19
2016-01-13,13,11,27.7,28.3,19.2,56,1.9,725.0,26.082,35.84,28.64,0,15.42
2016-01-14,14,11,27.9,28.2,20.4,54,2.55,788.0,25.869,35.61,28.7,0,14.88
2016-01-15,15,12,27.8,27.8,21.1,48,3.29,682.0,24.68,33.94,28.07,0,11.19
2016-01-16,16,12,27.5,27.6,18.8,52,2.84,818.0,25.226,34.95,28.06,0,12.95
2016-01-17,17,11,27.5,28.1,21.0,56,1.82,750.0,25.991,35.83,28.39,0,15.15
2016-01-18,18,12,28.1,28.1,20.3,55,3.41,639.0,25.663,34.26,29.05,0,13.65
2016-01-19,19,14,29.1,29.1,22.1,54,3.72,677.0,26.459,35.24,30.32,0,16.45
2016-01-20,20,12,27.5,27.5,23.3,64,1.55,322.0,25.954,33.96,29.12,0,15.53
2016-01-21,21,13,28.8,29.0,24.2,59,3.05,624.0,26.821,35.54,30.56,0,19.89
2016-01-22,22,12,28.3,28.3,23.2,65,3.68,653.0,26.92,34.88,30.55,0,18.43
2016-01-23,23,13,27.9,27.9,22.9,71,4.75,709.0,27.077,34.16,30.6,0,17.87
2016-01-24,24,12,28.4,28.5,23.3,68,5.32,713.0,27.161,34.24,31.16,0,18.77
2016-01-25,25,13,29.0,29.0,22.8,58,3.76,798.0,27.007,35.90,30.73,0,18.93
2016-01-26,26,13,29.2,29.3,22.6,56,2.93,779.0,27.147,36.70,30.75,0,19.55
2016-01-27,27,13,29.5,29.5,22.2,53,2.86,848.0,27.202,37.24,30.77,0,19.58
2016-01-28,28,12,29.6,30.1,20.7,55,2.01,876.0,27.932,38.36,31.23,0,21.71
2016-01-29,29,12,29.5,30.1,20.8,55,2.11,888.0,27.81,38.22,31.07,0,21.31
2016-01-30,30,11,28.2,29.8,20.0,62,1.4,748.0,27.581,37.24,29.99,0,19.77
2016-01-31,31,12,28.8,29.6,20.6,56,2.04,822.0,27.203,37.31,30.15,0,19.17
2016-02-01,32,12,29.1,29.8,19.5,53,2.1,906.0,27.245,37.76,30.18,0,19.58
2016-02-02,33,11,28.0,30.1,18.6,56,0.45,843.0,28.581,37.61,29.02,0,21.57
2016-02-03,34,13,29.7,30.0,19.4,53,1.68,888.0,28.009,38.65,31.07,0,22.00
2016-02-04,35,10,27.4,30.0,19.1,62,0.73,698.0,27.524,36.58,28.78,0,18.74
2016-02-05,36,11,29.0,29.8,22.5,57,1.88,747.0,27.445,37.37,30.59,0,20.42
2016-02-06,37,11,28.9,29.2,22.2,57,2.1,761.0,27.268,37.14,30.43,0,19.51
2016-02-07,38,11,29.4,30.1,22.2,57,2.42,767.0,27.602,37.41,31.23,0,20.63
2016-02-08,39,13,30.1,30.1,22.4,53,3.26,851.0,27.633,37.55,31.7,0,21.20
2016-02-09,40,12,29.9,30.5,21.3,54,2.0,902.0,28.139,38.74,31.55,0,22.49
2016-02-10,41,12,30.5,31.1,20.3,49,2.34,915.0,27.924,38.86,31.64,0,22.20
2016-02-11,42,13,31.0,31.1,20.6,47,4.4,890.0,27.49,37.56,32.05,0,20.59
2016-02-12,43,12,30.4,30.8,21.2,52,3.52,832.0,27.688,37.52,32.01,0,20.93
2016-02-13,44,12,30.5,30.8,21.7,56,3.48,886.0,28.352,38.15,32.95,0,22.98
2016-02-14,45,11,29.2,29.5,22.3,55,3.42,849.0,27.002,36.50,30.61,0,18.73
2016-02-15,46,12,29.8,29.8,21.6,54,4.44,732.0,27.049,35.75,31.39,0,18.21
2016-02-16,47,12,30.3,30.4,22.9,55,4.27,850.0,27.823,37.07,32.4,0,22.05
2016-02-17,48,14,29.7,29.7,23.9,57,5.08,634.0,27.07,34.91,31.73,0,19.99
2016-02-18,49,11,30.3,31.0,24.0,55,3.98,750.0,27.736,36.83,32.4,0,23.00
2016-02-19,50,11,30.6,31.0,21.9,54,3.42,840.0,28.151,37.99,32.73,0,22.41
2016-02-20,51,12,31.8,32.1,22.9,54,2.98,917.0,29.488,40.10,34.97,0,28.34
2016-02-21,52,13,32.5,32.6,23.5,52,2.83,902.0,29.9,40.85,35.84,0,30.69
2016-02-22,53,13,32.4,32.4,23.4,50,4.43,936.0,29.191,39.58,35.11,0,28.04
2016-02-23,54,13,31.4,31.4,22.4,48,4.27,891.0,28.004,38.17,32.88,0,22.78
2016-02-24,55,12,31.3,31.7,22.5,46,4.41,936.0,27.685,38.05,32.33,0,22.01
2016-02-25,56,12,31.5,31.6,22.8,53,4.2,689.0,28.454,37.69,34.15,0,24.23
2016-02-26,57,13,30.5,30.5,24.7,57,4.88,767.0,28.026,36.67,33.16,0,24.53
2016-02-27,58,14,31.0,31.1,23.3,57,4.4,729.0,28.51,37.39,34.12,0,24.69
2016-02-28,59,13,31.5,31.5,25.1,56,4.3,859.0,29.051,38.60,34.88,0,28.97
2016-02-29,60,12,30.9,31.1,24.8,56,3.55,741.0,28.484,37.90,33.7,0,26.60
2016-03-01,61,13,31.5,31.5,23.8,54,3.92,803.0,28.802,38.49,34.39,0,26.72
2016-03-02,62,12,31.0,31.0,23.9,53,3.4,848.0,28.41,38.45,33.23,0,25.63
2016-03-03,63,12,30.6,30.6,23.0,55,4.39,863.0,28.093,37.40,32.93,0,23.12
2016-03-04,64,12,31.2,31.4,21.2,51,2.82,884.0,28.57,39.21,33.16,0,24.24
2016-03-05,65,11,30.8,31.8,22.8,53,1.73,784.0,28.779,39.35,32.88,0,25.57
2016-03-06,66,12,31.3,31.3,23.5,52,3.42,939.0,28.685,39.11,33.55,0,26.28
2016-03-07,67,13,31.5,31.5,23.7,52,3.8,915.0,28.738,38.94,33.92,0,26.63
2016-03-08,68,12,31.3,31.6,23.7,50,3.2,841.0,28.35,38.75,33.12,0,25.47
2016-03-09,69,14,32.0,32.0,22.0,49,3.69,835.0,28.717,39.09,34.13,0,24.80
2016-03-10,70,13,32.5,32.5,23.1,50,3.11,805.0,29.402,40.07,35.3,0,28.51
2016-03-11,71,13,33.3,33.4,23.2,49,2.86,894.0,30.206,41.54,36.6,0,31.70
2016-03-12,72,13,33.1,33.1,22.8,49,3.7,872.0,29.757,40.57,36.2,0,29.53
2016-03-13,73,14,34.0,34.2,24.9,51,5.71,830.0,30.434,40.78,38.73,0,34.35
2016-03-14,74,13,33.1,33.1,25.9,51,4.97,833.0,29.728,39.82,36.79,0,32.77
2016-03-15,75,14,32.7,32.8,25.3,52,5.12,819.0,29.454,39.25,36.25,0,30.94
2016-03-16,76,13,33.7,33.7,25.3,50,4.96,853.0,30.164,40.62,37.74,0,33.82
2016-03-17,77,12,33.0,33.0,26.0,54,3.61,755.0,30.167,40.34,37.49,0,34.35
2016-03-18,78,12,33.2,33.3,24.1,51,4.08,972.0,30.163,40.99,37.0,0,32.42
2016-03-19,79,13,34.6,34.6,23.6,43,4.39,971.0,30.234,42.07,37.37,0,32.88
2016-03-20,80,13,35.4,35.6,24.8,43,4.52,962.0,30.901,42.99,38.97,0,36.81
2016-03-21,81,13,35.8,35.8,24.9,41,5.81,967.0,30.748,43.11,39.09,0,36.76
2016-03-22,82,13,36.3,36.3,26.4,42,5.46,961.0,31.382,43.85,40.5,0,40.77
2016-03-23,83,13,36.3,36.3,26.9,42,5.03,969.0,31.458,43.96,40.5,0,41.58
2016-03-24,84,12,34.4,34.8,26.1,48,4.12,989.0,30.851,42.35,38.58,0,37.62
2016-03-25,85,12,33.5,33.8,24.8,49,5.06,983.0,29.996,40.79,37.01,0,32.78
2016-03-26,86,12,33.6,34.1,25.1,45,3.24,1001.0,29.959,41.79,36.04,0,33.42
2016-03-27,87,12,32.6,33.0,24.0,48,4.78,948.0,29.059,39.57,34.98,0,28.44
2016-03-28,88,12,32.8,33.0,24.3,49,2.77,925.0,29.835,41.15,35.62,0,31.63
2016-03-29,89,12,33.2,33.2,24.5,54,4.36,854.0,30.34,40.55,37.94,0,33.25
2016-03-30,90,12,33.6,34.0,25.7,51,4.52,909.0,30.355,40.99,37.85,0,34.96
2016-03-31,91,13,34.0,34.0,26.0,48,5.13,898.0,30.193,41.01,37.73,0,34.97
2016-04-01,92,13,34.7,34.7,25.9,45,4.75,956.0,30.528,42.10,38.21,0,36.46
2016-04-02,93,13,34.7,34.7,25.9,46,5.1,973.0,30.634,42.11,38.54,0,36.79
2016-04-03,94,13,35.2,35.3,26.3,45,4.98,974.0,30.954,42.74,39.26,0,38.58
2016-04-04,95,13,35.0,35.0,25.8,45,5.02,978.0,30.775,42.48,38.83,0,37.31
2016-04-05,96,12,34.7,35.4,26.1,43,5.0,984.0,30.228,42.00,37.56,0,35.81
2016-04-06,97,12,34.4,34.4,25.9,48,4.84,884.0,30.58,41.57,38.58,0,36.31
2016-04-07,98,11,33.2,34.3,26.7,62,2.5,834.0,31.804,42.55,40.79,0,41.08
2016-04-08,99,12,33.0,33.0,27.6,59,4.52,846.0,30.745,40.56,39.16,0,38.09
2016-04-09,100,13,33.9,33.9,26.5,50,4.82,955.0,30.497,41.36,38.17,0,36.55
2016-04-10,101,12,34.8,35.0,25.9,45,4.16,988.0,30.772,42.63,38.41,0,37.37
2016-04-11,102,13,35.5,35.5,25.4,45,4.34,973.0,31.336,43.38,39.9,0,38.95
2016-04-12,103,14,35.7,35.8,26.5,52,5.89,854.0,32.118,43.33,43.26,0,42.93
2016-04-13,104,13,37.3,37.3,28.3,47,4.9,963.0,33.118,45.74,45.06,1,50.99
2016-04-14,105,13,37.0,37.0,28.5,45,5.85,963.0,32.407,45.01,43.36,2,50.39
2016-04-15,106,13,35.6,35.6,28.4,51,4.96,909.0,32.089,43.49,42.56,0,44.94
2016-04-16,107,14,35.3,35.5,27.9,52,6.75,859.0,31.663,42.80,42.23,0,42.94
2016-04-17,108,12,35.3,35.3,27.9,51,5.82,951.0,31.742,43.07,41.81,0,43.12
2016-04-18,109,13,35.2,35.2,27.7,50,5.22,897.0,31.533,42.73,41.15,0,42.00
2016-04-19,110,13,34.8,34.8,27.9,49,4.7,740.0,30.905,41.59,39.83,0,39.73
2016-04-20,111,13,36.1,36.1,27.5,45,4.09,881.0,31.797,43.89,41.24,0,43.14
2016-04-21,112,13,36.8,36.8,28.5,46,5.94,965.0,32.371,44.82,43.33,0,46.84
2016-04-22,113,13,38.6,38.6,28.4,38,6.11,969.0,32.649,46.79,43.86,1,50.54
2016-04-23,114,13,38.5,38.5,29.1,42,5.14,950.0,33.345,46.87,45.58,2,55.03
2016-04-24,115,13,38.1,38.1,29.4,48,5.76,954.0,33.842,46.88,47.74,3,58.80
2016-04-25,116,13,36.7,36.7,29.2,48,6.22,954.0,32.529,44.82,44.0,0,48.20
2016-04-26,117,12,34.8,35.0,28.4,56,5.92,898.0,31.882,42.59,42.65,0,43.94
2016-04-27,118,11,34.5,34.8,27.5,53,4.9,852.0,31.299,41.93,40.64,0,40.56
2016-04-28,119,13,36.2,36.2,27.9,45,5.19,961.0,31.791,43.97,41.47,0,43.74
2016-04-29,120,12,36.3,36.7,27.7,45,4.85,982.0,31.961,44.27,41.7,0,44.13
2016-04-30,121,12,36.2,36.5,27.5,45,4.82,986.0,31.883,44.17,41.47,0,43.59
2016-05-01,122,14,37.0,37.3,27.6,40,5.69,868.0,31.532,44.26,41.21,1,44.68
2016-05-02,123,14,37.0,37.5,27.5,43,5.95,858.0,31.962,44.42,42.47,2,47.63
2016-05-03,124,13,36.6,36.6,28.6,46,5.63,947.0,32.214,44.48,42.84,0,46.23
2016-05-04,125,13,36.0,36.0,28.7,47,5.51,941.0,31.836,43.71,41.83,0,44.70
2016-05-05,126,12,35.9,35.9,28.3,46,4.75,964.0,31.749,43.77,41.19,0,43.88
2016-05-06,127,11,35.1,35.3,28.1,49,2.06,828.0,32.042,44.04,40.52,0,44.14
2016-05-07,128,11,34.5,35.2,28.2,52,2.78,842.0,31.638,43.09,40.26,0,42.71
2016-05-08,129,11,35.2,36.2,28.5,51,1.92,846.0,32.517,44.52,41.56,0,46.24
2016-05-09,130,12,35.4,35.4,28.4,52,4.13,940.0,32.238,43.78,42.49,0,45.41
2016-05-10,131,12,35.5,35.6,27.5,50,3.97,911.0,32.048,43.70,41.88,0,43.72
2016-05-11,132,10,34.1,34.9,28.6,55,2.45,717.0,31.573,42.54,40.43,0,42.73
2016-05-12,133,12,36.6,36.7,27.9,43,4.83,964.0,31.904,44.46,41.56,0,44.34
2016-05-13,134,13,37.4,37.4,28.1,40,4.21,943.0,32.218,45.45,42.08,1,47.74
2016-05-14,135,12,36.3,36.3,28.2,45,4.06,938.0,32.057,44.41,41.7,0,45.00
2016-05-15,136,12,34.5,35.1,28.4,53,3.2,893.0,31.718,43.08,40.64,0,43.23
2016-05-16,137,9,31.3,31.5,26.1,70,3.09,459.0,30.076,38.45,38.42,0,33.28
2016-05-17,138,12,27.2,27.2,26.0,94,6.8,168.0,27.538,30.26,32.4,0,20.22
2016-05-18,139,16,27.4,27.4,25.7,87,5.37,85.0,26.845,29.37,31.64,0,17.63
2016-05-19,140,14,32.7,32.7,25.5,64,7.13,564.0,30.376,38.75,40.18,0,34.01
2016-05-20,141,14,33.7,33.8,27.3,58,3.5,631.0,31.141,41.07,40.57,0,39.38
2016-05-21,142,14,35.4,35.4,28.2,53,3.04,822.0,32.476,44.07,42.92,0,46.00
2016-05-22,143,14,35.9,35.9,28.4,50,2.83,824.0,32.584,44.60,42.88,0,46.80
2016-05-23,144,14,36.2,36.2,28.7,49,1.12,785.0,33.641,45.73,43.19,0,50.08
2016-05-24,145,13,35.9,36.1,28.3,50,2.39,930.0,32.921,45.36,42.88,0,47.87
2016-05-25,146,13,36.5,36.5,28.7,49,1.35,931.0,33.983,46.65,43.96,0,51.68
2016-05-26,147,13,36.3,36.3,28.9,50,1.0,929.0,34.347,46.65,43.91,0,52.58
2016-05-27,148,14,33.6,35.2,28.4,62,0.41,632.0,33.792,43.27,41.89,0,47.76
2016-05-28,149,13,36.0,36.2,27.8,52,0.14,922.0,35.618,44.74,44.06,0,52.37
2016-05-29,150,14,34.9,34.9,27.6,50,1.0,797.0,32.785,44.31,40.44,0,45.13
2016-05-30,151,13,35.6,35.7,28.3,51,1.21,905.0,33.544,45.68,42.56,0,49.15
2016-05-31,152,11,35.0,35.1,28.3,53,0.54,900.0,34.481,45.43,41.89,0,50.50
2016-06-01,153,12,35.9,36.1,28.4,49,0.2,931.0,35.132,44.76,42.44,0,51.56
2016-06-02,154,13,34.9,34.9,27.9,54,1.77,771.0,32.595,44.21,42.06,0,45.65
2016-06-03,155,13,34.8,34.8,28.1,54,0.4,830.0,34.525,44.77,41.8,0,49.83
2016-06-04,156,11,33.4,33.4,27.7,59,2.38,723.0,31.474,42.11,40.18,0,41.09
2016-06-05,157,12,34.1,34.5,25.9,56,1.75,815.0,32.222,43.60,40.82,0,41.71
2016-06-06,158,14,32.6,32.6,26.8,64,2.65,564.0,30.94,40.55,39.91,0,37.80
2016-06-07,159,14,32.0,32.0,26.2,66,3.67,569.0,30.377,39.11,39.0,0,34.66
2016-06-08,160,14,31.4,31.4,26.1,72,2.94,493.0,30.5,39.13,39.36,0,34.92
2016-06-09,161,14,32.8,32.8,27.5,63,4.48,650.0,30.769,39.78,40.09,0,37.80
2016-06-10,162,14,33.1,33.1,27.7,58,5.06,729.0,30.467,39.84,39.06,0,37.13
2016-06-11,163,13,34.1,34.2,27.9,51,4.2,880.0,30.83,41.68,38.96,0,39.34
2016-06-12,164,14,34.9,34.9,27.7,51,2.86,733.0,31.659,42.96,40.83,0,42.29
2016-06-13,165,13,34.4,34.6,27.4,52,3.5,790.0,31.26,42.20,40.02,0,40.34
2016-06-14,166,14,34.9,34.9,27.6,51,2.32,743.0,31.867,43.40,40.83,0,42.89
2016-06-15,167,16,34.2,34.5,28.3,54,0.36,307.0,31.999,40.91,40.29,0,41.95
2016-06-16,168,14,35.0,35.0,28.5,48,2.28,730.0,31.533,43.23,39.91,0,42.84
2016-06-17,169,13,33.6,33.7,27.5,53,1.08,621.0,31.481,42.14,38.52,0,40.27
2016-06-18,170,11,33.0,33.3,27.2,54,0.28,666.0,32.355,41.16,37.49,0,40.48
2016-06-19,171,13,33.3,33.4,26.0,59,1.13,864.0,32.488,43.48,39.92,0,41.91
2016-06-20,172,11,31.4,31.4,26.1,62,2.48,684.0,29.867,39.61,36.26,0,32.92
2016-06-21,173,12,31.7,31.8,25.8,65,1.56,804.0,31.194,41.55,37.89,0,37.08
2016-06-22,174,11,31.3,31.3,25.1,60,2.94,826.0,29.628,39.57,35.49,0,30.99
2016-06-23,175,14,30.0,30.0,25.9,68,3.24,365.0,28.383,35.83,34.56,0,26.52
2016-06-24,176,13,31.7,31.7,25.9,57,0.32,368.0,30.376,38.49,35.55,0,32.57
2016-06-25,177,13,32.9,32.9,26.1,54,3.74,723.0,29.998,39.97,37.27,0,33.80
2016-06-26,178,16,30.5,30.5,26.7,65,2.56,343.0,28.609,36.70,34.99,0,28.67
2016-06-27,179,14,31.5,31.9,26.4,62,1.3,421.0,29.918,39.21,36.5,0,33.16
2016-06-28,180,16,28.5,28.5,26.1,83,4.1,129.0,27.763,32.23,33.95,0,22.76
2016-06-29,181,11,29.0,29.0,25.3,69,5.59,528.0,27.532,33.96,32.54,0,22.11
2016-06-30,182,15,31.8,31.8,25.0,61,3.7,488.0,29.449,37.93,36.91,0,29.87
2016-07-01,183,15,33.4,33.4,26.6,56,2.88,410.0,30.316,39.72,39.09,0,35.48
2016-07-02,184,14,33.3,33.3,27.2,55,2.61,463.0,30.283,40.05,38.5,0,36.14
2016-07-03,185,13,33.4,33.4,27.0,54,2.62,491.0,30.304,40.25,38.4,0,36.05
2016-07-04,186,14,33.7,33.7,26.5,56,3.28,742.0,31.123,41.58,39.82,0,38.51
2016-07-05,187,15,31.6,31.6,26.6,62,2.06,316.0,29.357,38.04,36.73,0,31.58
2016-07-06,188,15,33.0,33.0,27.3,56,2.62,518.0,30.25,40.08,38.14,0,36.08
2016-07-07,189,16,31.6,32.1,26.3,63,3.72,379.0,29.273,37.14,37.03,0,30.53
2016-07-08,190,12,33.6,33.7,27.3,52,4.52,792.0,30.33,40.56,38.18,0,36.59
2016-07-09,191,15,34.1,34.1,27.5,47,5.34,504.0,29.556,39.09,37.62,0,34.09
2016-07-10,192,14,34.3,34.3,27.5,45,5.55,556.0,29.511,39.47,37.4,0,34.20
2016-07-11,193,13,34.6,34.6,27.9,44,6.45,873.0,29.957,41.26,37.68,0,36.91
2016-07-12,194,14,34.3,34.3,27.8,46,3.55,554.0,29.941,40.41,37.71,0,36.16
2016-07-13,195,15,35.3,35.3,27.2,43,2.28,654.0,30.93,42.82,38.77,0,39.46
2016-07-14,196,13,34.6,34.9,28.0,48,1.8,896.0,31.723,43.80,39.02,0,42.69
2016-07-15,197,12,33.3,33.4,26.8,56,1.6,828.0,31.612,42.76,38.85,0,40.27
2016-07-16,198,13,32.9,33.2,26.5,58,1.41,850.0,31.686,42.67,38.57,0,39.89
2016-07-17,199,12,31.8,32.4,25.9,64,1.91,769.0,30.885,41.16,37.83,0,36.31
2016-07-18,200,15,32.9,33.2,25.6,56,0.45,583.0,32.225,41.65,37.91,0,38.88
2016-07-19,201,10,28.6,28.8,25.3,72,3.26,393.0,27.541,34.59,32.21,0,22.46
2016-07-20,202,11,30.5,30.5,25.6,63,3.01,590.0,28.806,37.64,34.5,0,28.25
2016-07-21,203,15,31.3,31.3,25.2,61,4.22,478.0,28.881,36.84,35.76,0,27.82
2016-07-22,204,15,30.4,30.4,24.7,65,3.71,476.0,28.576,36.39,34.76,0,25.96
2016-07-23,205,15,29.7,30.0,25.1,66,0.94,376.0,28.831,37.35,33.45,0,27.12
2016-07-24,206,14,31.4,31.4,25.2,64,0.92,612.0,30.957,40.57,36.84,0,34.84
2016-07-25,207,11,31.0,31.0,25.2,66,1.06,801.0,31.111,41.10,36.43,0,35.36
2016-07-26,208,14,30.4,30.4,24.9,68,2.97,606.0,29.315,38.03,35.51,0,29.06
2016-07-27,209,13,31.1,31.3,25.8,70,3.73,824.0,30.375,39.45,37.87,0,34.01
2016-07-28,210,11,30.5,31.2,24.7,70,1.73,810.0,30.52,40.44,36.29,0,33.13
2016-07-29,211,11,30.7,30.7,25.3,70,3.59,783.0,29.965,38.86,36.8,0,31.83
2016-07-30,212,11,30.2,30.2,26.2,66,3.89,563.0,28.628,36.57,34.55,0,27.86
2016-07-31,213,15,32.0,32.0,24.9,58,2.6,611.0,29.769,39.54,36.48,0,31.37
2016-08-01,214,15,30.6,31.1,26.5,62,2.47,224.0,28.038,35.67,34.48,0,26.42
2016-08-02,215,14,32.1,32.1,26.0,52,6.31,578.0,28.438,37.00,35.05,0,27.77
2016-08-03,216,15,33.1,33.2,26.7,51,3.91,487.0,29.358,38.64,36.79,0,32.15
2016-08-04,217,16,32.4,33.2,27.0,57,2.0,313.0,29.508,38.59,37.08,0,32.86
2016-08-05,218,11,31.8,31.8,27.0,52,4.6,718.0,28.577,37.89,34.47,0,29.62
2016-08-06,219,15,33.7,33.9,27.1,50,2.5,551.0,30.212,40.72,37.74,0,36.09
2016-08-07,220,14,34.5,34.5,27.1,49,2.8,714.0,31.009,42.24,39.15,0,39.22
2016-08-08,221,15,34.2,34.2,26.7,50,0.92,552.0,31.616,42.26,38.84,0,39.80
2016-08-09,222,13,33.9,34.1,27.6,49,1.58,845.0,31.287,42.96,37.85,0,40.36
2016-08-10,223,13,34.2,34.3,27.5,48,1.04,891.0,32.041,43.68,38.16,0,42.30
2016-08-11,224,13,34.0,34.4,27.5,48,1.53,871.0,31.328,43.13,37.73,0,40.40
2016-08-12,225,15,34.5,34.7,26.8,49,0.85,614.0,32.02,42.88,39.15,0,41.24
2016-08-13,226,13,34.1,34.1,27.6,51,1.84,844.0,31.564,43.20,38.96,0,41.47
2016-08-14,227,15,34.6,34.6,27.4,46,1.75,578.0,30.828,42.15,38.33,0,38.85
2016-08-15,228,15,35.3,35.3,27.7,40,2.31,592.0,30.337,42.26,37.78,0,38.16
2016-08-16,229,13,35.3,35.6,27.9,39,5.32,824.0,29.893,41.81,37.47,0,37.10
2016-08-17,230,15,35.2,35.2,27.7,40,2.16,583.0,30.289,42.19,37.59,0,37.94
2016-08-18,231,13,34.9,35.2,28.1,43,0.82,855.0,32.199,43.97,37.96,0,43.44
2016-08-19,232,13,34.7,35.2,27.9,42,0.72,809.0,31.95,43.48,37.26,0,42.12
2016-08-20,233,12,34.2,34.2,27.9,48,0.54,841.0,32.911,43.67,38.16,0,44.41
2016-08-21,234,13,34.3,34.7,28.0,51,0.76,812.0,32.797,43.84,39.42,0,44.90
2016-08-22,235,13,34.4,34.9,27.6,48,0.42,819.0,33.314,43.69,38.58,0,44.99
2016-08-23,236,14,34.4,34.4,27.9,49,1.6,676.0,31.375,42.76,38.93,0,41.13
2016-08-24,237,13,35.1,35.3,27.7,46,1.75,871.0,31.872,44.16,39.4,0,43.03
2016-08-25,238,16,32.2,32.4,27.2,58,0.73,350.0,30.379,39.45,36.93,0,35.30
2016-08-26,239,15,29.4,31.0,26.1,75,1.58,271.0,28.748,36.58,34.7,0,28.04
2016-08-27,240,14,28.8,29.4,25.9,79,0.5,197.0,29.102,36.25,33.99,0,27.97
2016-08-28,241,15,32.2,32.2,25.9,57,0.6,466.0,30.912,40.18,36.63,0,35.21
2016-08-29,242,14,32.4,32.4,26.9,58,0.92,509.0,30.875,40.64,37.39,0,36.92
2016-08-30,243,14,31.8,31.8,26.3,60,1.24,432.0,30.035,39.49,36.61,0,33.51
2016-08-31,244,15,30.2,30.2,25.0,67,0.76,307.0,29.344,37.60,34.79,0,28.65
2016-09-01,245,14,32.7,32.7,25.9,56,0.73,637.0,31.563,41.58,37.45,0,37.75
2016-09-02,246,13,32.5,32.8,25.2,59,1.8,817.0,31.095,41.87,37.94,0,36.44
2016-09-03,247,14,32.9,32.9,26.7,55,1.21,767.0,31.318,42.14,37.59,0,38.68
2016-09-04,248,14,32.2,32.3,26.0,54,1.41,444.0,29.59,39.41,35.78,0,31.95
2016-09-05,249,16,32.7,33.6,27.0,53,0.61,240.0,29.884,38.70,36.54,0,33.45
2016-09-06,250,15,33.6,33.6,27.2,44,1.14,576.0,30.078,41.10,35.77,0,35.49
2016-09-07,251,13,33.6,33.6,27.2,44,2.09,814.0,29.96,41.78,35.77,0,35.76
2016-09-08,252,14,33.0,33.1,26.4,46,0.51,516.0,30.602,40.45,35.2,0,34.87
2016-09-09,253,13,34.1,34.2,26.7,48,0.28,852.0,33.145,42.69,37.94,0,42.66
2016-09-10,254,13,34.6,34.6,26.0,48,1.12,761.0,32.009,43.54,39.02,0,40.71
2016-09-11,255,14,31.6,31.9,26.1,57,1.32,470.0,29.542,39.18,35.34,0,31.65
2016-09-12,256,13,32.3,32.3,25.7,55,2.34,585.0,29.711,39.75,36.27,0,32.26
2016-09-13,257,13,31.8,31.8,26.2,57,2.32,621.0,29.578,39.52,35.76,0,32.24
2016-09-14,258,14,31.0,31.0,26.8,60,0.92,465.0,29.682,38.92,34.85,0,32.36
2016-09-15,259,12,33.3,33.4,26.6,51,2.77,897.0,30.508,41.77,37.21,0,36.62
2016-09-16,260,12,33.4,33.4,26.5,52,1.35,886.0,31.506,42.92,37.74,0,39.42
2016-09-17,261,12,32.7,33.0,26.7,52,2.58,900.0,30.169,41.29,36.25,0,35.40
2016-09-18,262,13,33.1,33.1,26.8,48,1.06,791.0,30.804,41.95,35.92,0,37.07
2016-09-19,263,14,33.7,33.7,26.7,47,1.14,759.0,31.039,42.38,36.81,0,38.04
2016-09-20,264,14,31.3,31.3,27.3,56,1.66,344.0,28.593,37.69,34.48,0,29.86
2016-09-21,265,11,29.9,29.9,24.9,59,4.61,387.0,27.123,34.07,32.45,0,20.92
2016-09-22,266,13,33.9,34.1,25.0,45,4.18,792.0,29.704,40.65,36.62,0,32.21
2016-09-23,267,11,33.4,33.6,26.7,46,4.51,867.0,29.444,40.24,35.94,0,33.16
2016-09-24,268,13,34.6,34.6,26.6,47,2.51,810.0,31.085,42.86,38.67,0,39.05
2016-09-25,269,13,33.6,33.6,27.2,51,2.02,563.0,30.457,41.11,37.85,0,36.99
2016-09-26,270,12,33.0,33.0,27.5,54,0.36,732.0,32.573,41.90,37.49,0,41.78
2016-09-27,271,12,32.0,32.0,26.8,65,1.84,846.0,31.374,41.89,38.66,0,39.12
2016-09-28,272,14,31.6,31.7,25.6,68,2.92,629.0,30.508,39.73,38.59,0,34.50
2016-09-29,273,13,33.0,33.0,26.1,60,1.33,757.0,31.899,42.62,39.52,0,40.14
2016-09-30,274,13,33.0,33.0,26.0,58,1.66,774.0,31.439,42.30,38.81,0,38.66
2016-10-01,275,14,32.1,32.1,26.7,56,0.1,633.0,31.668,39.18,36.13,0,36.66
2016-10-02,276,12,32.1,32.1,26.6,59,1.43,899.0,31.149,41.99,37.0,0,37.92
2016-10-03,277,13,31.7,31.7,26.1,64,3.93,771.0,30.137,39.32,37.57,0,33.71
2016-10-04,278,11,31.1,31.8,26.3,69,0.3,680.0,32.421,40.55,37.56,0,39.14
2016-10-05,279,13,33.4,33.6,26.3,52,0.41,827.0,32.977,42.88,37.74,0,41.94
2016-10-06,280,13,33.4,33.5,27.1,49,0.71,776.0,31.721,42.44,36.81,0,39.84
2016-10-07,281,13,33.1,33.1,26.5,54,1.36,675.0,31.031,41.77,37.72,0,37.69
2016-10-08,282,12,34.0,34.0,27.6,49,1.4,884.0,31.598,43.34,38.06,0,41.30
2016-10-09,283,13,33.3,33.7,26.5,50,0.32,729.0,32.314,41.65,36.9,0,39.72
2016-10-10,284,13,34.5,34.5,27.3,48,0.81,851.0,32.571,43.94,38.8,0,43.50
2016-10-11,285,13,33.5,33.7,26.9,53,1.5,757.0,31.338,42.47,38.29,0,39.45
2016-10-12,286,12,33.8,34.0,26.9,53,2.44,882.0,31.327,42.73,38.97,0,39.87
2016-10-13,287,11,32.8,33.1,26.5,50,0.42,837.0,32.201,42.09,35.89,0,39.45
2016-10-14,288,11,32.1,32.6,24.9,54,2.72,870.0,29.778,40.48,35.58,0,31.72
2016-10-15,289,11,31.9,32.2,24.7,50,3.09,811.0,28.876,39.41,34.18,0,28.49
2016-10-16,290,11,32.3,32.7,23.9,47,2.25,869.0,29.241,40.61,34.19,0,29.12
2016-10-17,291,11,32.3,32.5,23.4,46,0.94,892.0,30.214,41.39,33.96,0,30.85
2016-10-18,292,11,32.5,33.1,23.3,44,2.21,891.0,29.065,40.77,33.85,0,28.08
2016-10-19,293,11,32.7,33.4,23.8,45,1.04,883.0,30.272,41.68,34.42,0,31.81
2016-10-20,294,10,32.1,33.0,24.6,48,1.26,769.0,29.645,40.64,34.07,0,30.68
2016-10-21,295,12,32.9,33.3,24.3,40,1.28,807.0,29.304,41.12,33.63,0,29.87
2016-10-22,296,11,32.8,33.3,25.1,43,0.78,829.0,30.36,41.48,34.12,0,33.24
2016-10-23,297,12,32.9,33.3,23.9,40,1.55,834.0,29.133,41.12,33.63,0,29.08
2016-10-24,298,12,33.8,34.0,23.4,32,2.24,912.0,28.38,41.63,33.37,0,27.34
2016-10-25,299,11,33.2,34.2,23.4,34,1.1,886.0,29.005,41.44,32.9,0,28.21
2016-10-26,300,11,33.2,33.6,22.9,37,2.41,888.0,28.559,41.01,33.47,0,26.69
2016-10-27,301,11,33.2,33.2,23.4,38,3.35,849.0,28.337,40.23,33.67,0,26.36
2016-10-28,302,15,32.2,32.2,25.1,39,0.2,395.0,28.563,37.10,32.39,0,26.03
2016-10-29,303,14,30.7,30.7,23.4,68,3.81,665.0,29.51,37.96,36.25,0,27.90
2016-10-30,304,10,28.5,28.5,24.8,77,3.92,483.0,28.037,34.79,32.84,0,23.19
2016-10-31,305,13,28.7,28.9,24.3,71,3.49,484.0,27.677,34.99,32.25,0,21.85
2016-11-01,306,13,29.7,29.7,24.7,73,4.97,715.0,28.987,36.48,35.01,0,26.90
2016-11-02,307,11,28.6,28.8,24.5,78,4.3,516.0,28.238,34.87,33.27,0,23.44
2016-11-03,308,13,30.6,30.6,24.5,69,6.28,723.0,29.259,36.93,36.27,0,27.97
2016-11-04,309,13,32.8,32.8,24.8,47,3.21,781.0,29.206,40.04,35.09,0,30.03
2016-11-05,310,9,29.6,32.2,24.3,70,0.57,577.0,30.429,39.01,34.08,0,30.63
2016-11-06,311,10,30.7,31.4,23.6,56,1.0,726.0,29.561,39.62,33.32,0,28.34
2016-11-07,312,10,30.3,31.3,24.0,60,0.58,726.0,30.416,39.70,33.41,0,30.51
2016-11-08,313,10,29.5,30.7,23.7,59,3.76,672.0,27.389,35.93,31.73,0,21.09
2016-11-09,314,11,30.2,30.3,21.3,38,4.88,869.0,25.464,35.88,29.69,0,14.68
2016-11-10,315,10,29.2,30.1,21.2,51,3.19,733.0,26.408,35.96,30.05,0,16.65
2016-11-11,316,11,29.7,29.9,22.1,53,2.8,807.0,27.338,37.33,31.07,0,19.90
2016-11-12,317,12,30.7,30.7,22.5,54,3.26,715.0,28.087,37.67,32.91,0,22.71
2016-11-13,318,11,29.1,29.1,24.3,74,4.33,648.0,28.516,35.88,33.74,0,24.64
2016-11-14,319,11,29.7,30.5,24.4,72,3.58,705.0,29.11,37.40,34.78,0,27.36
2016-11-15,320,12,30.7,30.7,24.0,60,3.08,797.0,28.982,38.60,34.22,0,27.31
2016-11-16,321,12,30.2,30.3,25.4,63,5.78,736.0,28.281,36.13,33.86,0,25.70
2016-11-17,322,12,30.1,30.1,25.3,60,6.58,768.0,27.798,35.77,33.02,0,24.10
2016-11-18,323,12,29.9,29.9,24.9,56,7.34,845.0,27.165,35.56,31.9,0,21.87
2016-11-19,324,11,29.3,29.3,23.5,56,6.61,608.0,26.383,33.67,30.91,0,17.02
2016-11-20,325,12,29.4,29.4,24.2,58,6.0,646.0,26.818,34.27,31.39,0,19.27
2016-11-21,326,12,29.8,29.8,24.0,54,5.36,789.0,26.989,35.50,31.39,0,20.25
2016-11-22,327,12,29.4,29.5,22.5,52,4.91,778.0,26.436,35.09,30.47,0,16.82
2016-11-23,328,11,29.6,30.1,21.6,47,4.2,802.0,26.157,35.68,30.06,0,15.98
2016-11-24,329,13,29.2,29.2,22.1,47,5.26,759.0,25.57,34.34,29.55,0,13.83
2016-11-25,330,12,29.3,29.3,22.2,49,6.44,822.0,25.844,34.43,29.93,0,14.68
2016-11-26,331,11,29.6,30.0,22.4,48,4.39,750.0,26.173,35.33,30.19,0,16.28
2016-11-27,332,11,29.7,30.7,17.8,48,3.16,828.0,26.651,36.83,30.33,0,17.84
2016-11-28,333,10,27.4,30.3,18.7,62,0.51,642.0,27.867,36.43,28.78,0,19.28
2016-11-29,334,11,29.4,29.9,19.1,51,1.75,801.0,27.285,37.78,30.33,0,19.73
2016-11-30,335,11,29.1,29.7,19.9,55,6.04,732.0,26.308,34.15,30.46,0,15.31
2016-12-01,336,12,25.0,25.1,24.4,91,8.08,194.0,25.074,26.35,25.47,0,8.86
2016-12-02,337,12,26.7,26.9,24.0,78,5.82,395.0,26.012,30.57,28.94,0,13.93
2016-12-03,338,13,29.1,29.1,23.6,72,3.64,672.0,28.47,36.44,33.34,0,23.99
2016-12-04,339,11,27.9,27.9,23.8,81,2.88,476.0,28.057,35.39,32.0,0,22.18
2016-12-05,340,11,28.9,28.9,23.6,64,5.91,714.0,27.129,34.37,31.49,0,19.27
2016-12-06,341,11,28.6,28.7,23.0,54,6.6,750.0,25.698,33.41,29.61,0,14.48
2016-12-07,342,12,28.1,28.1,23.1,70,5.33,605.0,26.931,33.43,30.86,0,17.40
2016-12-08,343,12,29.0,29.1,23.6,60,5.77,730.0,26.816,34.39,31.03,0,18.52
2016-12-09,344,11,29.0,29.5,20.9,51,3.9,793.0,26.154,35.39,29.78,0,15.66
2016-12-10,345,11,28.8,29.3,19.8,47,5.45,788.0,25.226,33.91,29.07,0,12.58
2016-12-11,346,14,29.5,29.5,22.5,42,5.41,337.0,24.499,31.77,29.34,0,10.34
2016-12-12,347,15,23.9,24.4,21.5,91,8.27,27.0,23.421,21.28,24.31,0,2.68
2016-12-13,348,11,27.4,28.4,24.1,84,4.81,605.0,27.755,33.88,31.13,0,20.55
2016-12-14,349,12,28.7,28.7,22.9,66,3.04,724.0,27.677,36.39,31.43,0,20.92
2016-12-15,350,13,28.3,28.3,21.7,69,3.61,683.0,27.412,35.35,31.11,0,18.51
2016-12-16,351,11,28.1,28.2,23.5,68,5.34,718.0,26.881,33.88,30.59,0,18.00
2016-12-17,352,12,28.0,28.0,22.0,64,4.66,722.0,26.462,33.98,29.91,0,15.28
2016-12-18,353,11,27.5,27.6,20.4,66,4.43,654.0,26.14,33.34,29.31,0,13.98
2016-12-19,354,11,27.3,27.4,21.3,64,6.33,743.0,25.62,32.34,28.81,0,12.09
2016-12-20,355,11,27.8,27.8,22.0,67,5.46,594.0,26.298,32.73,29.93,0,14.07
2016-12-21,356,13,28.4,28.4,22.4,64,3.99,715.0,26.943,34.96,30.59,0,17.61
2016-12-22,357,11,28.0,28.8,18.9,53,2.5,799.0,25.883,35.77,28.73,0,15.03
2016-12-23,358,11,27.2,28.3,17.6,59,1.43,794.0,26.397,36.22,28.26,0,16.16
2016-12-24,359,10,25.6,27.2,16.7,66,0.71,674.0,26.222,34.98,25.77,0,14.46
2016-12-25,360,13,26.7,26.8,19.9,56,2.05,723.0,25.084,34.68,27.48,0,12.27
2016-12-26,361,12,27.1,27.3,19.0,61,4.4,716.0,25.331,32.95,28.28,0,11.79
2016-12-27,362,12,28.3,28.4,21.7,59,5.5,780.0,26.154,33.83,29.78,0,14.54
2016-12-28,363,13,28.3,28.3,24.0,60,5.82,707.0,26.129,33.38,29.9,0,16.54
2016-12-29,364,11,27.7,28.0,22.4,57,5.49,736.0,25.32,32.80,28.73,0,12.29
2016-12-30,365,13,28.2,28.2,21.4,49,4.32,698.0,24.974,33.57,28.58,0,11.68
2016-12-31,366,13,28.0,28.0,20.8,53,4.11,775.0,25.412,34.10,28.73,0,12.94
2017-01-01,1,12,28.2,28.2,21.7,64,4.88,707.0,26.595,33.99,30.24,0,15.66
2017-01-02,2,13,28.6,28.6,22.7,59,4.52,789.0,26.59,34.83,30.24,0,17.07
2017-01-03,3,12,28.2,28.2,21.2,60,4.32,824.0,26.415,34.74,29.75,0,15.68
2017-01-04,4,12,28.3,28.3,20.3,57,3.33,784.0,26.329,35.40,29.54,0,15.91
2017-01-05,5,11,28.3,28.3,21.4,58,4.17,775.0,26.243,34.64,29.66,0,15.25
2017-01-06,6,12,28.0,28.0,20.9,61,3.67,774.0,26.398,34.91,29.56,0,15.70
2017-01-07,7,12,28.2,28.2,21.4,50,3.21,849.0,25.563,35.36,28.68,0,14.11
2017-01-08,8,12,27.7,27.7,21.2,47,3.62,864.0,24.674,34.37,27.89,0,11.43
2017-01-09,9,12,27.6,27.6,20.4,52,2.82,838.0,25.355,35.16,28.17,0,13.39
2017-01-10,10,12,28.0,28.0,20.1,50,2.53,841.0,25.594,35.78,28.45,0,14.39
2017-01-11,11,11,28.6,28.9,20.2,54,1.36,776.0,27.145,37.29,29.61,0,18.85
2017-01-12,12,11,27.7,27.7,21.0,61,2.8,722.0,26.264,35.21,29.12,0,15.50
2017-01-13,13,11,27.9,27.9,21.8,58,3.6,762.0,25.972,34.65,29.09,0,14.53
2017-01-14,14,12,28.1,28.2,23.7,56,4.0,801.0,25.905,34.58,29.16,0,16.36
2017-01-15,15,12,28.1,28.1,22.7,57,4.75,832.0,25.924,34.18,29.26,0,14.98
2017-01-16,16,11,27.8,27.9,22.2,52,3.36,759.0,25.256,34.45,28.4,0,13.01
2017-01-17,17,12,28.0,28.0,19.7,48,4.28,871.0,24.929,34.19,28.27,0,11.92
2017-01-18,18,11,27.6,27.7,22.1,51,4.85,762.0,24.674,32.92,28.09,0,10.57
2017-01-19,19,13,27.7,27.9,24.5,49,5.67,568.0,24.145,31.39,28.04,0,11.25
2017-01-20,20,11,28.5,28.5,24.3,57,7.09,667.0,25.799,32.93,29.83,0,15.92
2017-01-21,21,13,29.1,29.1,24.9,63,6.1,825.0,27.327,35.02,31.69,0,21.71
2017-01-22,22,12,28.9,29.0,24.1,58,5.45,759.0,26.575,34.43,30.57,0,18.51
2017-01-23,23,13,29.0,29.0,22.5,54,5.72,815.0,26.245,34.49,30.17,0,15.91
2017-01-24,24,11,28.5,28.6,22.5,60,5.67,788.0,26.439,34.09,30.21,0,16.00
2017-01-25,25,12,28.8,28.8,24.8,53,5.26,791.0,25.975,34.30,29.76,0,17.80
2017-01-26,26,13,27.9,28.2,24.8,68,5.06,420.0,26.254,32.08,30.22,0,16.89
2017-01-27,27,13,27.2,27.2,24.3,77,3.55,436.0,26.751,33.24,29.88,0,17.96
2017-01-28,28,12,28.7,28.7,23.6,68,5.25,731.0,27.48,34.74,31.75,0,20.30
2017-01-29,29,11,28.8,28.8,23.7,69,3.68,701.0,27.901,35.97,32.12,0,22.23
2017-01-30,30,12,28.3,28.3,22.4,61,3.45,834.0,26.82,35.74,30.03,0,17.73
2017-01-31,31,11,28.1,28.3,22.2,59,2.02,804.0,26.873,36.69,29.48,0,18.08
2017-02-01,32,11,27.7,28.1,21.0,61,2.58,806.0,26.482,35.84,29.12,0,16.36
2017-02-02,33,12,27.8,27.9,20.7,60,3.04,880.0,26.429,35.75,29.16,0,16.21
2017-02-03,34,12,28.1,28.2,21.6,56,3.8,858.0,26.03,35.03,29.16,0,14.93
2017-02-04,35,12,28.1,28.2,21.5,53,2.95,845.0,25.894,35.64,28.85,0,15.00
2017-02-05,36,13,28.0,28.0,21.7,45,2.95,923.0,24.974,35.51,28.03,0,12.87
2017-02-06,37,12,29.3,29.5,19.0,42,2.0,930.0,26.156,37.56,29.12,0,16.99
2017-02-07,38,12,29.1,29.1,19.4,50,3.06,933.0,26.545,36.83,29.79,0,17.45
2017-02-08,39,10,28.2,29.7,18.5,51,1.72,723.0,26.063,36.20,28.77,0,15.70
2017-02-09,40,10,27.9,29.2,19.7,48,1.64,722.0,25.486,35.79,28.17,0,14.09
2017-02-10,41,12,28.5,28.5,19.1,45,3.33,929.0,25.311,35.69,28.54,0,13.83
2017-02-11,42,13,28.0,28.0,20.1,46,2.91,932.0,25.123,35.63,28.11,0,13.26
2017-02-12,43,12,27.8,27.8,20.5,52,4.6,773.0,25.025,33.43,28.4,0,11.60
2017-02-13,44,13,29.4,29.5,23.4,51,5.44,922.0,26.422,35.43,30.33,0,18.03
2017-02-14,45,12,29.6,29.6,25.1,57,5.68,865.0,27.212,35.63,31.56,0,22.11
2017-02-15,46,12,29.3,29.4,22.6,52,5.12,876.0,26.442,35.31,30.33,0,17.05
2017-02-16,47,12,29.1,29.1,22.9,45,4.53,953.0,25.601,35.47,29.21,0,15.52
2017-02-17,48,13,29.0,29.0,21.3,44,3.91,943.0,25.501,35.75,28.99,0,14.39
2017-02-18,49,12,28.8,28.8,20.2,51,3.5,944.0,26.283,36.20,29.52,0,16.39
2017-02-19,50,12,29.2,29.2,19.9,52,3.18,944.0,26.855,36.98,30.19,0,18.28
2017-02-20,51,13,30.9,31.0,20.6,57,4.33,942.0,28.724,38.26,33.93,0,24.13
2017-02-21,52,13,31.1,31.3,21.9,57,5.28,942.0,28.744,37.99,34.32,0,24.12
2017-02-22,53,12,30.5,30.5,21.5,57,4.3,958.0,28.382,37.86,33.16,0,22.91
2017-02-23,54,11,30.5,30.5,23.5,57,3.71,885.0,28.412,38.01,33.16,0,24.83
2017-02-24,55,11,29.5,29.7,22.6,59,3.47,886.0,27.782,37.18,31.73,0,21.46
2017-02-25,56,11,29.3,29.3,21.5,58,3.21,896.0,27.568,37.18,31.22,0,20.16
2017-02-26,57,12,29.8,29.8,22.4,58,3.71,928.0,27.944,37.43,32.08,0,21.84
2017-02-27,58,13,29.3,29.5,22.5,55,3.9,964.0,27.139,36.68,30.76,0,19.41
2017-02-28,59,12,30.0,30.0,21.9,50,3.94,967.0,27.17,37.20,31.05,0,19.36
2017-03-01,60,11,29.2,29.8,21.1,56,3.47,911.0,27.196,36.78,30.75,0,19.00
2017-03-02,61,11,29.6,30.0,21.2,60,3.52,876.0,27.962,37.27,32.09,0,21.29
2017-03-03,62,12,30.0,30.1,22.4,56,3.81,934.0,27.879,37.49,32.07,0,21.76
2017-03-04,63,11,29.6,29.6,25.7,68,4.95,799.0,28.468,36.37,33.65,0,26.50
2017-03-05,64,11,30.7,30.7,25.3,66,4.05,788.0,29.426,38.18,35.71,0,29.91
2017-03-06,65,12,31.2,31.2,25.7,64,6.15,925.0,29.522,38.27,36.36,0,30.87
2017-03-07,66,12,30.6,30.6,25.7,67,5.92,802.0,29.177,37.21,35.73,0,29.22
2017-03-08,67,11,30.7,30.8,25.8,69,5.28,761.0,29.524,37.55,36.52,0,30.53
2017-03-09,68,12,30.6,30.6,26.3,68,5.23,819.0,29.401,37.62,36.0,0,30.73
2017-03-10,69,11,31.5,31.5,26.5,63,5.39,771.0,29.593,38.15,36.78,0,32.01
2017-03-11,70,11,31.5,31.5,26.6,68,4.03,760.0,30.372,39.28,38.32,0,34.99
2017-03-12,71,11,31.9,31.9,26.5,64,5.85,873.0,30.155,39.08,38.08,0,34.23
2017-03-13,72,10,31.1,31.1,26.2,65,4.44,696.0,29.483,37.92,36.4,0,31.14
2017-03-14,73,12,29.5,29.6,25.9,71,5.03,756.0,28.629,36.22,34.07,0,27.08
2017-03-15,74,12,31.2,31.2,26.1,60,4.32,948.0,29.368,38.85,35.27,0,31.06
2017-03-16,75,11,30.7,30.7,25.5,61,3.64,882.0,29.079,38.55,34.46,0,29.30
2017-03-17,76,11,31.7,31.7,24.6,58,4.6,926.0,29.511,39.08,35.82,0,29.95
2017-03-18,77,11,31.6,31.6,25.1,61,5.59,891.0,29.578,38.58,36.44,0,30.53
2017-03-19,78,11,32.2,32.2,25.0,62,5.74,924.0,30.275,39.57,38.19,0,33.09
2017-03-20,79,11,32.9,32.9,26.1,59,5.74,899.0,30.534,40.19,38.91,0,35.58
2017-03-21,80,12,32.8,32.8,26.4,59,5.08,985.0,30.641,40.60,38.67,0,36.34
2017-03-22,81,10,30.8,31.9,25.5,60,3.04,777.0,29.055,38.67,34.43,0,29.32
2017-03-23,82,11,31.6,31.9,24.3,51,3.75,929.0,28.733,39.10,33.87,0,27.42
2017-03-24,83,10,30.9,31.9,23.7,52,3.86,811.0,28.032,37.73,32.85,0,24.03
2017-03-25,84,10,31.1,31.7,23.1,56,3.94,824.0,28.707,38.21,34.08,0,25.41
2017-03-26,85,11,31.4,31.4,23.7,55,3.74,956.0,29.089,39.22,34.43,0,27.69
2017-03-27,86,12,32.2,32.2,23.0,48,5.58,1012.0,28.65,39.03,34.25,0,25.84
2017-03-28,87,11,32.3,32.4,25.3,57,5.0,945.0,29.898,39.66,36.86,0,32.30
2017-03-29,88,11,32.6,32.6,24.6,57,4.97,951.0,30.186,40.09,37.54,0,32.59
2017-03-30,89,11,33.0,33.2,25.9,57,4.77,949.0,30.586,40.70,38.47,0,35.65
2017-03-31,90,11,32.5,32.7,26.8,59,5.68,896.0,30.167,39.64,37.94,0,34.95
2017-04-01,91,12,33.4,33.6,24.8,60,6.62,1011.0,31.14,41.34,40.56,0,36.66
2017-04-02,92,12,33.8,33.8,25.9,54,6.74,1006.0,30.729,41.39,39.33,0,36.74
2017-04-03,93,11,33.1,33.3,27.1,61,6.35,897.0,30.887,40.56,40.14,0,38.14
2017-04-04,94,12,32.3,32.3,27.3,64,6.95,929.0,30.469,39.78,39.11,0,36.64
2017-04-05,95,12,33.2,33.2,27.5,63,6.45,959.0,31.282,41.13,41.18,0,40.16
2017-04-06,96,12,33.4,33.4,27.1,58,6.93,987.0,30.831,41.09,39.81,0,38.29
2017-04-07,97,11,33.9,34.1,26.4,63,5.64,953.0,32.034,42.25,43.18,0,41.84
2017-04-08,98,12,33.0,33.0,26.4,61,6.89,999.0,30.847,40.81,39.88,0,37.33
2017-04-09,99,11,32.8,33.1,26.3,66,6.14,892.0,31.223,40.60,41.22,0,38.27
2017-04-10,100,12,33.9,34.7,26.7,62,6.94,994.0,31.798,42.25,42.74,0,41.58
2017-04-11,101,11,33.8,33.9,27.3,61,4.8,899.0,31.756,41.94,42.04,0,41.72
2017-04-12,102,11,33.2,33.4,26.9,62,4.28,952.0,31.483,41.68,40.79,0,40.08
2017-04-13,103,11,32.5,32.9,26.3,62,4.39,918.0,30.764,40.52,38.94,0,36.50
2017-04-14,104,11,33.0,33.0,25.3,58,3.36,885.0,30.929,41.42,38.81,0,36.25
2017-04-15,105,12,32.9,33.4,24.0,61,3.64,1021.0,31.319,41.88,39.62,0,36.10
2017-04-16,106,12,35.7,36.4,25.9,57,5.35,1011.0,33.054,44.57,45.64,0,45.78
2017-04-17,107,11,36.0,36.3,27.1,55,4.22,951.0,33.189,44.93,45.51,0,47.65
2017-04-18,108,11,35.0,35.0,28.3,64,6.36,948.0,33.09,44.04,47.06,0,48.79
2017-04-19,109,12,34.7,34.7,27.5,59,7.23,1001.0,32.144,43.23,43.71,0,44.24
2017-04-20,110,11,34.5,34.5,27.5,58,7.4,943.0,31.752,42.62,42.7,0,42.68
2017-04-21,111,12,34.7,35.1,28.1,61,6.36,899.0,32.378,42.98,44.63,0,45.54
2017-04-22,112,11,34.8,35.1,27.9,64,4.7,938.0,33.129,43.99,46.41,0,48.12
2017-04-23,113,11,34.9,35.0,28.4,65,4.79,942.0,33.336,44.27,47.25,0,49.61
2017-04-24,114,11,34.4,34.4,28.3,65,6.41,938.0,32.632,43.15,45.63,0,46.75
2017-04-25,115,11,34.1,34.1,28.2,65,5.86,946.0,32.427,42.73,44.69,0,45.60
2017-04-26,116,11,34.5,34.5,27.8,62,5.98,952.0,32.425,43.00,44.51,0,45.25
2017-04-27,117,12,34.7,34.7,27.2,58,6.46,999.0,32.098,43.03,43.26,0,43.49
2017-04-28,118,11,33.9,34.1,27.6,61,6.36,942.0,31.683,41.92,42.32,0,42.02
2017-04-29,119,11,33.8,33.9,27.6,60,6.2,951.0,31.495,41.71,41.63,0,41.26
2017-04-30,120,11,33.5,33.9,27.2,62,5.33,899.0,31.516,41.42,41.61,0,40.61
2017-05-01,121,12,33.2,33.2,27.7,56,5.41,922.0,30.51,40.53,38.61,0,37.54
2017-05-02,122,11,32.9,32.9,27.4,58,4.97,861.0,30.473,40.19,38.57,0,36.86
2017-05-03,123,11,32.5,32.5,27.0,63,5.68,902.0,30.657,40.00,39.29,0,36.87
2017-05-04,124,11,33.3,33.7,27.1,62,5.6,927.0,31.325,41.17,41.06,0,39.75
2017-05-05,125,11,33.3,33.7,27.3,63,6.81,870.0,31.235,40.94,41.46,0,39.79
2017-05-06,126,11,33.7,34.0,28.3,63,6.84,949.0,31.696,41.86,42.59,0,42.92
2017-05-07,127,12,33.9,33.9,28.6,57,6.78,922.0,31.111,41.46,40.7,0,41.18
2017-05-08,128,11,34.6,34.6,27.9,58,4.97,927.0,32.128,42.83,42.98,0,44.11
2017-05-09,129,11,34.8,34.8,28.6,57,6.28,925.0,31.999,42.79,43.09,0,44.70
2017-05-10,130,14,31.8,31.9,28.0,68,5.46,760.0,30.429,38.93,39.14,0,36.77
2017-05-11,131,11,33.1,33.1,27.5,63,5.34,877.0,31.235,40.85,40.9,0,39.75
2017-05-12,132,11,32.1,32.3,28.2,66,4.5,829.0,30.721,39.90,39.27,0,38.31
2017-05-13,133,11,33.5,33.8,27.4,60,4.82,892.0,31.341,41.38,40.82,0,40.19
2017-05-14,134,11,34.9,35.4,28.1,64,4.72,930.0,33.21,44.11,46.73,0,48.71
2017-05-15,135,11,36.7,36.9,28.7,49,3.57,932.0,33.109,45.54,44.48,0,49.42
2017-05-16,136,9,36.9,37.6,28.7,42,0.42,641.0,34.065,45.21,41.81,1,51.66
2017-05-17,137,11,40.3,40.3,30.1,32,1.2,909.0,34.558,49.58,44.67,2,60.11
2017-05-18,138,12,40.5,41.2,30.5,32,3.51,918.0,33.559,49.13,45.1,3,60.19
2017-05-19,139,11,39.3,39.3,30.0,34,1.04,929.0,34.335,48.67,43.52,4,61.82
2017-05-20,140,10,38.0,38.2,29.1,36,1.04,814.0,33.334,46.78,41.69,5,58.50
2017-05-21,141,10,35.5,35.5,29.4,49,3.24,769.0,31.874,43.45,41.47,0,45.27
2017-05-22,142,11,35.5,35.5,28.9,59,4.7,918.0,33.124,44.34,46.06,0,49.40
2017-05-23,143,11,36.2,36.2,28.1,49,2.73,927.0,32.909,45.40,43.19,0,47.76
2017-05-24,144,12,34.9,36.9,29.3,68,4.79,749.0,33.447,43.96,48.86,0,51.24
2017-05-25,145,10,35.7,35.7,29.0,54,1.28,760.0,33.665,45.48,44.19,0,50.66
2017-05-26,146,10,37.7,37.9,29.1,42,0.64,797.0,34.724,47.04,43.65,1,55.38
2017-05-27,147,11,37.4,37.4,28.4,42,1.03,917.0,34.057,47.09,42.95,2,54.74
2017-05-28,148,14,39.0,39.2,28.5,38,2.02,738.0,33.622,47.53,44.76,3,56.69
2017-05-29,149,14,39.2,39.5,30.7,34,1.86,824.0,33.323,47.90,43.31,4,60.09
2017-05-30,150,14,38.6,40.2,30.3,30,0.99,705.0,32.531,46.45,40.51,5,57.71
2017-05-31,151,13,34.8,37.3,29.9,60,5.25,786.0,32.345,42.67,44.46,6,57.29
2017-06-01,152,12,35.3,36.4,28.5,55,4.12,885.0,32.48,43.72,43.56,0,46.34
2017-06-02,153,10,33.2,34.0,28.4,66,4.74,784.0,31.656,41.15,42.39,0,42.37
2017-06-03,154,10,36.6,36.6,28.7,44,0.5,789.0,34.441,45.94,41.97,0,51.29
2017-06-04,155,12,38.2,38.2,30.1,37,0.61,885.0,34.641,47.53,42.53,1,56.32
2017-06-05,156,12,38.4,38.4,29.2,36,0.36,871.0,35.1,47.19,42.52,2,57.55
2017-06-06,157,12,36.8,37.0,28.5,45,1.21,894.0,33.727,46.50,42.88,3,55.45
2017-06-07,158,15,31.7,32.5,26.8,63,4.3,463.0,29.45,37.39,37.27,0,31.72
2017-06-08,159,15,32.6,32.6,28.0,52,4.88,498.0,28.918,37.59,36.05,0,31.81
2017-06-09,160,13,34.8,35.6,28.4,49,4.35,773.0,31.011,41.89,39.83,0,40.74
2017-06-10,161,12,36.0,36.0,29.2,42,4.16,850.0,31.197,43.39,39.86,0,43.11
2017-06-11,162,12,35.9,35.9,29.1,40,7.27,910.0,30.448,43.08,38.95,0,41.02
2017-06-12,163,14,35.5,36.4,28.8,47,4.42,735.0,31.288,42.45,40.67,0,42.45
2017-06-13,164,13,34.1,35.3,28.6,60,3.81,755.0,31.896,42.19,42.45,0,43.83
2017-06-14,165,13,34.3,36.4,28.7,64,5.47,872.0,32.457,42.70,44.84,0,46.27
2017-06-15,166,13,33.5,34.2,28.2,65,3.38,669.0,31.906,41.82,42.86,0,43.27
2017-06-16,167,12,32.3,32.3,27.9,60,0.54,380.0,31.153,40.06,37.78,0,38.34
2017-06-17,168,13,32.5,34.5,27.2,75,4.85,821.0,32.06,41.31,43.98,0,42.44
2017-06-18,169,14,32.6,34.6,28.0,72,5.02,757.0,31.704,40.71,43.04,0,41.92
2017-06-19,170,14,34.9,34.9,27.0,44,0.51,759.0,32.816,43.75,38.29,0,43.28
2017-06-20,171,17,29.7,31.2,25.9,79,4.43,142.0,28.536,33.47,36.5,0,25.83
2017-06-21,172,13,34.6,34.6,27.3,48,1.28,786.0,31.903,43.59,39.02,0,42.07
2017-06-22,173,13,34.4,34.4,27.7,47,1.84,759.0,31.123,42.85,38.25,0,40.23
2017-06-23,174,12,35.0,35.0,28.1,47,2.73,860.0,31.443,43.42,39.54,0,42.20
2017-06-24,175,12,31.5,32.0,26.1,59,2.56,440.0,29.081,38.08,35.66,0,30.10
2017-06-25,176,13,33.7,33.7,27.3,49,3.58,413.0,29.541,39.01,37.43,0,33.70
2017-06-26,177,11,34.5,34.6,28.5,47,5.82,729.0,30.19,40.70,38.46,0,37.93
2017-06-27,178,13,34.4,34.4,28.6,45,5.32,632.0,29.741,40.05,37.6,0,36.41
2017-06-28,179,13,34.2,34.3,28.4,43,7.49,774.0,29.241,40.33,36.61,0,35.07
2017-06-29,180,13,36.4,36.4,29.1,40,5.15,884.0,31.107,43.59,39.96,0,43.02
2017-06-30,181,14,36.4,36.5,28.6,38,2.62,558.0,30.798,43.08,39.24,0,41.21
2017-07-01,182,13,34.8,35.4,26.7,44,3.42,562.0,30.138,41.02,38.08,0,35.83
2017-07-02,183,13,35.8,36.0,28.5,42,0.95,765.0,32.414,44.50,39.44,0,45.24
2017-07-03,184,13,35.9,35.9,28.7,44,0.54,746.0,33.568,44.86,40.4,0,48.27
2017-07-04,185,13,35.8,35.8,28.3,42,1.17,814.0,32.261,44.66,39.44,0,44.84
2017-07-05,186,13,37.1,37.1,28.0,38,2.4,908.0,32.11,45.75,40.64,1,47.10
2017-07-06,187,14,36.2,36.4,28.9,37,1.98,709.0,31.008,43.91,38.52,0,42.29
2017-07-07,188,12,33.2,33.6,25.9,51,5.11,791.0,29.741,39.71,37.0,0,32.79
2017-07-08,189,13,33.2,33.2,27.1,52,0.36,687.0,32.349,41.73,37.3,0,40.69
2017-07-09,190,12,35.1,35.1,27.3,47,0.94,847.0,32.745,44.50,39.76,0,44.59
2017-07-10,191,13,33.7,33.7,26.1,54,2.31,839.0,31.349,42.61,39.09,0,38.94
2017-07-11,192,13,35.0,35.0,27.8,47,0.85,858.0,32.824,44.46,39.54,0,45.21
2017-07-12,193,14,29.7,29.7,25.0,64,2.33,351.0,27.825,35.93,33.04,0,23.93
2017-07-13,194,13,32.0,32.0,26.2,55,3.11,491.0,29.028,38.20,35.64,0,30.20
2017-07-14,195,14,33.1,33.1,27.1,48,1.41,469.0,29.692,40.11,35.92,0,33.99
2017-07-15,196,12,34.4,34.4,27.6,45,5.77,746.0,29.846,40.52,37.6,0,35.79
2017-07-16,197,15,34.4,34.8,27.1,43,1.28,504.0,30.328,41.48,36.98,0,36.57
2017-07-17,198,13,35.2,35.2,28.2,41,6.04,703.0,29.869,41.13,37.9,0,37.08
2017-07-18,199,13,34.0,34.0,28.2,47,2.58,604.0,30.152,41.08,37.42,0,37.40
2017-07-19,200,15,33.6,35.2,28.0,57,5.3,602.0,30.588,39.75,39.94,0,37.96
2017-07-20,201,16,34.1,35.3,27.9,55,3.76,396.0,30.635,39.80,40.43,0,38.16
2017-07-21,202,14,33.2,36.5,28.2,64,3.99,651.0,31.348,40.75,41.58,0,40.97
2017-07-22,203,14,34.0,35.9,28.6,60,3.01,701.0,31.91,42.39,42.18,0,43.91
2017-07-23,204,13,36.5,36.5,28.6,38,2.3,917.0,31.652,45.11,39.43,0,44.36
2017-07-24,205,12,35.3,35.5,28.4,43,1.34,906.0,31.995,44.49,38.77,0,44.08
2017-07-25,206,13,35.6,36.2,28.3,41,0.85,803.0,32.33,44.37,38.69,0,44.48
2017-07-26,207,13,33.0,35.0,28.0,69,5.2,778.0,31.742,40.98,43.04,0,42.19
2017-07-27,208,12,35.0,35.0,27.1,44,1.43,941.0,31.865,44.33,38.49,0,42.10
2017-07-28,209,12,35.4,35.4,26.4,46,2.2,943.0,32.011,44.55,40.06,0,42.30
2017-07-29,210,13,31.8,32.4,25.0,62,0.45,501.0,31.628,40.46,37.21,0,35.93
2017-07-30,211,13,34.0,34.4,26.2,55,0.36,834.0,33.936,43.67,40.18,0,45.11
2017-07-31,212,13,32.2,32.2,25.2,63,0.36,788.0,33.117,42.09,38.51,0,40.63
2017-08-01,213,14,34.1,34.4,26.1,56,0.76,771.0,33.167,43.92,40.82,0,43.96
2017-08-02,214,13,34.0,34.0,25.6,55,1.17,834.0,32.516,43.79,40.18,0,41.82
2017-08-03,215,14,35.4,35.4,27.1,44,1.94,833.0,31.662,44.08,39.32,0,41.84
2017-08-04,216,13,35.5,35.5,27.8,44,3.49,717.0,31.005,42.65,39.54,0,40.47
2017-08-05,217,13,34.5,34.8,27.3,49,3.18,615.0,30.731,41.47,39.15,0,38.37
2017-08-06,218,14,33.8,34.0,26.6,52,1.12,675.0,31.626,42.54,38.63,0,39.82
2017-08-07,219,11,31.7,31.7,27.1,59,1.43,611.0,30.16,40.19,36.1,0,35.00
2017-08-08,220,12,33.6,33.6,25.4,55,1.22,853.0,32.137,43.36,39.21,0,40.19
2017-08-09,221,12,32.2,32.2,25.5,69,2.28,811.0,31.738,42.05,40.63,0,39.14
2017-08-10,222,12,31.1,31.1,25.2,72,0.72,800.0,32.411,42.01,38.49,0,39.23
2017-08-11,223,12,31.7,31.7,26.0,70,3.79,850.0,30.97,40.32,39.54,0,36.62
2017-08-12,224,12,32.2,32.2,25.9,61,0.22,773.0,32.832,41.00,37.86,0,39.88
2017-08-13,225,14,32.3,32.3,25.1,62,0.81,757.0,32.117,42.23,38.44,0,38.70
2017-08-14,226,11,31.4,31.4,25.1,71,1.9,852.0,31.466,41.70,39.02,0,37.31
2017-08-15,227,12,31.0,31.0,25.0,68,2.22,757.0,30.416,40.21,37.01,0,33.38
2017-08-16,228,13,33.0,33.0,26.0,59,1.49,906.0,31.946,43.07,39.16,0,40.31
2017-08-17,229,14,31.8,31.8,25.8,63,2.75,616.0,30.143,39.61,37.51,0,33.55
2017-08-18,230,15,29.1,29.1,25.4,78,3.33,286.0,28.385,34.87,34.58,0,25.25
2017-08-19,231,12,32.4,32.4,25.5,59,4.66,833.0,30.147,39.63,37.7,0,33.30
2017-08-20,232,14,31.6,31.8,25.7,61,4.39,796.0,29.64,38.74,36.44,0,31.46
2017-08-21,233,12,32.0,32.0,25.7,60,2.73,721.0,30.17,40.14,37.07,0,33.70
2017-08-22,234,14,31.3,31.4,25.4,66,1.24,461.0,30.353,39.63,37.18,0,33.38
2017-08-23,235,13,32.3,32.3,26.3,63,1.28,771.0,31.683,42.14,38.77,0,39.34
2017-08-24,236,13,31.5,31.5,25.8,69,0.89,815.0,32.191,42.16,38.64,0,39.69
2017-08-25,237,12,29.8,30.1,24.9,70,3.6,591.0,28.794,36.78,34.56,0,26.81
2017-08-26,238,13,33.2,33.2,26.2,59,3.69,818.0,31.057,41.23,39.67,0,37.72
2017-08-27,239,15,29.8,30.2,25.8,77,3.13,362.0,29.178,36.48,36.27,0,29.01
2017-08-28,240,12,30.9,30.9,26.0,64,4.8,565.0,28.924,36.69,35.65,0,28.69
2017-08-29,241,11,31.9,32.2,27.1,61,4.95,802.0,29.835,38.85,37.14,0,33.80
2017-08-30,242,14,33.5,33.8,27.0,55,0.81,711.0,32.24,42.77,38.97,0,41.74
2017-08-31,243,12,32.3,32.3,25.2,61,0.81,889.0,32.327,42.71,38.11,0,39.44
2017-09-01,244,11,31.3,31.7,26.7,68,0.54,784.0,32.554,41.89,37.79,0,40.91
2017-09-02,245,11,32.0,32.1,25.1,71,1.12,883.0,32.737,43.19,40.78,0,41.44
2017-09-03,246,11,31.3,31.3,25.3,74,1.92,904.0,31.785,42.09,39.74,0,38.69
2017-09-04,247,12,32.4,32.4,25.9,68,1.66,928.0,32.368,43.20,40.83,0,41.70
2017-09-05,248,13,32.3,32.7,26.6,70,0.32,877.0,34.295,43.16,41.3,0,46.31
2017-09-06,249,10,31.3,31.6,25.3,68,0.64,776.0,32.265,41.78,37.79,0,38.65
2017-09-07,250,12,29.9,29.9,25.3,78,3.0,821.0,30.279,39.28,36.82,0,32.73
2017-09-08,251,13,30.2,30.2,25.7,74,4.22,854.0,29.894,38.35,36.58,0,31.71
2017-09-09,252,11,30.4,30.4,25.7,70,2.84,861.0,30.009,39.51,36.03,0,32.56
2017-09-10,253,12,30.1,30.1,25.1,72,3.7,915.0,29.778,38.72,35.79,0,30.77
2017-09-11,254,12,30.2,30.2,26.6,76,3.54,843.0,30.242,39.06,37.13,0,34.13
2017-09-12,255,11,30.9,30.9,25.9,73,3.16,836.0,30.679,40.02,38.24,0,35.25
2017-09-13,256,11,30.4,30.4,26.3,72,3.65,789.0,29.894,38.62,36.57,0,32.60
2017-09-14,257,12,30.8,31.3,26.3,74,3.85,732.0,30.366,38.92,38.26,0,34.34
2017-09-15,258,13,31.5,31.5,26.5,68,1.65,822.0,31.322,41.60,38.32,0,38.34
2017-09-16,259,12,31.6,31.7,26.5,67,0.9,923.0,32.296,42.53,38.26,0,40.83
2017-09-17,260,15,28.6,29.1,25.5,80,2.95,204.0,27.932,34.06,33.65,0,23.58
2017-09-18,261,17,29.7,31.0,25.9,74,0.86,132.0,28.675,35.96,35.25,0,27.42
2017-09-19,262,13,32.5,32.5,26.6,55,5.06,743.0,29.56,38.87,36.7,0,32.55
2017-09-20,263,13,32.7,33.1,26.1,54,4.72,894.0,29.872,39.88,36.84,0,33.34
2017-09-21,264,12,32.2,32.8,26.5,57,2.6,943.0,30.402,41.22,36.63,0,35.70
2017-09-22,265,12,31.3,31.3,25.9,65,1.08,769.0,31.181,41.22,36.88,0,36.56
2017-09-23,266,12,31.8,31.8,26.7,66,2.51,903.0,31.072,41.40,38.47,0,38.01
2017-09-24,267,11,30.8,30.8,25.5,73,1.8,771.0,31.019,40.87,37.96,0,35.94
2017-09-25,268,15,30.8,30.8,24.7,69,0.92,512.0,30.669,39.79,36.78,0,33.12
2017-09-26,269,12,29.8,29.8,24.8,76,0.58,534.0,31.095,39.58,36.01,0,33.61
2017-09-27,270,12,30.6,30.6,24.8,76,1.49,838.0,31.496,41.47,38.29,0,36.57
2017-09-28,271,11,30.3,30.3,25.0,74,0.36,651.0,32.109,40.25,36.85,0,36.55
2017-09-29,272,11,31.1,31.1,25.8,65,2.86,654.0,29.756,39.00,36.4,0,31.97
2017-09-30,273,12,31.1,31.1,24.9,67,0.2,683.0,32.205,39.77,36.97,0,36.31
2017-10-01,274,13,31.7,31.7,24.8,70,1.39,870.0,32.035,42.45,39.54,0,38.77
2017-10-02,275,12,31.4,31.4,24.9,68,2.0,900.0,31.158,41.52,38.05,0,36.00
2017-10-03,276,12,31.6,31.6,25.5,73,1.84,834.0,31.882,42.16,40.3,0,39.37
2017-10-04,277,12,31.8,31.8,24.6,68,0.81,826.0,32.522,42.53,39.14,0,39.36
2017-10-05,278,11,30.3,30.3,24.8,73,2.51,847.0,30.338,39.91,36.58,0,32.62
2017-10-06,279,11,29.3,29.8,24.5,77,3.14,820.0,29.55,38.26,34.89,0,28.97
2017-10-07,280,13,30.3,30.3,25.1,74,5.01,790.0,29.768,37.70,36.85,0,30.40
2017-10-08,281,12,30.8,30.8,25.5,70,3.45,832.0,30.168,39.33,37.07,0,32.88
2017-10-09,282,10,29.8,30.4,24.7,78,3.09,688.0,29.938,38.46,36.53,0,30.69
2017-10-10,283,10,30.1,30.4,24.8,76,0.76,760.0,31.702,40.97,36.85,0,36.07
2017-10-11,284,10,30.1,30.7,24.6,71,0.51,634.0,31.364,40.03,35.53,0,34.03
2017-10-12,285,11,30.2,30.3,25.1,76,2.2,795.0,30.607,40.14,37.13,0,33.86
2017-10-13,286,12,28.4,28.4,26.0,81,2.2,433.0,28.64,36.48,33.3,0,27.12
2017-10-14,287,10,28.8,28.9,24.9,83,1.22,392.0,29.592,37.82,34.82,0,29.17
2017-10-15,288,12,30.3,30.6,25.3,75,0.71,574.0,31.343,40.24,37.13,0,35.55
2017-10-16,289,12,29.5,29.7,25.6,74,2.44,383.0,28.778,36.64,34.73,0,27.56
2017-10-17,290,14,30.5,30.5,25.2,72,2.14,329.0,29.463,37.63,36.84,0,29.89
2017-10-18,291,12,31.5,31.9,25.9,67,2.4,562.0,30.328,39.63,38.0,0,34.22
2017-10-19,292,14,32.2,32.3,25.0,55,0.41,436.0,30.886,39.69,36.06,0,33.54
2017-10-20,293,12,32.1,32.1,26.5,67,2.43,858.0,31.43,41.77,39.62,0,39.15
2017-10-21,294,11,31.8,31.8,26.8,74,2.4,818.0,31.882,41.99,41.28,0,41.13
2017-10-22,295,13,31.5,31.5,26.4,74,2.91,816.0,31.408,41.09,40.35,0,38.77
2017-10-23,296,10,31.6,32.0,26.1,68,0.72,758.0,32.325,42.02,38.59,0,40.17
2017-10-24,297,10,30.5,30.7,25.1,74,2.13,728.0,30.588,40.10,37.41,0,33.89
2017-10-25,298,12,29.7,29.7,25.9,75,2.79,735.0,29.69,38.56,35.49,0,31.31
2017-10-26,299,13,28.3,28.4,25.3,79,1.77,564.0,28.825,37.37,32.69,0,27.07
2017-10-27,300,12,27.1,27.6,24.8,84,2.62,436.0,27.555,34.70,30.37,0,21.30
2017-10-28,301,12,30.1,30.1,25.3,65,4.96,747.0,28.535,36.55,34.1,0,26.46
2017-10-29,302,10,29.6,30.0,24.7,70,6.59,621.0,28.251,35.06,34.08,0,24.13
2017-10-30,303,12,26.4,26.4,24.5,85,4.43,439.0,26.64,31.98,26.86,0,16.00
2017-10-31,304,15,26.1,26.1,24.0,87,3.57,189.0,26.056,30.53,26.57,0,13.27
2017-11-01,305,13,25.8,26.3,24.1,91,4.86,355.0,26.416,30.69,26.31,0,14.18
2017-11-02,306,10,27.6,27.6,24.3,78,4.47,308.0,26.838,32.00,30.87,0,17.60
2017-11-03,307,11,25.5,26.8,22.6,82,4.68,245.0,25.025,28.81,25.87,0,8.44
2017-11-04,308,16,26.5,26.5,23.5,84,2.64,130.0,26.064,31.18,26.95,0,13.17
2017-11-05,309,13,27.7,27.7,24.1,84,4.08,579.0,28.117,34.75,31.92,0,22.15
2017-11-06,310,12,26.5,27.2,24.3,88,3.96,346.0,26.905,32.15,27.0,0,16.39
2017-11-07,311,9,27.2,27.6,23.7,88,2.62,400.0,27.966,34.95,31.28,0,21.31
2017-11-08,312,11,29.4,29.5,23.6,68,5.45,793.0,28.2,35.82,33.21,0,22.98
2017-11-09,313,12,29.6,29.6,25.0,64,5.78,800.0,27.914,35.71,32.84,0,23.86
2017-11-10,314,11,27.4,27.9,25.7,80,6.13,397.0,26.87,31.53,30.65,0,18.87
2017-11-11,315,11,28.7,28.7,24.6,67,7.51,495.0,26.82,32.78,31.59,0,18.74
2017-11-12,316,14,25.1,25.2,24.2,94,6.79,100.0,25.246,25.87,25.61,0,8.70
2017-11-13,317,10,24.7,24.7,22.6,95,3.9,151.0,25.277,28.49,25.2,0,8.69
2017-11-14,318,15,25.4,25.4,23.0,89,4.49,132.0,25.291,28.05,25.86,0,8.86
2017-11-15,319,12,31.2,31.2,23.8,67,1.5,743.0,30.87,40.90,37.22,0,33.41
2017-11-16,320,13,30.0,30.1,25.0,76,1.04,604.0,30.793,39.93,36.56,0,33.73
2017-11-17,321,11,30.3,30.3,24.6,70,2.1,759.0,30.031,39.64,35.78,0,31.32
2017-11-18,322,11,29.2,29.2,24.5,79,2.06,687.0,29.818,38.81,35.08,0,29.94
2017-11-19,323,10,29.1,29.2,24.6,79,2.28,599.0,29.454,38.03,34.8,0,28.71
2017-11-20,324,13,29.1,29.1,24.6,78,3.13,703.0,29.275,37.58,34.58,0,27.96
2017-11-21,325,11,28.7,28.7,24.4,82,3.18,625.0,29.153,37.00,34.32,0,26.98
2017-11-22,326,12,29.4,29.4,25.3,65,5.73,798.0,27.841,35.53,32.63,0,23.86
2017-11-23,327,11,29.3,29.3,24.6,69,2.64,751.0,28.74,37.82,33.19,0,26.60
2017-11-24,328,11,28.6,28.6,23.9,71,3.55,637.0,27.847,35.67,32.04,0,22.12
2017-11-25,329,12,28.5,28.5,25.1,63,6.42,760.0,26.649,33.86,30.62,0,19.42
2017-11-26,330,12,27.4,27.4,24.6,85,4.76,544.0,27.763,33.67,31.26,0,21.04
2017-11-27,331,12,27.8,28.1,24.8,82,5.87,630.0,27.853,33.76,31.89,0,21.75
2017-11-28,332,11,28.3,28.5,25.2,73,6.18,654.0,27.414,33.77,31.71,0,21.33
2017-11-29,333,11,28.3,28.3,24.4,70,6.89,677.0,27.061,33.51,31.26,0,19.37
2017-11-30,334,10,27.0,27.0,24.5,82,5.82,443.0,26.787,31.59,29.93,0,17.08
2017-12-01,335,12,26.1,26.3,24.4,82,7.06,547.0,25.967,30.54,26.5,0,13.57
2017-12-02,336,13,28.2,28.2,25.2,57,4.96,715.0,25.823,33.59,29.4,0,17.33
2017-12-03,337,11,27.5,27.7,24.8,65,6.01,677.0,25.861,32.43,29.21,0,16.03
2017-12-04,338,12,27.2,27.2,23.4,69,5.11,517.0,25.858,31.87,29.11,0,13.94
2017-12-05,339,12,28.1,28.1,24.4,67,3.94,691.0,26.956,34.72,30.46,0,19.75
2017-12-06,340,10,27.3,27.5,24.4,70,3.62,558.0,26.351,33.57,29.37,0,17.37
2017-12-07,341,12,28.3,28.4,22.8,60,4.44,693.0,26.298,34.13,29.9,0,16.00
2017-12-08,342,12,28.8,28.8,20.6,57,3.68,810.0,26.744,35.75,30.28,0,17.22
2017-12-09,343,13,30.1,30.2,21.6,55,1.21,763.0,28.744,38.96,32.06,0,23.98
2017-12-10,344,11,28.3,28.6,21.8,70,1.97,754.0,28.182,37.43,31.26,0,21.52
2017-12-11,345,12,28.4,28.4,21.5,70,2.83,765.0,27.952,36.72,31.46,0,20.64
2017-12-12,346,12,27.9,27.9,22.8,75,2.77,647.0,27.808,35.99,31.14,0,20.66
2017-12-13,347,10,27.7,27.9,23.4,72,2.02,543.0,27.361,35.78,30.34,0,20.06
2017-12-14,348,12,28.2,28.3,22.5,67,3.61,684.0,27.106,35.11,30.64,0,18.16
2017-12-15,349,12,28.3,28.3,24.3,68,5.83,717.0,27.009,33.89,30.97,0,19.32
2017-12-16,350,12,28.2,28.3,24.9,64,5.8,713.0,26.483,33.52,30.24,0,18.49
2017-12-17,351,13,28.1,28.2,25.0,59,5.82,730.0,25.863,33.20,29.48,0,16.92
2017-12-18,352,11,27.7,27.7,23.3,58,6.38,664.0,25.234,32.10,28.82,0,12.71
2017-12-19,353,11,28.0,28.0,23.7,60,5.74,719.0,25.875,33.11,29.45,0,15.35
2017-12-20,354,12,27.4,27.4,22.7,61,6.0,781.0,25.477,32.62,28.69,0,12.80
2017-12-21,355,13,26.5,26.5,24.1,74,5.17,505.0,25.673,31.19,26.82,0,13.14
2017-12-22,356,11,27.8,28.0,22.9,64,5.88,730.0,26.122,33.07,29.59,0,14.91
2017-12-23,357,11,27.7,27.7,23.5,66,4.56,730.0,26.421,33.86,29.64,0,16.76
2017-12-24,358,11,27.0,27.5,21.6,67,5.05,600.0,25.6,32.04,28.61,0,11.76
2017-12-25,359,10,27.6,27.6,22.8,67,5.52,533.0,26.008,32.09,29.58,0,13.87
2017-12-26,360,12,27.8,27.8,22.4,62,6.1,798.0,25.968,33.21,29.37,0,14.05
2017-12-27,361,11,27.2,27.4,22.9,62,5.02,702.0,25.416,32.57,28.5,0,12.81
2017-12-28,362,12,26.9,27.0,22.7,52,4.76,610.0,23.943,31.41,27.44,0,8.56
2017-12-29,363,12,27.1,27.8,23.1,60,3.26,586.0,25.234,33.30,28.21,0,13.11
2017-12-30,364,12,27.6,27.6,21.5,61,4.1,687.0,25.805,33.63,28.97,0,13.43
2017-12-31,365,12,28.0,28.0,22.3,63,4.74,697.0,26.305,33.74,29.79,0,15.11
2018-01-01,1,11,29.1,29.4,21.8,60,3.11,752.0,27.415,36.53,31.2,0,19.39
2018-01-02,2,11,28.2,28.4,20.9,67,3.07,633.0,27.147,35.39,30.64,0,17.86
2018-01-03,3,12,28.1,28.1,22.5,62,3.8,766.0,26.56,34.92,29.83,0,16.69
2018-01-04,4,12,28.2,28.2,22.0,49,4.8,819.0,25.066,33.83,28.58,0,12.03
2018-01-05,5,12,27.2,27.2,20.2,52,4.16,805.0,24.605,33.28,27.74,0,10.45
2018-01-06,6,12,27.1,27.1,20.5,52,3.29,809.0,24.716,34.03,27.64,0,11.16
2018-01-07,7,12,27.2,27.2,19.5,47,3.84,843.0,24.147,33.54,27.42,0,9.65
2018-01-08,8,12,27.5,27.5,19.4,53,5.54,792.0,24.755,32.62,28.14,0,10.41
2018-01-09,9,12,27.8,27.8,23.9,60,6.91,638.0,25.463,32.06,29.16,0,13.93
2018-01-10,10,13,26.1,26.6,23.7,85,4.48,520.0,26.485,32.08,26.54,0,14.84
2018-01-11,11,11,27.9,27.9,23.5,69,4.14,694.0,26.946,34.45,30.35,0,18.44
2018-01-12,12,11,27.9,28.1,21.7,68,2.38,745.0,27.39,36.40,30.22,0,18.89
2018-01-13,13,12,27.9,27.9,21.3,70,2.82,828.0,27.583,36.45,30.47,0,19.39
2018-01-14,14,10,27.0,27.8,21.3,71,1.14,604.0,27.289,36.05,28.94,0,17.97
2018-01-15,15,11,27.7,27.9,21.2,66,2.34,735.0,26.986,36.06,29.64,0,17.66
2018-01-16,16,10,27.1,27.7,22.1,70,1.22,599.0,27.195,36.01,29.03,0,17.91
2018-01-17,17,11,26.8,27.2,20.5,64,1.93,761.0,26.166,35.53,28.1,0,15.16
2018-01-18,18,12,27.1,27.1,19.7,53,3.58,850.0,24.817,33.97,27.71,0,11.34
2018-01-19,19,12,27.1,27.1,19.6,50,3.85,865.0,24.435,33.65,27.51,0,10.31
2018-01-20,20,12,26.9,26.9,20.1,53,3.58,844.0,24.626,33.73,27.5,0,10.73
2018-01-21,21,13,27.0,27.0,19.9,53,5.02,788.0,24.367,32.34,27.6,0,9.27
2018-01-22,22,13,26.9,26.9,20.6,57,4.65,723.0,24.683,32.35,27.76,0,9.94
2018-01-23,23,12,27.4,27.4,21.4,55,2.84,836.0,25.502,35.07,28.19,0,13.61
2018-01-24,24,13,27.7,27.7,20.0,58,3.67,834.0,25.879,34.70,28.82,0,14.29
2018-01-25,25,12,28.3,28.4,19.9,57,3.52,866.0,26.404,35.59,29.54,0,16.19
2018-01-26,26,10,26.7,28.4,20.3,67,1.14,630.0,26.658,35.62,28.16,0,16.18
2018-01-27,27,12,27.8,27.8,20.4,57,3.62,807.0,25.833,34.68,28.86,0,14.20
2018-01-28,28,13,27.5,27.5,21.0,55,4.89,860.0,25.163,33.43,28.3,0,11.83
2018-01-29,29,12,27.5,27.5,22.0,58,4.72,838.0,25.494,33.60,28.56,0,12.67
2018-01-30,30,12,27.7,27.7,20.5,52,4.92,889.0,25.038,33.64,28.29,0,11.73
2018-01-31,31,10,26.4,28.3,19.5,58,1.36,686.0,25.37,34.91,26.5,0,12.80
2018-02-01,32,9,25.0,28.0,17.3,66,0.67,500.0,25.184,33.44,25.14,0,11.39
2018-02-02,33,11,28.5,28.7,17.4,47,2.47,844.0,25.712,36.21,28.73,0,15.03
2018-02-03,34,9,25.5,27.5,17.5,63,1.8,468.0,24.27,32.66,25.63,0,9.10
2018-02-04,35,12,26.9,26.9,19.6,50,3.45,847.0,24.324,33.74,27.32,0,10.10
2018-02-05,36,13,28.2,28.2,22.4,50,3.68,855.0,25.452,34.94,28.68,0,14.07
2018-02-06,37,12,28.3,28.3,21.0,63,3.57,583.0,26.606,34.48,30.28,0,16.05
2018-02-07,38,11,28.7,28.8,22.3,70,3.45,728.0,28.008,36.27,32.08,0,21.00
2018-02-08,39,12,29.6,29.7,23.1,60,2.25,849.0,28.346,38.35,32.09,0,24.08
2018-02-09,40,11,28.8,28.8,21.6,64,2.64,805.0,27.814,37.15,31.3,0,20.64
2018-02-10,41,11,28.3,28.6,22.7,63,2.97,721.0,26.989,35.81,30.28,0,18.54
2018-02-11,42,12,28.8,28.8,23.4,58,3.8,844.0,26.881,35.85,30.42,0,19.24
2018-02-12,43,12,29.0,29.0,24.3,55,4.06,873.0,26.706,35.82,30.31,0,19.90
2018-02-13,44,12,28.6,28.6,23.0,58,4.31,802.0,26.533,35.00,30.11,0,17.39
2018-02-14,45,13,28.7,28.8,24.1,62,4.72,785.0,26.978,34.96,30.82,0,19.75
2018-02-15,46,13,29.4,29.4,23.7,59,5.19,902.0,27.372,35.87,31.56,0,20.96
2018-02-16,47,12,29.5,29.5,22.0,49,3.35,917.0,26.675,36.88,30.2,0,17.88
2018-02-17,48,11,28.9,29.1,21.4,57,1.89,811.0,27.469,37.55,30.43,0,19.95
2018-02-18,49,11,28.6,28.9,20.6,57,2.61,839.0,26.915,36.69,29.98,0,18.12
2018-02-19,50,12,28.2,28.2,21.6,56,3.89,925.0,26.194,35.35,29.29,0,15.53
2018-02-20,51,12,28.5,28.5,20.8,56,3.6,920.0,26.532,35.92,29.71,0,16.74
2018-02-21,52,12,28.8,28.8,21.1,52,3.31,941.0,26.45,36.41,29.64,0,16.90
2018-02-22,53,12,29.1,29.1,20.0,54,3.24,946.0,26.985,36.92,30.32,0,18.54
2018-02-23,54,12,28.5,28.6,19.8,51,3.23,934.0,26.073,36.08,29.14,0,15.77
2018-02-24,55,12,28.8,28.8,22.1,56,4.03,911.0,26.696,35.84,30.15,0,17.27
2018-02-25,56,12,30.3,30.4,22.6,49,4.67,953.0,27.15,36.93,31.33,0,19.94
2018-02-26,57,12,30.8,30.8,21.3,44,3.7,959.0,27.162,37.98,31.25,0,19.98
2018-02-27,58,11,30.5,30.5,20.7,50,3.24,899.0,27.704,38.06,31.81,0,21.28
2018-02-28,59,12,29.9,29.9,21.0,59,3.61,949.0,28.206,37.78,32.45,0,22.26
2018-03-01,60,11,30.8,31.1,22.0,48,2.2,897.0,28.101,39.17,31.92,0,22.86
2018-03-02,61,10,29.6,31.3,22.2,50,1.49,764.0,27.447,37.94,30.47,0,20.43
2018-03-03,62,11,30.2,31.0,21.0,46,2.55,917.0,27.189,38.20,30.72,0,20.00
2018-03-04,63,12,30.9,30.9,20.3,43,4.0,988.0,27.084,37.94,31.23,0,19.80
2018-03-05,64,12,29.3,29.4,19.9,52,3.82,987.0,26.834,36.69,30.33,0,18.09
2018-03-06,65,12,29.6,29.6,21.7,53,3.25,981.0,27.37,37.56,30.92,0,19.95
2018-03-07,66,11,29.8,30.5,21.4,51,2.47,885.0,27.436,37.97,30.91,0,20.37
2018-03-08,67,13,30.9,31.1,20.1,44,3.2,967.0,27.397,38.52,31.39,0,20.87
2018-03-09,68,11,30.2,30.3,22.0,59,3.91,866.0,28.298,37.53,33.01,0,22.46
2018-03-10,69,11,30.5,30.8,22.5,56,3.3,870.0,28.376,38.23,32.95,0,23.68
2018-03-11,70,13,29.6,29.7,23.2,58,3.51,917.0,27.794,37.33,31.73,0,22.29
2018-03-12,71,12,30.7,30.7,24.2,61,3.82,940.0,29.117,38.64,34.46,0,27.92
2018-03-13,72,12,30.9,30.9,25.8,62,3.95,900.0,29.335,38.69,35.13,0,30.48
2018-03-14,73,11,31.0,31.3,25.3,63,4.5,836.0,29.349,38.23,35.62,0,29.77
2018-03-15,74,12,31.4,31.4,24.6,58,5.64,938.0,29.084,38.29,35.18,0,28.33
2018-03-16,75,10,31.1,31.1,25.8,62,3.83,644.0,29.164,37.87,35.58,0,29.73
2018-03-17,76,9,26.0,28.5,25.4,88,0.54,168.0,27.023,33.41,26.48,0,18.81
2018-03-18,77,11,30.3,30.7,25.0,57,3.36,833.0,28.239,37.85,32.79,0,26.00
2018-03-19,78,12,30.6,30.6,24.8,51,3.75,965.0,27.877,38.08,32.15,0,25.01
2018-03-20,79,10,29.9,31.1,22.7,62,3.14,769.0,28.406,37.62,33.04,0,23.56
2018-03-21,80,12,32.4,32.6,23.4,58,5.06,982.0,30.148,39.98,37.39,0,30.99
2018-03-22,81,12,32.8,33.2,23.9,63,5.01,967.0,31.116,40.90,40.09,0,35.07
2018-03-23,82,11,33.0,33.0,24.8,62,5.26,905.0,31.067,40.75,40.25,0,35.97
2018-03-24,83,12,32.0,32.1,25.4,64,5.91,956.0,30.339,39.55,38.33,0,33.72
2018-03-25,84,12,31.0,31.0,25.4,55,3.82,978.0,28.733,38.77,33.67,0,28.39
2018-03-26,85,11,31.0,31.2,24.5,54,2.95,917.0,28.768,39.19,33.45,0,27.63
2018-03-27,86,11,32.0,32.0,24.8,61,4.74,908.0,30.101,39.54,37.38,0,32.21
2018-03-28,87,12,32.8,32.8,26.0,63,6.82,972.0,30.88,40.59,40.09,0,36.85
2018-03-29,88,12,33.1,33.5,26.4,61,6.95,983.0,30.917,40.90,40.14,0,37.63
2018-03-30,89,12,33.0,33.1,25.9,63,6.69,951.0,31.059,40.80,40.63,0,37.42
2018-03-31,90,11,32.6,32.9,26.2,62,5.42,852.0,30.604,39.92,39.2,0,35.74
2018-04-01,91,12,31.4,31.5,26.4,66,5.86,915.0,29.965,38.72,37.43,0,33.25
2018-04-02,92,12,31.6,31.6,26.5,63,4.65,891.0,29.958,39.15,37.03,0,33.51
2018-04-03,93,11,31.4,31.4,26.2,64,4.86,891.0,29.851,38.85,36.84,0,32.67
2018-04-04,94,13,31.7,31.7,25.5,58,5.68,946.0,29.366,38.70,35.82,0,30.45
2018-04-05,95,11,31.4,31.7,25.0,59,5.55,901.0,29.172,38.23,35.44,0,29.02
2018-04-06,96,10,31.1,31.7,25.5,63,4.52,786.0,29.37,38.13,35.85,0,30.05
2018-04-07,97,12,31.9,31.9,26.0,58,4.61,965.0,29.743,39.49,36.26,0,32.48
2018-04-08,98,12,30.8,30.8,25.8,67,4.93,844.0,29.556,38.06,36.22,0,30.85
2018-04-09,99,12,31.7,31.8,26.6,54,4.1,981.0,29.191,39.36,34.77,0,31.49
2018-04-10,100,13,32.1,32.1,25.5,57,5.12,924.0,29.668,39.26,36.41,0,31.65
2018-04-11,101,12,32.0,32.0,26.2,62,4.43,909.0,30.277,39.80,37.69,0,34.48
2018-04-12,102,12,32.5,32.5,26.5,59,4.64,974.0,30.426,40.36,37.94,0,35.61
2018-04-13,103,12,31.9,32.0,26.8,62,5.08,913.0,30.077,39.34,37.45,0,34.38
2018-04-14,104,11,32.6,32.6,26.7,61,3.89,857.0,30.756,40.64,38.85,0,37.01
2018-04-15,105,13,32.1,32.1,27.3,63,4.83,888.0,30.391,39.71,38.26,0,36.12
2018-04-16,106,12,32.9,32.9,27.5,61,4.84,884.0,30.892,40.60,39.62,0,38.45
2018-04-17,107,12,33.2,33.2,27.3,57,4.94,967.0,30.764,40.96,38.95,0,37.99
2018-04-18,108,11,33.6,33.6,26.2,57,5.15,909.0,31.027,41.19,39.94,0,37.74
2018-04-19,109,12,34.0,34.8,27.9,62,7.02,959.0,31.845,42.28,43.03,0,43.20
2018-04-20,110,12,34.3,34.7,27.9,59,7.5,962.0,31.705,42.51,42.58,0,42.94
2018-04-21,111,11,33.7,33.7,28.4,62,6.26,861.0,31.537,41.40,42.17,0,42.25
2018-04-22,112,11,33.6,34.1,27.2,61,6.5,882.0,31.318,41.23,41.49,0,40.06
2018-04-23,113,11,33.3,33.5,27.4,64,6.44,927.0,31.461,41.26,41.86,0,40.72
2018-04-24,114,11,33.7,33.7,27.1,58,6.37,907.0,31.081,41.19,40.57,0,39.13
2018-04-25,115,12,33.7,34.2,27.9,61,6.84,939.0,31.439,41.62,41.76,0,41.48
2018-04-26,116,11,33.6,34.1,27.6,63,6.4,916.0,31.614,41.57,42.31,0,41.63
2018-04-27,117,11,33.4,33.5,27.7,61,5.02,885.0,31.33,41.22,40.94,0,40.46
2018-04-28,118,12,33.1,33.1,27.5,57,5.73,977.0,30.563,40.62,38.71,0,37.51
2018-04-29,119,11,33.6,33.6,27.3,60,6.71,892.0,31.183,41.18,41.09,0,39.73
2018-04-30,120,11,34.8,34.9,28.1,57,6.61,907.0,31.941,42.73,43.09,0,43.96
2018-05-01,121,11,35.6,35.6,28.9,53,5.58,896.0,32.255,43.49,43.45,0,46.17
2018-05-02,122,11,34.9,34.9,28.8,60,5.33,875.0,32.541,43.18,44.75,0,46.85
2018-05-03,123,11,33.8,33.9,26.2,64,5.3,861.0,31.998,41.93,43.32,0,41.36
2018-05-04,124,11,32.8,33.0,27.3,60,4.24,780.0,30.641,40.25,39.01,0,37.27
2018-05-05,125,11,32.5,32.7,27.6,62,5.1,880.0,30.593,40.01,38.94,0,37.33
2018-05-06,126,12,33.3,33.4,27.6,60,5.4,927.0,31.109,41.03,40.29,0,39.54
2018-05-07,127,12,33.9,34.9,27.8,63,6.24,926.0,31.925,42.07,43.18,0,43.14
2018-05-08,128,11,34.1,34.5,28.6,62,5.5,768.0,31.886,41.71,43.32,0,43.79
2018-05-09,129,12,33.4,33.4,28.3,61,6.23,800.0,31.063,40.60,40.94,0,40.20
2018-05-10,130,12,32.5,32.8,28.0,66,5.72,837.0,30.926,40.00,40.37,0,38.95
2018-05-11,131,11,34.2,34.5,28.0,57,6.67,891.0,31.364,41.77,41.48,0,41.47
2018-05-12,132,11,34.1,34.2,28.4,60,5.68,883.0,31.76,41.94,42.45,0,43.16
2018-05-13,133,11,34.2,34.3,28.5,57,5.72,852.0,31.429,41.66,41.48,0,42.09
2018-05-14,134,11,33.1,33.8,27.7,63,5.46,896.0,31.241,40.89,40.9,0,40.03
2018-05-15,135,11,33.3,33.3,27.0,56,3.98,803.0,30.689,40.84,38.85,0,37.37
2018-05-16,136,12,33.1,33.3,27.6,61,5.28,888.0,31.015,40.72,40.14,0,39.08
2018-05-17,137,11,33.6,33.8,28.0,59,6.11,881.0,31.114,41.05,40.7,0,40.18
2018-05-18,138,11,34.0,34.2,27.5,58,5.55,833.0,31.37,41.41,41.35,0,40.59
2018-05-19,139,12,34.6,35.4,27.9,61,6.06,936.0,32.364,42.97,44.34,0,45.17
2018-05-20,140,11,34.6,34.7,28.1,59,5.25,898.0,32.176,42.73,43.42,0,44.53
2018-05-21,141,11,33.9,34.1,28.4,60,4.6,882.0,31.738,42.00,41.9,0,42.96
2018-05-22,142,11,33.6,33.6,28.1,60,3.58,828.0,31.593,41.98,41.09,0,42.02
2018-05-23,143,11,32.7,32.9,27.6,63,4.6,855.0,30.949,40.50,39.82,0,38.68
2018-05-24,144,12,33.1,33.1,27.1,56,3.22,806.0,30.689,41.15,38.37,0,37.54
2018-05-25,145,11,32.3,32.7,26.7,63,3.09,725.0,30.708,40.48,38.77,0,36.77
2018-05-26,146,13,32.7,32.7,27.0,62,4.95,858.0,30.775,40.26,39.46,0,37.34
2018-05-27,147,11,32.6,32.9,27.2,64,3.89,737.0,30.939,40.39,39.91,0,38.15
2018-05-28,148,11,33.6,33.7,28.2,61,4.48,639.0,31.256,40.65,41.49,0,40.69
2018-05-29,149,14,37.3,37.3,28.8,50,4.63,761.0,33.339,45.27,46.6,1,52.23
2018-05-30,150,11,37.6,37.6,29.6,42,1.86,875.0,33.412,46.84,43.41,2,54.91
2018-05-31,151,10,37.1,37.2,28.5,43,1.57,769.0,33.114,45.97,42.7,3,53.84
2018-06-01,152,9,34.7,35.2,28.7,57,0.8,607.0,33.325,43.99,42.81,0,48.08
2018-06-02,153,10,34.7,34.7,27.3,52,1.8,761.0,32.108,43.69,40.74,0,43.16
2018-06-03,154,11,34.3,34.3,27.3,55,2.58,839.0,31.919,43.25,40.93,0,42.56
2018-06-04,155,11,34.4,34.4,28.5,51,2.46,852.0,31.547,43.16,39.65,0,42.72
2018-06-05,156,11,36.4,36.4,28.9,44,1.39,854.0,32.965,45.66,41.52,0,48.37
2018-06-06,157,12,35.6,35.7,28.0,48,1.17,800.0,32.939,44.92,41.3,0,46.65
2018-06-07,158,14,36.9,36.9,27.2,41,3.82,687.0,31.654,43.89,41.4,0,42.58
2018-06-08,159,14,37.6,37.6,28.8,37,5.82,510.0,31.041,43.16,41.27,1,44.38
2018-06-09,160,14,37.7,37.7,29.3,38,7.69,698.0,31.396,44.72,41.89,2,48.66
2018-06-10,161,12,36.4,36.8,28.8,43,6.32,774.0,31.288,43.23,41.11,0,43.17
2018-06-11,162,12,36.3,36.3,29.4,42,6.26,725.0,30.99,42.80,40.5,0,42.77
2018-06-12,163,15,34.6,36.4,29.5,53,3.61,424.0,30.911,40.55,40.89,0,41.26
2018-06-13,164,13,36.4,36.4,29.1,41,4.7,557.0,30.863,42.20,40.33,0,41.69
2018-06-14,165,12,37.1,37.1,29.2,37,3.94,831.0,31.364,44.51,40.26,1,46.06
2018-06-15,166,11,36.6,36.8,29.5,41,1.2,836.0,32.821,45.62,40.75,0,48.47
2018-06-16,167,12,36.0,36.0,28.0,41,1.36,908.0,32.288,45.16,39.5,0,44.92
2018-06-17,168,13,38.2,38.6,28.5,30,0.14,838.0,33.724,44.76,39.8,1,49.71
2018-06-18,169,15,33.7,37.7,29.0,61,4.83,497.0,31.068,39.88,41.76,2,44.15
2018-06-19,170,13,33.9,36.3,29.1,58,5.98,822.0,31.21,41.16,41.09,0,41.87
2018-06-20,171,13,35.0,36.2,28.7,54,5.34,871.0,31.846,42.67,42.32,0,44.15
2018-06-21,172,12,34.4,35.5,28.8,56,4.84,874.0,31.64,42.18,41.59,0,43.25
2018-06-22,173,14,33.7,36.6,28.9,60,4.63,526.0,31.02,40.03,41.36,0,40.56
2018-06-23,174,14,33.3,35.5,26.1,65,4.81,599.0,31.349,40.29,42.27,0,38.45
2018-06-24,175,14,33.2,34.8,26.4,64,5.06,722.0,31.283,40.52,41.58,0,38.58
2018-06-25,176,14,33.8,35.2,26.2,55,3.45,576.0,30.765,40.68,39.69,0,36.78
2018-06-26,177,13,37.4,37.7,28.2,36,4.8,829.0,31.289,44.53,40.48,1,44.85
2018-06-27,178,13,36.4,36.4,28.1,39,3.18,642.0,30.966,43.25,39.59,0,41.20
2018-06-28,179,13,34.2,34.2,27.5,45,4.37,577.0,29.608,39.86,37.2,0,34.59
2018-06-29,180,13,31.8,33.9,27.2,72,4.31,675.0,30.93,39.52,40.54,0,37.74
2018-06-30,181,10,31.4,31.7,26.4,60,0.28,474.0,30.912,38.88,35.71,0,34.51
2018-07-01,182,12,31.4,31.8,26.1,69,2.72,685.0,30.592,40.02,38.37,0,35.37
2018-07-02,183,12,32.2,32.2,24.8,65,3.49,859.0,30.953,40.79,39.19,0,35.39
2018-07-03,184,14,33.4,33.4,24.9,51,3.37,776.0,30.231,40.89,37.42,0,33.56
2018-07-04,185,13,34.6,34.6,26.9,48,2.64,811.0,31.178,42.85,39.02,0,39.70
2018-07-05,186,13,34.7,34.7,27.4,44,2.06,904.0,31.105,43.48,37.88,0,40.17
2018-07-06,187,13,35.2,35.2,26.8,43,4.41,567.0,30.176,40.94,38.56,0,36.13
2018-07-07,188,11,30.8,30.9,27.3,61,5.05,373.0,28.115,35.02,34.67,0,27.10
2018-07-08,189,14,34.8,34.8,28.1,45,3.31,487.0,30.163,40.73,38.41,0,37.42
2018-07-09,190,14,34.1,34.6,27.5,49,5.2,570.0,29.954,39.63,38.27,0,35.48
2018-07-10,191,15,35.2,35.2,27.5,44,3.8,587.0,30.46,41.42,38.9,0,37.96
2018-07-11,192,13,34.9,34.9,27.6,44,5.0,731.0,30.223,41.22,38.29,0,37.26
2018-07-12,193,14,35.2,35.2,27.6,40,6.3,725.0,29.716,41.18,37.59,0,36.01
2018-07-13,194,13,36.5,36.5,28.2,39,5.02,774.0,30.908,43.21,39.79,0,41.25
2018-07-14,195,12,34.7,35.4,28.2,44,5.15,694.0,29.973,40.74,37.88,0,36.99
2018-07-15,196,13,35.2,35.2,28.9,40,6.4,411.0,29.243,39.46,37.59,0,35.40
2018-07-16,197,13,37.0,37.0,28.6,35,7.6,772.0,30.381,43.87,39.35,1,42.70
2018-07-17,198,15,37.1,37.5,28.8,37,5.28,509.0,30.667,42.50,40.26,2,44.49
2018-07-18,199,13,37.7,37.7,28.8,35,4.59,595.0,31.062,43.80,40.69,3,48.00
2018-07-19,200,11,36.4,36.4,29.3,40,5.59,804.0,30.943,43.18,39.96,0,42.64
2018-07-20,201,14,35.9,35.9,28.9,38,5.01,371.0,29.582,40.15,38.28,0,36.78
2018-07-21,202,11,35.2,36.7,29.4,40,7.2,694.0,29.591,41.13,37.59,0,37.84
2018-07-22,203,13,36.6,36.8,28.7,35,4.8,592.0,30.092,42.29,38.6,0,39.19
2018-07-23,204,13,37.1,37.1,28.7,38,5.09,728.0,31.189,43.72,40.64,1,44.71
2018-07-24,205,12,35.9,35.9,28.1,43,3.75,854.0,31.355,43.56,40.02,0,42.31
2018-07-25,206,13,35.6,36.0,27.9,41,1.26,635.0,31.431,43.45,38.69,0,41.65
2018-07-26,207,12,35.2,35.2,26.1,44,1.63,859.0,31.727,44.12,38.9,0,40.67
2018-07-27,208,13,34.1,34.5,26.1,48,1.5,774.0,31.245,42.84,37.94,0,38.48
2018-07-28,209,13,34.1,35.1,27.1,45,1.14,700.0,30.975,42.40,37.0,0,38.47
2018-07-29,210,15,32.4,35.9,24.5,72,4.61,563.0,31.28,39.69,42.4,0,36.06
2018-07-30,211,13,34.7,35.3,27.5,45,1.0,710.0,31.69,43.19,38.21,0,41.31
2018-07-31,212,15,33.5,35.0,27.7,55,3.54,616.0,30.542,40.43,38.97,0,37.66
2018-08-01,213,13,35.5,35.5,28.0,42,2.24,822.0,31.281,43.81,38.83,0,41.80
2018-08-02,214,12,35.7,35.7,28.1,42,2.55,833.0,31.347,43.91,39.24,0,42.26
2018-08-03,215,13,36.1,36.2,26.6,40,4.56,721.0,30.718,42.64,39.34,0,38.44
2018-08-04,216,13,35.9,35.9,26.1,41,1.64,765.0,31.695,44.29,39.29,0,40.88
2018-08-05,217,13,35.1,35.5,26.1,42,2.9,806.0,30.656,42.82,38.03,0,37.39
2018-08-06,218,14,36.7,36.7,27.6,36,5.41,698.0,30.426,42.90,39.12,0,39.16
2018-08-07,219,13,34.3,34.4,27.7,42,5.34,557.0,29.099,39.34,36.5,0,33.23
2018-08-08,220,12,35.3,35.6,26.9,42,4.82,794.0,30.391,41.97,38.43,0,37.35
2018-08-09,221,13,34.7,35.6,25.9,44,0.51,653.0,32.303,42.98,37.88,0,40.32
2018-08-10,222,13,34.2,34.2,25.7,43,2.04,514.0,29.762,40.91,36.61,0,33.32
2018-08-11,223,14,27.8,27.8,24.7,79,3.86,293.0,27.171,32.77,31.46,0,19.47
2018-08-12,224,12,32.1,32.2,26.4,50,6.46,475.0,28.012,36.26,34.55,0,26.71
2018-08-13,225,13,34.1,34.1,25.7,43,7.01,669.0,29.064,39.63,36.42,0,31.01
2018-08-14,226,12,27.1,28.5,25.6,86,4.6,398.0,27.326,32.56,30.65,0,20.35
2018-08-15,227,17,29.3,29.3,24.9,76,3.66,88.0,27.684,32.49,34.67,0,21.66
2018-08-16,228,13,33.6,33.6,26.4,50,6.76,799.0,29.782,39.97,37.53,0,33.84
2018-08-17,229,15,34.6,34.7,26.4,49,1.66,487.0,31.079,41.94,39.38,0,38.40
2018-08-18,230,15,35.0,35.2,27.1,45,3.89,467.0,30.197,40.50,38.83,0,36.31
2018-08-19,231,16,33.6,34.2,27.9,51,2.24,333.0,29.82,39.50,37.85,0,35.44
2018-08-20,232,15,34.6,34.6,28.0,45,4.24,337.0,29.528,38.94,38.0,0,34.66
2018-08-21,233,13,35.5,35.5,27.3,43,3.07,896.0,31.245,43.66,39.18,0,40.93
2018-08-22,234,13,33.9,35.0,27.8,47,0.51,731.0,32.27,42.73,37.21,0,42.04
2018-08-23,235,13,34.2,34.8,25.9,47,1.7,848.0,31.202,43.09,37.83,0,38.31
2018-08-24,236,12,33.0,33.0,24.6,47,4.2,753.0,29.121,39.46,35.46,0,29.36
2018-08-25,237,14,30.9,31.2,25.5,59,0.6,240.0,28.982,37.18,34.39,0,28.10
2018-08-26,238,14,34.3,34.3,25.6,46,1.39,774.0,31.231,42.96,37.71,0,37.87
2018-08-27,239,13,33.6,33.7,25.3,48,1.0,577.0,30.781,41.49,36.91,0,35.31
2018-08-28,240,13,33.1,33.1,25.1,50,1.25,727.0,30.723,41.74,36.49,0,34.99
2018-08-29,241,12,33.3,33.3,25.4,51,0.64,939.0,32.485,43.26,37.21,0,40.03
2018-08-30,242,13,33.6,33.9,26.6,48,0.78,798.0,31.686,42.66,36.91,0,39.38
2018-08-31,243,15,30.2,31.7,24.7,68,1.0,290.0,29.154,37.45,35.03,0,27.92
2018-09-01,244,12,32.0,32.0,24.8,58,2.26,534.0,29.726,39.42,36.48,0,31.08
2018-09-02,245,12,33.0,33.0,26.7,54,0.61,906.0,32.597,43.06,37.49,0,41.72
2018-09-03,246,11,32.0,32.0,26.5,58,0.4,838.0,32.485,41.79,36.48,0,39.98
2018-09-04,247,12,32.7,32.7,26.7,60,0.73,929.0,32.835,43.30,38.76,0,42.82
2018-09-05,248,11,32.2,32.3,25.6,58,0.91,734.0,31.326,41.57,36.93,0,36.76
2018-09-06,249,13,34.0,34.2,26.4,43,0.92,820.0,31.16,42.75,36.23,0,37.97
2018-09-07,250,12,35.2,35.2,26.6,38,1.84,972.0,30.872,44.05,36.99,0,38.88
2018-09-08,251,12,32.7,32.8,27.1,51,1.49,810.0,30.469,41.61,35.97,0,36.56
2018-09-09,252,13,32.5,32.8,26.2,59,3.99,838.0,30.372,40.20,37.94,0,35.04
2018-09-10,253,12,32.1,32.1,26.7,59,2.51,850.0,30.44,40.95,37.0,0,35.94
2018-09-11,254,11,32.2,32.2,26.5,64,4.29,899.0,30.714,40.28,38.85,0,36.43
2018-09-12,255,12,31.6,31.7,26.1,70,4.31,910.0,30.849,40.05,39.26,0,36.21
2018-09-13,256,13,32.9,33.6,26.0,60,4.74,893.0,30.799,40.60,39.26,0,36.39
2018-09-14,257,13,34.0,34.0,26.1,52,2.24,830.0,31.375,42.82,39.08,0,39.14
2018-09-15,258,11,33.9,33.9,25.2,51,1.22,910.0,32.005,43.59,38.51,0,39.62
2018-09-16,259,15,34.2,34.5,25.1,52,1.17,597.0,31.743,42.60,39.55,0,38.68
2018-09-17,260,14,30.6,30.6,24.6,64,4.83,570.0,28.646,36.31,34.97,0,26.00
2018-09-18,261,13,31.3,31.3,25.1,66,1.5,608.0,30.55,40.27,37.18,0,33.86
2018-09-19,262,16,29.1,29.2,24.7,65,3.1,214.0,26.828,33.37,32.03,0,19.46
2018-09-20,263,12,31.4,31.4,25.4,61,2.72,638.0,29.585,39.09,35.98,0,31.09
2018-09-21,264,12,32.8,32.8,25.9,60,2.55,855.0,31.203,41.89,39.01,0,37.88
2018-09-22,265,12,30.8,30.8,25.4,74,2.69,870.0,30.897,40.57,38.26,0,35.49
2018-09-23,266,11,30.8,30.8,26.5,67,3.05,821.0,29.925,39.39,36.22,0,33.32
2018-09-24,267,10,29.6,30.3,25.2,78,2.76,675.0,29.816,38.46,35.96,0,30.83
2018-09-25,268,12,30.5,30.5,25.5,69,2.78,839.0,29.978,39.51,36.02,0,32.27
2018-09-26,269,12,30.6,30.6,25.4,69,3.12,866.0,30.008,39.43,36.27,0,32.24
2018-09-27,270,12,30.3,30.3,26.1,73,2.97,794.0,30.093,39.23,36.58,0,33.19
2018-09-28,271,13,29.9,29.9,26.1,73,3.97,802.0,29.474,37.84,35.52,0,30.62
2018-09-29,272,12,30.3,30.4,26.0,69,2.31,839.0,29.969,39.72,35.52,0,32.80
2018-09-30,273,12,31.1,31.1,26.2,68,3.61,863.0,30.235,39.53,37.26,0,34.05
2018-10-01,274,12,31.2,31.2,26.6,68,3.13,873.0,30.473,40.12,37.52,0,35.49
2018-10-02,275,12,31.2,31.2,26.2,69,3.7,859.0,30.416,39.66,37.83,0,34.69
2018-10-03,276,13,31.0,31.1,26.0,68,4.83,797.0,29.811,38.26,37.01,0,32.00
2018-10-04,277,13,27.9,27.9,25.6,81,4.08,499.0,27.869,34.30,32.0,0,23.14
2018-10-05,278,15,28.9,28.9,25.4,76,3.32,494.0,28.449,35.86,33.65,0,25.74
2018-10-06,279,13,30.0,30.0,25.3,74,4.16,804.0,29.643,37.92,36.04,0,30.26
2018-10-07,280,12,29.9,29.9,25.1,73,2.52,783.0,29.843,39.12,35.52,0,31.08
2018-10-08,281,11,29.7,29.9,25.6,80,2.78,761.0,30.267,39.18,36.76,0,32.96
2018-10-09,282,11,32.0,32.1,24.7,56,3.55,881.0,29.705,39.85,35.92,0,31.03
2018-10-10,283,12,33.4,33.6,24.6,45,3.61,877.0,29.506,40.77,35.67,0,31.11
2018-10-11,284,14,32.5,33.9,24.8,64,3.89,748.0,30.862,40.31,39.64,0,35.04
2018-10-12,285,11,33.2,33.7,25.3,55,1.89,902.0,31.344,42.67,38.27,0,37.73
2018-10-13,286,12,31.7,32.0,26.6,67,5.44,879.0,30.376,39.21,38.53,0,35.02
2018-10-14,287,11,31.3,31.3,26.5,69,4.25,813.0,30.33,39.18,38.1,0,34.63
2018-10-15,288,11,30.5,30.5,26.7,70,3.14,697.0,29.748,38.62,36.29,0,32.69
2018-10-16,289,11,30.1,30.1,25.3,72,2.87,797.0,29.829,39.00,35.79,0,31.30
2018-10-17,290,13,29.3,29.3,23.9,75,1.78,687.0,29.637,38.83,34.45,0,28.68
2018-10-18,291,11,29.1,29.1,23.3,71,1.75,670.0,29.0,38.20,33.14,0,25.84
2018-10-19,292,10,28.9,29.3,24.8,76,1.6,650.0,29.384,38.42,33.65,0,28.66
2018-10-20,293,11,30.4,30.4,24.2,58,3.54,804.0,28.36,37.74,33.18,0,25.36
2018-10-21,294,13,28.1,28.1,25.3,80,3.7,542.0,28.105,35.08,32.35,0,23.93
2018-10-22,295,12,30.1,30.1,24.9,63,3.36,864.0,28.793,38.14,33.66,0,27.46
2018-10-23,296,11,29.6,29.8,22.8,64,2.92,838.0,28.525,37.93,32.84,0,24.04
2018-10-24,297,12,29.9,29.9,22.6,62,2.95,884.0,28.643,38.31,33.04,0,24.38
2018-10-25,298,12,30.5,30.5,25.5,61,4.37,876.0,28.729,37.72,34.04,0,27.88
2018-10-26,299,12,30.3,30.3,26.0,61,5.59,825.0,28.285,36.60,33.63,0,26.66
2018-10-27,300,9,30.0,30.9,25.7,60,5.87,584.0,27.528,34.87,32.83,0,23.33
2018-10-28,301,13,30.5,30.5,25.2,58,6.26,800.0,28.009,36.37,33.37,0,24.94
2018-10-29,302,11,31.1,31.1,24.6,56,7.09,788.0,28.224,36.91,34.08,0,25.30
2018-10-30,303,13,28.7,28.9,25.1,74,5.8,649.0,27.936,34.49,32.78,0,23.11
2018-10-31,304,10,27.8,28.0,24.7,82,4.12,461.0,27.796,33.98,31.89,0,21.68
2018-11-01,305,12,26.8,26.9,24.5,85,2.6,279.0,26.968,33.28,29.73,0,18.57
2018-11-02,306,12,28.8,28.9,24.9,76,3.72,553.0,28.385,35.68,33.4,0,24.82
2018-11-03,307,12,30.0,30.0,25.2,69,4.74,774.0,28.956,36.97,34.8,0,27.70
2018-11-04,308,11,29.0,29.2,25.1,75,4.03,676.0,28.621,36.22,33.69,0,25.99
2018-11-05,309,11,29.8,29.8,26.2,69,4.08,774.0,28.882,37.18,34.33,0,28.70
2018-11-06,310,11,29.4,29.4,25.1,74,3.04,725.0,29.204,37.81,34.48,0,28.53
2018-11-07,311,11,29.4,29.5,25.1,63,3.14,748.0,28.017,37.01,32.26,0,24.89
2018-11-08,312,11,29.7,29.7,24.6,63,5.08,772.0,27.952,35.96,32.84,0,23.64
2018-11-09,313,12,30.0,30.0,25.7,58,4.41,827.0,27.843,36.69,32.44,0,25.10
2018-11-10,314,12,29.9,29.9,23.8,62,4.39,823.0,28.208,36.81,33.04,0,23.88
2018-11-11,315,11,29.7,29.9,23.1,60,4.02,777.0,27.799,36.52,32.27,0,21.79
2018-11-12,316,11,29.7,29.8,22.7,58,5.05,807.0,27.434,35.83,31.91,0,20.01
2018-11-13,317,11,30.2,30.6,21.8,55,4.9,838.0,27.606,36.49,32.23,0,20.11
2018-11-14,318,11,30.9,31.3,22.6,57,5.71,835.0,28.369,37.12,33.93,0,23.34
2018-11-15,319,11,28.7,28.7,25.1,80,6.95,565.0,28.333,34.21,33.92,0,24.08
2018-11-16,320,12,28.8,29.0,25.2,77,4.52,577.0,28.399,35.22,33.59,0,24.93
2018-11-17,321,11,29.7,29.9,24.1,69,1.61,710.0,29.525,39.05,34.1,0,28.73
2018-11-18,322,11,29.5,29.6,25.6,72,3.61,693.0,28.893,37.07,34.29,0,27.93
2018-11-19,323,11,29.9,29.9,25.3,69,4.61,732.0,28.822,36.73,34.56,0,27.30
2018-11-20,324,10,28.8,28.9,24.4,72,6.88,504.0,27.509,33.39,32.65,0,20.64
2018-11-21,325,12,25.9,25.9,24.2,89,6.38,177.0,25.806,27.98,26.38,0,11.19
2018-11-22,326,11,26.0,26.0,24.4,89,4.46,262.0,26.256,30.36,26.49,0,13.99
2018-11-23,327,11,26.5,26.7,24.5,86,4.05,422.0,26.856,32.44,26.98,0,16.74
2018-11-24,328,12,28.9,28.9,25.1,66,4.08,801.0,27.741,36.00,31.81,0,23.47
2018-11-25,329,11,28.4,28.4,23.6,66,3.97,779.0,27.26,35.41,30.87,0,20.04
2018-11-26,330,12,28.1,28.1,22.8,56,4.26,832.0,25.898,34.51,29.16,0,15.24
2018-11-27,331,12,28.1,28.1,23.3,52,4.28,790.0,25.378,34.10,28.75,0,14.40
2018-11-28,332,12,28.6,28.6,22.3,59,4.56,806.0,26.607,34.88,30.24,0,16.67
2018-11-29,333,12,28.1,28.1,25.1,70,5.41,639.0,26.972,33.57,30.86,0,19.91
2018-11-30,334,13,28.5,28.5,24.9,64,4.61,716.0,26.93,34.59,30.76,0,20.30
2018-12-01,335,12,28.1,28.1,22.2,62,4.17,769.0,26.491,34.61,29.83,0,15.98
2018-12-02,336,12,27.5,27.5,22.6,69,4.36,679.0,26.504,33.71,29.62,0,15.75
2018-12-03,337,11,28.3,28.3,24.2,68,6.08,686.0,26.94,33.64,30.97,0,18.90
2018-12-04,338,13,28.4,28.5,23.5,78,4.2,605.0,28.211,35.18,32.77,0,22.26
2018-12-05,339,12,27.4,27.4,24.5,85,3.18,591.0,28.123,35.44,31.26,0,22.89
2018-12-06,340,11,28.8,28.8,24.1,69,3.86,660.0,27.799,35.60,32.12,0,22.24
2018-12-07,341,12,28.6,28.6,24.7,70,4.37,708.0,27.698,35.23,31.87,0,22.39
2018-12-08,342,12,28.6,28.6,25.0,69,4.3,764.0,27.686,35.49,31.71,0,22.84
2018-12-09,343,11,28.5,28.5,23.9,65,4.25,690.0,27.06,34.80,30.91,0,19.58
2018-12-10,344,12,28.2,28.2,22.0,62,3.06,793.0,26.879,35.89,29.99,0,17.47
2018-12-11,345,13,28.2,28.2,23.2,66,2.97,740.0,27.252,35.97,30.51,0,19.83
2018-12-12,346,12,29.0,29.0,22.5,62,3.86,805.0,27.446,36.08,31.35,0,19.77
2018-12-13,347,13,28.9,28.9,22.9,64,3.61,758.0,27.558,36.09,31.49,0,20.51
2018-12-14,348,13,28.6,28.6,23.8,61,6.57,725.0,26.462,33.67,30.51,0,17.37
2018-12-15,349,12,27.8,27.8,24.5,65,8.37,496.0,25.703,31.35,29.7,0,14.78
2018-12-16,350,10,23.7,25.5,20.5,91,7.91,118.0,23.594,23.27,24.1,0,3.01
2018-12-17,351,13,29.0,29.0,21.8,60,1.24,772.0,28.299,38.16,31.03,0,22.18
2018-12-18,352,10,26.8,27.3,20.5,71,1.75,649.0,26.761,35.58,28.6,0,16.51
2018-12-19,353,12,26.2,26.2,20.0,64,4.77,806.0,24.872,32.23,26.37,0,9.92
2018-12-20,354,13,28.1,28.2,20.3,61,3.16,744.0,26.569,35.38,29.71,0,16.42
2018-12-21,355,12,27.9,27.9,23.7,68,5.6,650.0,26.564,33.15,30.22,0,16.97
2018-12-22,356,12,27.9,27.9,24.0,69,5.87,667.0,26.663,33.18,30.35,0,17.57
2018-12-23,357,12,27.8,27.8,24.3,67,5.56,566.0,26.244,32.52,29.93,0,16.50
2018-12-24,358,12,27.7,27.7,23.9,67,4.74,666.0,26.405,33.46,29.75,0,16.95
2018-12-25,359,12,27.7,27.7,22.8,64,3.96,792.0,26.407,34.56,29.43,0,16.34
2018-12-26,360,11,27.7,27.7,21.9,67,2.75,709.0,26.9,35.56,29.75,0,17.18
2018-12-27,361,12,27.8,27.8,21.6,66,2.7,770.0,27.01,35.95,29.81,0,17.70
2018-12-28,362,12,27.5,27.5,23.1,69,2.2,672.0,27.051,35.86,29.62,0,18.92
2018-12-29,363,12,26.7,26.7,23.7,70,4.62,604.0,25.69,32.20,28.36,0,13.94
2018-12-30,364,11,26.9,26.9,23.0,65,5.55,638.0,25.293,31.70,28.31,0,11.99
2018-12-31,365,12,26.5,26.5,22.4,51,5.41,774.0,23.615,31.36,26.52,0,7.39
2019-01-01,1,12,26.1,26.1,21.4,51,4.61,818.0,23.432,31.71,26.1,0,6.83
2019-01-02,2,12,26.4,26.4,22.4,55,3.74,803.0,24.293,32.94,26.47,0,9.81
2019-01-03,3,12,27.0,27.1,22.0,52,3.47,821.0,24.598,33.80,27.54,0,10.74
2019-01-04,4,13,26.9,26.9,21.9,58,4.42,783.0,24.916,32.89,27.82,0,10.79
2019-01-05,5,13,27.3,27.3,21.5,54,4.82,729.0,24.701,32.57,28.0,0,10.22
2019-01-06,6,13,27.2,27.2,19.4,51,3.74,792.0,24.559,33.56,27.68,0,10.54
2019-01-07,7,13,28.1,28.1,21.9,55,3.18,655.0,25.745,34.58,29.05,0,14.03
2019-01-08,8,10,27.0,28.7,19.9,61,2.94,651.0,25.446,33.95,28.15,0,12.68
2019-01-09,9,10,25.8,27.6,18.6,71,1.58,637.0,25.881,34.65,26.04,0,13.58
2019-01-10,10,12,27.3,27.3,20.9,55,3.8,783.0,25.074,33.75,28.07,0,11.80
2019-01-11,11,13,27.8,27.8,22.0,50,4.36,749.0,24.8,33.40,28.23,0,11.09
2019-01-12,12,12,27.4,27.4,20.7,56,4.53,780.0,25.134,33.25,28.27,0,11.63
2019-01-13,13,13,27.5,27.8,21.5,58,4.89,766.0,25.37,33.13,28.56,0,12.09
2019-01-14,14,12,27.2,27.2,22.0,53,4.17,831.0,24.752,33.44,27.81,0,10.87
2019-01-15,15,12,27.3,27.3,20.7,55,4.92,822.0,24.925,33.01,28.07,0,10.98
2019-01-16,16,12,27.5,27.6,20.2,59,4.19,789.0,25.63,33.84,28.65,0,13.13
2019-01-17,17,12,27.8,27.8,20.6,59,3.83,786.0,25.976,34.49,29.06,0,14.41
2019-01-18,18,13,27.3,27.3,20.2,54,3.91,837.0,25.018,33.86,28.0,0,11.75
2019-01-19,19,12,27.3,27.3,20.1,55,4.34,816.0,25.015,33.42,28.07,0,11.45
2019-01-20,20,12,27.4,27.5,19.5,57,3.66,795.0,25.437,34.15,28.35,0,12.88
2019-01-21,21,12,27.1,27.1,19.6,55,3.85,791.0,24.892,33.52,27.85,0,11.21
2019-01-22,22,12,27.6,27.6,20.1,55,3.62,851.0,25.49,34.57,28.42,0,13.31
2019-01-23,23,13,27.8,27.9,20.9,60,3.83,726.0,25.995,34.25,29.16,0,14.31
2019-01-24,24,12,28.1,28.1,21.0,64,3.54,860.0,26.976,35.71,30.08,0,17.56
2019-01-25,25,13,28.1,28.1,22.9,68,4.48,741.0,27.041,34.57,30.59,0,18.10
2019-01-26,26,12,28.3,28.3,22.8,64,4.22,775.0,26.895,34.94,30.42,0,17.91
2019-01-27,27,11,28.0,28.1,23.5,64,4.69,723.0,26.459,33.97,29.91,0,17.01
2019-01-28,28,11,28.0,28.0,23.8,58,3.77,664.0,25.874,34.10,29.23,0,16.10
2019-01-29,29,13,28.3,28.3,22.3,56,5.54,739.0,25.757,33.45,29.43,0,13.73
2019-01-30,30,13,27.7,27.7,23.2,57,5.66,741.0,25.305,32.74,28.73,0,13.15
2019-01-31,31,12,27.6,27.6,23.5,57,4.97,762.0,25.334,33.12,28.6,0,13.79
2019-02-01,32,12,27.9,27.9,22.4,56,4.44,787.0,25.618,33.92,28.89,0,13.73
2019-02-02,33,12,28.3,28.3,21.2,55,3.62,840.0,26.115,35.28,29.32,0,15.34
2019-02-03,34,12,28.3,28.5,21.0,59,4.58,853.0,26.389,34.74,29.78,0,15.63
2019-02-04,35,12,27.5,28.0,23.7,71,5.89,637.0,26.447,32.62,29.84,0,16.22
2019-02-05,36,12,28.8,28.8,23.3,58,4.6,848.0,26.729,35.23,30.42,0,18.39
2019-02-06,37,11,28.8,29.1,21.5,60,2.89,786.0,27.256,36.57,30.7,0,18.94
2019-02-07,38,12,28.8,28.9,21.2,59,3.68,859.0,27.043,36.08,30.56,0,18.13
2019-02-08,39,12,29.7,29.8,23.6,64,4.78,807.0,28.157,36.36,33.04,0,23.23
2019-02-09,40,12,29.8,29.8,23.7,62,3.8,823.0,28.232,37.15,32.84,0,23.98
2019-02-10,41,12,29.6,29.6,23.9,63,3.96,800.0,28.09,36.74,32.65,0,23.58
2019-02-11,42,12,29.3,29.3,24.9,62,5.03,839.0,27.563,35.74,31.89,0,22.74
2019-02-12,43,12,28.9,28.9,24.3,58,4.72,813.0,26.754,35.10,30.57,0,19.57
2019-02-13,44,12,29.0,29.0,23.2,55,5.3,828.0,26.434,34.79,30.31,0,17.36
2019-02-14,45,12,29.1,29.1,22.0,58,3.99,898.0,27.192,36.27,30.89,0,18.67
2019-02-15,46,12,29.7,29.7,22.1,58,3.27,899.0,27.925,37.59,31.91,0,21.51
2019-02-16,47,12,29.9,30.0,23.2,64,4.68,848.0,28.417,36.85,33.45,0,23.76
2019-02-17,48,12,29.8,30.2,24.2,70,3.83,785.0,29.058,37.52,34.56,0,27.03
2019-02-18,49,11,30.8,30.9,24.8,67,4.66,797.0,29.536,38.01,36.22,0,29.60
2019-02-19,50,12,30.0,30.0,25.2,67,4.67,794.0,28.774,36.95,34.33,0,27.17
2019-02-20,51,11,30.0,30.0,24.3,62,4.02,811.0,28.355,37.16,33.24,0,25.07
2019-02-21,52,13,30.2,30.3,23.7,55,4.65,894.0,27.72,36.89,32.23,0,22.60
2019-02-22,53,11,30.7,31.3,21.9,45,2.73,873.0,27.365,38.35,31.27,0,20.64
2019-02-23,54,11,31.7,32.2,19.6,30,2.2,896.0,26.29,39.19,30.48,0,18.93
2019-02-24,55,11,31.5,32.0,21.0,43,2.77,888.0,27.813,39.15,32.08,0,22.37
2019-02-25,56,11,30.3,30.4,22.2,50,4.38,884.0,27.239,36.87,31.5,0,19.66
2019-02-26,57,12,30.9,31.2,23.6,64,5.88,896.0,29.24,37.80,35.65,0,27.29
2019-02-27,58,11,31.0,31.0,24.7,61,5.26,812.0,28.965,37.58,35.1,0,27.68
2019-02-28,59,13,30.4,30.4,25.5,66,6.04,774.0,28.827,36.71,35.01,0,27.69
2019-03-01,60,12,30.5,30.5,25.7,62,4.1,753.0,28.722,37.44,34.27,0,27.98
2019-03-02,61,11,30.2,30.3,26.1,55,3.98,790.0,27.703,36.90,32.23,0,25.37
2019-03-03,62,13,30.5,30.5,24.8,59,3.98,839.0,28.523,37.72,33.59,0,26.50
2019-03-04,63,11,30.6,30.9,24.6,59,4.79,836.0,28.462,37.28,33.79,0,25.91
2019-03-05,64,12,32.8,32.8,25.0,56,6.99,943.0,29.973,39.90,37.68,0,32.58
2019-03-06,65,12,33.1,33.7,25.7,61,7.05,945.0,30.865,40.76,40.14,0,36.61
2019-03-07,66,12,32.8,32.9,26.4,58,7.49,954.0,30.185,40.15,38.33,0,35.03
2019-03-08,67,12,31.5,31.6,26.5,65,6.26,823.0,29.785,38.32,37.38,0,32.71
2019-03-09,68,13,30.8,30.8,25.6,63,5.16,870.0,29.099,37.76,35.17,0,29.14
2019-03-10,69,12,31.5,31.5,25.2,62,6.45,950.0,29.563,38.59,36.5,0,30.64
2019-03-11,70,11,31.0,31.3,24.8,59,5.24,876.0,28.815,37.73,34.6,0,27.44
2019-03-12,71,11,31.4,31.5,23.6,55,5.01,909.0,28.779,38.22,34.43,0,26.26
2019-03-13,72,11,30.7,31.3,22.7,55,3.91,892.0,28.321,37.99,33.11,0,23.69
2019-03-14,73,11,31.6,32.0,22.6,46,4.33,912.0,27.936,38.35,32.8,0,22.99
2019-03-15,74,10,30.7,31.9,22.3,56,2.61,767.0,28.61,38.63,33.32,0,24.31
2019-03-16,75,12,31.3,31.4,23.3,50,3.24,965.0,28.521,39.25,33.12,0,25.68
2019-03-17,76,12,31.0,31.0,23.9,43,3.44,982.0,27.303,38.45,31.37,0,22.85
2019-03-18,77,12,31.1,31.1,23.1,51,4.62,990.0,28.178,38.17,32.99,0,23.97
2019-03-19,78,11,31.6,31.6,24.0,53,5.13,871.0,28.647,38.14,34.34,0,26.38
2019-03-20,79,11,31.5,31.6,24.8,55,5.65,875.0,28.735,37.96,34.63,0,27.46
2019-03-21,80,11,31.7,31.8,23.7,52,4.7,880.0,28.693,38.45,34.29,0,26.33
2019-03-22,81,12,31.6,32.0,25.1,60,6.22,950.0,29.447,38.61,36.16,0,30.20
2019-03-23,82,11,32.3,32.3,25.1,61,5.02,899.0,30.323,39.77,38.11,0,33.41
2019-03-24,83,11,32.7,32.7,24.6,58,5.19,915.0,30.323,40.06,38.09,0,33.04
2019-03-25,84,11,32.0,32.3,24.3,56,4.03,924.0,29.653,39.67,35.92,0,30.33
2019-03-26,85,11,32.2,32.6,25.4,51,4.02,928.0,29.213,39.62,34.99,0,30.40
2019-03-27,86,11,31.8,31.9,24.0,56,4.92,944.0,29.327,38.98,35.49,0,28.71
2019-03-28,87,12,33.7,34.1,23.5,54,4.88,1004.0,30.895,41.56,39.09,0,34.29
2019-03-29,88,11,33.0,33.0,24.7,60,5.33,930.0,30.844,40.65,39.52,0,35.09
2019-03-30,89,12,33.1,33.2,24.4,59,6.61,978.0,30.703,40.69,39.41,0,34.47
2019-03-31,90,12,34.3,34.3,24.8,57,6.55,989.0,31.579,42.30,41.74,0,38.62
2019-04-01,91,12,33.5,34.0,26.0,59,7.18,996.0,31.032,41.38,40.44,0,37.84
2019-04-02,92,12,33.0,33.2,25.0,60,7.41,981.0,30.652,40.70,39.52,0,35.12
2019-04-03,93,12,32.2,32.3,25.0,55,6.89,984.0,29.353,39.16,36.06,0,30.27
2019-04-04,94,12,32.7,32.7,25.7,57,6.66,968.0,30.069,39.93,37.77,0,33.63
2019-04-05,95,12,32.4,33.0,25.2,65,6.02,976.0,30.841,40.26,39.73,0,35.47
2019-04-06,96,12,33.5,33.6,26.1,61,4.8,988.0,31.588,41.87,41.21,0,39.64
2019-04-07,97,12,33.5,34.0,26.0,60,6.58,979.0,31.203,41.37,40.82,0,38.29
2019-04-08,98,11,33.0,33.1,26.7,61,6.93,905.0,30.74,40.44,39.88,0,37.22
2019-04-09,99,11,32.8,32.8,27.3,62,6.28,910.0,30.752,40.27,39.72,0,37.75
2019-04-10,100,11,33.1,33.1,27.1,61,5.77,891.0,30.951,40.61,40.14,0,38.29
2019-04-11,101,12,33.4,33.4,26.1,61,5.81,985.0,31.335,41.40,40.94,0,38.73
2019-04-12,102,12,33.9,33.9,25.8,60,6.57,990.0,31.587,42.00,41.9,0,39.64
2019-04-13,103,12,34.0,34.0,25.0,55,6.24,989.0,31.082,41.69,40.18,0,36.89
2019-04-14,104,11,33.7,33.7,25.2,53,5.79,936.0,30.545,40.95,38.74,0,35.04
2019-04-15,105,12,33.8,33.8,25.0,55,5.99,1002.0,30.946,41.48,39.69,0,36.30
2019-04-16,106,12,34.0,34.6,24.8,57,5.28,995.0,31.48,42.05,40.96,0,37.96
2019-04-17,107,11,33.7,33.8,26.5,57,5.44,904.0,31.07,41.22,40.19,0,38.28
2019-04-18,108,11,33.2,33.4,27.0,63,5.99,869.0,31.232,40.81,41.18,0,39.25
2019-04-19,109,12,32.8,33.0,27.7,65,5.51,867.0,31.156,40.52,40.84,0,39.58
2019-04-20,110,11,33.0,33.4,27.5,64,5.64,812.0,31.138,40.45,41.01,0,39.32
2019-04-21,111,11,34.0,34.0,27.5,57,5.1,884.0,31.372,41.66,40.96,0,40.62
2019-04-22,112,11,33.1,33.6,27.8,62,3.83,871.0,31.376,41.50,40.52,0,40.70
2019-04-23,113,12,33.8,33.8,27.5,58,4.39,932.0,31.498,41.98,40.83,0,41.05
2019-04-24,114,10,32.7,33.6,25.9,57,3.19,784.0,30.42,40.66,37.77,0,35.05
2019-04-25,115,10,33.0,33.8,26.2,56,3.55,799.0,30.502,40.74,38.14,0,35.75
2019-04-26,116,11,34.3,34.3,26.3,56,5.33,899.0,31.504,41.98,41.33,0,39.84
2019-04-27,117,11,34.1,34.5,27.2,60,5.63,892.0,31.777,41.99,42.45,0,41.83
2019-04-28,118,12,33.4,33.7,26.4,63,6.04,812.0,31.344,40.87,41.74,0,39.00
2019-04-29,119,11,33.9,33.9,28.1,59,4.39,684.0,31.369,41.13,41.49,0,41.13
2019-04-30,120,10,35.1,35.2,27.9,54,1.12,689.0,33.11,44.43,42.58,0,46.98
2019-05-01,121,11,36.7,36.7,28.7,42,3.36,564.0,31.523,43.32,41.37,0,43.66
2019-05-02,122,13,39.8,40.1,28.7,31,4.4,823.0,32.451,47.50,43.19,1,50.78
2019-05-03,123,12,36.2,38.0,29.0,52,5.14,956.0,32.801,44.58,44.59,2,51.87
2019-05-04,124,12,35.8,36.6,28.8,60,5.17,951.0,33.495,44.92,47.5,0,50.94
2019-05-05,125,11,35.2,35.3,28.3,64,5.28,901.0,33.365,44.30,47.71,0,49.74
2019-05-06,126,11,35.7,35.7,28.7,60,5.47,872.0,33.261,44.38,47.19,0,49.88
2019-05-07,127,12,36.7,37.2,28.7,56,5.28,906.0,33.724,45.59,48.11,1,53.63
2019-05-08,128,11,39.1,39.1,29.7,34,1.34,860.0,33.687,48.08,43.11,2,56.33
2019-05-09,129,11,38.8,38.8,29.6,34,1.02,904.0,33.885,47.96,42.49,3,57.94
2019-05-10,130,11,36.4,36.4,29.1,56,4.75,902.0,33.528,45.24,47.2,0,51.47
2019-05-11,131,11,34.8,34.8,28.3,61,6.43,903.0,32.468,43.15,44.93,0,46.18
2019-05-12,132,11,33.7,33.7,27.1,64,7.03,900.0,31.743,41.80,43.02,0,41.72
2019-05-13,133,12,33.8,33.8,27.4,60,6.33,944.0,31.471,41.68,41.63,0,40.96
2019-05-14,134,11,33.7,33.9,27.6,66,5.46,887.0,32.154,42.07,43.9,0,43.61
2019-05-15,135,11,34.6,34.6,28.2,62,4.79,876.0,32.599,43.14,44.81,0,46.26
2019-05-16,136,11,34.2,34.2,28.2,62,5.14,873.0,32.166,42.40,43.61,0,44.46
2019-05-17,137,12,34.3,34.4,28.5,61,7.0,937.0,31.979,42.55,43.46,0,44.51
2019-05-18,138,11,34.1,34.1,27.6,64,6.46,901.0,32.18,42.40,44.22,0,44.01
2019-05-19,139,11,34.6,34.6,27.4,59,6.23,904.0,32.053,42.62,43.42,0,43.40
2019-05-20,140,11,35.3,35.3,27.1,49,5.73,906.0,31.423,42.73,40.99,0,41.04
2019-05-21,141,11,34.9,34.9,27.7,51,6.36,901.0,31.255,42.28,40.83,0,41.04
2019-05-22,142,11,34.3,34.4,27.7,55,6.86,899.0,31.186,41.78,40.93,0,40.58
2019-05-23,143,11,34.2,34.4,28.3,61,6.67,898.0,31.877,42.21,43.17,0,43.73
2019-05-24,144,11,34.1,34.3,27.6,64,5.97,885.0,32.219,42.36,44.22,0,44.06
2019-05-25,145,11,35.3,35.5,28.0,62,4.79,884.0,33.263,44.26,46.98,0,48.89
2019-05-26,146,11,35.6,35.6,28.5,60,5.74,889.0,33.152,44.26,46.88,0,49.23
2019-05-27,147,11,35.1,35.1,28.5,61,5.14,890.0,32.901,43.72,45.84,0,47.98
2019-05-28,148,11,35.9,35.9,28.3,56,5.22,830.0,32.902,44.05,45.73,0,47.95
2019-05-29,149,11,35.3,35.7,29.3,60,6.09,877.0,32.815,43.71,45.95,0,48.79
2019-05-30,150,12,35.5,35.8,28.8,63,5.32,919.0,33.537,44.71,48.16,0,51.11
2019-05-31,151,11,34.2,34.2,26.9,64,5.58,867.0,32.342,42.50,44.53,0,43.69
2019-06-01,152,11,37.7,37.7,29.1,40,1.25,868.0,33.634,46.99,42.75,1,52.94
2019-06-02,153,12,37.6,37.6,28.8,49,4.18,924.0,33.768,46.46,46.9,2,55.67
2019-06-03,154,10,36.1,36.1,28.9,47,1.56,771.0,32.842,45.13,42.07,0,47.95
2019-06-04,155,12,35.0,35.2,28.6,63,3.42,861.0,33.361,44.59,46.54,0,49.86
2019-06-05,156,11,34.7,34.7,27.5,60,3.98,869.0,32.583,43.43,44.17,0,45.38
2019-06-06,157,11,34.2,34.6,27.7,63,5.99,884.0,32.187,42.39,44.07,0,44.08
2019-06-07,158,11,34.1,34.8,28.3,65,5.24,753.0,32.268,42.07,44.69,0,44.93
2019-06-08,159,10,35.9,36.0,28.7,48,1.14,718.0,33.051,44.92,42.01,0,47.94
2019-06-09,160,12,37.9,38.5,28.9,44,4.9,901.0,33.114,46.04,45.1,1,51.92
2019-06-10,161,13,37.8,38.4,30.0,42,5.6,888.0,32.589,45.60,43.89,2,53.11
2019-06-11,162,13,35.2,35.9,30.2,53,5.35,552.0,31.447,41.35,42.4,0,44.23
2019-06-12,163,14,36.5,37.2,30.2,51,5.05,747.0,32.676,44.04,44.92,1,51.10
2019-06-13,164,13,36.1,38.3,30.4,52,4.54,862.0,32.691,44.24,44.32,2,52.94
2019-06-14,165,12,36.6,38.0,29.9,45,4.12,842.0,32.18,44.37,42.4,3,52.44
2019-06-15,166,11,38.2,38.2,30.0,33,1.91,880.0,32.368,46.84,40.89,4,55.80
2019-06-16,167,12,38.9,39.5,30.0,29,1.06,875.0,32.891,47.50,40.68,5,58.86
2019-06-17,168,12,39.8,39.8,29.8,24,3.45,683.0,30.95,46.77,40.39,6,55.99
2019-06-18,169,13,35.1,36.0,28.8,54,3.22,593.0,31.904,42.55,42.58,0,44.39
2019-06-19,170,11,38.6,38.6,29.9,30,0.81,873.0,33.218,47.23,40.51,1,52.43
2019-06-20,171,12,38.6,38.6,28.1,33,1.49,723.0,32.669,46.73,41.67,2,51.03
2019-06-21,172,11,35.3,35.3,27.3,40,0.64,605.0,31.749,43.00,37.78,0,40.89
2019-06-22,173,12,37.3,37.3,28.5,37,1.78,691.0,32.021,45.23,40.66,1,47.15
2019-06-23,174,11,35.7,35.7,27.1,41,1.3,837.0,31.938,44.52,38.89,0,42.52
2019-06-24,175,12,32.2,32.4,26.8,66,2.16,683.0,31.208,41.25,39.54,0,38.68
2019-06-25,176,10,31.8,32.3,27.2,65,1.14,606.0,31.188,41.01,38.14,0,38.41
2019-06-26,177,15,31.9,31.9,26.4,63,2.41,479.0,30.059,39.29,37.76,0,33.95
2019-06-27,178,13,34.7,34.7,26.5,50,2.7,811.0,31.524,43.09,39.97,0,40.41
2019-06-28,179,14,33.4,35.2,26.7,63,4.36,710.0,31.441,40.98,41.74,0,39.62
2019-06-29,180,13,37.1,37.1,28.4,37,4.04,837.0,31.352,44.49,40.26,1,45.09
2019-06-30,181,13,35.9,36.2,28.5,41,5.41,541.0,30.314,41.29,39.29,0,38.90
2019-07-01,182,12,36.8,36.8,28.1,40,3.19,835.0,31.787,44.73,40.79,0,44.26
2019-07-02,183,13,34.8,35.6,28.2,50,4.5,484.0,30.667,40.42,40.2,0,38.93
2019-07-03,184,13,34.5,35.9,28.7,58,5.18,731.0,31.747,41.78,42.7,0,43.47
2019-07-04,185,12,35.8,36.3,28.9,49,4.8,885.0,31.984,43.54,42.2,0,45.23
2019-07-05,186,13,32.9,35.1,29.4,63,5.75,478.0,30.432,38.54,40.36,0,38.59
2019-07-06,187,14,33.6,35.3,29.3,57,4.6,350.0,30.225,38.52,39.94,0,37.91
2019-07-07,188,13,36.1,37.1,29.4,49,4.8,900.0,32.273,44.01,42.94,1,48.65
2019-07-08,189,13,34.6,37.7,29.4,55,5.72,799.0,31.47,41.81,41.7,2,46.74
2019-07-09,190,13,34.6,36.8,27.8,53,4.83,715.0,31.213,41.48,40.89,0,40.52
2019-07-10,191,13,34.9,34.9,25.4,50,4.81,846.0,31.261,42.23,40.44,0,38.18
2019-07-11,192,13,32.6,34.3,26.9,63,4.79,513.0,30.316,38.63,39.55,0,35.22
2019-07-12,193,13,32.8,33.7,26.2,66,4.92,836.0,31.321,40.70,41.22,0,38.42
2019-07-13,194,11,33.2,33.2,26.7,55,1.61,803.0,31.337,42.43,38.27,0,39.18
2019-07-14,195,11,33.5,33.5,26.7,52,0.63,865.0,32.632,43.27,37.96,0,42.12
2019-07-15,196,11,33.9,33.9,26.4,52,0.98,856.0,32.315,43.56,38.85,0,41.71
2019-07-16,197,12,34.0,34.0,26.5,53,0.41,872.0,33.789,43.90,39.44,0,45.07
2019-07-17,198,13,33.0,33.0,27.2,61,0.36,824.0,33.735,43.03,39.88,0,45.33
2019-07-18,199,13,34.3,34.3,26.3,57,1.63,841.0,32.664,44.15,41.74,0,43.75
2019-07-19,200,15,31.8,32.1,26.0,65,1.1,514.0,30.977,40.54,38.14,0,36.27
2019-07-20,201,11,31.9,32.2,27.0,61,1.88,774.0,30.651,41.06,37.14,0,36.83
2019-07-21,202,12,33.9,33.9,26.6,53,1.5,860.0,31.912,43.42,39.21,0,41.21
2019-07-22,203,12,27.6,27.9,25.8,90,2.72,181.0,27.921,33.76,32.8,0,23.38
2019-07-23,204,14,30.7,30.8,25.2,65,2.34,661.0,29.564,39.03,35.45,0,30.57
2019-07-24,205,14,31.7,33.2,26.0,76,3.53,720.0,31.502,40.65,41.72,0,38.67
2019-07-25,206,13,32.1,32.4,25.1,66,1.94,774.0,31.393,41.73,39.27,0,37.28
2019-07-26,207,14,31.7,31.7,26.4,61,3.28,469.0,29.397,38.03,36.67,0,31.39
2019-07-27,208,17,30.1,31.4,26.6,79,3.62,114.0,28.888,34.40,37.69,0,28.42
2019-07-28,209,14,32.9,33.0,26.9,55,1.84,563.0,30.421,40.74,37.59,0,36.21
2019-07-29,210,13,32.4,33.1,26.4,55,4.74,605.0,29.311,38.21,36.49,0,31.29
2019-07-30,211,14,33.5,33.5,26.6,50,0.61,518.0,31.366,41.35,37.32,0,37.98
2019-07-31,212,13,34.1,34.1,27.1,48,2.0,896.0,31.158,43.07,37.94,0,39.65
2019-08-01,213,15,31.2,34.0,27.8,73,3.69,352.0,29.975,37.42,39.11,0,34.58
2019-08-02,214,13,32.1,32.6,26.8,51,4.94,387.0,28.128,36.15,34.8,0,27.41
2019-08-03,215,13,34.3,34.3,27.3,43,4.02,587.0,29.481,40.10,36.79,0,34.14
2019-08-04,216,13,34.3,35.3,27.7,57,5.54,895.0,31.598,42.01,41.74,0,41.83
2019-08-05,217,9,31.4,31.7,26.4,57,4.02,380.0,28.333,36.18,34.93,0,27.40
2019-08-06,218,14,35.3,35.3,27.1,45,5.12,733.0,30.709,41.79,39.47,0,38.44
2019-08-07,219,15,33.7,35.6,27.7,56,3.86,451.0,30.492,39.64,39.82,0,37.31
2019-08-08,220,12,33.6,33.7,27.7,51,6.89,723.0,29.809,39.70,37.85,0,35.33
2019-08-09,221,13,34.6,34.6,27.2,47,5.08,744.0,30.395,41.06,38.67,0,37.14
2019-08-10,222,12,34.8,34.8,27.4,48,2.51,747.0,31.295,42.90,39.46,0,40.70
2019-08-11,223,13,33.4,35.5,27.4,54,3.03,789.0,30.736,41.44,38.4,0,38.20
2019-08-12,224,12,35.4,35.4,27.2,45,1.78,902.0,32.03,44.55,39.69,0,43.13
2019-08-13,225,11,34.7,34.7,26.6,48,1.28,732.0,31.873,43.46,39.24,0,41.18
2019-08-14,226,12,34.6,34.6,25.6,50,2.51,919.0,31.681,43.57,39.74,0,39.92
2019-08-15,227,12,33.4,33.4,26.3,56,0.78,885.0,32.775,43.55,39.09,0,42.55
2019-08-16,228,13,33.4,33.4,26.1,56,0.81,855.0,32.645,43.41,39.09,0,41.96
2019-08-17,229,15,31.3,32.8,25.0,68,0.99,598.0,31.196,40.73,37.79,0,35.53
2019-08-18,230,16,31.0,31.4,24.9,71,0.36,451.0,31.701,39.75,37.9,0,35.69
2019-08-19,231,12,31.8,31.8,24.5,69,2.69,929.0,31.387,41.63,39.48,0,36.58
2019-08-20,232,14,32.0,32.8,25.3,67,1.4,698.0,31.604,41.76,39.34,0,37.96
2019-08-21,233,13,32.5,32.5,25.7,65,3.8,789.0,31.06,40.65,40.0,0,36.85
2019-08-22,234,13,31.5,31.5,25.3,61,4.41,575.0,29.208,37.53,36.21,0,29.22
2019-08-23,235,17,31.5,32.6,25.5,68,0.92,229.0,30.193,38.58,38.32,0,32.86
2019-08-24,236,14,33.1,33.1,25.6,59,3.54,684.0,30.79,40.60,39.41,0,35.97
2019-08-25,237,13,33.1,33.1,25.8,56,4.67,791.0,30.362,40.13,38.37,0,34.66
2019-08-26,238,13,32.0,32.5,27.2,69,4.42,897.0,31.077,40.39,40.05,0,38.46
2019-08-27,239,14,31.5,32.9,26.9,75,4.27,721.0,31.053,39.66,40.71,0,37.79
2019-08-28,240,11,32.6,32.6,26.8,56,1.36,795.0,31.09,41.92,37.23,0,38.07
2019-08-29,241,12,33.8,33.8,26.7,51,0.98,909.0,32.211,43.57,38.29,0,41.66
2019-08-30,242,13,35.0,35.0,26.2,49,3.77,782.0,31.318,42.52,40.29,0,39.37
2019-08-31,243,14,32.8,32.8,26.0,53,1.44,515.0,30.182,40.44,36.75,0,34.17
2019-09-01,244,13,30.7,31.0,25.9,74,2.47,545.0,30.288,39.13,37.98,0,33.77
2019-09-02,245,14,31.2,31.2,26.2,61,0.99,344.0,29.507,38.40,35.54,0,31.21
2019-09-03,246,11,31.8,31.9,26.0,57,5.6,610.0,28.906,37.25,35.76,0,29.10
2019-09-04,247,15,31.0,31.0,26.2,67,3.76,421.0,29.25,36.95,36.72,0,30.12
2019-09-05,248,14,33.6,33.7,26.4,54,5.09,746.0,30.439,40.26,38.86,0,35.78
2019-09-06,249,14,34.3,35.2,26.9,48,3.13,578.0,30.357,40.98,38.37,0,36.55
2019-09-07,250,15,32.9,35.6,26.6,64,3.71,546.0,30.94,39.99,40.73,0,37.47
2019-09-08,251,14,34.1,35.4,27.4,53,2.91,637.0,31.018,41.61,39.68,0,39.33
2019-09-09,252,13,34.2,34.7,26.3,52,2.06,684.0,31.368,42.52,39.55,0,39.32
2019-09-10,253,13,32.3,32.4,25.0,69,4.16,857.0,31.359,40.82,40.92,0,37.06
2019-09-11,254,13,31.3,31.8,25.9,77,3.36,827.0,31.434,40.80,40.79,0,38.19
2019-09-12,255,12,32.7,32.7,25.2,58,1.66,930.0,31.46,42.60,38.09,0,37.72
2019-09-13,256,13,31.7,31.7,25.9,69,3.6,907.0,30.983,40.61,39.2,0,36.61
2019-09-14,257,13,31.1,31.8,25.3,75,3.71,799.0,30.895,39.86,39.47,0,35.30
2019-09-15,258,11,31.6,31.7,25.5,68,0.6,887.0,32.955,42.66,38.59,0,41.12
2019-09-16,259,13,31.8,32.1,25.4,70,0.64,825.0,33.101,42.85,39.83,0,41.88
2019-09-17,260,14,28.6,29.0,25.5,81,1.22,308.0,28.912,36.76,33.84,0,27.45
2019-09-18,261,14,30.0,30.0,24.5,72,3.82,639.0,29.24,37.25,35.53,0,27.89
2019-09-19,262,12,28.7,30.1,24.4,80,0.81,656.0,30.398,39.14,33.92,0,30.73
2019-09-20,263,12,30.5,30.5,24.3,71,0.85,733.0,31.318,40.78,36.56,0,34.52
2019-09-21,264,11,31.1,31.1,25.4,73,2.33,863.0,31.206,41.18,38.82,0,36.72
2019-09-22,265,12,30.3,30.7,25.8,79,0.89,746.0,31.964,41.42,38.3,0,38.60
2019-09-23,266,10,29.9,30.2,25.0,81,0.67,735.0,32.151,41.22,37.64,0,37.62
2019-09-24,267,11,29.5,30.1,25.0,77,0.89,610.0,30.614,39.54,35.43,0,32.68
2019-09-25,268,13,28.9,28.9,25.2,77,7.07,787.0,28.493,35.34,33.85,0,25.29
2019-09-26,269,12,29.4,29.5,25.7,73,6.59,672.0,28.452,35.26,34.26,0,25.90
2019-09-27,270,11,29.9,30.0,25.3,76,3.45,834.0,29.962,38.71,36.29,0,31.52
2019-09-28,271,11,29.6,29.6,25.1,73,3.4,830.0,29.359,38.09,34.76,0,29.14
2019-09-29,272,12,29.2,29.2,25.6,74,3.56,844.0,29.063,37.58,33.98,0,28.50
2019-09-30,273,12,28.9,29.0,25.4,77,4.56,865.0,28.912,36.69,33.85,0,27.29
2019-10-01,274,12,30.2,30.2,25.5,74,3.76,835.0,29.963,38.64,36.58,0,31.82
2019-10-02,275,12,30.7,30.9,24.9,73,3.5,895.0,30.483,39.69,37.68,0,33.27
2019-10-03,276,12,30.4,30.4,25.9,72,4.44,854.0,29.826,38.28,36.57,0,31.76
2019-10-04,277,12,30.5,30.5,25.4,75,3.62,844.0,30.405,39.30,37.7,0,33.43
2019-10-05,278,10,30.0,30.0,25.2,73,4.11,742.0,29.454,37.59,35.78,0,29.45
2019-10-06,279,12,30.3,30.3,25.7,72,3.32,801.0,29.897,38.84,36.31,0,31.97
2019-10-07,280,12,30.6,30.9,25.7,72,2.97,866.0,30.385,39.83,37.11,0,33.91
2019-10-08,281,12,30.3,30.6,24.7,72,3.64,885.0,29.941,38.91,36.31,0,30.94
2019-10-09,282,12,30.3,30.3,25.2,69,4.7,831.0,29.325,37.64,35.52,0,29.14
2019-10-10,283,12,30.6,30.7,25.8,70,4.44,868.0,29.816,38.44,36.54,0,31.73
2019-10-11,284,11,30.2,30.3,25.8,69,3.36,780.0,29.43,38.33,35.28,0,30.46
2019-10-12,285,10,29.9,30.2,26.2,75,2.48,700.0,29.925,38.96,36.03,0,32.59
2019-10-13,286,12,30.6,30.6,26.0,69,3.4,867.0,29.932,39.18,36.27,0,32.62
2019-10-14,287,12,30.4,30.4,25.7,70,3.64,840.0,29.753,38.68,36.03,0,31.48
2019-10-15,288,10,29.9,29.9,25.2,73,2.83,687.0,29.572,38.37,35.52,0,30.14
2019-10-16,289,15,28.3,28.3,24.9,78,4.3,376.0,27.682,33.58,32.52,0,21.64
2019-10-17,290,13,28.6,28.6,24.9,79,2.26,619.0,29.017,37.54,33.46,0,27.37
2019-10-18,291,13,29.1,29.2,25.1,76,3.86,790.0,29.03,37.11,34.15,0,27.58
2019-10-19,292,13,28.6,28.6,25.3,80,2.82,668.0,29.024,37.28,33.65,0,27.74
2019-10-20,293,12,27.4,27.9,25.4,87,2.9,512.0,28.239,35.49,31.64,0,24.33
2019-10-21,294,12,28.6,28.6,23.9,79,3.33,659.0,28.77,36.62,33.46,0,25.08
2019-10-22,295,14,26.2,26.3,23.6,87,4.14,265.0,26.3,30.81,26.67,0,13.46
2019-10-23,296,14,30.7,31.1,24.0,61,1.3,585.0,29.501,39.14,34.46,0,28.77
2019-10-24,297,13,27.1,27.6,24.0,85,2.38,278.0,27.309,33.90,30.48,0,19.36
2019-10-25,298,11,30.4,30.4,24.6,69,2.46,767.0,29.878,39.38,35.77,0,30.84
2019-10-26,299,14,29.4,29.7,25.0,76,2.62,625.0,29.363,37.92,34.93,0,28.97
2019-10-27,300,10,29.5,29.7,24.7,77,2.0,677.0,29.907,39.01,35.43,0,30.62
2019-10-28,301,11,28.9,29.0,24.9,82,4.04,628.0,29.175,36.46,34.89,0,27.42
2019-10-29,302,15,27.1,27.6,25.2,84,3.48,296.0,27.051,32.70,30.37,0,19.37
2019-10-30,303,11,26.9,26.9,24.9,85,3.76,426.0,27.203,33.20,29.97,0,19.51
2019-10-31,304,13,28.0,28.3,24.5,82,4.48,647.0,28.253,34.98,32.41,0,23.23
2019-11-01,305,12,29.6,29.6,24.2,72,3.2,855.0,29.343,38.31,34.53,0,28.13
2019-11-02,306,12,29.4,29.4,24.5,78,2.92,714.0,29.643,38.23,35.4,0,29.31
2019-11-03,307,13,29.9,30.0,24.6,70,3.92,774.0,29.118,37.52,34.8,0,27.70
2019-11-04,308,12,30.3,30.3,24.8,67,3.02,873.0,29.542,39.02,35.02,0,29.90
2019-11-05,309,13,30.6,30.8,23.5,63,3.76,827.0,29.109,38.23,34.72,0,26.89
2019-11-06,310,10,30.1,31.1,23.7,68,1.41,719.0,29.957,39.62,34.8,0,29.75
2019-11-07,311,10,30.2,30.3,24.0,65,0.5,724.0,31.118,40.06,34.32,0,32.43
2019-11-08,312,13,31.6,31.6,24.6,56,0.72,711.0,30.783,40.68,35.08,0,33.23
2019-11-09,313,11,31.5,31.5,24.9,64,0.1,798.0,32.609,39.88,37.08,0,37.20
2019-11-10,314,10,30.2,30.4,24.7,68,0.71,681.0,30.803,39.98,35.03,0,32.86
2019-11-11,315,11,29.8,29.9,23.3,66,3.18,804.0,28.805,37.90,33.67,0,25.45
2019-11-12,316,12,29.9,29.9,25.4,66,4.7,793.0,28.562,36.73,33.88,0,26.67
2019-11-13,317,10,29.1,29.6,25.5,72,4.24,514.0,28.095,35.07,33.34,0,24.51
2019-11-14,318,12,28.0,28.2,24.5,83,3.2,659.0,28.626,36.35,32.57,0,24.98
2019-11-15,319,11,28.1,28.1,24.4,80,3.72,578.0,28.165,35.26,32.35,0,23.12
2019-11-16,320,12,28.7,29.0,24.7,76,2.98,610.0,28.556,36.60,33.15,0,25.48
2019-11-17,321,10,29.1,29.1,24.1,71,4.38,550.0,28.029,35.09,33.14,0,22.69
2019-11-18,322,13,28.7,28.7,25.6,79,2.67,679.0,29.084,37.53,33.72,0,28.41
2019-11-19,323,12,29.0,29.0,24.4,80,3.26,607.0,29.188,37.03,34.74,0,27.22
2019-11-20,324,12,27.8,27.8,24.4,83,3.61,641.0,28.307,35.58,32.04,0,23.50
2019-11-21,325,11,28.5,28.7,25.0,76,4.28,608.0,28.093,35.10,32.66,0,23.69
2019-11-22,326,11,28.7,28.7,24.6,72,5.58,635.0,27.73,34.37,32.43,0,21.92
2019-11-23,327,12,27.6,27.6,24.0,81,4.36,628.0,27.752,34.38,31.25,0,20.83
2019-11-24,328,12,29.2,29.2,24.7,63,4.44,767.0,27.578,35.73,31.88,0,22.53
2019-11-25,329,12,28.5,28.5,24.1,76,4.82,682.0,28.124,35.07,32.66,0,22.68
2019-11-26,330,11,28.7,28.7,24.6,67,5.26,695.0,27.32,34.50,31.59,0,20.93
2019-11-27,331,13,27.8,27.8,25.2,83,4.64,502.0,27.899,33.88,32.04,0,22.44
2019-11-28,332,14,27.7,27.8,24.7,80,4.74,277.0,27.04,31.82,31.36,0,18.50
2019-11-29,333,11,28.8,28.8,24.8,77,5.26,537.0,28.238,34.51,33.59,0,23.65
2019-11-30,334,10,27.1,27.1,24.8,82,5.23,349.0,26.766,31.40,30.17,0,17.35
2019-12-01,335,9,26.3,26.3,24.7,87,4.4,206.0,26.218,30.11,26.78,0,14.08
2019-12-02,336,9,27.8,28.3,24.4,80,1.65,183.0,27.364,34.19,31.6,0,20.56
2019-12-03,337,12,28.6,28.6,25.7,67,5.94,607.0,27.021,33.60,31.39,0,20.93
2019-12-04,338,11,28.4,28.6,25.4,69,8.11,666.0,26.939,33.43,31.31,0,20.26
2019-12-05,339,13,28.2,28.2,25.5,61,6.3,692.0,26.074,33.06,29.87,0,17.95
2019-12-06,340,12,28.0,28.0,25.0,57,5.3,789.0,25.692,33.52,29.13,0,16.70
2019-12-07,341,11,26.6,26.9,23.7,84,4.35,540.0,26.931,32.87,27.05,0,16.28
2019-12-08,342,12,28.5,28.5,24.0,63,4.81,699.0,26.766,34.30,30.62,0,18.68
2019-12-09,343,12,28.2,28.3,24.2,66,4.83,733.0,26.855,34.27,30.51,0,19.02
2019-12-10,344,12,27.7,27.7,23.9,66,4.94,683.0,26.295,33.34,29.64,0,16.62
2019-12-11,345,12,27.9,27.9,22.4,63,3.89,750.0,26.439,34.59,29.63,0,16.03
2019-12-12,346,12,28.5,28.5,23.5,64,4.43,736.0,26.989,34.82,30.76,0,18.94
2019-12-13,347,12,28.1,28.3,25.0,73,4.46,619.0,27.385,34.29,31.28,0,21.25
2019-12-14,348,11,26.4,27.5,24.3,83,4.27,464.0,26.513,32.15,26.83,0,15.65
2019-12-15,349,12,28.4,28.4,24.3,65,3.76,767.0,27.178,35.48,30.73,0,20.70
2019-12-16,350,12,27.3,27.3,23.7,81,3.71,594.0,27.517,34.44,30.53,0,19.81
2019-12-17,351,12,28.1,28.3,24.8,63,6.51,668.0,26.146,32.86,29.95,0,17.15
2019-12-18,352,12,28.4,28.4,23.9,69,5.71,767.0,27.291,34.37,31.31,0,19.86
2019-12-19,353,12,28.2,28.2,25.1,64,5.16,711.0,26.561,33.84,30.24,0,19.10
2019-12-20,354,12,28.2,28.2,24.5,62,5.24,658.0,26.257,33.40,29.99,0,17.42
2019-12-21,355,11,28.2,28.3,23.8,65,3.97,695.0,26.836,34.71,30.37,0,18.78
2019-12-22,356,12,27.9,27.9,24.1,59,4.42,679.0,25.798,33.55,29.2,0,15.90
2019-12-23,357,11,27.9,27.9,22.2,59,4.12,702.0,25.885,33.92,29.2,0,14.11
2019-12-24,358,14,25.8,25.8,24.4,86,4.74,229.0,25.66,29.28,26.24,0,12.08
2019-12-25,359,12,28.1,28.1,24.2,64,4.13,686.0,26.591,34.35,30.08,0,18.41
2019-12-26,360,11,27.7,27.7,21.2,67,3.32,564.0,26.489,34.19,29.75,0,15.42
2019-12-27,361,12,28.0,28.0,22.1,60,2.66,636.0,26.323,35.18,29.45,0,15.83
2019-12-28,362,12,28.4,28.4,22.7,62,3.58,756.0,26.874,35.42,30.32,0,18.06
2019-12-29,363,12,27.8,27.8,23.7,65,5.08,725.0,26.323,33.53,29.7,0,16.59
2019-12-30,364,12,27.0,27.0,23.3,70,4.52,513.0,25.839,32.11,28.86,0,13.87
2019-12-31,365,11,27.0,27.0,23.0,80,3.03,540.0,27.173,34.44,29.74,0,18.05
2020-01-01,1,13,26.8,26.9,23.8,84,2.62,558.0,27.522,35.08,29.64,0,20.07
2020-01-02,2,11,27.3,27.3,23.7,82,2.56,567.0,27.848,35.63,30.64,0,21.34
2020-01-03,3,13,28.7,28.7,23.6,72,2.69,676.0,28.34,36.93,32.43,0,23.76
2020-01-04,4,11,28.7,28.8,23.7,73,2.11,706.0,28.721,37.74,32.6,0,25.24
2020-01-05,5,14,27.6,27.6,24.7,79,2.1,494.0,27.839,35.82,30.99,0,22.76
2020-01-06,6,13,26.8,26.9,23.9,83,4.05,562.0,27.113,33.46,29.55,0,18.21
2020-01-07,7,13,27.9,27.9,24.3,71,5.81,697.0,26.921,33.48,30.6,0,18.72
2020-01-08,8,12,27.8,27.8,23.8,66,4.07,774.0,26.666,34.60,29.81,0,18.17
2020-01-09,9,13,27.4,27.5,21.5,62,2.28,791.0,26.403,35.82,28.78,0,16.07
2020-01-10,10,12,27.9,27.9,22.6,58,3.69,775.0,25.972,34.62,29.09,0,15.21
2020-01-11,11,12,27.6,27.6,21.8,59,3.67,686.0,25.67,33.92,28.78,0,13.32
2020-01-12,12,11,26.8,26.8,22.5,74,4.94,562.0,26.082,32.07,28.82,0,13.36
2020-01-13,13,12,27.6,27.6,21.4,64,3.33,708.0,26.324,34.65,29.27,0,15.26
2020-01-14,14,10,26.1,27.2,19.5,67,1.2,652.0,26.088,35.09,26.31,0,14.29
2020-01-15,15,13,27.9,27.9,22.3,48,3.16,727.0,24.877,34.41,28.17,0,12.29
2020-01-16,16,11,28.0,28.0,22.5,57,2.73,765.0,26.197,35.59,29.13,0,16.23
2020-01-17,17,11,27.5,27.5,22.9,77,3.7,613.0,27.342,34.50,30.52,0,18.59
2020-01-18,18,11,27.6,27.8,24.3,72,4.37,490.0,26.598,32.94,30.14,0,17.55
2020-01-19,19,13,28.5,28.5,24.7,65,3.13,753.0,27.403,36.14,30.91,0,22.14
2020-01-20,20,12,28.3,28.5,22.8,67,3.01,807.0,27.551,36.42,30.83,0,20.37
2020-01-21,21,12,28.2,28.4,22.8,59,4.39,748.0,26.183,34.27,29.63,0,15.79
2020-01-22,22,11,28.1,28.3,23.4,63,5.47,721.0,26.332,33.53,29.95,0,16.35
2020-01-23,23,11,28.3,28.3,23.4,64,4.27,746.0,26.844,34.76,30.42,0,18.38
2020-01-24,24,12,28.1,28.2,20.9,59,3.22,866.0,26.523,35.78,29.48,0,16.53
2020-01-25,25,10,26.2,28.0,19.5,75,0.72,656.0,27.627,36.05,26.52,0,17.89
2020-01-26,26,12,28.0,28.1,20.0,63,2.19,865.0,27.242,36.93,29.79,0,18.84
2020-01-27,27,12,28.4,28.4,20.7,62,3.94,836.0,26.913,35.46,30.32,0,17.35
2020-01-28,28,12,29.0,29.0,21.8,65,3.66,801.0,27.816,36.43,31.84,0,20.32
2020-01-29,29,12,29.1,29.1,23.0,64,3.83,846.0,27.827,36.53,31.86,0,21.59
2020-01-30,30,12,29.2,29.2,22.0,62,4.03,864.0,27.681,36.43,31.71,0,20.02
2020-01-31,31,11,28.8,29.0,22.8,65,3.08,761.0,27.712,36.57,31.46,0,21.02
2020-02-01,32,12,29.3,29.3,23.8,59,4.25,817.0,27.326,35.99,31.39,0,21.01
2020-02-02,33,13,29.0,29.0,24.3,60,3.9,821.0,27.237,36.00,31.03,0,21.30
2020-02-03,34,13,28.6,28.6,23.3,61,3.82,854.0,27.041,35.82,30.51,0,19.43
2020-02-04,35,12,28.7,28.7,22.9,63,3.59,787.0,27.309,35.96,30.97,0,19.75
2020-02-05,36,12,28.8,29.0,22.8,57,3.1,847.0,26.951,36.46,30.28,0,19.06
2020-02-06,37,11,28.9,29.0,22.3,59,3.18,748.0,27.091,36.15,30.72,0,18.68
2020-02-07,38,12,29.0,29.0,24.0,57,5.19,843.0,26.699,35.02,30.59,0,19.06
2020-02-08,39,12,29.2,29.2,23.7,54,5.06,835.0,26.544,35.14,30.46,0,18.45
2020-02-09,40,12,27.7,28.3,25.7,70,3.3,621.0,26.912,34.71,30.1,0,21.04
2020-02-10,41,12,29.2,29.2,25.0,53,4.68,840.0,26.493,35.34,30.32,0,19.97
2020-02-11,42,13,28.9,29.0,24.4,61,5.0,804.0,27.036,35.05,31.02,0,20.35
2020-02-12,43,12,29.2,29.2,24.7,60,5.13,753.0,27.115,35.04,31.38,0,20.97
2020-02-13,44,13,29.6,29.7,23.8,56,4.68,882.0,27.267,36.16,31.39,0,21.02
2020-02-14,45,10,28.7,30.6,21.4,54,0.22,714.0,28.588,36.27,29.75,0,20.89
2020-02-15,46,11,29.2,29.8,20.5,51,2.69,869.0,26.783,37.06,30.05,0,18.16
2020-02-16,47,12,28.7,28.7,21.3,54,3.44,934.0,26.547,36.25,29.75,0,17.01
2020-02-17,48,13,29.1,29.1,22.2,49,3.36,933.0,26.336,36.51,29.67,0,17.00
2020-02-18,49,13,29.1,29.1,21.0,49,3.28,923.0,26.344,36.54,29.67,0,16.81
2020-02-19,50,12,29.0,29.0,22.5,51,3.52,877.0,26.364,36.10,29.78,0,17.16
2020-02-20,51,13,29.5,29.5,22.6,47,3.52,920.0,26.386,36.65,29.93,0,17.77
2020-02-21,52,14,30.0,30.0,21.7,54,4.7,801.0,27.286,36.15,31.71,0,19.07
2020-02-22,53,13,29.8,29.8,25.1,58,5.48,839.0,27.507,35.89,32.08,0,23.05
2020-02-23,54,12,29.5,29.5,24.6,60,4.74,805.0,27.523,35.88,31.91,0,22.43
2020-02-24,55,13,29.8,29.8,23.0,60,3.89,827.0,27.991,36.97,32.46,0,22.44
2020-02-25,56,11,30.0,30.2,25.0,61,4.1,821.0,28.239,37.07,33.03,0,25.53
2020-02-26,57,12,30.0,30.0,24.9,61,4.38,890.0,28.28,37.16,33.03,0,25.55
2020-02-27,58,12,30.0,30.0,24.7,60,3.93,871.0,28.23,37.36,32.83,0,25.29
2020-02-28,59,11,29.7,29.7,25.2,59,3.58,779.0,27.781,36.84,32.09,0,24.37
2020-02-29,60,12,29.6,29.6,24.2,59,3.95,858.0,27.722,36.76,31.91,0,22.97
2020-03-01,61,11,29.5,29.7,24.7,60,3.86,836.0,27.732,36.68,31.91,0,23.52
2020-03-02,62,12,29.5,29.5,23.3,58,3.4,808.0,27.569,36.84,31.56,0,21.56
2020-03-03,63,12,30.9,31.0,23.5,56,3.42,939.0,28.811,38.89,33.7,0,26.41
2020-03-04,64,12,30.9,30.9,23.1,61,4.03,934.0,29.248,38.70,34.88,0,27.08
2020-03-05,65,12,30.5,30.5,23.8,59,6.32,848.0,28.178,36.63,33.59,0,23.90
2020-03-06,66,12,30.0,30.0,25.2,61,6.02,683.0,27.768,35.41,33.03,0,23.67
2020-03-07,67,13,29.6,29.6,26.3,64,6.6,712.0,27.711,35.09,32.84,0,24.54
2020-03-08,68,12,29.8,29.8,25.1,62,5.25,905.0,28.08,36.52,32.84,0,24.87
2020-03-09,69,12,30.4,30.4,23.8,53,4.25,886.0,27.726,37.25,32.19,0,22.97
2020-03-10,70,12,30.5,30.5,24.9,55,4.39,957.0,28.125,37.68,32.75,0,25.53
2020-03-11,71,12,30.2,30.2,24.2,59,5.61,868.0,28.012,36.53,33.01,0,23.76
2020-03-12,72,13,31.0,31.0,24.1,56,5.55,924.0,28.471,37.62,33.89,0,25.63
2020-03-13,73,12,30.7,30.7,24.2,59,4.2,900.0,28.747,38.06,33.99,0,26.62
2020-03-14,74,12,30.9,30.9,24.3,56,4.08,960.0,28.68,38.45,33.7,0,26.78
2020-03-15,75,11,30.6,30.7,24.4,56,3.79,892.0,28.377,38.03,33.14,0,25.82
2020-03-16,76,13,31.2,31.2,26.2,56,4.3,932.0,28.873,38.54,34.28,0,29.65
2020-03-17,77,13,31.4,31.4,24.8,54,3.97,956.0,28.913,38.99,34.19,0,28.38
2020-03-18,78,13,31.4,31.5,24.4,55,4.39,958.0,28.95,38.77,34.43,0,27.91
2020-03-19,79,11,32.0,32.3,25.2,57,4.44,918.0,29.685,39.45,36.2,0,31.39
2020-03-20,80,11,31.6,31.6,24.2,60,4.17,904.0,29.712,39.28,36.16,0,30.13
2020-03-21,81,11,31.6,31.7,25.3,57,5.68,869.0,29.06,38.18,35.34,0,29.09
2020-03-22,82,11,31.5,31.5,25.7,58,5.51,868.0,29.11,38.17,35.39,0,29.66
2020-03-23,83,13,31.1,31.3,25.4,53,5.52,953.0,28.235,37.70,33.41,0,26.58
2020-03-24,84,12,31.2,31.2,24.7,54,3.98,951.0,28.721,38.72,33.82,0,27.57
2020-03-25,85,11,31.2,31.4,24.1,52,3.89,895.0,28.417,38.43,33.37,0,25.92
2020-03-26,86,12,31.6,31.6,24.4,53,3.64,955.0,29.048,39.41,34.34,0,28.53
2020-03-27,87,11,31.5,31.8,24.8,53,3.8,920.0,28.87,39.02,34.15,0,28.31
2020-03-28,88,11,31.8,32.1,23.2,50,3.34,942.0,28.91,39.65,34.0,0,26.91
2020-03-29,89,11,32.2,32.4,23.2,53,3.88,932.0,29.505,39.86,35.51,0,28.75
2020-03-30,90,12,31.5,31.5,22.8,51,3.68,997.0,28.752,39.31,33.69,0,25.79
2020-03-31,91,11,31.9,32.0,23.0,53,3.61,936.0,29.302,39.71,34.91,0,27.81
2020-04-01,92,11,32.5,32.7,23.7,56,3.88,931.0,30.155,40.43,37.0,0,31.53
2020-04-02,93,11,32.9,33.1,24.9,57,5.24,924.0,30.387,40.27,38.24,0,33.71
2020-04-03,94,12,32.3,32.4,25.7,59,5.55,976.0,30.095,39.73,37.47,0,33.42
2020-04-04,95,13,32.0,32.1,25.0,54,4.53,963.0,29.355,39.38,35.37,0,30.17
2020-04-05,96,12,32.1,32.3,26.8,64,5.13,888.0,30.461,39.65,38.59,0,35.76
2020-04-06,97,11,32.1,32.8,27.0,65,4.7,816.0,30.552,39.64,38.93,0,36.28
2020-04-07,98,12,31.9,32.4,27.1,66,6.31,863.0,30.32,39.14,38.73,0,35.52
2020-04-08,99,11,32.8,33.2,27.1,64,6.36,895.0,30.964,40.39,40.46,0,38.28
2020-04-09,100,11,32.1,32.1,27.3,67,5.46,791.0,30.639,39.40,39.62,0,36.87
2020-04-10,101,11,32.5,32.6,25.8,56,4.88,904.0,29.926,39.73,37.0,0,33.04
2020-04-11,102,11,32.0,32.1,26.9,57,3.77,919.0,29.828,39.91,36.2,0,33.97
2020-04-12,103,11,32.3,32.3,25.2,61,3.82,918.0,30.577,40.56,38.11,0,34.58
2020-04-13,104,11,32.2,32.3,24.6,60,4.33,940.0,30.284,40.09,37.55,0,32.78
2020-04-14,105,12,32.4,32.4,24.4,50,4.11,996.0,29.334,40.02,35.11,0,29.79
2020-04-15,106,11,32.1,32.4,25.4,56,4.2,930.0,29.717,39.71,36.13,0,31.84
2020-04-16,107,11,32.8,32.8,25.1,60,5.6,939.0,30.63,40.33,39.01,0,34.73
2020-04-17,108,11,32.9,33.2,26.9,62,5.56,895.0,30.919,40.48,39.98,0,37.85
2020-04-18,109,12,32.8,32.8,26.7,60,5.56,940.0,30.637,40.34,39.01,0,36.62
2020-04-19,110,12,32.8,32.8,27.2,58,5.38,971.0,30.454,40.36,38.33,0,36.62
2020-04-20,111,11,32.9,33.0,27.0,57,4.69,914.0,30.464,40.46,38.24,0,36.45
2020-04-21,112,11,32.8,32.8,26.2,57,4.75,912.0,30.359,40.29,38.0,0,35.10
2020-04-22,113,11,33.1,33.4,26.3,62,6.41,897.0,31.002,40.65,40.52,0,37.63
2020-04-23,114,11,33.4,33.5,27.0,62,5.8,907.0,31.368,41.19,41.34,0,39.84
2020-04-24,115,12,33.5,33.6,27.2,61,7.09,951.0,31.24,41.38,41.21,0,39.92
2020-04-25,116,11,34.3,34.6,28.3,65,5.56,857.0,32.548,42.75,45.31,0,46.18
2020-04-26,117,12,33.6,33.6,26.7,60,5.15,776.0,31.231,40.90,41.09,0,38.92
2020-04-27,118,10,32.9,32.9,28.3,63,3.83,706.0,31.065,40.60,40.36,0,39.99
2020-04-28,119,12,32.8,32.8,27.9,60,4.22,878.0,30.781,40.69,39.01,0,38.55
2020-04-29,120,13,34.2,34.2,27.4,52,1.48,715.0,31.768,43.04,39.55,0,41.73
2020-04-30,121,11,33.1,33.1,27.0,61,4.72,886.0,31.101,40.94,40.14,0,38.70
2020-05-01,122,11,33.9,34.0,27.3,62,4.48,904.0,32.036,42.36,42.74,0,42.81
2020-05-02,123,12,33.5,33.7,27.3,65,5.46,923.0,31.89,41.79,42.86,0,42.17
2020-05-03,124,11,33.8,33.8,27.6,61,5.32,901.0,31.677,41.76,42.04,0,41.79
2020-05-04,125,11,33.5,33.5,26.5,59,5.55,914.0,31.133,41.13,40.44,0,38.43
2020-05-05,126,11,33.3,33.6,27.5,62,5.91,901.0,31.253,41.00,41.06,0,39.96
2020-05-06,127,11,33.4,33.4,27.2,62,5.61,913.0,31.401,41.25,41.34,0,40.18
2020-05-07,128,11,33.2,33.8,27.3,66,5.98,865.0,31.588,41.11,42.39,0,40.94
2020-05-08,129,11,33.4,33.9,27.6,63,4.95,893.0,31.595,41.48,41.74,0,41.32
2020-05-09,130,11,33.6,33.8,27.7,65,4.81,906.0,32.064,42.11,43.16,0,43.30
2020-05-10,131,11,33.4,33.5,27.2,61,4.19,885.0,31.477,41.64,40.94,0,40.45
2020-05-11,132,11,33.1,33.4,27.2,61,3.98,831.0,31.166,41.14,40.14,0,39.20
2020-05-12,133,9,31.2,31.2,27.8,74,2.16,465.0,30.696,39.65,39.44,0,37.68
2020-05-13,134,11,33.3,33.3,27.0,59,3.62,865.0,31.235,41.62,39.92,0,39.36
2020-05-14,135,12,33.3,33.3,27.4,59,4.13,865.0,31.122,41.27,39.92,0,39.37
2020-05-15,136,12,33.9,33.9,26.9,58,5.33,867.0,31.351,41.47,41.09,0,39.79
2020-05-16,137,12,35.5,35.5,27.4,48,5.46,898.0,31.488,42.93,41.06,0,41.68
2020-05-17,138,11,34.9,34.9,27.3,51,4.66,611.0,31.084,41.27,40.83,0,39.52
2020-05-18,139,12,38.4,38.7,28.6,38,4.61,758.0,32.424,45.70,43.41,1,49.39
2020-05-19,140,13,41.6,42.0,28.8,26,4.6,804.0,32.81,49.53,44.34,2,55.13
2020-05-20,141,12,41.6,41.6,30.5,23,2.58,888.0,32.739,50.09,42.96,3,58.54
2020-05-21,142,12,38.1,38.9,30.1,41,4.46,936.0,32.932,46.33,44.12,4,57.82
2020-05-22,143,10,37.6,38.2,28.9,35,0.82,785.0,33.07,46.11,40.49,5,56.84
2020-05-23,144,11,35.0,35.4,28.7,64,5.1,899.0,33.202,44.02,47.06,0,49.45
2020-05-24,145,11,34.2,34.3,28.6,66,5.35,857.0,32.604,42.77,45.48,0,46.72
2020-05-25,146,11,33.5,34.1,28.6,67,5.36,854.0,32.058,41.78,43.73,0,44.32
2020-05-26,147,11,33.7,33.9,28.6,64,5.7,837.0,31.819,41.58,43.02,0,43.46
2020-05-27,148,11,34.3,34.7,29.0,63,5.28,827.0,32.303,42.44,44.37,0,45.96
2020-05-28,149,11,35.2,35.5,29.0,65,5.41,871.0,33.433,44.31,48.25,0,50.89
2020-05-29,150,11,35.5,35.8,29.0,58,4.57,877.0,32.963,44.10,45.55,0,48.85
2020-05-30,151,12,33.2,33.5,29.2,67,5.41,538.0,31.322,39.84,42.81,0,41.89
2020-05-31,152,10,33.9,33.9,28.7,60,5.54,765.0,31.442,41.17,41.9,0,42.16
2020-06-01,153,11,34.4,35.0,28.9,61,4.78,804.0,32.193,42.42,43.75,0,45.40
2020-06-02,154,11,34.2,34.6,28.6,57,4.65,766.0,31.47,41.61,41.48,0,42.25
2020-06-03,155,12,35.1,35.8,28.5,53,5.12,905.0,31.878,42.91,42.15,0,44.09
2020-06-04,156,12,34.9,35.8,28.8,59,5.29,911.0,32.464,43.22,44.28,0,46.56
2020-06-05,157,12,34.5,36.3,29.9,60,4.74,836.0,32.21,42.61,43.59,0,46.67
2020-06-06,158,11,36.5,36.5,27.9,40,1.41,797.0,32.296,45.16,40.16,0,45.07
2020-06-07,159,12,36.8,36.8,29.3,38,4.42,777.0,31.104,43.74,40.03,0,43.37
2020-06-08,160,13,36.8,37.1,28.8,41,2.91,867.0,32.081,45.11,41.18,1,47.72
2020-06-09,161,11,36.9,36.9,28.6,38,2.97,594.0,31.201,43.68,40.23,0,42.77
2020-06-10,162,16,33.6,33.6,27.3,50,0.22,353.0,31.146,39.49,37.53,0,37.12
2020-06-11,163,14,34.9,34.9,26.8,43,5.98,624.0,29.805,40.45,37.96,0,34.86
2020-06-12,164,13,35.6,36.3,27.7,41,5.97,615.0,30.103,41.23,38.69,0,37.31
2020-06-13,165,13,34.4,36.1,28.8,57,5.36,854.0,31.664,42.02,42.01,0,43.34
2020-06-14,166,13,35.2,36.9,29.0,57,3.85,856.0,32.669,43.83,44.2,0,47.59
2020-06-15,167,13,38.3,38.4,30.1,37,2.48,867.0,32.871,46.94,42.74,1,52.63
2020-06-16,168,12,36.1,37.1,29.0,51,4.03,840.0,32.619,44.28,43.85,2,51.03
2020-06-17,169,13,34.6,36.9,28.3,62,4.4,784.0,32.541,42.93,44.81,0,46.11
2020-06-18,170,14,34.4,36.7,29.7,60,4.18,531.0,31.744,41.29,43.3,0,44.49
2020-06-19,171,12,37.2,37.2,29.3,36,1.12,906.0,32.756,46.22,40.09,1,49.98
2020-06-20,172,12,36.8,37.0,28.6,38,2.3,811.0,31.731,45.01,40.03,2,47.99
2020-06-21,173,12,36.7,36.7,27.9,38,3.92,637.0,30.895,43.14,39.83,0,40.84
2020-06-22,174,12,36.3,36.3,26.6,39,0.95,852.0,32.586,45.22,39.39,0,43.85
2020-06-23,175,11,33.3,33.5,25.9,56,1.03,848.0,32.2,43.16,38.85,0,40.62
2020-06-24,176,11,32.6,32.6,25.9,62,0.32,846.0,33.549,42.51,39.2,0,42.83
2020-06-25,177,10,30.4,30.8,26.2,71,1.43,655.0,30.414,39.93,36.3,0,34.31
2020-06-26,178,10,30.9,31.3,25.7,69,1.81,707.0,30.538,40.31,37.04,0,34.51
2020-06-27,179,13,32.4,32.8,27.0,75,3.72,865.0,32.241,42.05,43.64,0,42.96
2020-06-28,180,11,32.2,32.4,27.1,67,0.6,783.0,33.121,42.87,39.9,0,43.94
2020-06-29,181,12,31.3,31.4,26.7,76,2.86,835.0,31.482,41.17,40.44,0,39.35
2020-06-30,182,11,31.7,31.7,26.0,69,0.54,845.0,33.224,42.77,39.2,0,42.52
2020-07-01,183,12,32.8,32.8,25.8,60,2.16,756.0,31.194,41.78,39.01,0,37.66
2020-07-02,184,17,31.1,31.1,26.6,66,1.7,173.0,28.967,36.83,36.68,0,29.95
2020-07-03,185,14,32.3,32.7,25.8,61,2.69,533.0,30.228,39.67,38.11,0,33.98
2020-07-04,186,13,31.7,31.7,25.6,61,2.78,524.0,29.626,38.79,36.67,0,31.44
2020-07-05,187,13,32.4,32.4,26.8,58,3.36,615.0,29.943,39.41,37.39,0,34.16
2020-07-06,188,15,32.4,33.5,26.9,66,3.51,568.0,30.784,39.78,40.09,0,37.13
2020-07-07,189,13,34.6,34.6,26.8,50,1.92,904.0,31.942,43.93,39.74,0,42.07
2020-07-08,190,13,31.6,31.9,26.0,70,3.49,882.0,30.993,40.56,39.26,0,36.73
2020-07-09,191,12,31.3,31.3,25.6,69,0.54,816.0,32.76,42.13,38.1,0,40.31
2020-07-10,192,16,32.1,32.3,25.0,59,1.04,469.0,30.471,40.08,37.0,0,33.39
2020-07-11,193,14,30.1,30.1,25.5,71,1.82,443.0,29.394,38.09,35.53,0,29.95
2020-07-12,194,13,33.5,33.6,26.5,60,0.92,873.0,33.098,43.98,40.82,0,44.34
2020-07-13,195,14,32.0,32.0,24.9,67,1.82,780.0,31.493,41.82,39.34,0,37.33
2020-07-14,196,16,31.3,31.8,26.8,65,0.32,310.0,30.672,38.40,36.88,0,34.61
2020-07-15,197,15,32.4,32.5,26.2,62,3.39,617.0,30.424,39.74,38.69,0,35.09
2020-07-16,198,14,31.8,31.8,26.2,61,3.19,557.0,29.682,38.74,36.91,0,32.30
2020-07-17,199,13,32.7,32.7,25.9,62,3.16,824.0,31.102,41.29,39.46,0,37.42
2020-07-18,200,12,32.0,32.0,26.6,59,0.81,568.0,30.95,40.63,36.78,0,36.48
2020-07-19,201,13,30.5,30.5,26.1,75,3.92,772.0,30.233,38.73,37.7,0,33.51
2020-07-20,202,11,30.3,30.6,25.9,75,4.1,759.0,29.986,38.26,37.13,0,32.26
2020-07-21,203,11,30.7,30.7,26.8,72,4.16,773.0,30.052,38.53,37.38,0,33.72
2020-07-22,204,12,31.4,31.4,26.9,69,5.26,861.0,30.322,38.96,38.37,0,35.03
2020-07-23,205,13,31.3,31.8,25.9,71,4.49,781.0,30.466,39.07,38.74,0,34.35
2020-07-24,206,12,31.6,31.7,25.2,67,3.55,835.0,30.569,40.03,38.26,0,34.24
2020-07-25,207,11,31.9,31.9,25.3,67,2.24,768.0,31.165,41.29,39.07,0,36.69
2020-07-26,208,11,32.1,32.1,25.2,58,1.1,873.0,31.31,41.98,36.71,0,36.47
2020-07-27,209,12,32.6,32.6,26.6,61,0.78,824.0,32.502,42.81,38.85,0,41.75
2020-07-28,210,13,33.1,33.3,25.4,62,1.34,787.0,32.292,43.08,40.52,0,40.78
2020-07-29,211,14,31.0,31.2,25.2,71,0.51,640.0,32.243,41.16,37.9,0,38.09
2020-07-30,212,12,32.4,32.4,26.0,64,0.32,913.0,33.798,42.74,39.38,0,43.65
2020-07-31,213,12,32.2,32.2,25.6,67,1.53,913.0,32.133,42.86,39.9,0,40.32
2020-08-01,214,13,32.5,32.6,25.9,58,1.03,908.0,31.846,42.64,37.62,0,39.11
2020-08-02,215,12,32.7,32.7,26.5,59,3.55,825.0,30.637,40.72,38.42,0,36.44
2020-08-03,216,15,31.2,31.2,25.5,65,4.31,325.0,28.932,35.97,36.64,0,27.96
2020-08-04,217,14,31.5,31.5,27.2,62,3.3,473.0,29.333,37.87,36.5,0,32.02
2020-08-05,218,17,29.5,29.5,25.3,70,4.7,79.0,27.129,31.22,33.85,0,19.86
2020-08-06,219,12,32.7,33.0,26.6,57,5.16,853.0,30.126,39.74,37.77,0,34.64
2020-08-07,220,13,34.2,34.2,26.7,53,5.25,817.0,30.927,41.26,39.92,0,38.17
2020-08-08,221,14,33.1,33.4,27.8,59,3.55,616.0,30.674,40.26,39.41,0,38.06
2020-08-09,222,15,30.3,30.3,25.6,70,5.04,476.0,28.852,35.74,35.78,0,27.44
2020-08-10,223,14,32.2,32.3,25.3,64,2.52,690.0,30.847,40.78,38.85,0,35.64
2020-08-11,224,15,34.0,34.0,26.1,53,2.84,608.0,30.893,41.39,39.44,0,37.32
2020-08-12,225,14,32.2,32.5,25.9,59,3.51,537.0,29.708,38.70,37.24,0,32.09
2020-08-13,226,16,32.3,32.7,26.7,63,1.92,266.0,30.02,38.74,38.77,0,34.21
2020-08-14,227,14,31.8,31.9,26.6,60,2.1,336.0,29.351,38.22,36.61,0,31.65
2020-08-15,228,16,31.4,32.2,26.7,64,1.22,241.0,29.494,37.98,36.84,0,31.96
2020-08-16,229,12,31.8,31.8,25.9,57,3.16,581.0,29.252,38.58,35.76,0,30.59
2020-08-17,230,15,31.9,31.9,25.2,61,2.62,484.0,29.772,38.95,37.14,0,31.54
2020-08-18,231,15,33.3,33.3,26.6,56,1.66,605.0,31.105,41.66,38.85,0,38.28
2020-08-19,232,12,32.9,33.4,26.7,55,3.62,811.0,30.286,40.54,37.59,0,35.58
2020-08-20,233,15,30.6,31.5,27.7,73,2.55,325.0,29.548,37.45,37.4,0,33.04
2020-08-21,234,13,31.9,32.5,27.0,72,4.05,821.0,31.29,40.50,40.85,0,39.00
2020-08-22,235,12,32.0,32.0,26.3,67,3.01,895.0,31.186,41.27,39.34,0,37.99
2020-08-23,236,12,32.5,32.5,25.5,63,1.89,930.0,31.729,42.64,39.29,0,39.05
2020-08-24,237,11,31.1,31.2,25.0,68,0.67,838.0,32.173,41.79,37.26,0,37.94
2020-08-25,238,13,30.2,30.4,26.4,75,1.71,675.0,30.518,39.94,36.85,0,34.96
2020-08-26,239,11,31.7,32.0,26.3,73,2.24,723.0,31.572,41.47,40.6,0,39.33
2020-08-27,240,13,32.9,32.9,25.4,61,1.5,857.0,31.994,42.93,39.62,0,39.77
2020-08-28,241,12,32.8,32.8,26.0,54,0.81,894.0,31.936,42.67,37.05,0,39.21
2020-08-29,242,11,31.6,31.6,26.3,64,0.78,787.0,31.828,41.72,37.33,0,38.78
2020-08-30,243,10,31.0,31.3,25.3,73,0.86,739.0,32.017,41.64,38.53,0,38.35
2020-08-31,244,13,32.3,32.5,24.9,67,2.93,925.0,31.541,41.86,40.18,0,37.77
2020-09-01,245,12,31.7,31.7,25.5,69,0.5,803.0,33.23,42.62,39.2,0,41.84
2020-09-02,246,13,29.8,30.1,25.6,78,3.11,855.0,30.202,39.18,36.53,0,32.76
2020-09-03,247,10,30.0,30.4,25.2,72,1.41,745.0,30.357,39.97,35.53,0,32.78
2020-09-04,248,12,29.7,29.7,25.4,74,3.21,892.0,29.706,38.74,35.25,0,30.80
2020-09-05,249,10,29.8,30.5,25.7,80,1.1,701.0,31.205,40.55,37.06,0,35.95
2020-09-06,250,12,30.2,30.5,26.0,76,3.42,911.0,30.371,39.45,37.13,0,33.96
2020-09-07,251,10,31.0,31.2,25.5,69,0.36,728.0,32.484,40.96,37.3,0,38.52
2020-09-08,252,11,32.3,32.3,26.1,60,0.9,842.0,31.942,42.37,37.78,0,39.39
2020-09-09,253,11,30.9,30.9,25.9,73,3.05,809.0,30.669,40.00,38.24,0,35.22
2020-09-10,254,11,30.4,30.4,25.6,69,1.66,438.0,29.521,38.37,35.77,0,30.61
2020-09-11,255,14,31.2,31.2,26.4,63,3.33,374.0,28.952,36.91,36.08,0,29.52
2020-09-12,256,12,29.1,29.1,25.2,74,3.61,505.0,28.396,35.73,33.74,0,25.35
2020-09-13,257,13,27.6,27.6,25.3,80,4.02,326.0,27.135,32.71,31.12,0,19.93
2020-09-14,258,15,30.2,30.2,24.6,65,4.03,538.0,28.448,36.24,34.32,0,25.33
2020-09-15,259,11,31.2,31.2,26.0,59,4.65,766.0,28.945,37.80,35.02,0,29.29
2020-09-16,260,14,32.1,32.2,25.4,61,2.22,601.0,30.336,40.19,37.62,0,33.91
2020-09-17,261,12,32.4,32.4,26.2,62,3.4,863.0,30.815,40.87,38.69,0,36.64
2020-09-18,262,12,31.9,31.9,26.0,64,3.92,721.0,30.251,39.36,38.08,0,34.02
2020-09-19,263,15,27.9,27.9,24.4,82,3.42,214.0,27.419,32.91,32.15,0,19.94
2020-09-20,264,14,30.0,30.2,25.5,70,5.31,411.0,28.422,34.79,35.04,0,25.55
2020-09-21,265,14,29.8,29.8,25.7,69,4.94,386.0,28.113,34.46,34.33,0,24.70
2020-09-22,266,15,32.2,32.8,25.8,62,3.95,521.0,29.959,38.54,38.19,0,32.69
2020-09-23,267,13,33.3,33.3,25.6,53,3.64,915.0,30.54,41.32,37.84,0,35.43
2020-09-24,268,12,33.4,33.4,26.2,53,0.95,942.0,32.229,43.43,38.06,0,40.92
2020-09-25,269,11,31.3,31.3,26.8,71,3.83,786.0,30.599,39.56,38.74,0,36.01
2020-09-26,270,14,31.8,31.8,26.0,57,2.22,645.0,29.665,39.72,35.76,0,32.32
2020-09-27,271,13,32.0,32.0,25.5,60,1.17,779.0,31.172,41.59,37.07,0,36.42
2020-09-28,272,12,32.3,32.3,26.0,55,1.84,849.0,30.453,41.40,36.27,0,35.21
2020-09-29,273,13,32.9,33.2,24.1,61,1.65,835.0,31.841,42.73,39.62,0,37.82
2020-09-30,274,12,29.9,29.9,24.4,68,3.48,530.0,28.583,36.52,34.33,0,25.56
2020-10-01,275,14,31.5,31.5,24.5,62,3.72,611.0,29.504,38.29,36.5,0,29.50
2020-10-02,276,14,32.8,32.8,25.7,55,1.02,666.0,31.189,41.63,37.36,0,36.82
2020-10-03,277,16,32.6,33.6,26.6,62,0.14,255.0,31.251,38.54,39.2,0,36.43
2020-10-04,278,12,33.3,33.6,27.1,54,3.54,654.0,30.295,40.29,38.17,0,36.09
2020-10-05,279,11,33.5,33.9,26.5,54,3.11,876.0,30.939,41.89,38.63,0,37.94
2020-10-06,280,12,33.5,33.5,26.1,51,0.73,773.0,32.03,42.72,37.63,0,39.76
2020-10-07,281,13,33.5,33.8,26.8,53,0.64,844.0,32.682,43.27,38.29,0,42.45
2020-10-08,282,13,31.7,32.7,26.0,71,2.8,806.0,31.284,41.09,39.89,0,37.90
2020-10-09,283,12,31.3,31.3,26.1,73,3.09,867.0,31.13,40.75,39.4,0,37.30
2020-10-10,284,10,28.4,28.7,25.4,80,0.91,293.0,28.791,36.50,33.12,0,26.65
2020-10-11,285,12,29.5,29.8,24.4,70,2.56,570.0,28.728,37.31,33.85,0,26.22
2020-10-12,286,13,31.1,31.1,25.2,63,2.2,441.0,29.29,38.25,35.85,0,29.64
2020-10-13,287,12,31.8,31.8,25.6,64,4.9,694.0,29.952,38.49,37.83,0,32.27
2020-10-14,288,13,32.9,32.9,26.2,53,4.97,831.0,29.803,39.69,36.97,0,33.23
2020-10-15,289,14,31.5,32.4,26.4,64,3.0,698.0,30.054,39.50,37.08,0,33.85
2020-10-16,290,10,31.8,32.1,26.2,63,1.42,750.0,31.049,41.34,37.51,0,36.98
2020-10-17,291,12,30.5,30.5,25.5,76,1.17,750.0,31.499,41.18,38.0,0,37.08
2020-10-18,292,11,29.3,29.3,25.0,77,1.28,539.0,29.831,38.66,34.89,0,30.37
2020-10-19,293,11,30.6,30.6,24.9,71,2.94,655.0,29.935,38.82,36.82,0,31.28
2020-10-20,294,10,28.2,28.4,25.0,85,1.92,402.0,28.874,36.71,33.47,0,26.63
2020-10-21,295,12,30.4,30.4,24.7,72,0.82,691.0,31.269,40.58,36.57,0,34.75
2020-10-22,296,13,31.9,31.9,25.0,63,1.06,770.0,31.537,41.77,37.76,0,36.91
2020-10-23,297,13,31.8,31.8,24.4,59,0.64,822.0,31.811,41.73,36.32,0,36.16
2020-10-24,298,12,32.1,32.1,25.3,61,1.2,830.0,31.466,42.01,37.62,0,37.25
2020-10-25,299,10,30.7,31.0,25.1,67,1.91,687.0,30.031,39.70,35.98,0,32.02
2020-10-26,300,10,30.4,30.8,25.1,70,2.48,714.0,29.886,39.20,36.03,0,31.41
2020-10-27,301,12,28.6,29.0,24.7,79,3.59,717.0,28.806,36.64,33.46,0,26.09
2020-10-28,302,10,27.8,28.0,24.6,83,3.0,530.0,28.242,35.63,32.04,0,23.65
2020-10-29,303,13,27.0,27.0,23.7,83,3.83,436.0,27.111,33.15,30.03,0,17.93
2020-10-30,304,10,29.8,30.4,23.7,67,4.74,689.0,28.425,36.16,33.88,0,24.02
2020-10-31,305,11,31.0,31.0,23.4,59,2.55,858.0,29.418,39.64,34.6,0,28.32
2020-11-01,306,10,30.1,30.8,23.2,68,0.82,749.0,30.698,40.12,34.8,0,30.93
2020-11-02,307,10,30.2,30.8,24.2,69,0.64,744.0,31.242,40.41,35.28,0,33.51
2020-11-03,308,10,30.0,30.4,24.7,75,2.41,636.0,29.926,38.85,36.3,0,30.86
2020-11-04,309,12,28.2,28.8,25.7,85,2.73,518.0,28.881,36.55,33.47,0,27.34
2020-11-05,310,13,29.8,29.8,24.9,72,3.73,740.0,29.228,37.56,35.02,0,28.37
2020-11-06,311,9,27.9,28.8,25.3,87,1.88,452.0,28.925,36.89,33.04,0,27.04
2020-11-07,312,13,28.5,28.6,25.5,81,4.58,556.0,28.478,35.00,33.57,0,25.26
2020-11-08,313,11,29.7,29.8,25.7,65,6.42,703.0,27.923,35.28,33.25,0,24.53
2020-11-09,314,11,29.4,29.4,25.2,58,6.2,817.0,27.02,35.05,31.39,0,21.38
2020-11-10,315,12,29.0,29.1,23.6,57,5.63,810.0,26.597,34.66,30.59,0,18.14
2020-11-11,316,13,27.5,27.8,23.8,83,4.39,499.0,27.635,33.67,31.26,0,19.87
2020-11-12,317,10,27.9,27.9,24.4,80,3.67,605.0,28.027,35.20,31.85,0,22.64
2020-11-13,318,12,28.6,28.6,25.0,78,3.86,577.0,28.417,35.59,33.27,0,24.88
2020-11-14,319,12,29.9,29.9,25.3,70,6.15,822.0,28.843,36.51,34.8,0,27.27
2020-11-15,320,12,27.0,27.0,25.4,86,5.02,266.0,26.906,31.05,30.4,0,18.15
2020-11-16,321,12,25.5,26.1,24.8,92,4.44,217.0,25.936,29.51,26.0,0,13.24
2020-11-17,322,11,28.7,28.7,24.3,78,5.81,666.0,28.376,34.88,33.53,0,23.57
2020-11-18,323,12,28.3,28.3,24.5,81,3.81,704.0,28.652,36.16,33.04,0,25.06
2020-11-19,324,11,29.3,29.3,25.4,72,4.15,698.0,28.603,36.37,33.81,0,26.46
2020-11-20,325,12,29.1,29.2,24.0,67,4.22,850.0,28.081,36.41,32.39,0,23.34
2020-11-21,326,12,28.4,28.4,22.6,67,3.97,857.0,27.479,35.82,31.01,0,19.63
2020-11-22,327,11,28.5,28.5,20.8,64,3.94,773.0,27.134,35.40,30.76,0,17.89
2020-11-23,328,12,29.2,29.2,24.5,66,6.46,732.0,27.596,34.81,32.41,0,21.86
2020-11-24,329,12,26.6,26.6,24.3,87,6.13,445.0,26.865,31.29,27.09,0,15.72
2020-11-25,330,15,25.6,26.4,24.3,88,11.14,109.0,25.086,24.99,26.06,0,8.51
2020-11-26,331,13,27.3,28.0,24.2,81,13.08,619.0,26.814,31.07,30.53,0,16.63
2020-11-27,332,12,27.7,28.1,22.1,63,4.07,610.0,25.997,33.47,29.32,0,13.93
2020-11-28,333,12,28.1,28.1,22.4,78,3.22,732.0,28.331,36.39,32.03,0,21.80
2020-11-29,334,12,27.3,27.7,23.8,84,4.24,598.0,27.73,34.19,30.88,0,20.28
2020-11-30,335,13,28.7,28.7,24.7,68,6.16,712.0,27.345,34.27,31.75,0,20.98
2020-12-01,336,11,28.8,28.8,24.1,60,6.4,753.0,26.59,34.05,30.7,0,18.31
2020-12-02,337,11,27.3,27.6,24.5,78,6.93,460.0,26.615,31.42,30.2,0,16.74
2020-12-03,338,12,25.3,25.4,24.3,91,6.63,174.0,25.384,27.08,25.78,0,9.86
2020-12-04,339,11,25.0,25.4,24.3,91,6.46,174.0,25.095,26.71,25.47,0,9.05
2020-12-05,340,9,26.7,26.7,24.4,84,5.58,296.0,26.434,30.36,29.4,0,15.21
2020-12-06,341,11,26.8,26.8,24.5,83,4.61,429.0,26.793,32.12,29.55,0,17.34
2020-12-07,342,11,26.4,26.4,24.4,85,4.71,441.0,26.609,31.75,26.86,0,15.66
2020-12-08,343,11,28.6,28.6,24.5,76,4.83,644.0,28.162,35.01,32.91,0,23.26
2020-12-09,344,13,28.3,28.4,24.0,67,4.65,666.0,26.986,34.25,30.83,0,19.13
2020-12-10,345,11,28.0,28.0,22.6,63,3.11,751.0,26.719,35.48,29.79,0,17.49
2020-12-11,346,12,28.0,28.0,21.8,62,4.58,811.0,26.383,34.36,29.68,0,15.31
2020-12-12,347,12,27.9,27.9,22.1,58,3.55,829.0,26.085,35.01,29.09,0,15.12
2020-12-13,348,10,27.4,27.7,21.2,68,2.64,648.0,26.646,35.10,29.35,0,16.22
2020-12-14,349,12,27.9,27.9,22.8,60,3.4,670.0,26.091,34.49,29.3,0,15.65
2020-12-15,350,13,27.9,28.0,23.0,67,5.78,690.0,26.493,33.21,30.1,0,16.02
2020-12-16,351,12,28.2,28.2,24.5,69,5.41,615.0,26.926,33.50,30.92,0,19.10
2020-12-17,352,12,27.9,28.0,25.2,70,5.47,517.0,26.588,32.59,30.47,0,18.45
2020-12-18,353,12,28.1,28.1,24.5,68,6.44,705.0,26.738,33.37,30.59,0,18.52
2020-12-19,354,11,28.0,28.1,24.8,68,5.14,693.0,26.778,33.75,30.41,0,19.16
2020-12-20,355,12,27.6,27.6,24.6,63,6.66,719.0,25.73,32.45,29.17,0,15.54
2020-12-21,356,12,27.0,27.0,23.7,56,5.81,775.0,24.577,31.95,27.8,0,11.45
2020-12-22,357,12,26.9,26.9,22.2,57,4.81,761.0,24.712,32.42,27.76,0,10.28
2020-12-23,358,12,26.9,26.9,22.3,57,5.25,750.0,24.633,32.06,27.76,0,9.99
2020-12-24,359,12,27.2,27.2,20.2,55,5.42,719.0,24.624,32.06,27.96,0,9.69
2020-12-25,360,13,27.1,27.3,22.7,56,4.55,786.0,24.863,32.93,27.92,0,11.57
2020-12-26,361,12,27.5,27.5,22.3,53,5.3,734.0,24.709,32.46,28.14,0,10.56
2020-12-27,362,11,27.8,28.1,23.2,60,5.42,673.0,25.665,32.78,29.16,0,14.03
2020-12-28,363,12,27.7,27.7,22.6,57,5.5,740.0,25.324,32.81,28.73,0,12.54
2020-12-29,364,12,28.2,28.2,24.0,63,5.66,681.0,26.347,33.36,30.12,0,17.02
2020-12-30,365,9,25.5,26.4,24.1,88,4.47,381.0,25.928,30.61,25.95,0,13.20
2020-12-31,366,12,27.8,27.8,24.9,66,6.75,704.0,26.211,32.78,29.81,0,17.28
2021-01-01,1,13,26.9,27.0,24.1,61,5.45,567.0,24.775,31.13,28.02,0,11.78
2021-01-02,2,15,25.5,25.5,23.9,81,5.09,289.0,24.994,28.81,25.86,0,9.90
2021-01-03,3,14,27.0,27.0,23.7,78,4.75,565.0,26.708,32.74,29.55,0,16.70
2021-01-04,4,13,26.7,26.7,23.7,76,5.15,614.0,26.242,32.22,28.79,0,15.15
2021-01-05,5,14,26.0,26.0,23.8,85,4.61,307.0,25.958,30.31,26.44,0,12.69
2021-01-06,6,12,26.5,26.9,23.4,86,3.4,484.0,27.088,33.54,26.98,0,16.69
2021-01-07,7,14,27.2,27.2,23.5,78,4.78,508.0,26.803,32.63,29.98,0,16.72
2021-01-08,8,13,27.9,27.9,23.8,79,3.44,647.0,28.045,35.58,31.7,0,22.18
2021-01-09,9,12,27.9,28.0,23.6,73,4.99,728.0,27.277,34.21,30.87,0,19.21
2021-01-10,10,13,27.9,28.0,24.0,73,5.19,575.0,27.024,33.29,30.87,0,18.53
2021-01-11,11,11,27.9,28.1,24.1,75,5.66,624.0,27.25,33.44,31.14,0,19.28
2021-01-12,12,12,28.1,28.1,24.4,70,6.31,702.0,26.959,33.51,30.86,0,19.03
2021-01-13,13,12,27.9,27.9,23.9,69,6.01,704.0,26.698,33.31,30.35,0,17.62
2021-01-14,14,12,26.9,27.2,23.8,81,5.22,657.0,26.991,32.99,29.61,0,17.55
2021-01-15,15,12,28.1,28.1,23.0,65,3.81,819.0,26.962,35.33,30.2,0,18.47
2021-01-16,16,11,27.4,27.7,21.8,67,3.28,783.0,26.586,35.02,29.25,0,16.02
2021-01-17,17,11,27.1,27.3,20.5,63,2.95,726.0,25.88,34.54,28.44,0,14.04
2021-01-18,18,14,27.8,27.8,23.0,56,4.08,646.0,25.379,33.39,28.76,0,13.54
2021-01-19,19,12,28.0,28.0,22.5,58,4.38,850.0,26.032,34.48,29.23,0,15.15
2021-01-20,20,11,27.8,27.9,22.5,68,4.05,522.0,26.476,33.40,30.04,0,15.52
2021-01-21,21,12,28.2,28.3,23.1,77,2.53,645.0,28.376,36.74,32.12,0,22.99
2021-01-22,22,11,28.4,28.5,22.9,70,2.2,707.0,28.08,37.09,31.46,0,22.21
2021-01-23,23,13,28.2,28.2,22.4,67,2.81,800.0,27.508,36.48,30.64,0,19.79
2021-01-24,24,11,27.7,28.1,21.7,66,1.35,629.0,27.312,36.43,29.64,0,18.55
2021-01-25,25,13,28.1,28.1,21.9,66,3.23,736.0,27.079,35.57,30.33,0,17.75
2021-01-26,26,10,27.5,27.9,20.1,65,3.19,665.0,26.299,34.53,29.21,0,15.10
2021-01-27,27,10,27.0,27.6,21.1,66,1.63,619.0,26.437,35.42,28.53,0,15.75
2021-01-28,28,13,27.6,28.2,22.6,66,5.1,692.0,26.192,33.16,29.48,0,14.72
2021-01-29,29,12,28.4,28.5,24.0,63,4.88,806.0,26.811,34.65,30.45,0,18.95
2021-01-30,30,13,28.4,28.4,23.6,62,4.08,833.0,26.88,35.32,30.32,0,19.05
2021-01-31,31,12,28.6,28.6,23.2,65,3.69,862.0,27.521,36.21,31.09,0,20.72
2021-02-01,32,13,28.5,28.6,23.3,63,5.6,813.0,26.812,34.40,30.62,0,18.02
2021-02-02,33,12,28.2,28.2,22.3,65,4.94,793.0,26.814,34.43,30.37,0,16.78
2021-02-03,34,12,27.9,27.9,22.9,61,5.0,829.0,26.138,33.98,29.41,0,15.52
2021-02-04,35,11,28.0,28.2,21.3,53,4.44,814.0,25.407,34.02,28.73,0,12.87
2021-02-05,36,13,27.9,27.9,21.0,53,4.41,888.0,25.422,34.27,28.61,0,13.04
2021-02-06,37,12,28.0,28.0,20.5,54,4.69,908.0,25.603,34.31,28.82,0,13.49
2021-02-07,38,12,28.7,28.7,19.6,54,5.02,889.0,26.163,34.82,29.75,0,15.25
2021-02-08,39,12,28.3,28.3,20.4,59,5.6,875.0,26.261,34.22,29.78,0,15.02
2021-02-09,40,12,28.4,28.4,23.7,47,4.66,916.0,25.156,34.52,28.62,0,14.70
2021-02-10,41,13,27.9,28.0,19.6,52,3.61,906.0,25.503,35.00,28.51,0,13.68
2021-02-11,42,12,28.2,28.2,20.1,49,3.1,911.0,25.57,35.69,28.58,0,14.33
2021-02-12,43,13,28.2,28.2,20.7,47,3.57,897.0,25.18,35.10,28.4,0,13.10
2021-02-13,44,12,28.6,28.6,21.1,52,3.45,875.0,26.135,35.77,29.38,0,15.75
2021-02-14,45,12,28.4,28.4,20.6,56,4.32,861.0,26.202,34.93,29.57,0,15.34
2021-02-15,46,12,28.6,28.6,19.9,62,2.9,922.0,27.503,37.05,30.65,0,19.74
2021-02-16,47,9,26.4,28.9,20.5,70,0.28,516.0,27.469,34.45,26.66,0,16.43
2021-02-17,48,11,28.1,28.4,21.3,56,3.31,783.0,26.036,35.15,29.16,0,15.03
2021-02-18,49,12,28.7,28.7,24.1,50,4.25,906.0,25.85,35.24,29.28,0,17.24
2021-02-19,50,12,28.0,28.0,23.0,65,5.61,745.0,26.469,33.57,30.03,0,16.21
2021-02-20,51,13,26.8,27.1,22.4,71,3.91,584.0,25.969,32.91,28.6,0,13.55
2021-02-21,52,11,26.5,26.5,22.1,74,4.6,614.0,25.923,32.27,26.82,0,12.06
2021-02-22,53,12,28.5,28.5,23.4,66,4.67,813.0,27.274,35.12,31.05,0,19.69
2021-02-23,54,12,28.9,28.9,22.0,64,3.31,887.0,27.827,36.96,31.49,0,20.59
2021-02-24,55,10,27.5,29.0,20.8,68,0.54,716.0,28.748,37.31,29.52,0,21.85
2021-02-25,56,12,28.9,28.9,20.7,64,1.84,948.0,28.53,38.63,31.49,0,23.13
2021-02-26,57,13,30.1,30.3,21.0,64,3.12,948.0,29.098,38.78,33.88,0,25.20
2021-02-27,58,13,30.1,30.5,21.6,65,4.02,959.0,28.991,38.10,34.1,0,24.59
2021-02-28,59,12,29.5,29.5,20.7,59,3.94,952.0,27.76,37.05,31.73,0,20.62
2021-03-01,60,12,30.4,30.4,21.3,64,4.16,970.0,29.145,38.34,34.52,0,25.21
2021-03-02,61,12,30.5,30.5,22.2,59,2.76,964.0,29.042,39.31,33.59,0,25.60
2021-03-03,62,11,29.3,29.4,21.4,60,2.48,902.0,28.056,38.03,31.55,0,21.82
2021-03-04,63,12,28.7,28.7,20.7,60,3.4,968.0,27.288,36.75,30.54,0,19.07
2021-03-05,64,10,28.4,29.8,20.7,59,1.0,754.0,27.855,37.52,29.93,0,20.47
2021-03-06,65,11,29.7,29.7,21.9,64,2.58,905.0,28.844,38.66,33.04,0,24.32
2021-03-07,66,12,30.3,30.4,22.8,61,3.24,959.0,28.923,38.74,33.63,0,25.68
2021-03-08,67,11,29.6,29.7,23.2,64,3.18,858.0,28.477,37.76,32.84,0,24.30
2021-03-09,68,11,30.1,30.4,23.2,62,3.6,880.0,28.641,37.93,33.44,0,24.95
2021-03-10,69,13,30.4,30.4,24.5,65,4.03,938.0,29.244,38.38,34.76,0,28.43
2021-03-11,70,13,30.4,30.4,24.4,57,3.98,966.0,28.369,38.01,32.98,0,25.73
2021-03-12,71,10,28.7,29.6,21.6,67,2.83,747.0,27.886,36.78,31.59,0,20.61
2021-03-13,72,12,30.2,30.2,21.5,55,3.61,977.0,28.051,38.01,32.23,0,22.05
2021-03-14,73,10,30.1,31.4,22.0,56,2.0,772.0,28.325,38.51,32.24,0,22.93
2021-03-15,74,11,31.5,31.6,22.5,50,2.72,923.0,28.81,39.74,33.47,0,25.78
2021-03-16,75,11,30.8,30.9,23.0,60,2.77,917.0,29.362,39.52,34.43,0,27.60
2021-03-17,76,13,30.5,30.5,22.4,59,4.1,951.0,28.65,38.10,33.59,0,24.22
2021-03-18,77,11,30.4,30.6,23.3,58,2.95,861.0,28.61,38.52,33.18,0,25.35
2021-03-19,78,12,30.4,30.4,23.1,56,3.19,971.0,28.463,38.64,32.77,0,24.77
2021-03-20,79,11,30.6,30.7,22.0,61,3.26,926.0,29.149,38.95,34.25,0,25.55
2021-03-21,80,13,31.2,31.2,22.7,55,2.56,848.0,29.102,39.54,34.05,0,26.63
2021-03-22,81,11,30.7,30.8,22.6,58,3.25,915.0,28.878,38.83,33.76,0,25.47
2021-03-23,82,10,30.1,30.7,22.5,64,2.62,738.0,28.927,38.34,33.88,0,25.14
2021-03-24,83,12,31.3,31.3,23.5,58,3.2,964.0,29.518,39.78,34.97,0,28.87
2021-03-25,84,11,31.5,31.6,23.5,56,2.73,924.0,29.557,40.13,34.88,0,29.16
2021-03-26,85,12,32.0,32.0,23.8,57,3.0,976.0,30.123,40.77,36.2,0,31.53
2021-03-27,86,11,32.4,32.4,24.0,57,2.37,920.0,30.645,41.56,37.08,0,33.65
2021-03-28,87,11,31.8,32.0,23.8,65,3.94,908.0,30.54,40.11,38.14,0,32.57
2021-03-29,88,11,32.9,32.9,25.5,60,4.58,934.0,30.88,40.84,39.26,0,36.14
2021-03-30,89,13,34.5,35.5,25.2,60,4.47,982.0,32.447,43.32,43.59,0,42.15
2021-03-31,90,12,35.0,35.5,24.8,56,5.28,994.0,32.269,43.37,43.19,0,41.23
2021-04-01,91,12,34.4,36.0,26.5,65,5.19,989.0,32.857,43.51,45.63,0,45.34
2021-04-02,92,11,37.7,37.7,27.7,29,0.92,940.0,32.247,46.38,38.61,1,46.71
2021-04-03,93,12,34.4,36.0,26.8,64,5.71,987.0,32.655,43.26,45.15,0,44.94
2021-04-04,94,11,33.2,33.2,26.7,65,3.69,917.0,31.928,42.24,41.98,0,41.54
2021-04-05,95,12,32.7,32.7,27.1,64,3.8,970.0,31.385,41.57,40.18,0,39.83
2021-04-06,96,11,32.3,32.4,25.8,57,3.42,904.0,30.171,40.49,36.86,0,34.00
2021-04-07,97,11,31.9,32.0,24.8,61,4.32,914.0,30.093,39.68,37.14,0,32.20
2021-04-08,98,12,32.0,32.3,24.9,59,5.94,991.0,29.781,39.29,36.78,0,31.32
2021-04-09,99,11,32.0,32.2,24.2,53,5.15,908.0,29.055,38.79,35.11,0,28.15
2021-04-10,100,12,31.7,31.7,25.2,60,4.82,933.0,29.721,39.13,36.38,0,31.29
2021-04-11,101,12,31.5,31.5,25.4,62,4.0,884.0,29.863,39.34,36.5,0,31.99
2021-04-12,102,12,32.0,32.0,26.4,60,4.74,933.0,30.014,39.56,37.07,0,33.81
2021-04-13,103,13,31.8,31.9,25.9,62,4.6,885.0,30.028,39.34,37.21,0,33.14
2021-04-14,104,10,31.7,31.7,26.6,63,3.26,718.0,30.09,39.53,37.27,0,34.24
2021-04-15,105,12,30.5,30.5,25.5,68,2.15,720.0,29.904,39.49,35.75,0,32.01
2021-04-16,106,10,32.3,32.4,25.0,59,1.7,807.0,30.953,41.65,37.47,0,35.61
2021-04-17,107,11,32.4,32.6,26.3,67,4.05,865.0,31.256,40.86,40.46,0,38.24
2021-04-18,108,11,33.1,33.3,26.7,64,5.22,931.0,31.44,41.20,41.29,0,39.61
2021-04-19,109,11,33.8,33.8,26.8,65,4.92,928.0,32.262,42.45,43.76,0,43.10
2021-04-20,110,11,33.5,33.5,27.2,62,6.31,924.0,31.418,41.35,41.61,0,40.38
2021-04-21,111,11,33.5,33.5,27.0,63,5.73,929.0,31.618,41.54,42.02,0,40.81
2021-04-22,112,11,32.8,32.8,26.9,64,5.8,919.0,31.061,40.56,40.46,0,38.36
2021-04-23,113,11,33.4,33.4,27.1,58,5.36,923.0,30.954,40.99,39.81,0,38.46
2021-04-24,114,11,32.8,33.1,27.3,64,5.12,822.0,31.035,40.36,40.46,0,38.63
2021-04-25,115,11,33.0,33.0,27.1,60,5.2,909.0,30.838,40.61,39.52,0,37.85
2021-04-26,116,11,32.4,32.6,26.5,61,5.3,909.0,30.386,39.83,38.35,0,35.30
2021-04-27,117,11,32.6,32.6,26.9,62,5.3,922.0,30.709,40.24,39.2,0,36.99
2021-04-28,118,11,33.5,33.7,26.8,63,5.04,925.0,31.715,41.72,42.02,0,40.89
2021-04-29,119,11,33.3,33.7,27.6,63,5.02,899.0,31.498,41.34,41.46,0,40.93
2021-04-30,120,12,32.5,32.5,27.2,63,5.03,944.0,30.804,40.39,39.29,0,37.66
2021-05-01,121,12,32.6,32.6,27.0,60,4.34,945.0,30.661,40.62,38.51,0,37.04
2021-05-02,122,11,32.5,32.5,26.6,61,4.27,853.0,30.58,40.24,38.6,0,36.17
2021-05-03,123,12,32.4,32.4,26.9,61,4.25,893.0,30.545,40.29,38.35,0,36.40
2021-05-04,124,12,32.6,32.6,26.6,61,4.07,793.0,30.627,40.24,38.85,0,36.36
2021-05-05,125,11,32.8,32.8,26.6,60,4.03,853.0,30.785,40.71,39.01,0,37.05
2021-05-06,126,12,33.2,33.2,27.5,57,4.53,922.0,30.779,40.97,38.95,0,38.26
2021-05-07,127,13,32.1,32.1,27.9,63,4.42,831.0,30.386,39.69,38.26,0,36.80
2021-05-08,128,12,31.9,31.9,27.0,64,4.38,906.0,30.425,39.85,38.08,0,35.87
2021-05-09,129,13,32.5,32.5,27.3,64,4.47,863.0,30.914,40.43,39.64,0,38.14
2021-05-10,130,11,33.3,33.3,27.7,60,4.44,832.0,31.142,41.04,40.29,0,39.73
2021-05-11,131,12,34.1,34.9,27.7,60,6.02,924.0,31.765,42.06,42.45,0,42.44
2021-05-12,132,11,33.4,33.5,28.0,62,5.61,848.0,31.321,40.99,41.34,0,40.77
2021-05-13,133,13,33.7,33.9,28.4,61,6.75,884.0,31.387,41.39,41.76,0,41.81
2021-05-14,134,11,33.0,33.2,27.8,66,5.39,746.0,31.322,40.43,41.8,0,40.31
2021-05-15,135,11,34.1,34.1,29.2,51,7.31,889.0,30.419,41.18,38.96,0,39.72
2021-05-16,136,11,33.8,34.3,28.7,58,6.62,847.0,31.076,41.09,40.83,0,41.01
2021-05-17,137,10,33.5,34.0,28.5,61,4.77,726.0,31.248,40.78,41.21,0,41.01
2021-05-18,138,11,33.1,33.1,28.8,65,5.99,750.0,31.229,40.36,41.69,0,41.21
2021-05-19,139,11,34.0,34.2,27.4,63,5.86,798.0,31.909,41.74,43.47,0,42.51
2021-05-20,140,10,34.2,34.2,26.3,52,1.61,739.0,31.728,43.08,39.55,0,40.40
2021-05-21,141,12,36.0,36.0,26.7,44,3.57,854.0,31.637,43.86,40.62,0,41.65
2021-05-22,142,11,33.4,33.4,26.3,51,4.41,632.0,29.798,39.52,37.42,0,33.39
2021-05-23,143,11,35.7,35.7,27.1,44,1.52,801.0,32.134,44.52,39.96,0,43.29
2021-05-24,144,12,37.7,37.7,28.5,39,3.61,770.0,32.198,45.28,42.31,1,48.14
2021-05-25,145,13,38.4,38.4,29.3,34,3.16,770.0,32.041,46.07,41.68,2,50.78
2021-05-26,146,16,35.3,39.7,28.4,58,2.84,366.0,32.23,42.23,44.97,3,50.20
2021-05-27,147,13,38.0,38.5,29.0,32,1.73,897.0,32.157,46.66,40.15,4,53.84
2021-05-28,148,11,36.8,36.8,28.0,34,2.06,891.0,31.303,45.22,38.64,0,42.78
2021-05-29,149,11,36.3,36.3,27.8,42,1.2,882.0,32.813,45.55,40.5,0,46.33
2021-05-30,150,12,37.6,37.6,28.3,37,1.25,909.0,33.13,46.77,41.27,1,50.35
2021-05-31,151,12,37.5,37.5,27.1,39,1.0,925.0,33.717,46.96,41.88,2,52.09
2021-06-01,152,10,35.7,36.0,28.4,47,1.12,771.0,32.874,44.83,41.13,0,46.86
2021-06-02,153,9,33.4,34.3,28.0,54,0.5,611.0,32.393,42.20,38.4,0,42.57
2021-06-03,154,12,33.1,33.9,27.7,61,4.67,902.0,31.13,41.03,40.14,0,39.64
2021-06-04,155,12,31.8,31.8,27.5,66,4.69,824.0,30.398,39.36,38.47,0,36.20
2021-06-05,156,13,32.0,32.0,26.1,64,3.98,806.0,30.46,39.83,38.33,0,34.97
2021-06-06,157,10,32.6,32.8,25.9,58,0.61,739.0,32.27,42.21,37.86,0,39.70
2021-06-07,158,12,34.7,35.8,28.0,56,3.35,821.0,32.147,43.21,42.38,0,44.32
2021-06-08,159,10,34.3,34.4,28.1,53,0.81,727.0,32.753,43.63,40.16,0,45.05
2021-06-09,160,14,34.9,37.6,27.8,54,4.28,765.0,31.782,42.46,42.06,1,44.40
2021-06-10,161,13,36.7,37.0,28.7,34,1.14,707.0,31.514,44.56,38.46,2,46.79
2021-06-11,162,13,37.2,37.2,28.7,30,4.4,677.0,29.886,43.41,38.08,3,44.41
2021-06-12,163,13,38.4,38.4,29.2,33,4.93,713.0,31.421,45.14,41.28,4,52.00
2021-06-13,164,13,37.1,37.1,28.5,36,5.7,688.0,30.718,43.36,39.89,5,49.72
2021-06-14,165,14,35.8,35.8,29.7,39,6.02,545.0,29.855,41.02,38.41,0,38.91
2021-06-15,166,13,36.5,36.5,27.8,39,4.76,757.0,30.924,43.20,39.79,0,40.81
2021-06-16,167,13,38.4,38.6,28.6,32,6.17,809.0,31.204,45.54,40.89,1,46.03
2021-06-17,168,12,37.4,37.6,29.2,35,5.37,753.0,30.93,44.04,40.11,2,46.51
2021-06-18,169,15,34.5,37.0,28.9,54,5.2,441.0,30.773,39.86,41.04,3,44.86
2021-06-19,170,12,37.5,37.5,29.0,33,4.59,855.0,30.914,44.69,39.58,4,49.85
2021-06-20,171,14,34.1,37.6,28.3,60,4.61,642.0,31.582,41.21,42.45,5,50.51
2021-06-21,172,12,36.6,36.6,28.0,33,0.94,843.0,31.822,45.02,37.97,0,43.37
2021-06-22,173,11,35.0,35.0,26.7,43,0.73,746.0,32.174,43.62,38.16,0,41.58
2021-06-23,174,11,35.7,35.7,27.2,43,0.1,845.0,33.823,42.99,39.6,0,45.36
2021-06-24,175,14,31.6,31.7,26.5,58,1.02,457.0,29.87,39.34,35.61,0,32.95
2021-06-25,176,12,33.6,33.6,27.4,44,0.5,583.0,31.123,41.34,35.77,0,37.88
2021-06-26,177,12,33.9,33.9,27.1,45,1.44,738.0,30.617,42.22,36.62,0,37.52
2021-06-27,178,14,30.6,31.7,26.9,66,0.41,612.0,31.376,39.86,35.47,0,36.59
2021-06-28,179,12,32.5,32.5,25.7,57,2.02,870.0,30.822,41.76,37.31,0,36.20
2021-06-29,180,11,31.6,32.0,27.8,70,5.26,789.0,30.532,39.03,39.26,0,36.86
2021-06-30,181,12,32.7,33.4,27.3,70,4.49,836.0,31.763,41.22,42.53,0,41.40
2021-07-01,182,12,32.8,33.1,26.5,69,4.84,894.0,31.759,41.31,42.42,0,40.48
2021-07-02,183,11,32.8,32.8,25.9,58,0.5,823.0,33.02,42.92,38.33,0,41.80
2021-07-03,184,12,32.5,32.5,25.6,60,0.81,765.0,32.083,42.31,38.27,0,39.22
2021-07-04,185,13,32.8,32.9,26.5,60,1.12,822.0,32.066,42.78,39.01,0,40.85
2021-07-05,186,12,33.9,33.9,25.6,56,2.83,921.0,31.721,42.97,40.31,0,39.77
2021-07-06,187,13,32.7,32.9,26.2,64,2.47,865.0,31.639,42.25,40.18,0,39.75
2021-07-07,188,12,32.7,32.7,26.4,66,4.15,847.0,31.377,41.03,40.94,0,38.89
2021-07-08,189,11,33.0,33.4,27.4,58,0.22,782.0,33.236,41.70,38.81,0,43.26
2021-07-09,190,15,33.8,33.8,25.1,59,1.68,616.0,31.958,42.63,41.22,0,39.73
2021-07-10,191,14,31.9,32.1,26.3,61,4.08,549.0,29.588,38.12,37.14,0,31.88
2021-07-11,192,13,33.9,33.9,27.1,47,5.55,534.0,29.403,38.94,37.21,0,33.08
2021-07-12,193,15,32.0,32.1,26.2,58,3.28,395.0,29.159,37.69,36.48,0,30.39
2021-07-13,194,14,31.4,33.3,26.7,67,1.75,573.0,30.53,40.12,37.74,0,35.79
2021-07-14,195,14,32.4,32.4,26.0,54,4.59,485.0,29.005,37.54,36.2,0,29.66
2021-07-15,196,13,32.6,32.9,25.1,55,4.05,910.0,30.056,40.28,36.92,0,32.84
2021-07-16,197,14,32.1,32.2,26.2,59,2.95,727.0,30.085,40.01,37.0,0,34.01
2021-07-17,198,13,31.8,31.8,25.6,66,2.25,772.0,30.958,41.07,38.47,0,36.27
2021-07-18,199,14,31.1,31.2,25.0,65,4.94,666.0,29.363,37.48,36.4,0,29.20
2021-07-19,200,15,33.0,33.5,26.1,57,3.13,546.0,30.299,39.91,38.47,0,34.77
2021-07-20,201,14,34.2,34.2,26.4,49,4.63,659.0,30.258,40.44,38.49,0,35.43
2021-07-21,202,12,32.0,32.0,26.6,55,5.36,487.0,28.677,36.77,35.64,0,28.97
2021-07-22,203,13,32.2,32.4,26.1,52,6.6,519.0,28.416,36.78,35.25,0,27.76
2021-07-23,204,14,33.4,33.4,26.0,55,4.38,747.0,30.497,40.40,38.74,0,35.48
2021-07-24,205,14,35.1,35.1,25.9,47,2.37,779.0,31.532,43.43,39.76,0,39.89
2021-07-25,206,12,34.6,34.8,27.7,49,4.37,919.0,31.027,42.26,39.38,0,40.05
2021-07-26,207,13,35.0,35.0,27.3,50,3.38,912.0,31.742,43.42,40.68,0,42.26
2021-07-27,208,14,35.7,35.7,27.9,46,3.42,786.0,31.603,43.42,40.73,0,42.71
2021-07-28,209,13,35.4,35.8,27.6,45,4.91,857.0,30.996,42.54,39.69,0,40.19
2021-07-29,210,16,34.3,35.9,28.3,46,0.9,315.0,30.382,40.47,37.71,0,37.62
2021-07-30,211,14,36.3,36.3,27.7,38,5.51,698.0,30.403,42.45,39.04,0,38.88
2021-07-31,212,14,35.4,36.2,28.2,41,1.65,691.0,31.099,43.34,38.29,0,41.14
2021-08-01,213,15,35.8,35.9,26.2,37,3.1,552.0,29.979,41.96,37.78,0,35.51
2021-08-02,214,14,34.4,35.4,27.8,42,1.7,759.0,30.485,42.54,36.69,0,38.35
2021-08-03,215,14,34.2,35.3,28.0,44,1.8,711.0,30.446,42.17,36.9,0,38.32
2021-08-04,216,13,37.3,37.3,28.1,39,5.03,854.0,31.705,44.63,41.45,1,45.94
2021-08-05,217,14,35.5,36.2,28.5,42,1.0,716.0,31.965,43.90,38.83,0,43.73
2021-08-06,218,13,35.5,36.0,27.6,43,1.84,809.0,31.613,44.07,39.18,0,42.27
2021-08-07,219,12,34.4,34.4,27.5,47,1.22,853.0,31.787,43.59,38.25,0,41.79
2021-08-08,220,11,33.4,33.4,26.5,57,0.89,795.0,32.491,43.21,39.44,0,42.12
2021-08-09,221,11,34.0,34.0,27.4,54,1.49,844.0,32.11,43.57,39.81,0,42.85
2021-08-10,222,15,33.8,34.3,26.2,56,1.14,609.0,31.96,42.59,40.06,0,40.56
2021-08-11,223,11,34.2,34.2,26.7,53,1.71,882.0,32.074,43.75,39.92,0,42.14
2021-08-12,224,14,31.3,32.8,26.4,69,0.51,524.0,31.9,40.70,38.1,0,38.58
2021-08-13,225,13,32.1,32.3,26.1,64,0.45,740.0,32.989,42.29,38.59,0,41.62
2021-08-14,226,13,33.6,33.6,26.6,55,2.04,775.0,31.398,42.50,39.21,0,39.57
2021-08-15,227,14,32.6,32.9,26.0,54,1.84,657.0,30.225,40.79,36.62,0,34.46
2021-08-16,228,15,32.9,33.0,25.8,52,1.36,472.0,30.082,40.26,36.67,0,33.59
2021-08-17,229,16,31.3,32.8,26.1,71,3.23,450.0,30.14,38.37,38.74,0,33.46
2021-08-18,230,13,32.5,33.5,26.8,66,4.33,821.0,31.118,40.53,40.37,0,38.29
2021-08-19,231,14,33.0,33.4,27.5,58,2.34,692.0,30.938,41.40,38.81,0,38.81
2021-08-20,232,13,31.6,31.9,25.2,68,2.64,839.0,30.959,40.95,38.59,0,35.76
2021-08-21,233,13,30.2,30.2,25.6,70,3.71,702.0,29.337,37.74,35.53,0,29.71
2021-08-22,234,10,30.3,30.6,24.8,68,2.91,762.0,29.51,38.72,35.27,0,29.72
2021-08-23,235,12,30.8,30.8,25.6,68,4.62,933.0,29.835,38.68,36.5,0,31.70
2021-08-24,236,12,32.1,32.1,26.2,64,3.83,873.0,30.681,40.36,38.59,0,35.98
2021-08-25,237,13,33.5,33.5,26.4,56,1.08,885.0,32.402,43.54,39.33,0,42.04
2021-08-26,238,11,32.1,32.3,25.5,61,0.14,848.0,32.969,40.57,37.62,0,39.28
2021-08-27,239,13,32.7,32.7,25.7,66,1.39,872.0,32.526,43.33,40.94,0,41.90
2021-08-28,240,15,29.7,29.7,25.2,77,2.19,440.0,29.505,37.80,35.99,0,29.77
2021-08-29,241,12,29.5,29.5,25.1,73,3.73,596.0,28.814,36.55,34.51,0,26.90
2021-08-30,242,15,31.4,32.4,25.5,58,0.4,389.0,30.314,38.70,35.18,0,32.00
2021-08-31,243,12,31.5,31.5,25.5,60,1.0,738.0,30.807,40.90,35.93,0,34.81
2021-09-01,244,12,30.4,30.4,26.6,75,1.84,804.0,30.893,40.67,37.42,0,36.64
2021-09-02,245,12,30.7,30.7,25.5,70,1.36,694.0,30.733,40.44,36.8,0,34.65
2021-09-03,246,14,30.4,30.4,24.6,74,0.76,611.0,31.358,40.42,37.13,0,34.89
2021-09-04,247,14,28.3,29.2,25.0,84,1.58,190.0,28.31,35.36,33.57,0,24.62
2021-09-05,248,13,31.0,31.1,25.1,68,2.97,718.0,30.082,39.33,37.01,0,32.24
2021-09-06,249,15,30.1,30.1,25.6,70,2.19,352.0,28.911,37.06,35.28,0,28.32
2021-09-07,250,12,32.5,32.5,26.9,56,5.2,939.0,29.919,39.74,37.0,0,34.32
2021-09-08,251,13,32.6,32.9,25.9,59,3.76,880.0,30.575,40.67,38.18,0,35.50
2021-09-09,252,12,33.0,33.9,26.8,58,3.4,954.0,31.017,41.67,38.81,0,38.35
2021-09-10,253,14,32.9,33.2,26.9,56,1.06,561.0,31.085,41.27,37.91,0,37.97
2021-09-11,254,14,33.0,33.0,26.8,58,2.38,759.0,31.045,41.68,38.81,0,38.40
2021-09-12,255,13,33.6,33.6,26.8,53,4.43,679.0,30.312,40.15,38.52,0,35.81
2021-09-13,256,15,34.1,35.1,27.5,53,3.61,538.0,30.677,40.57,39.68,0,38.05
2021-09-14,257,12,34.4,34.4,27.8,51,5.25,944.0,31.001,41.90,39.65,0,39.96
2021-09-15,258,12,33.7,33.7,27.1,52,1.4,938.0,31.835,43.47,38.4,0,41.38
2021-09-16,259,12,31.6,32.0,27.1,64,0.1,484.0,31.608,38.72,37.33,0,37.13
2021-09-17,260,11,32.1,32.3,26.9,66,0.58,813.0,33.05,42.78,39.27,0,43.27
2021-09-18,261,12,32.3,32.3,26.4,69,3.13,896.0,31.665,41.78,40.92,0,39.97
2021-09-19,262,11,31.1,31.3,26.4,75,3.91,831.0,30.898,39.83,39.47,0,36.57
2021-09-20,263,11,32.3,32.3,25.6,62,1.46,878.0,31.629,42.39,38.44,0,38.48
2021-09-21,264,12,33.5,33.5,25.7,55,1.14,940.0,32.317,43.64,38.97,0,41.00
2021-09-22,265,14,32.1,32.3,25.6,60,0.94,771.0,31.525,41.79,37.31,0,37.43
2021-09-23,266,13,32.4,32.4,25.5,62,1.61,822.0,31.498,42.18,38.69,0,38.06
2021-09-24,267,11,31.3,31.3,26.0,69,1.87,875.0,31.205,41.49,38.1,0,37.37
2021-09-25,268,11,32.8,32.9,25.8,60,0.58,898.0,33.225,43.39,39.01,0,42.67
2021-09-26,269,13,30.8,31.0,25.2,69,0.45,559.0,31.709,40.28,36.78,0,36.03
2021-09-27,270,13,33.7,33.7,26.6,55,3.54,801.0,31.023,41.57,39.45,0,38.29
2021-09-28,271,12,32.7,32.7,26.7,55,1.77,940.0,31.028,42.31,37.14,0,38.09
2021-09-29,272,12,31.8,31.8,26.3,62,2.16,842.0,30.657,41.10,37.21,0,36.07
2021-09-30,273,10,30.1,30.3,25.5,72,0.32,679.0,31.796,39.73,35.79,0,35.77
2021-10-01,274,14,29.8,30.5,25.3,79,3.9,683.0,29.852,37.78,36.79,0,30.83
2021-10-02,275,10,29.3,29.5,25.7,80,2.35,660.0,29.846,38.62,35.59,0,31.45
2021-10-03,276,13,29.6,30.1,25.7,79,3.13,811.0,30.04,38.81,36.21,0,32.18
2021-10-04,277,10,30.2,30.2,25.9,78,3.0,649.0,30.281,38.90,37.7,0,33.49
2021-10-05,278,8,27.4,27.4,25.4,88,1.64,207.0,27.874,34.72,31.83,0,23.16
2021-10-06,279,12,31.1,31.1,25.3,66,3.73,887.0,30.014,39.37,36.68,0,32.24
2021-10-07,280,12,30.6,30.6,26.2,77,3.02,831.0,30.859,40.14,38.6,0,36.16
2021-10-08,281,13,31.2,31.2,25.6,71,1.53,703.0,31.213,41.08,38.46,0,36.76
2021-10-09,282,12,31.6,31.6,25.7,68,1.46,748.0,31.403,41.54,38.59,0,37.62
2021-10-10,283,15,31.1,31.1,26.4,68,0.58,565.0,31.569,40.53,37.26,0,37.52
2021-10-11,284,12,30.8,30.8,25.4,71,1.98,641.0,30.443,39.91,37.36,0,33.81
2021-10-12,285,11,32.5,32.5,24.9,64,1.5,808.0,31.882,42.52,39.64,0,38.68
2021-10-13,286,12,31.6,31.6,24.6,64,3.49,876.0,30.298,39.99,37.33,0,32.66
2021-10-14,287,12,32.6,32.6,25.3,65,1.35,881.0,32.368,43.16,40.28,0,40.77
2021-10-15,288,12,32.6,32.6,25.3,62,0.3,878.0,33.645,42.52,39.2,0,42.32
2021-10-16,289,12,31.3,31.5,25.6,71,3.16,804.0,30.79,40.22,38.74,0,35.44
2021-10-17,290,10,31.1,31.4,25.5,70,1.12,751.0,31.471,41.35,37.87,0,37.10
2021-10-18,291,13,31.5,32.0,26.7,69,0.3,498.0,32.142,40.16,38.64,0,39.20
2021-10-19,292,11,32.6,32.7,26.2,63,0.98,823.0,32.42,42.91,39.55,0,41.46
2021-10-20,293,11,31.9,31.9,26.4,70,1.06,815.0,32.45,42.69,40.12,0,41.81
2021-10-21,294,12,30.5,30.5,25.6,76,2.48,850.0,30.872,40.50,38.0,0,35.52
2021-10-22,295,11,31.0,31.0,24.2,66,1.2,820.0,30.995,41.10,36.43,0,33.97
2021-10-23,296,11,30.5,30.6,23.8,69,1.86,803.0,30.318,40.21,36.02,0,31.43
2021-10-24,297,10,29.6,29.6,24.3,71,2.44,682.0,29.189,38.20,34.3,0,27.79
2021-10-25,298,11,29.9,30.2,23.7,68,5.22,813.0,28.731,36.67,34.33,0,25.13
2021-10-26,299,12,29.9,29.9,25.1,65,3.61,833.0,28.721,37.68,33.67,0,27.23
2021-10-27,300,11,30.3,30.4,24.9,62,5.59,815.0,28.387,36.62,33.85,0,25.67
2021-10-28,301,15,28.6,28.6,25.1,72,5.48,428.0,27.315,33.08,32.21,0,20.71
2021-10-29,302,9,28.0,28.0,24.4,81,1.99,415.0,28.28,36.09,32.25,0,23.90
2021-10-30,303,11,29.4,29.4,24.0,74,4.24,704.0,28.905,36.61,34.48,0,25.82
2021-10-31,304,12,29.6,29.9,24.0,75,4.99,718.0,29.106,36.51,35.23,0,26.41
2021-11-01,305,14,27.3,27.3,25.1,81,3.31,303.0,26.991,32.95,30.53,0,19.38
2021-11-02,306,10,27.5,27.6,24.7,81,2.84,400.0,27.509,34.45,31.01,0,21.15
2021-11-03,307,13,27.3,27.3,24.0,81,2.36,420.0,27.487,34.88,30.53,0,20.43
2021-11-04,308,15,26.4,26.8,23.6,86,3.5,246.0,26.428,31.50,26.87,0,14.21
2021-11-05,309,14,27.8,27.8,23.5,80,2.88,486.0,27.879,35.24,31.6,0,21.24
2021-11-06,310,14,28.0,28.0,23.4,78,3.89,516.0,27.722,34.46,31.8,0,20.34
2021-11-07,311,9,25.6,25.7,23.3,91,5.81,184.0,25.751,28.09,26.1,0,10.11
2021-11-08,312,9,28.0,28.4,24.2,72,4.25,244.0,26.475,31.70,30.94,0,16.60
2021-11-09,313,12,27.2,27.4,24.0,76,6.17,355.0,26.192,30.64,29.78,0,14.64
2021-11-10,314,12,25.0,25.0,22.8,94,3.71,309.0,25.944,30.69,25.51,0,11.77
2021-11-11,315,15,27.3,27.3,21.9,88,5.0,216.0,27.278,31.21,31.55,0,15.43
2021-11-12,316,11,28.6,28.6,24.3,71,3.26,748.0,28.098,36.50,32.04,0,23.66
2021-11-13,317,12,29.4,29.4,24.6,71,1.86,766.0,29.419,38.91,33.83,0,28.91
2021-11-14,318,11,29.1,29.3,24.5,77,0.91,699.0,30.441,39.48,34.36,0,31.33
2021-11-15,319,11,27.3,27.7,23.9,81,0.41,413.0,29.027,36.25,30.53,0,24.21
2021-11-16,320,10,28.7,29.0,23.5,77,2.06,644.0,29.04,37.81,33.34,0,25.94
2021-11-17,321,10,28.5,28.5,24.1,77,4.88,532.0,27.986,34.31,32.84,0,21.93
2021-11-18,322,10,26.6,26.6,23.4,88,7.02,214.0,26.459,29.14,27.11,0,12.36
2021-11-19,323,13,28.5,28.5,25.1,72,6.84,687.0,27.481,33.98,31.99,0,21.59
2021-11-20,324,11,28.3,28.3,24.7,79,4.47,623.0,28.203,35.01,32.69,0,23.49
2021-11-21,325,12,29.2,29.2,23.5,76,2.65,745.0,29.378,38.22,34.41,0,27.27
2021-11-22,326,10,28.4,28.4,24.2,76,3.98,602.0,28.037,35.20,32.43,0,22.64
2021-11-23,327,12,29.7,29.7,23.9,72,4.81,782.0,28.996,36.80,34.78,0,26.13
2021-11-24,328,11,29.6,29.7,24.5,71,4.75,779.0,28.798,36.62,34.3,0,26.14
2021-11-25,329,13,28.6,28.6,23.8,76,5.73,582.0,27.959,34.18,32.91,0,21.46
2021-11-26,330,13,25.8,26.6,24.5,90,4.4,339.0,26.337,30.90,26.29,0,14.65
2021-11-27,331,13,26.4,26.4,23.9,84,4.64,338.0,26.316,30.98,26.84,0,13.97
2021-11-28,332,14,26.5,26.5,23.8,83,3.51,305.0,26.383,31.90,26.94,0,14.64
2021-11-29,333,12,27.5,27.5,23.8,78,3.5,591.0,27.446,34.66,30.64,0,19.99
2021-11-30,334,11,27.0,27.0,24.0,79,4.6,563.0,26.826,32.92,29.65,0,17.43
2021-12-01,335,13,28.8,28.8,22.8,70,5.22,737.0,27.801,35.05,32.3,0,20.40
2021-12-02,336,12,28.9,28.9,24.4,57,4.79,816.0,26.633,35.02,30.43,0,19.34
2021-12-03,337,13,29.5,29.5,22.5,64,4.16,715.0,27.944,36.13,32.64,0,21.22
2021-12-04,338,12,30.1,30.1,21.6,57,0.89,820.0,29.512,39.52,32.43,0,25.98
2021-12-05,339,12,30.5,30.5,23.0,61,0.45,766.0,31.226,40.26,34.04,0,31.51
2021-12-06,340,9,28.2,29.5,23.8,82,0.45,476.0,30.268,37.96,32.94,0,28.56
2021-12-07,341,9,27.8,29.5,23.5,79,1.0,466.0,28.625,36.84,31.46,0,23.75
2021-12-08,342,13,29.3,29.3,24.3,70,4.64,707.0,28.319,35.90,33.39,0,24.15
2021-12-09,343,10,27.8,28.8,25.1,79,2.31,573.0,28.128,36.28,31.46,0,24.28
2021-12-10,344,10,29.2,29.2,24.8,63,4.74,598.0,27.278,34.67,31.88,0,21.32
2021-12-11,345,11,28.0,28.6,23.6,76,4.22,678.0,27.731,34.89,31.5,0,20.78
2021-12-12,346,11,28.0,28.0,22.7,75,5.08,580.0,27.349,33.65,31.36,0,18.07
2021-12-13,347,14,27.6,27.6,22.4,73,5.11,538.0,26.688,32.75,30.26,0,15.41
2021-12-14,348,14,28.2,28.2,23.7,68,6.53,619.0,26.709,33.03,30.78,0,17.36
2021-12-15,349,12,28.3,28.3,25.0,63,6.55,740.0,26.423,33.48,30.28,0,18.47
2021-12-16,350,12,28.3,28.3,24.4,60,6.48,784.0,26.156,33.54,29.9,0,17.18
2021-12-17,351,12,28.1,28.1,22.5,59,6.0,770.0,25.894,33.32,29.48,0,14.15
2021-12-18,352,11,27.8,27.8,21.7,60,5.77,692.0,25.649,32.71,29.16,0,12.54
2021-12-19,353,13,27.7,27.9,21.4,51,5.8,685.0,24.533,32.09,28.2,0,9.63
2021-12-20,354,12,27.9,27.9,23.0,58,5.24,621.0,25.483,32.62,29.09,0,13.30
2021-12-21,355,12,28.2,28.3,20.9,48,2.28,824.0,25.61,36.04,28.49,0,14.62
2021-12-22,356,11,27.7,27.8,19.8,58,2.62,773.0,26.083,35.48,28.82,0,15.24
2021-12-23,357,11,27.3,27.6,18.3,54,1.79,778.0,25.657,35.67,28.0,0,14.27
2021-12-24,358,10,26.6,27.6,18.4,67,0.71,638.0,27.163,35.82,26.83,0,16.85
2021-12-25,359,10,26.4,27.5,19.4,70,0.78,645.0,27.178,35.82,26.66,0,16.87
2021-12-26,360,12,27.8,27.9,20.0,61,2.53,765.0,26.523,35.81,29.26,0,16.47
2021-12-27,361,9,27.1,29.1,20.9,72,0.2,459.0,28.115,34.56,29.2,0,18.55
2021-12-28,362,13,27.1,27.1,22.0,71,3.75,614.0,26.336,33.59,29.11,0,14.45
2021-12-29,363,12,28.3,28.3,21.9,65,4.4,728.0,26.903,34.63,30.55,0,16.81
2021-12-30,364,13,26.1,26.7,22.3,76,5.13,525.0,25.526,30.97,26.43,0,10.60
2021-12-31,365,10,26.1,26.2,22.5,79,4.96,416.0,25.652,30.57,26.46,0,10.78
2022-01-01,1,13,27.0,27.0,22.8,70,7.03,667.0,25.798,31.71,28.86,0,12.92
2022-01-02,2,11,27.9,27.9,23.9,69,5.34,701.0,26.774,33.61,30.35,0,17.98
2022-01-03,3,11,27.7,27.7,23.8,66,4.96,735.0,26.367,33.59,29.64,0,16.82
2022-01-04,4,12,27.3,27.3,22.5,62,5.56,810.0,25.582,32.90,28.64,0,12.94
2022-01-05,5,12,28.0,28.0,21.6,59,4.03,772.0,26.1,34.46,29.34,0,14.73
2022-01-06,6,12,28.2,28.2,21.5,64,4.25,784.0,26.809,34.84,30.24,0,16.67
2022-01-07,7,13,27.3,27.3,22.2,70,4.62,720.0,26.437,33.53,29.37,0,14.93
2022-01-08,8,13,27.8,27.8,22.5,67,4.81,719.0,26.567,33.80,29.93,0,15.93
2022-01-09,9,11,27.8,28.1,22.3,67,2.89,728.0,26.984,35.61,29.93,0,17.80
2022-01-10,10,9,26.6,28.5,21.9,77,0.14,450.0,28.103,33.97,26.96,0,17.29
2022-01-11,11,12,28.7,28.7,23.2,67,3.9,780.0,27.667,35.89,31.59,0,20.95
2022-01-12,12,11,28.9,28.9,22.7,64,3.55,676.0,27.441,35.75,31.49,0,19.81
2022-01-13,13,11,28.5,28.5,23.0,70,2.92,659.0,27.838,36.23,31.67,0,21.32
2022-01-14,14,9,27.2,27.2,22.8,79,0.63,387.0,28.247,35.87,30.08,0,21.01
2022-01-15,15,10,27.5,27.5,23.0,76,1.41,602.0,28.051,36.73,30.4,0,21.61
2022-01-16,16,11,28.0,28.0,22.2,70,4.3,710.0,27.142,34.57,30.67,0,17.50
2022-01-17,17,12,27.0,27.7,22.7,69,4.02,563.0,25.899,32.80,28.77,0,13.75
2022-01-18,18,12,27.1,27.1,23.1,66,4.75,750.0,25.853,33.11,28.68,0,14.32
2022-01-19,19,12,28.3,28.4,20.9,55,3.47,828.0,26.134,35.37,29.32,0,15.44
2022-01-20,20,11,27.8,28.7,20.1,58,0.91,785.0,27.388,37.04,28.96,0,18.88
2022-01-21,21,12,28.9,28.9,20.5,61,3.44,854.0,27.412,36.51,31.02,0,19.31
2022-01-22,22,12,28.9,28.9,21.9,72,3.89,853.0,28.5,36.80,32.88,0,22.27
2022-01-23,23,13,29.7,30.6,24.0,66,5.02,776.0,28.301,36.21,33.45,0,24.01
2022-01-24,24,12,29.6,29.7,24.6,66,4.32,744.0,28.274,36.40,33.24,0,24.72
2022-01-25,25,11,28.7,28.7,22.5,69,3.26,707.0,27.913,36.28,31.92,0,21.01
2022-01-26,26,9,26.2,28.1,22.3,75,0.45,362.0,27.135,34.38,26.52,0,16.10
2022-01-27,27,12,27.9,28.0,23.5,64,3.34,751.0,26.673,35.19,29.75,0,18.24
2022-01-28,28,13,28.1,28.2,22.5,58,5.98,758.0,25.77,33.22,29.37,0,13.80
2022-01-29,29,12,27.6,27.6,24.7,64,6.4,506.0,25.563,31.38,29.27,0,14.61
2022-01-30,30,12,28.6,28.6,24.2,63,4.25,787.0,27.079,35.26,30.79,0,20.26
2022-01-31,31,9,26.6,28.9,21.8,75,0.42,445.0,27.882,35.26,26.94,0,17.80
2022-02-01,32,11,28.0,28.1,21.1,62,2.14,781.0,27.008,36.55,29.68,0,18.07
2022-02-02,33,12,27.7,27.9,19.5,62,3.54,879.0,26.413,35.24,29.22,0,15.84
2022-02-03,34,12,28.2,28.2,20.3,57,3.92,877.0,26.234,35.16,29.4,0,15.51
2022-02-04,35,12,30.5,30.5,22.0,54,1.64,865.0,28.843,39.51,32.55,0,24.75
2022-02-05,36,12,29.1,29.1,22.9,65,3.41,770.0,27.922,36.63,32.03,0,21.79
2022-02-06,37,13,28.4,28.4,24.2,64,4.13,816.0,27.065,35.32,30.59,0,20.20
2022-02-07,38,11,28.7,28.8,22.0,55,3.83,792.0,26.364,35.31,29.87,0,16.03
2022-02-08,39,12,28.5,28.5,21.4,57,4.22,903.0,26.484,35.36,29.83,0,16.28
2022-02-09,40,12,28.6,28.6,23.5,57,4.44,898.0,26.527,35.28,29.98,0,18.11
2022-02-10,41,12,29.5,29.5,22.7,51,4.67,906.0,26.615,35.89,30.47,0,17.97
2022-02-11,42,11,29.4,29.5,22.9,56,5.1,722.0,26.802,34.93,31.07,0,18.08
2022-02-12,43,12,29.2,29.2,23.0,56,5.42,890.0,26.794,35.30,30.75,0,18.34
2022-02-13,44,12,29.2,29.2,23.4,55,4.27,873.0,26.847,35.89,30.61,0,19.27
2022-02-14,45,11,28.1,28.1,23.2,62,5.02,718.0,26.279,33.72,29.83,0,16.11
2022-02-15,46,12,28.7,28.7,22.8,52,4.11,903.0,26.112,35.43,29.51,0,16.44
2022-02-16,47,11,28.7,28.7,21.3,54,3.54,834.0,26.376,35.71,29.75,0,16.31
2022-02-17,48,11,28.6,28.9,21.7,58,3.41,811.0,26.74,35.84,30.11,0,17.21
2022-02-18,49,13,29.4,29.5,24.4,55,4.54,905.0,27.022,36.06,30.92,0,21.01
2022-02-19,50,12,29.3,29.3,22.7,57,4.46,923.0,27.2,36.18,31.07,0,19.51
2022-02-20,51,9,27.2,29.7,21.6,71,0.45,496.0,28.256,36.04,29.29,0,19.92
2022-02-21,52,12,31.6,31.6,22.0,57,4.58,937.0,29.315,38.94,35.34,0,26.27
2022-02-22,53,11,30.0,30.2,23.1,66,3.09,844.0,29.081,38.40,34.1,0,26.25
2022-02-23,54,12,30.0,30.0,24.9,56,4.02,943.0,27.843,37.36,32.07,0,24.51
2022-02-24,55,11,29.6,29.9,23.0,55,3.77,868.0,27.311,36.73,31.23,0,20.52
2022-02-25,56,11,29.3,29.5,21.3,54,3.57,871.0,26.971,36.52,30.61,0,18.33
2022-02-26,57,12,29.9,30.0,22.1,56,4.16,883.0,27.641,36.88,31.9,0,20.45
2022-02-27,58,12,29.8,29.9,23.3,57,4.24,894.0,27.665,36.81,31.9,0,21.85
2022-02-28,59,11,30.3,30.3,22.5,57,3.71,878.0,28.218,37.74,32.79,0,22.96
2022-03-01,60,10,30.3,32.3,22.2,51,2.69,752.0,27.584,37.72,31.67,0,20.98
2022-03-02,61,12,30.6,30.7,20.3,49,4.3,950.0,27.486,37.51,31.79,0,20.46
2022-03-03,62,12,30.4,30.4,22.3,57,5.97,910.0,27.966,36.73,32.98,0,21.59
2022-03-04,63,13,30.5,30.5,24.1,56,7.52,841.0,27.696,36.34,32.95,0,22.89
2022-03-05,64,12,30.8,30.8,24.9,48,6.8,926.0,27.147,36.69,31.92,0,22.66
2022-03-06,65,13,28.8,28.9,25.3,60,7.16,909.0,26.697,34.63,30.7,0,20.33
2022-03-07,66,11,30.0,30.1,25.2,61,5.2,841.0,28.08,36.46,33.03,0,25.02
2022-03-08,67,10,30.2,30.9,22.2,56,2.1,754.0,28.334,38.46,32.42,0,23.21
2022-03-09,68,9,28.2,31.2,21.7,67,0.5,544.0,28.842,37.08,30.64,0,22.28
2022-03-10,69,14,30.1,30.7,21.9,58,3.3,865.0,28.236,37.87,32.62,0,22.45
2022-03-11,70,11,30.4,30.6,22.0,57,3.11,905.0,28.51,38.50,32.98,0,23.55
2022-03-12,71,11,30.5,31.5,22.3,55,2.79,903.0,28.464,38.77,32.75,0,23.92
2022-03-13,72,11,31.6,31.9,21.9,46,3.23,898.0,28.175,39.10,32.8,0,23.28
2022-03-14,73,9,29.7,32.6,22.2,58,0.71,544.0,28.789,37.87,31.91,0,23.46
2022-03-15,74,10,31.4,32.9,22.7,47,0.92,777.0,29.303,39.98,32.68,0,26.82
2022-03-16,75,12,31.7,32.6,22.8,60,4.74,974.0,29.786,39.34,36.38,0,28.76
2022-03-17,76,12,32.4,32.6,22.7,57,4.83,991.0,30.075,40.05,37.08,0,29.97
2022-03-18,77,12,31.9,32.2,23.7,60,5.6,985.0,29.848,39.29,36.84,0,30.06
2022-03-19,78,12,32.2,33.0,25.5,61,4.6,954.0,30.371,40.06,37.86,0,34.09
2022-03-20,79,11,33.7,33.7,26.1,57,3.1,905.0,31.553,42.53,40.19,0,39.67
2022-03-21,80,11,33.3,33.3,26.3,65,3.68,892.0,31.989,42.28,42.27,0,41.33
2022-03-22,81,9,31.9,33.2,27.2,60,0.45,578.0,31.774,40.82,36.84,0,38.90
2022-03-23,82,11,32.6,32.6,27.0,62,5.15,823.0,30.606,39.89,39.2,0,36.66
2022-03-24,83,11,32.0,32.0,26.5,64,5.42,876.0,30.31,39.36,38.33,0,34.81
2022-03-25,84,11,31.6,31.7,26.2,62,4.92,864.0,29.76,38.81,36.73,0,32.43
2022-03-26,85,12,31.7,32.0,26.2,66,4.8,892.0,30.375,39.45,38.21,0,34.61
2022-03-27,86,11,32.3,32.4,26.1,61,5.35,886.0,30.257,39.58,38.11,0,34.32
2022-03-28,87,12,32.6,33.3,25.9,65,6.64,966.0,30.943,40.46,40.28,0,36.83
2022-03-29,88,12,33.7,33.9,26.4,59,7.15,977.0,31.2,41.60,40.96,0,38.97
2022-03-30,89,12,34.1,34.2,27.1,59,6.02,982.0,31.706,42.19,42.03,0,41.57
2022-03-31,90,12,34.0,34.3,26.8,57,6.04,987.0,31.363,41.87,40.96,0,39.94
2022-04-01,91,12,32.2,32.3,26.8,65,7.05,964.0,30.521,39.86,39.19,0,36.24
2022-04-02,92,12,32.5,32.6,26.7,63,6.36,974.0,30.654,40.17,39.29,0,36.64
2022-04-03,93,11,32.3,32.3,25.7,61,5.19,926.0,30.33,39.81,38.11,0,34.16
2022-04-04,94,11,31.6,31.8,26.4,65,4.58,913.0,30.231,39.44,37.63,0,34.34
2022-04-05,95,11,31.9,31.9,25.7,61,4.11,900.0,30.117,39.76,37.14,0,33.36
2022-04-06,96,11,31.9,31.9,25.4,64,4.32,920.0,30.455,39.94,38.08,0,34.13
2022-04-07,97,11,32.2,32.3,25.8,62,4.16,922.0,30.535,40.29,38.19,0,35.04
2022-04-08,98,12,32.1,32.1,26.5,59,3.85,959.0,30.199,40.29,37.0,0,34.78
2022-04-09,99,13,31.4,31.4,26.4,65,4.12,866.0,30.068,39.28,37.13,0,33.74
2022-04-10,100,13,31.9,31.9,25.7,63,4.53,886.0,30.253,39.59,37.76,0,33.73
2022-04-11,101,13,30.6,30.6,26.8,70,4.3,725.0,29.64,37.90,36.54,0,32.18
2022-04-12,102,11,31.4,31.6,26.5,67,4.01,833.0,30.274,39.39,37.74,0,34.55
2022-04-13,103,11,31.4,31.4,26.4,67,3.47,752.0,30.272,39.47,37.74,0,34.48
2022-04-14,104,11,33.1,33.1,26.5,59,4.8,896.0,30.855,40.77,39.41,0,37.26
2022-04-15,105,11,33.6,33.6,27.2,62,5.23,904.0,31.631,41.61,41.89,0,41.07
2022-04-16,106,12,34.1,35.0,27.8,63,6.31,912.0,32.088,42.33,43.77,0,43.85
2022-04-17,107,11,33.3,33.3,28.0,61,4.11,870.0,31.38,41.49,40.67,0,40.99
2022-04-18,108,11,32.8,32.8,26.9,63,3.74,908.0,31.289,41.41,40.09,0,39.26
2022-04-19,109,11,33.4,33.6,27.3,63,5.17,910.0,31.582,41.47,41.74,0,40.94
2022-04-20,110,11,33.0,33.0,27.1,64,5.13,908.0,31.331,41.00,41.01,0,39.62
2022-04-21,111,11,32.8,32.8,27.6,59,5.58,916.0,30.483,40.16,38.67,0,37.12
2022-04-22,112,11,33.1,33.1,26.9,53,4.67,923.0,30.154,40.47,37.4,0,35.44
2022-04-23,113,10,33.4,33.4,26.7,56,3.69,792.0,30.827,41.12,39.09,0,37.58
2022-04-24,114,11,33.2,33.5,26.8,64,4.68,913.0,31.599,41.50,41.58,0,40.35
2022-04-25,115,11,34.4,34.4,26.3,55,5.42,912.0,31.468,42.06,41.19,0,39.78
2022-04-26,116,11,34.0,34.0,26.5,59,5.72,923.0,31.584,41.85,41.76,0,40.29
2022-04-27,117,11,33.7,33.7,26.6,59,4.96,921.0,31.416,41.63,40.96,0,39.63
2022-04-28,118,11,34.1,34.1,27.0,58,5.51,924.0,31.58,41.94,41.62,0,40.88
2022-04-29,119,11,33.7,34.0,27.4,64,5.54,922.0,31.945,41.96,43.02,0,42.57
2022-04-30,120,12,34.6,34.9,27.3,62,5.77,971.0,32.568,43.26,44.81,0,45.23
2022-05-01,121,11,35.2,35.2,28.0,56,5.69,916.0,32.301,43.28,43.74,0,45.17
2022-05-02,122,10,34.5,34.5,28.3,59,2.5,800.0,32.583,43.82,43.14,0,46.22
2022-05-03,123,11,34.0,34.3,28.6,65,5.52,890.0,32.312,42.42,44.38,0,45.50
2022-05-04,124,11,33.1,33.4,27.9,66,5.46,888.0,31.59,41.16,42.1,0,41.57
2022-05-05,125,11,33.3,33.4,27.3,64,4.1,853.0,31.722,41.73,41.86,0,41.43
2022-05-06,126,11,34.3,34.9,27.9,63,5.27,903.0,32.401,42.75,44.37,0,45.09
2022-05-07,127,10,34.4,34.7,27.3,55,1.08,788.0,32.881,44.13,41.19,0,45.11
2022-05-08,128,10,34.9,35.1,27.8,54,0.32,680.0,34.137,43.78,42.06,0,48.14
2022-05-09,129,14,35.7,35.8,27.9,39,1.77,377.0,30.227,41.67,38.22,0,37.91
2022-05-10,130,17,29.6,30.9,26.4,77,6.77,57.0,27.801,30.85,35.71,0,22.83
2022-05-11,131,13,32.7,34.1,25.4,54,5.66,297.0,28.81,36.27,36.84,0,27.91
2022-05-12,132,11,32.2,32.2,25.0,51,5.19,392.0,28.202,36.21,34.99,0,25.56
2022-05-13,133,13,33.6,33.6,24.9,54,2.01,722.0,31.183,42.18,38.86,0,36.83
2022-05-14,134,12,34.6,34.6,26.0,56,0.45,865.0,34.71,45.16,42.12,0,48.13
2022-05-15,135,14,32.9,34.0,25.7,73,3.33,733.0,32.388,42.30,44.46,0,42.21
2022-05-16,136,11,32.9,32.9,26.3,61,0.78,792.0,32.7,43.04,39.62,0,42.23
2022-05-17,137,10,31.9,32.1,26.3,68,2.8,746.0,31.034,40.79,39.41,0,37.38
2022-05-18,138,11,32.3,32.3,26.2,63,4.18,827.0,30.613,40.09,38.77,0,35.73
2022-05-19,139,14,33.9,33.9,27.4,51,6.05,766.0,30.221,40.32,38.51,0,36.45
2022-05-20,140,15,32.8,34.7,26.2,63,4.3,617.0,30.745,39.72,40.09,0,36.20
2022-05-21,141,13,35.9,35.9,27.2,38,6.73,869.0,30.136,42.71,38.28,0,37.70
2022-05-22,142,14,37.5,37.5,28.2,39,3.91,742.0,31.918,44.75,41.88,1,46.71
2022-05-23,143,12,36.5,36.5,28.3,42,1.4,945.0,32.917,45.99,40.93,0,47.59
2022-05-24,144,11,36.3,36.3,27.8,43,0.81,837.0,33.404,45.56,40.89,0,47.60
2022-05-25,145,11,35.7,35.8,27.8,48,1.41,839.0,32.884,45.11,41.54,0,46.54
2022-05-26,146,13,35.6,35.7,28.0,46,3.86,840.0,31.492,43.26,40.5,0,42.42
2022-05-27,147,11,37.0,37.0,27.0,36,1.49,884.0,32.176,45.80,39.7,1,45.74
2022-05-28,148,14,34.7,37.3,28.0,64,5.1,554.0,32.435,41.98,46.09,2,48.69
2022-05-29,149,13,36.0,37.6,28.5,53,4.36,883.0,32.799,44.37,44.53,3,52.77
2022-05-30,150,13,34.9,36.7,28.0,64,4.88,840.0,33.067,43.69,46.73,0,48.02
2022-05-31,151,11,36.4,36.4,28.3,42,0.9,881.0,33.291,45.75,40.71,0,48.04
2022-06-01,152,12,37.2,37.3,28.0,40,2.13,922.0,32.674,46.23,41.64,1,48.89
2022-06-02,153,12,37.7,37.7,28.2,38,1.58,885.0,33.048,46.77,41.89,2,51.98
2022-06-03,154,11,36.9,36.9,28.7,42,0.71,888.0,34.102,46.45,41.81,0,50.95
2022-06-04,155,10,35.5,35.6,28.8,47,0.57,760.0,33.61,44.73,40.67,0,48.48
2022-06-05,156,12,35.5,36.4,28.6,58,3.85,912.0,33.155,44.61,45.55,0,49.11
2022-06-06,157,15,33.8,35.3,24.8,64,3.64,644.0,31.968,41.81,43.32,0,39.59
2022-06-07,158,12,36.4,36.4,26.4,43,3.19,889.0,31.99,44.68,41.11,0,42.74
2022-06-08,159,14,36.5,37.5,28.5,50,3.91,790.0,32.791,44.57,44.43,1,49.53
2022-06-09,160,12,34.3,35.4,28.5,61,4.55,918.0,32.29,42.85,43.46,0,45.32
2022-06-10,161,14,34.8,36.7,28.4,63,4.4,801.0,32.876,43.43,45.91,0,47.64
2022-06-11,162,13,34.6,36.7,28.7,60,4.43,880.0,32.416,43.08,43.87,0,46.10
2022-06-12,163,12,34.0,35.2,28.8,61,4.47,911.0,32.017,42.43,42.6,0,44.53
2022-06-13,164,11,34.6,34.8,27.4,49,3.2,861.0,31.218,42.74,39.38,0,40.41
2022-06-14,165,11,35.7,35.7,26.4,45,1.78,839.0,32.18,44.64,40.34,0,42.79
2022-06-15,166,11,32.7,32.7,25.8,57,1.51,864.0,31.324,42.33,37.77,0,37.85
2022-06-16,167,10,32.2,32.5,25.4,63,0.32,763.0,33.038,41.76,38.51,0,40.48
2022-06-17,168,9,30.3,30.8,24.9,71,0.73,565.0,30.845,39.77,36.04,0,33.40
2022-06-18,169,11,31.2,31.2,26.4,70,4.37,841.0,30.364,39.17,38.14,0,34.59
2022-06-19,170,12,32.8,32.8,25.8,63,2.6,871.0,31.573,42.19,40.09,0,39.08
2022-06-20,171,11,33.2,33.2,25.6,55,1.04,834.0,31.936,42.88,38.27,0,39.35
2022-06-21,172,13,33.2,33.2,26.1,57,2.11,716.0,31.14,41.85,38.95,0,37.94
2022-06-22,173,15,31.6,33.1,26.4,75,4.09,617.0,31.018,39.45,41.02,0,37.10
2022-06-23,174,13,32.3,32.5,26.4,68,3.58,881.0,31.406,41.24,40.55,0,38.95
2022-06-24,175,14,33.1,33.5,27.7,58,2.27,733.0,31.135,41.77,39.06,0,39.78
2022-06-25,176,13,34.6,34.6,26.2,48,4.96,848.0,30.693,41.64,39.02,0,37.08
2022-06-26,177,14,34.4,35.0,27.5,49,1.7,718.0,31.401,42.90,38.93,0,40.82
2022-06-27,178,14,33.5,33.5,28.0,51,0.76,608.0,31.511,41.89,37.63,0,40.40
2022-06-28,179,12,33.2,33.2,26.9,51,1.63,785.0,30.77,42.00,37.0,0,37.56
2022-06-29,180,13,34.8,34.8,27.2,50,0.61,889.0,33.655,44.76,40.2,0,46.54
2022-06-30,181,14,34.5,35.1,27.2,49,0.81,756.0,32.469,43.61,39.15,0,43.08
2022-07-01,182,12,35.1,35.1,26.3,51,3.36,886.0,31.938,43.54,41.32,0,41.78
2022-07-02,183,15,34.4,34.9,26.3,50,1.35,569.0,31.435,42.42,39.28,0,39.27
2022-07-03,184,15,34.0,34.4,25.2,52,0.67,579.0,32.168,42.46,39.08,0,39.32
2022-07-04,185,13,34.3,34.3,27.0,49,5.79,724.0,30.286,40.55,38.71,0,36.35
2022-07-05,186,14,32.1,32.2,26.4,56,5.01,511.0,28.972,37.25,36.13,0,29.82
2022-07-06,187,13,30.7,30.8,25.7,64,3.77,365.0,28.507,35.92,35.19,0,26.82
2022-07-07,188,12,33.0,33.0,25.3,56,4.37,773.0,30.296,40.08,38.14,0,33.83
2022-07-08,189,12,32.2,33.1,26.7,55,4.97,637.0,29.145,38.01,36.06,0,31.02
2022-07-09,190,11,30.3,30.9,25.9,63,5.58,521.0,28.085,35.22,34.08,0,25.33
2022-07-10,191,14,34.9,34.9,25.7,45,5.94,751.0,30.275,41.20,38.62,0,35.25
2022-07-11,192,13,33.0,33.0,27.2,51,6.04,654.0,29.259,38.57,36.58,0,32.42
2022-07-12,193,14,35.1,35.1,26.7,43,6.55,722.0,30.055,41.21,38.36,0,35.91
2022-07-13,194,14,35.7,35.7,28.0,39,5.7,636.0,29.936,41.38,38.22,0,37.27
2022-07-14,195,13,35.8,35.9,27.9,40,6.89,840.0,30.319,42.57,38.75,0,38.94
2022-07-15,196,15,36.2,36.6,27.6,38,3.06,596.0,30.579,42.77,38.85,0,39.26
2022-07-16,197,13,36.7,36.7,27.1,40,3.96,816.0,31.487,44.10,40.58,0,42.00
2022-07-17,198,15,32.6,34.3,26.3,64,2.31,329.0,30.494,39.40,39.91,0,35.54
2022-07-18,199,15,30.7,31.8,25.8,70,2.5,380.0,29.467,37.71,36.8,0,30.64
2022-07-19,200,12,33.4,33.4,26.2,54,0.51,902.0,33.259,43.59,38.4,0,43.11
2022-07-20,201,12,32.1,32.2,25.9,67,3.13,880.0,31.221,41.24,39.62,0,37.67
2022-07-21,202,11,32.6,32.6,24.7,64,0.22,853.0,33.809,42.13,39.91,0,41.91
2022-07-22,203,14,30.8,30.8,25.1,70,0.5,606.0,31.856,40.64,37.07,0,36.55
2022-07-23,204,13,32.0,32.2,24.8,64,0.82,846.0,32.28,42.45,38.33,0,38.78
2022-07-24,205,13,31.4,31.4,25.0,63,0.63,583.0,31.228,40.47,36.55,0,34.93
2022-07-25,206,12,32.3,32.4,25.6,57,2.05,882.0,30.643,41.54,36.86,0,35.42
2022-07-26,207,13,30.9,30.9,25.1,67,2.18,687.0,30.094,39.71,36.47,0,32.33
2022-07-27,208,12,30.2,30.2,25.2,71,3.33,870.0,29.794,38.91,35.79,0,31.05
2022-07-28,209,10,30.4,31.1,25.4,73,0.95,712.0,31.243,40.70,36.85,0,35.71
2022-07-29,210,9,29.1,29.6,24.9,80,1.21,502.0,29.906,38.56,35.02,0,30.37
2022-07-30,211,12,31.8,31.8,26.3,63,1.77,907.0,31.107,41.77,37.51,0,37.52
2022-07-31,212,9,30.1,31.2,25.6,72,0.45,581.0,31.453,39.85,35.79,0,35.33
2022-08-01,213,10,31.8,32.4,25.1,65,0.28,748.0,32.849,41.19,38.14,0,39.22
2022-08-02,214,13,31.6,31.9,25.1,67,2.84,643.0,30.442,39.77,38.26,0,33.70
2022-08-03,215,16,28.2,28.2,24.5,77,0.6,258.0,28.49,35.85,32.12,0,24.19
2022-08-04,216,12,30.4,30.4,24.4,73,0.73,733.0,31.651,40.93,36.85,0,35.47
2022-08-05,217,12,30.7,30.7,25.0,65,5.06,608.0,28.884,36.60,35.45,0,27.30
2022-08-06,218,16,29.6,29.8,26.5,75,2.95,252.0,28.521,35.34,35.23,0,27.38
2022-08-07,219,12,31.8,31.8,26.4,58,5.87,707.0,29.134,37.74,36.04,0,30.45
2022-08-08,220,13,32.8,33.1,27.1,54,5.81,653.0,29.488,38.54,37.05,0,32.89
2022-08-09,221,15,34.4,34.5,27.2,44,5.82,564.0,29.439,39.54,37.29,0,33.73
2022-08-10,222,15,34.2,34.2,26.7,46,6.23,648.0,29.628,39.81,37.51,0,33.77
2022-08-11,223,14,35.6,35.7,26.2,40,5.28,627.0,30.043,41.32,38.36,0,35.38
2022-08-12,224,14,35.4,35.4,27.6,42,4.2,753.0,30.526,42.16,38.63,0,38.64
2022-08-13,225,14,35.2,35.2,27.4,46,3.3,773.0,31.168,42.80,39.62,0,40.45
2022-08-14,226,14,33.7,33.9,27.1,50,0.5,618.0,32.163,42.20,37.74,0,40.84
2022-08-15,227,13,32.2,33.3,26.5,64,4.1,882.0,30.73,40.33,38.85,0,36.50
2022-08-16,228,12,31.7,32.2,27.0,69,5.02,915.0,30.712,39.71,39.2,0,36.73
2022-08-17,229,12,32.8,32.8,25.6,55,2.79,931.0,30.614,41.59,37.36,0,35.58
2022-08-18,230,12,33.7,33.7,26.7,54,1.84,844.0,31.597,42.98,39.09,0,40.37
2022-08-19,231,13,33.5,33.5,25.2,55,1.1,769.0,31.989,42.92,38.97,0,39.28
2022-08-20,232,13,34.7,34.7,27.5,47,1.86,842.0,31.537,43.57,38.89,0,41.54
2022-08-21,233,14,31.7,33.3,25.6,75,4.34,664.0,31.147,39.65,41.34,0,36.67
2022-08-22,234,14,34.5,34.5,25.7,49,1.71,785.0,31.62,43.33,39.15,0,39.53
2022-08-23,235,13,33.8,34.0,25.9,54,1.41,920.0,32.144,43.69,39.33,0,41.08
2022-08-24,236,14,31.0,31.8,24.7,72,0.41,623.0,32.464,41.01,38.21,0,37.93
2022-08-25,237,12,33.1,33.1,25.0,57,2.2,946.0,31.412,42.66,38.71,0,37.67
2022-08-26,238,12,32.5,32.5,24.3,58,1.66,884.0,31.19,42.17,37.62,0,35.67
2022-08-27,239,11,31.5,31.5,24.5,66,1.12,721.0,31.326,41.31,37.69,0,35.57
2022-08-28,240,11,31.8,31.8,24.8,66,1.7,898.0,31.487,42.06,38.47,0,37.06
2022-08-29,241,12,31.2,31.2,25.2,68,1.75,930.0,31.172,41.59,37.52,0,36.24
2022-08-30,242,9,29.5,30.3,24.3,75,1.14,567.0,30.005,38.96,34.96,0,30.13
2022-08-31,243,13,28.3,28.8,25.3,81,2.91,745.0,28.941,37.27,33.04,0,27.35
2022-09-01,244,10,27.7,28.2,24.5,82,1.24,618.0,29.027,37.67,31.64,0,26.34
2022-09-02,245,12,30.0,30.0,24.5,70,3.69,912.0,29.463,38.43,35.04,0,28.98
2022-09-03,246,10,30.8,31.2,25.6,67,1.32,759.0,30.671,40.61,36.22,0,34.56
2022-09-04,247,11,31.4,31.4,25.8,64,1.17,839.0,31.216,41.50,36.84,0,36.70
2022-09-05,248,11,31.4,31.7,25.3,65,0.72,862.0,32.066,41.94,37.13,0,38.14
2022-09-06,249,10,30.9,31.2,25.2,68,0.32,780.0,32.443,40.75,36.75,0,37.74
2022-09-07,250,12,30.9,31.1,25.8,67,0.61,563.0,31.193,40.16,36.47,0,35.55
2022-09-08,251,16,29.1,29.1,25.0,74,2.72,291.0,28.087,35.17,33.74,0,24.13
2022-09-09,252,14,32.0,32.0,25.3,61,2.93,674.0,30.147,39.82,37.38,0,33.08
2022-09-10,253,13,31.4,31.4,25.1,62,4.29,531.0,29.176,37.31,36.26,0,28.79
2022-09-11,254,15,32.3,32.3,26.8,57,3.36,402.0,29.314,37.97,36.86,0,31.73
2022-09-12,255,15,31.8,32.7,26.0,66,5.18,572.0,29.964,37.94,38.47,0,32.60
2022-09-13,256,12,33.0,33.0,26.2,53,3.13,971.0,30.487,41.57,37.18,0,35.96
2022-09-14,257,12,32.7,32.7,26.6,62,3.21,922.0,31.235,41.66,39.46,0,38.76
2022-09-15,258,15,31.6,32.8,25.3,71,3.35,621.0,30.726,39.61,39.6,0,34.85
2022-09-16,259,12,33.5,33.5,26.3,51,1.63,895.0,31.254,42.83,37.63,0,38.61
2022-09-17,260,13,33.9,33.9,26.7,51,1.84,892.0,31.471,43.17,38.51,0,40.05
2022-09-18,261,13,33.7,33.8,27.1,52,0.67,811.0,32.572,43.25,38.4,0,42.62
2022-09-19,262,14,34.0,34.0,26.6,47,2.0,598.0,30.358,41.47,37.42,0,36.20
2022-09-20,263,14,34.8,34.8,26.8,40,1.88,791.0,30.488,42.92,36.85,0,37.52
2022-09-21,264,13,34.8,34.8,25.8,38,1.12,904.0,31.022,43.58,36.28,0,37.62
2022-09-22,265,14,34.9,35.5,27.1,37,1.02,795.0,30.83,43.16,36.19,0,38.44
2022-09-23,266,13,34.2,34.3,26.4,41,0.72,846.0,31.459,42.98,36.04,0,38.63
2022-09-24,267,12,34.3,34.3,27.0,43,1.49,889.0,30.951,43.19,36.79,0,38.80
2022-09-25,268,11,34.1,34.1,26.3,45,2.55,876.0,30.45,42.38,37.0,0,36.53
2022-09-26,269,13,33.1,33.5,26.3,54,1.2,878.0,31.626,42.78,37.72,0,39.31
2022-09-27,270,11,32.7,32.7,25.3,54,2.13,838.0,30.517,41.53,36.84,0,34.82
2022-09-28,271,13,31.9,32.1,25.0,65,0.36,788.0,33.07,41.92,38.4,0,40.15
2022-09-29,272,16,31.9,32.0,24.1,58,0.61,225.0,29.695,38.11,36.26,0,29.18
2022-09-30,273,14,29.9,30.1,25.0,65,2.94,445.0,28.195,36.29,33.67,0,25.12
2022-10-01,274,14,29.4,29.4,25.3,71,5.5,401.0,27.922,33.89,33.83,0,23.28
2022-10-02,275,13,31.8,32.1,26.5,60,3.86,492.0,29.31,37.75,36.61,0,31.12
2022-10-03,276,11,32.7,33.6,26.8,55,4.6,654.0,29.682,38.92,37.14,0,33.21
2022-10-04,277,14,33.9,33.9,26.1,46,3.94,616.0,29.619,39.99,36.91,0,32.97
2022-10-05,278,10,28.4,28.5,25.5,79,0.99,277.0,28.556,36.22,32.94,0,26.06
2022-10-06,279,13,30.3,30.7,24.1,68,1.98,832.0,30.005,39.90,35.27,0,30.69
2022-10-07,280,11,28.2,28.2,23.8,78,1.97,568.0,28.539,37.00,32.28,0,24.36
2022-10-08,281,12,28.6,29.7,25.3,79,1.43,676.0,29.581,38.60,33.46,0,29.67
2022-10-09,282,10,28.5,28.5,24.1,77,1.98,683.0,28.962,37.84,32.84,0,26.33
2022-10-10,283,9,27.7,29.0,23.9,82,0.76,458.0,29.094,37.09,31.64,0,25.35
2022-10-11,284,13,29.4,29.4,24.8,71,3.2,811.0,28.977,37.80,33.83,0,27.51
2022-10-12,285,11,30.2,30.4,25.5,72,1.84,819.0,30.404,40.20,36.05,0,33.58
2022-10-13,286,9,29.3,30.0,24.2,73,0.22,599.0,30.86,37.94,34.02,0,30.54
2022-10-14,287,10,29.3,29.3,23.9,76,1.7,706.0,29.828,39.08,34.67,0,29.30
2022-10-15,288,11,29.7,29.7,23.9,73,2.88,826.0,29.598,38.70,35.01,0,28.72
2022-10-16,289,10,29.1,29.6,24.2,77,1.61,693.0,29.769,38.94,34.36,0,29.33
2022-10-17,290,12,29.2,29.3,24.0,77,2.8,827.0,29.569,38.51,34.63,0,28.51
2022-10-18,291,12,30.8,30.8,24.0,71,2.92,844.0,30.448,39.95,37.36,0,32.22
2022-10-19,292,12,30.6,30.6,23.4,71,3.77,809.0,29.978,38.78,36.82,0,29.59
2022-10-20,293,11,29.7,30.2,23.9,73,2.92,685.0,29.35,38.02,35.01,0,27.76
2022-10-21,294,12,29.2,29.4,23.6,73,3.22,840.0,29.039,37.82,33.77,0,26.22
2022-10-22,295,10,29.9,29.9,22.9,65,6.96,679.0,28.029,35.36,33.67,0,21.68
2022-10-23,296,14,31.3,31.5,24.2,48,3.9,737.0,27.768,37.60,32.71,0,23.97
2022-10-24,297,13,31.5,31.5,21.7,40,0.92,886.0,28.698,40.08,31.58,0,24.52
2022-10-25,298,13,31.5,31.5,20.4,41,0.85,880.0,28.939,40.14,31.74,0,25.08
2022-10-26,299,10,29.7,30.3,21.8,57,1.6,779.0,28.324,38.49,31.73,0,22.73
2022-10-27,300,13,29.8,29.8,23.1,61,5.14,834.0,27.893,36.21,32.65,0,21.89
2022-10-28,301,10,28.5,28.5,23.1,72,3.75,612.0,27.774,35.30,31.99,0,20.76
2022-10-29,302,11,30.2,30.3,25.5,58,6.16,688.0,27.598,35.47,32.81,0,23.66
2022-10-30,303,12,30.1,30.3,26.0,60,6.57,868.0,27.919,36.22,33.02,0,25.47
2022-10-31,304,11,25.8,26.2,24.0,83,5.59,231.0,25.309,28.42,26.2,0,10.33
2022-11-01,305,16,25.7,25.7,23.3,92,2.75,63.0,25.713,29.61,26.21,0,11.14
2022-11-02,306,10,25.3,25.3,23.0,86,3.89,183.0,25.12,28.98,25.72,0,9.21
2022-11-03,307,10,26.9,26.9,22.6,81,3.14,378.0,26.811,33.22,29.61,0,15.98
2022-11-04,308,13,28.1,28.1,23.3,78,3.89,663.0,28.07,35.38,32.03,0,21.63
2022-11-05,309,9,27.8,29.2,24.3,81,1.12,522.0,28.877,37.26,31.75,0,25.58
2022-11-06,310,10,29.4,29.6,24.8,64,5.52,731.0,27.668,35.24,32.44,0,22.67
2022-11-07,311,10,27.8,27.9,24.0,77,4.08,514.0,27.392,33.94,31.19,0,19.81
2022-11-08,312,13,28.2,28.2,23.9,75,5.49,712.0,27.684,34.36,31.8,0,20.78
2022-11-09,313,10,28.6,29.3,24.5,72,4.95,659.0,27.749,34.71,32.21,0,22.00
2022-11-10,314,12,29.0,29.2,23.5,68,6.38,763.0,27.672,34.84,32.36,0,20.85
2022-11-11,315,12,25.4,25.7,23.8,91,6.37,158.0,25.453,27.16,25.89,0,9.46
2022-11-12,316,13,26.2,26.2,23.8,85,4.3,263.0,26.083,30.47,26.65,0,13.04
2022-11-13,317,10,26.7,26.8,23.0,83,3.09,359.0,26.78,33.05,29.32,0,16.15
2022-11-14,318,11,27.0,27.0,23.3,81,3.78,550.0,27.135,33.75,29.83,0,17.87
2022-11-15,319,9,28.1,29.0,22.6,78,3.3,506.0,27.911,35.12,32.03,0,20.32
2022-11-16,320,11,28.6,28.8,22.6,61,3.77,698.0,26.818,35.13,30.51,0,17.70
2022-11-17,321,11,28.2,28.4,21.1,63,4.95,709.0,26.479,33.90,30.12,0,15.33
2022-11-18,322,10,27.8,28.6,21.2,70,5.42,692.0,26.761,33.46,30.28,0,15.60
2022-11-19,323,9,27.0,28.9,21.3,73,4.74,510.0,26.112,32.09,29.11,0,12.95
2022-11-20,324,9,25.7,26.9,21.2,65,4.97,373.0,23.785,28.90,25.86,0,5.47
2022-11-21,325,11,24.3,24.4,19.8,69,6.36,541.0,23.013,27.70,24.44,0,3.14
2022-11-22,326,13,24.0,24.1,21.4,88,5.08,277.0,24.164,27.22,24.38,0,4.97
2022-11-23,327,13,28.2,28.2,22.6,74,3.1,557.0,27.737,35.43,31.65,0,20.08
2022-11-24,328,12,28.2,28.2,22.8,77,2.57,860.0,28.739,37.69,32.12,0,24.01
2022-11-25,329,11,28.3,28.6,22.9,76,1.77,768.0,28.947,38.13,32.19,0,24.86
2022-11-26,330,10,28.0,28.3,23.3,77,2.33,602.0,28.169,36.49,31.65,0,22.48
2022-11-27,331,12,28.7,28.7,23.0,73,2.31,780.0,28.771,37.88,32.6,0,24.62
2022-11-28,332,10,27.6,28.3,22.7,74,1.96,629.0,27.684,36.34,30.38,0,20.28
2022-11-29,333,11,28.3,28.3,21.7,60,3.78,770.0,26.537,35.07,29.9,0,16.20
2022-11-30,334,13,28.2,28.3,21.3,69,3.33,710.0,27.426,35.65,30.92,0,18.68
2022-12-01,335,11,27.4,27.9,24.1,80,2.47,651.0,27.939,36.13,30.65,0,22.34
2022-12-02,336,12,29.0,29.0,23.7,72,3.98,787.0,28.482,36.55,33.1,0,24.12
2022-12-03,337,13,27.9,28.1,23.8,78,4.25,672.0,27.825,34.85,31.56,0,21.19
2022-12-04,338,11,29.0,29.0,24.2,71,5.52,667.0,27.963,34.88,32.91,0,22.44
2022-12-05,339,12,29.0,29.0,24.8,68,4.88,788.0,27.895,35.60,32.36,0,23.33
2022-12-06,340,11,28.6,28.7,23.9,64,5.59,698.0,26.863,34.04,30.94,0,18.67
2022-12-07,341,12,27.5,27.7,23.3,67,6.87,484.0,25.715,31.15,29.42,0,13.16
2022-12-08,342,12,24.9,25.0,21.3,73,7.73,255.0,23.395,25.85,25.13,0,2.63
2022-12-09,343,11,25.2,25.2,20.4,86,6.91,250.0,24.972,27.30,25.61,0,6.55
2022-12-10,344,14,26.7,26.7,23.2,69,7.39,422.0,25.031,29.66,28.29,0,10.25
2022-12-11,345,15,26.5,26.5,23.3,80,3.05,361.0,26.301,32.65,26.9,0,14.44
2022-12-12,346,14,26.0,26.0,23.9,83,5.49,340.0,25.749,29.75,26.41,0,12.01
2022-12-13,347,12,28.5,28.5,23.4,72,4.27,752.0,27.897,35.53,31.99,0,21.51
2022-12-14,348,12,28.4,28.4,22.8,74,4.09,753.0,28.046,35.71,32.09,0,21.26
2022-12-15,349,12,27.6,27.6,22.3,67,2.86,791.0,26.909,35.72,29.58,0,17.61
2022-12-16,350,12,27.9,28.0,21.3,67,3.3,786.0,27.059,35.57,30.1,0,17.62
2022-12-17,351,12,28.3,28.3,22.6,68,4.31,792.0,27.333,35.18,30.97,0,18.88
2022-12-18,352,11,27.8,27.8,23.9,68,6.66,687.0,26.409,32.83,30.04,0,16.61
2022-12-19,353,11,28.4,28.4,23.5,59,5.41,652.0,26.082,33.35,29.93,0,15.86
2022-12-20,354,13,27.7,27.7,22.5,68,6.46,678.0,26.322,32.71,29.87,0,14.66
2022-12-21,355,11,28.1,28.2,23.4,67,6.56,746.0,26.673,33.48,30.46,0,17.15
2022-12-22,356,12,27.9,27.9,23.4,64,6.28,626.0,26.031,32.51,29.75,0,14.97
2022-12-23,357,13,27.9,27.9,22.7,66,7.16,700.0,26.263,32.81,29.98,0,14.90
2022-12-24,358,12,28.2,28.2,23.2,68,7.45,667.0,26.694,33.13,30.78,0,16.82
2022-12-25,359,11,26.5,27.0,24.1,83,4.53,555.0,26.733,32.60,26.94,0,16.15
2022-12-26,360,11,28.2,28.2,23.6,76,4.3,649.0,27.865,34.92,31.96,0,21.23
2022-12-27,361,12,27.3,27.5,24.1,81,3.14,706.0,27.837,35.62,30.53,0,21.74
2022-12-28,362,12,28.5,28.5,22.7,72,2.91,763.0,28.231,36.88,31.99,0,22.30
2022-12-29,363,10,27.8,28.6,22.4,75,0.86,572.0,28.698,37.21,30.92,0,22.67
2022-12-30,364,11,28.7,29.1,22.2,69,0.22,750.0,30.37,37.57,31.92,0,26.23
2022-12-31,365,11,28.1,28.7,22.3,68,0.64,752.0,29.164,38.03,30.59,0,23.91
2023-01-01,1,11,27.7,28.6,21.3,71,0.1,761.0,29.664,36.00,30.22,0,22.90
2023-01-02,2,12,28.2,28.2,21.8,64,2.62,815.0,27.275,36.56,30.24,0,18.79
2023-01-03,3,12,27.8,27.8,22.0,62,4.65,780.0,26.142,33.93,29.37,0,14.43
2023-01-04,4,12,27.4,27.6,22.0,66,4.53,767.0,26.196,33.71,29.15,0,14.30
2023-01-05,5,13,28.5,28.5,25.0,60,5.78,763.0,26.393,33.92,30.21,0,18.71
2023-01-06,6,12,28.1,28.1,24.4,62,6.72,767.0,26.144,33.26,29.83,0,16.92
2023-01-07,7,12,28.0,28.0,23.7,62,6.01,770.0,26.13,33.35,29.68,0,16.09
2023-01-08,8,11,27.2,27.2,22.2,65,5.11,661.0,25.663,32.46,28.75,0,12.47
2023-01-09,9,12,27.0,27.0,21.8,54,4.46,841.0,24.642,33.06,27.67,0,10.34
2023-01-10,10,12,27.2,27.3,20.0,55,4.44,814.0,24.902,33.22,27.96,0,11.05
2023-01-11,11,12,27.6,27.6,19.3,58,3.32,828.0,25.865,34.91,28.69,0,14.36
2023-01-12,12,11,27.2,27.6,19.9,61,3.06,750.0,25.768,34.54,28.42,0,13.81
2023-01-13,13,11,27.6,28.0,18.8,53,2.34,784.0,25.557,35.44,28.26,0,14.01
2023-01-14,14,12,27.6,27.6,19.1,60,2.41,845.0,26.412,36.03,28.88,0,16.28
2023-01-15,15,12,27.3,27.3,18.6,57,2.83,834.0,25.632,35.07,28.23,0,13.87
2023-01-16,16,13,27.4,27.4,18.2,56,4.02,845.0,25.321,34.00,28.27,0,12.52
2023-01-17,17,13,28.1,28.1,20.2,51,3.32,819.0,25.515,35.05,28.66,0,13.80
2023-01-18,18,13,28.3,28.4,20.0,47,3.0,726.0,25.157,34.93,28.51,0,12.98
2023-01-19,19,12,28.3,28.4,19.5,48,3.8,843.0,25.259,34.80,28.6,0,13.10
2023-01-20,20,13,27.4,27.4,22.0,66,5.0,749.0,26.097,33.28,29.15,0,13.79
2023-01-21,21,12,29.1,29.1,22.8,52,5.31,824.0,26.166,34.74,30.05,0,16.25
2023-01-22,22,12,28.3,28.3,22.4,56,4.92,773.0,25.889,33.97,29.43,0,14.47
2023-01-23,23,11,28.7,28.7,24.5,61,5.37,727.0,26.694,34.24,30.68,0,19.10
2023-01-24,24,12,28.0,28.0,23.3,61,3.98,818.0,26.397,34.83,29.56,0,17.15
2023-01-25,25,12,28.0,28.0,22.3,55,4.46,846.0,25.675,34.25,28.92,0,13.96
2023-01-26,26,13,29.3,29.3,21.5,49,3.81,811.0,26.229,35.78,29.93,0,16.15
2023-01-27,27,13,28.6,28.7,21.2,52,4.36,826.0,25.867,34.77,29.38,0,14.52
2023-01-28,28,12,28.9,28.9,21.1,55,4.81,833.0,26.423,34.98,30.16,0,16.01
2023-01-29,29,12,28.5,28.5,22.7,59,6.33,741.0,26.192,33.57,30.08,0,15.35
2023-01-30,30,13,28.8,29.0,24.1,64,6.45,813.0,27.102,34.55,31.3,0,19.86
2023-01-31,31,11,27.6,27.9,24.4,71,5.38,413.0,26.237,31.65,30.03,0,16.01
2023-02-01,32,11,28.7,28.7,24.9,64,6.35,589.0,26.723,33.32,31.12,0,19.12
2023-02-02,33,12,29.0,29.0,25.6,61,6.48,770.0,26.901,34.42,31.19,0,21.10
2023-02-03,34,12,29.1,29.1,25.8,62,6.06,819.0,27.213,34.95,31.53,0,22.43
2023-02-04,35,11,28.9,29.0,23.5,61,4.82,790.0,27.045,35.10,31.02,0,19.35
2023-02-05,36,12,28.7,28.7,21.0,60,4.58,866.0,26.889,35.31,30.54,0,17.28
2023-02-06,37,12,28.6,28.6,20.8,65,4.3,854.0,27.382,35.64,31.09,0,18.65
2023-02-07,38,12,29.4,29.4,20.8,59,2.73,900.0,27.936,37.83,31.56,0,21.45
2023-02-08,39,12,29.0,29.1,22.1,60,3.07,899.0,27.563,37.11,31.03,0,20.15
2023-02-09,40,11,28.7,28.8,21.5,65,3.01,805.0,27.709,36.73,31.27,0,20.12
2023-02-10,41,10,28.7,31.3,20.4,59,0.22,701.0,29.116,36.58,30.4,0,22.35
2023-02-11,42,10,27.8,30.0,21.2,60,0.67,667.0,27.709,36.73,29.16,0,19.33
2023-02-12,43,11,29.6,30.2,19.7,50,1.28,855.0,27.818,38.47,30.47,0,21.29
2023-02-13,44,10,27.6,29.4,20.0,63,1.1,695.0,27.286,36.63,29.17,0,18.47
2023-02-14,45,12,29.2,29.2,19.6,62,3.51,924.0,27.886,37.14,31.71,0,20.92
2023-02-15,46,10,28.2,30.1,20.7,58,0.14,723.0,28.613,35.49,29.52,0,20.28
2023-02-16,47,10,27.6,29.2,20.1,65,1.25,650.0,27.245,36.44,29.37,0,18.33
2023-02-17,48,12,29.1,29.1,19.4,53,3.58,925.0,26.745,36.47,30.18,0,17.71
2023-02-18,49,12,29.4,29.5,20.8,57,3.61,892.0,27.433,36.85,31.23,0,19.67
2023-02-19,50,12,29.5,29.6,22.2,59,3.72,896.0,27.734,37.00,31.73,0,20.77
2023-02-20,51,10,28.8,30.8,20.4,53,0.73,696.0,27.802,37.37,29.76,0,20.20
2023-02-21,52,10,30.1,31.5,20.8,46,0.71,735.0,28.263,38.42,30.59,0,22.13
2023-02-22,53,9,28.4,31.0,21.0,56,0.63,530.0,27.464,36.32,29.57,0,18.73
2023-02-23,54,12,30.4,30.4,20.7,47,3.35,957.0,27.287,37.95,31.16,0,20.16
2023-02-24,55,11,29.6,30.1,20.7,47,2.5,892.0,26.761,37.55,30.06,0,18.47
2023-02-25,56,10,29.0,30.8,19.6,54,0.7,749.0,28.308,37.92,30.17,0,21.70
2023-02-26,57,9,26.1,29.5,19.9,73,0.1,470.0,27.304,33.17,26.39,0,15.19
2023-02-27,58,10,29.7,31.7,20.7,45,2.2,757.0,26.491,37.19,29.93,0,17.65
2023-02-28,59,13,30.1,30.2,23.1,59,4.84,901.0,28.075,36.91,32.82,0,22.81
2023-03-01,60,11,30.4,30.7,25.0,56,4.12,881.0,28.106,37.49,32.77,0,25.48
2023-03-02,61,11,30.4,30.6,21.7,41,3.1,910.0,26.502,37.67,30.29,0,18.16
2023-03-03,62,10,29.8,30.7,21.5,51,3.11,752.0,27.004,36.78,30.91,0,18.70
2023-03-04,63,11,30.9,31.2,21.3,48,3.31,890.0,27.777,38.31,32.08,0,21.69
2023-03-05,64,12,31.0,31.1,22.3,48,4.25,967.0,27.75,38.03,32.23,0,21.85
2023-03-06,65,10,29.8,31.0,22.3,56,2.3,744.0,27.86,37.79,31.73,0,21.69
2023-03-07,66,11,30.1,30.4,22.0,57,3.2,871.0,28.156,37.93,32.43,0,22.26
2023-03-08,67,10,29.5,30.6,23.4,59,3.13,736.0,27.641,36.82,31.73,0,21.86
2023-03-09,68,13,30.3,30.6,23.0,58,4.59,913.0,28.202,37.30,32.99,0,23.27
2023-03-10,69,12,30.2,30.4,23.4,56,3.83,840.0,27.926,37.30,32.42,0,23.01
2023-03-11,70,12,30.5,30.5,22.8,51,4.62,946.0,27.58,37.27,31.99,0,21.47
2023-03-12,71,12,30.8,30.8,23.1,56,4.7,954.0,28.458,37.89,33.51,0,24.49
2023-03-13,72,11,31.4,31.8,23.8,54,3.22,900.0,29.025,39.35,34.19,0,27.69
2023-03-14,73,13,31.0,31.2,23.4,55,3.53,961.0,28.783,38.94,33.67,0,26.27
2023-03-15,74,12,30.7,31.0,24.8,63,5.12,925.0,29.08,37.87,34.94,0,28.17
2023-03-16,75,12,30.9,30.9,25.9,58,4.19,925.0,28.849,38.35,34.16,0,29.07
2023-03-17,76,11,30.3,30.3,24.6,64,3.18,837.0,29.102,38.50,34.31,0,28.19
2023-03-18,77,10,30.4,30.4,24.8,61,4.16,706.0,28.432,36.98,33.83,0,25.89
2023-03-19,78,13,28.5,29.9,23.3,65,1.41,824.0,28.341,38.09,30.91,0,23.68
2023-03-20,79,12,28.9,28.9,23.5,72,4.24,731.0,28.254,35.95,32.88,0,22.94
2023-03-21,80,13,30.3,30.5,24.4,73,5.01,912.0,29.818,38.12,36.58,0,29.89
2023-03-22,81,12,31.9,31.9,24.7,66,3.23,955.0,30.997,41.09,38.73,0,35.41
2023-03-23,82,12,31.3,31.3,25.6,68,5.07,930.0,30.229,39.10,37.79,0,33.22
2023-03-24,83,11,31.9,31.9,26.2,66,4.15,828.0,30.596,39.85,38.73,0,35.50
2023-03-25,84,11,31.5,31.5,26.2,64,3.99,874.0,30.085,39.46,37.08,0,33.64
2023-03-26,85,10,30.7,30.7,26.5,71,4.11,714.0,29.863,38.21,37.09,0,32.68
2023-03-27,86,11,33.0,33.0,25.4,58,3.86,909.0,30.839,41.15,38.81,0,36.00
2023-03-28,87,11,31.9,32.0,25.9,67,4.66,895.0,30.707,39.90,39.07,0,35.53
2023-03-29,88,12,31.1,31.7,26.3,66,5.92,883.0,29.636,38.16,36.68,0,31.83
2023-03-30,89,11,31.6,31.6,24.8,58,4.74,908.0,29.371,38.80,35.61,0,29.64
2023-03-31,90,12,32.1,32.4,24.7,58,5.46,983.0,29.81,39.44,36.71,0,31.22
2023-04-01,91,11,32.3,32.3,26.1,59,4.34,754.0,29.999,39.33,37.47,0,33.42
2023-04-02,92,11,32.9,32.9,26.9,58,4.62,836.0,30.498,40.25,38.57,0,36.36
2023-04-03,93,11,31.3,31.3,27.2,68,5.31,802.0,30.031,38.46,37.79,0,34.25
2023-04-04,94,12,31.6,31.6,27.1,63,5.6,908.0,29.832,38.80,37.03,0,33.72
2023-04-05,95,11,32.7,32.7,26.5,64,5.2,917.0,31.05,40.58,40.18,0,37.78
2023-04-06,96,12,32.5,32.9,26.5,62,5.66,982.0,30.635,40.23,38.94,0,36.28
2023-04-07,97,11,31.8,32.0,25.5,61,3.83,922.0,30.115,39.93,36.91,0,33.16
2023-04-08,98,11,31.4,31.5,25.1,62,3.74,929.0,29.89,39.60,36.26,0,31.79
2023-04-09,99,12,32.4,32.4,25.3,54,3.71,952.0,29.881,40.38,36.2,0,32.54
2023-04-10,100,11,32.1,32.3,25.5,56,3.44,929.0,29.894,40.26,36.13,0,32.69
2023-04-11,101,10,31.8,33.1,25.0,59,2.12,798.0,30.24,40.69,36.32,0,33.14
2023-04-12,102,12,33.8,33.9,23.9,46,3.82,1013.0,30.136,41.74,36.71,0,32.57
2023-04-13,103,12,34.1,34.2,24.5,56,4.56,1004.0,31.578,42.41,40.82,0,38.00
2023-04-14,104,13,34.4,34.8,24.2,57,5.47,986.0,31.809,42.53,42.01,0,38.62
2023-04-15,105,12,34.4,35.3,23.9,58,4.92,996.0,32.036,42.83,42.43,0,39.07
2023-04-16,106,13,34.4,35.5,25.1,52,5.8,972.0,31.09,41.98,40.02,0,37.17
2023-04-17,107,12,34.1,34.4,24.4,52,4.96,1006.0,30.985,41.92,39.31,0,35.85
2023-04-18,108,11,34.4,34.4,25.0,53,4.3,946.0,31.437,42.46,40.4,0,38.20
2023-04-19,109,12,34.1,34.7,25.3,62,6.07,995.0,32.088,42.55,43.32,0,40.93
2023-04-20,110,12,35.0,36.0,26.4,58,6.26,983.0,32.382,43.42,44.1,0,43.69
2023-04-21,111,12,34.4,35.9,27.6,62,7.05,983.0,32.242,43.00,44.21,0,44.56
2023-04-22,112,11,33.6,33.9,28.0,63,5.74,871.0,31.641,41.46,42.31,0,42.07
2023-04-23,113,13,33.2,33.5,27.9,65,6.84,811.0,31.309,40.75,41.98,0,40.69
2023-04-24,114,12,32.6,32.6,28.2,65,6.08,886.0,30.917,40.18,40.28,0,39.26
2023-04-25,115,13,32.0,32.1,27.8,64,5.25,906.0,30.372,39.54,38.33,0,36.58
2023-04-26,116,12,32.8,32.8,27.2,57,3.81,937.0,30.58,40.96,38.0,0,37.17
2023-04-27,117,12,33.1,33.1,26.9,59,4.27,945.0,31.016,41.25,39.41,0,38.38
2023-04-28,118,10,32.9,32.9,27.8,61,3.5,755.0,30.972,40.88,39.62,0,39.16
2023-04-29,119,9,31.5,31.5,27.8,67,2.69,550.0,30.213,39.30,38.0,0,35.98
2023-04-30,120,11,31.9,32.2,25.0,65,3.98,855.0,30.552,40.00,38.4,0,34.00
2023-05-01,121,11,30.4,31.0,24.9,73,1.41,821.0,31.009,40.89,36.85,0,34.82
2023-05-02,122,13,28.8,28.8,24.1,76,6.17,730.0,28.311,35.04,33.4,0,23.28
2023-05-03,123,12,29.0,29.0,25.1,78,0.64,613.0,30.664,39.19,34.31,0,32.23
2023-05-04,124,12,31.0,31.0,25.3,72,2.97,791.0,30.649,40.04,38.21,0,34.49
2023-05-05,125,10,30.3,30.3,24.7,76,2.8,682.0,30.28,39.18,37.42,0,32.18
2023-05-06,126,11,31.0,31.0,25.3,72,2.16,812.0,30.988,40.89,38.21,0,35.75
2023-05-07,127,14,31.0,32.0,25.8,75,2.77,585.0,30.675,39.57,39.17,0,35.15
2023-05-08,128,12,31.9,31.9,25.2,67,2.81,897.0,31.16,41.33,39.07,0,36.60
2023-05-09,129,10,32.7,32.9,25.6,67,1.32,785.0,32.524,43.12,41.32,0,41.77
2023-05-10,130,10,32.7,33.6,26.5,64,0.45,732.0,33.526,43.01,40.18,0,44.21
2023-05-11,131,11,33.8,34.4,26.7,55,0.85,693.0,32.403,43.04,39.69,0,42.16
2023-05-12,132,11,37.2,37.2,26.8,42,1.36,890.0,33.459,46.63,42.49,1,49.57
2023-05-13,133,11,37.2,39.9,28.7,42,5.13,720.0,31.908,44.07,42.49,2,48.68
2023-05-14,134,12,40.3,40.3,29.6,31,3.83,871.0,33.05,48.51,44.19,3,57.39
2023-05-15,135,12,37.1,37.1,28.4,50,3.02,937.0,33.778,46.56,46.05,4,58.32
2023-05-16,136,13,37.0,38.2,28.6,58,3.62,892.0,34.567,46.95,50.22,5,63.54
2023-05-17,137,11,34.1,34.1,28.5,69,5.82,890.0,32.846,43.06,46.62,0,47.69
2023-05-18,138,11,35.9,35.9,27.7,54,2.9,890.0,33.218,45.25,44.74,0,48.35
2023-05-19,139,12,34.8,35.2,28.1,66,5.22,936.0,33.287,44.09,47.44,0,49.11
2023-05-20,140,11,33.8,33.8,28.0,68,5.01,895.0,32.565,42.66,45.14,0,45.74
2023-05-21,141,12,34.2,34.5,28.1,65,6.45,925.0,32.425,42.78,45.0,0,45.62
2023-05-22,142,11,34.1,34.2,27.2,65,4.88,839.0,32.436,42.56,44.69,0,44.32
2023-05-23,143,12,34.0,35.3,27.9,64,4.84,896.0,32.301,42.53,43.92,0,44.58
2023-05-24,144,12,35.2,36.3,28.3,64,4.62,889.0,33.456,44.47,47.71,0,50.04
2023-05-25,145,13,36.8,38.5,29.0,58,4.75,891.0,34.151,46.11,49.57,1,55.71
2023-05-26,146,12,38.3,38.3,29.3,38,1.02,920.0,34.201,47.81,43.19,2,56.67
2023-05-27,147,11,37.7,37.7,28.2,39,1.36,886.0,33.4,46.94,42.31,3,54.59
2023-05-28,148,15,34.7,36.0,28.2,61,3.0,609.0,32.526,43.05,44.63,0,45.99
2023-05-29,149,12,34.5,34.6,27.9,71,5.01,928.0,33.627,44.43,49.07,0,50.37
2023-05-30,150,12,34.5,35.1,27.2,65,4.88,926.0,32.924,43.54,45.95,0,46.42
2023-05-31,151,12,33.7,34.4,26.4,67,4.04,925.0,32.569,42.99,44.36,0,43.83
2023-06-01,152,13,35.6,36.7,28.5,63,5.35,885.0,33.584,44.73,48.49,0,50.99
2023-06-02,153,12,38.5,38.7,29.3,37,1.43,896.0,33.706,47.76,43.18,1,54.03
2023-06-03,154,12,39.1,39.1,29.3,36,0.51,886.0,35.543,48.57,44.02,2,60.06
2023-06-04,155,12,37.9,37.9,29.2,40,2.75,827.0,32.867,46.34,43.2,3,54.64
2023-06-05,156,12,37.5,37.9,28.7,44,2.41,925.0,33.446,46.81,44.11,4,57.50
2023-06-06,157,13,39.5,39.8,28.4,32,2.2,792.0,32.965,47.84,43.03,5,58.25
2023-06-07,158,14,34.9,35.1,27.5,54,2.62,702.0,32.086,43.28,42.06,0,43.55
2023-06-08,159,12,37.1,37.1,30.2,43,1.3,914.0,33.633,46.72,42.7,1,54.02
2023-06-09,160,12,38.5,38.5,28.7,39,0.32,921.0,35.85,47.62,44.1,2,59.29
2023-06-10,161,13,38.6,38.7,28.6,38,1.72,864.0,33.686,47.73,43.86,3,56.74
2023-06-11,162,13,38.3,38.3,28.6,39,2.26,888.0,33.343,47.30,43.64,4,57.37
2023-06-12,163,13,38.8,38.8,28.4,35,2.91,887.0,32.82,47.29,42.92,5,57.53
2023-06-13,164,14,35.9,38.0,28.7,58,4.75,791.0,33.187,44.27,46.75,6,59.49
2023-06-14,165,14,38.6,39.4,29.6,32,0.22,777.0,34.252,45.77,41.27,7,61.60
2023-06-15,166,13,38.1,38.7,30.2,34,1.0,860.0,33.221,46.93,41.09,8,61.12
2023-06-16,167,13,39.1,39.6,29.6,31,1.03,884.0,33.512,47.96,41.83,9,61.99
2023-06-17,168,12,37.5,37.5,29.2,37,0.81,577.0,32.775,45.12,41.07,10,57.80
2023-06-18,169,13,34.3,34.3,27.0,54,1.64,811.0,32.209,43.71,40.54,0,42.94
2023-06-19,170,15,32.0,32.0,25.8,63,5.2,615.0,29.865,38.16,38.01,0,32.17
2023-06-20,171,14,34.3,34.3,25.7,57,4.08,576.0,31.364,41.12,41.74,0,38.41
2023-06-21,172,14,33.0,33.0,26.2,69,3.11,701.0,32.027,41.95,43.04,0,41.33
2023-06-22,173,11,33.0,33.2,27.2,58,0.58,531.0,32.049,41.63,38.81,0,40.73
2023-06-23,174,13,34.2,34.4,26.8,54,1.4,796.0,32.268,43.66,40.29,0,42.69
2023-06-24,175,13,33.8,34.0,27.7,54,2.67,572.0,30.822,41.17,39.33,0,38.85
2023-06-25,176,15,32.7,34.1,28.3,67,4.23,489.0,30.917,39.36,41.32,0,39.17
2023-06-26,177,14,34.8,34.9,27.9,51,0.98,732.0,32.701,43.99,40.59,0,45.15
2023-06-27,178,13,36.0,36.0,27.7,40,2.27,750.0,31.265,43.92,39.14,0,41.61
2023-06-28,179,15,34.0,35.7,27.7,58,3.67,624.0,31.371,41.32,41.35,0,40.75
2023-06-29,180,14,36.2,36.2,27.5,45,3.04,765.0,31.967,44.12,41.47,0,43.72
2023-06-30,181,13,36.0,36.3,26.8,45,2.97,900.0,32.023,44.52,41.01,0,43.12
2023-07-01,182,15,34.8,34.9,28.3,53,3.49,468.0,31.203,41.17,41.39,0,41.04
2023-07-02,183,12,33.3,33.5,26.5,57,4.06,617.0,30.514,39.99,39.2,0,35.98
2023-07-03,184,12,32.9,33.2,25.4,58,4.37,709.0,30.36,39.81,38.57,0,34.04
2023-07-04,185,14,31.4,32.2,26.2,67,3.21,507.0,29.903,38.46,37.74,0,32.82
2023-07-05,186,13,34.2,34.2,25.8,52,4.51,819.0,30.913,41.47,39.55,0,37.11
2023-07-06,187,17,30.3,31.9,27.1,78,0.4,191.0,30.491,37.89,38.0,0,34.67
2023-07-07,188,13,34.1,34.1,27.1,52,3.85,756.0,30.857,41.43,39.31,0,38.40
2023-07-08,189,14,34.3,34.3,27.2,55,3.85,774.0,31.462,42.03,40.93,0,40.70
2023-07-09,190,12,35.0,35.3,26.4,49,3.74,887.0,31.477,43.00,40.29,0,40.25
2023-07-10,191,13,30.8,31.3,25.1,71,1.7,477.0,30.204,39.27,37.36,0,32.55
2023-07-11,192,13,31.8,31.8,25.7,63,3.51,469.0,29.682,38.14,37.51,0,31.50
2023-07-12,193,13,32.5,32.5,24.5,61,0.95,730.0,31.902,42.18,38.6,0,37.62
2023-07-13,194,15,32.7,32.7,26.1,59,2.61,558.0,30.431,40.20,38.42,0,35.21
2023-07-14,195,13,33.7,33.9,26.9,58,3.9,821.0,31.353,41.68,40.57,0,39.75
2023-07-15,196,14,35.2,35.2,27.3,49,3.47,674.0,31.394,42.46,40.76,0,40.93
2023-07-16,197,15,34.0,34.1,27.5,55,2.06,483.0,31.149,41.48,40.18,0,39.78
2023-07-17,198,14,35.7,35.7,27.7,49,3.49,732.0,31.933,43.37,41.95,0,43.52
2023-07-18,199,13,35.1,36.1,27.7,48,5.46,754.0,30.945,41.76,40.14,0,39.81
2023-07-19,200,15,36.3,36.3,28.3,38,6.07,591.0,30.189,41.89,39.04,0,38.77
2023-07-20,201,14,36.2,36.2,28.3,37,8.11,705.0,29.916,42.67,38.52,0,38.63
2023-07-21,202,13,36.0,36.0,29.1,41,6.68,799.0,30.622,42.70,39.5,0,41.28
2023-07-22,203,13,33.6,34.6,27.8,49,4.75,556.0,29.539,39.07,37.22,0,34.25
2023-07-23,204,15,29.0,29.2,25.7,81,2.84,190.0,28.396,34.68,34.96,0,25.63
2023-07-24,205,14,29.1,29.5,25.5,74,3.22,315.0,28.056,34.84,33.74,0,24.42
2023-07-25,206,15,28.6,28.6,24.7,79,4.02,288.0,27.915,33.65,33.46,0,22.25
2023-07-26,207,14,28.6,28.8,25.0,78,4.72,317.0,27.8,33.22,33.27,0,22.00
2023-07-27,208,15,34.6,34.6,25.5,49,5.45,685.0,30.543,40.83,39.38,0,35.54
2023-07-28,209,13,35.0,35.3,27.0,48,6.23,894.0,30.936,42.16,39.91,0,39.18
2023-07-29,210,14,35.4,35.5,27.5,46,5.87,801.0,30.937,42.18,40.06,0,39.84
2023-07-30,211,14,35.2,35.5,28.2,48,4.76,765.0,31.15,42.13,40.37,0,41.14
2023-07-31,212,13,34.8,34.8,27.8,52,4.65,775.0,31.373,42.01,40.98,0,41.24
2023-08-01,213,12,34.7,35.2,27.4,49,5.59,677.0,30.605,40.90,39.6,0,38.00
2023-08-02,214,13,35.5,36.0,28.4,41,6.32,788.0,30.21,41.93,38.49,0,38.76
2023-08-03,215,13,36.7,37.0,28.5,41,4.96,905.0,31.583,44.19,40.97,1,45.68
2023-08-04,216,13,36.8,36.8,27.6,41,3.81,881.0,31.858,44.66,41.18,0,43.90
2023-08-05,217,13,36.4,36.4,28.3,40,1.93,859.0,31.976,45.09,39.96,0,44.80
2023-08-06,218,14,35.2,36.0,24.3,53,2.63,774.0,32.348,43.90,42.4,0,40.88
2023-08-07,219,13,35.6,35.6,26.2,43,1.51,770.0,31.84,44.18,39.39,0,41.22
2023-08-08,220,13,35.1,35.1,24.4,45,0.28,808.0,33.477,43.40,39.04,0,41.53
2023-08-09,221,12,34.4,34.4,26.7,51,0.32,906.0,33.985,43.82,39.65,0,45.70
2023-08-10,222,13,34.7,35.0,25.3,49,2.42,812.0,31.493,43.22,39.6,0,38.91
2023-08-11,223,12,33.9,33.9,26.6,55,0.81,758.0,32.731,43.49,39.94,0,43.08
2023-08-12,224,13,35.3,35.3,25.2,51,1.13,899.0,33.35,45.30,41.81,0,44.63
2023-08-13,225,13,34.5,34.5,25.2,52,1.4,859.0,32.405,44.11,40.26,0,41.40
2023-08-14,226,13,33.5,33.5,25.8,60,0.85,875.0,33.217,44.02,40.82,0,43.78
2023-08-15,227,13,33.5,33.5,25.4,59,0.91,835.0,32.9,43.71,40.44,0,42.35
2023-08-16,228,13,34.3,34.3,26.5,55,0.91,874.0,33.219,44.46,40.93,0,44.96
2023-08-17,229,15,35.2,35.4,24.9,48,0.91,599.0,32.384,43.53,40.37,0,40.63
2023-08-18,230,14,35.4,35.4,24.4,44,3.88,749.0,30.882,42.44,39.32,0,36.04
2023-08-19,231,13,35.6,35.6,27.1,46,3.24,905.0,31.741,43.93,40.5,0,42.32
2023-08-20,232,13,34.1,34.1,26.6,48,0.32,892.0,33.264,43.10,37.94,0,43.06
2023-08-21,233,12,34.3,34.3,27.5,54,0.89,876.0,33.125,44.37,40.54,0,45.74
2023-08-22,234,13,32.9,32.9,25.5,66,4.63,860.0,31.494,41.09,41.51,0,38.31
2023-08-23,235,14,32.4,33.5,26.2,78,3.9,788.0,32.424,42.04,44.94,0,42.85
2023-08-24,236,13,33.7,33.7,26.5,61,1.81,833.0,32.48,43.64,41.76,0,43.28
2023-08-25,237,12,35.1,35.1,26.9,45,0.85,891.0,32.703,44.54,39.04,0,43.80
2023-08-26,238,12,34.3,34.3,27.4,54,0.14,886.0,34.235,42.68,40.54,0,46.49
2023-08-27,239,14,32.9,33.0,25.7,58,1.02,623.0,31.545,41.81,38.57,0,38.07
2023-08-28,240,14,34.9,34.9,26.7,51,2.19,690.0,31.822,43.24,40.83,0,41.63
2023-08-29,241,13,33.6,34.2,25.5,59,1.5,738.0,32.155,43.09,40.7,0,40.70
2023-08-30,242,13,34.1,34.3,25.1,51,2.82,791.0,31.045,42.25,38.96,0,36.89
2023-08-31,243,14,34.7,34.7,24.7,51,0.63,804.0,33.42,44.35,40.35,0,42.94
2023-09-01,244,10,32.9,33.4,25.5,62,0.73,786.0,32.901,43.15,39.98,0,41.89
2023-09-02,245,13,34.1,34.1,26.8,63,3.51,905.0,32.558,43.38,43.77,0,44.33
2023-09-03,246,13,34.0,34.0,25.9,55,3.72,839.0,31.311,42.00,40.18,0,38.60
2023-09-04,247,14,32.2,32.2,25.4,57,5.87,569.0,29.185,37.51,36.63,0,29.43
2023-09-05,248,16,32.3,32.3,25.7,54,4.18,411.0,28.83,37.19,35.99,0,28.65
2023-09-06,249,13,33.0,33.0,26.0,59,3.94,632.0,30.532,39.93,39.16,0,35.37
2023-09-07,250,12,33.7,33.7,26.0,52,4.22,898.0,30.621,41.31,38.4,0,36.25
2023-09-08,251,13,33.8,33.8,25.9,56,4.33,884.0,31.192,41.64,40.06,0,38.07
2023-09-09,252,13,34.1,34.2,26.4,54,2.12,699.0,31.544,42.61,40.05,0,40.01
2023-09-10,253,15,34.1,34.1,27.3,49,3.27,527.0,30.188,40.42,38.27,0,36.26
2023-09-11,254,13,34.9,34.9,27.2,47,3.35,785.0,31.05,42.52,39.32,0,39.68
2023-09-12,255,14,35.0,35.3,26.8,47,1.9,723.0,31.555,43.36,39.54,0,40.85
2023-09-13,256,14,35.2,35.2,26.5,46,2.36,706.0,31.35,43.14,39.62,0,39.98
2023-09-14,257,14,36.1,36.1,26.0,41,2.55,802.0,31.49,44.18,39.7,0,40.45
2023-09-15,258,13,34.8,34.8,25.7,51,4.38,887.0,31.438,42.54,40.59,0,39.14
2023-09-16,259,12,33.9,33.9,26.0,56,2.83,798.0,31.527,42.45,40.31,0,39.49
2023-09-17,260,14,32.6,32.6,25.6,64,2.19,761.0,31.484,41.91,39.91,0,38.41
2023-09-18,261,13,33.1,33.1,25.0,65,3.2,881.0,31.911,42.33,41.69,0,39.48
2023-09-19,262,14,33.6,33.7,25.2,55,1.2,683.0,31.774,42.59,39.21,0,38.72
2023-09-20,263,13,34.0,34.0,26.0,53,1.44,846.0,32.024,43.51,39.44,0,40.88
2023-09-21,264,14,32.0,32.0,25.6,68,2.2,703.0,31.271,41.26,39.69,0,37.45
2023-09-22,265,12,32.8,32.8,25.5,64,2.21,901.0,31.908,42.75,40.46,0,39.90
2023-09-23,266,11,32.1,32.1,25.4,69,1.43,838.0,32.203,42.71,40.34,0,40.27
2023-09-24,267,13,33.8,33.8,24.6,58,1.75,842.0,32.252,43.54,40.83,0,40.21
2023-09-25,268,13,32.9,33.2,25.0,65,0.92,863.0,33.119,43.72,41.12,0,42.55
2023-09-26,269,14,32.5,32.8,24.8,64,0.92,735.0,32.314,42.53,39.64,0,39.39
2023-09-27,270,12,33.1,33.1,25.0,61,0.51,909.0,33.88,43.98,40.14,0,43.81
2023-09-28,271,13,33.7,33.7,25.7,56,2.4,869.0,31.619,42.85,39.82,0,39.42
2023-09-29,272,13,33.0,33.0,26.3,63,2.72,849.0,31.681,42.26,40.63,0,40.12
2023-09-30,273,14,31.9,32.4,25.7,69,3.8,706.0,30.829,39.85,39.76,0,35.75
2023-10-01,274,12,32.7,32.7,26.2,62,3.62,896.0,31.087,41.23,39.46,0,37.70
2023-10-02,275,14,33.1,33.4,26.5,61,4.34,710.0,30.921,40.37,40.14,0,37.37
2023-10-03,276,11,33.7,34.5,26.7,54,3.7,892.0,30.988,41.77,39.09,0,38.35
2023-10-04,277,14,33.7,33.9,26.3,55,0.51,622.0,32.804,42.72,39.45,0,42.13
2023-10-05,278,12,34.4,34.4,25.2,54,0.72,888.0,33.562,44.63,40.79,0,44.16
2023-10-06,279,13,33.9,34.2,26.1,55,0.54,808.0,33.48,43.86,39.94,0,44.18
2023-10-07,280,12,32.5,33.1,26.0,77,3.41,891.0,32.675,42.86,44.86,0,43.65
2023-10-08,281,12,32.6,32.7,25.9,68,3.96,900.0,31.629,41.45,41.42,0,39.26
2023-10-09,282,12,32.4,32.4,26.2,71,3.93,914.0,31.809,41.58,42.0,0,40.26
2023-10-10,283,10,31.7,32.3,25.3,76,0.71,763.0,33.351,43.14,41.72,0,43.15
2023-10-11,284,11,32.0,32.0,23.9,64,0.9,874.0,32.213,42.52,38.33,0,37.66
2023-10-12,285,11,31.2,31.2,25.4,70,2.96,893.0,30.781,40.54,38.14,0,35.20
2023-10-13,286,11,30.2,30.2,24.7,72,2.79,797.0,29.951,39.20,36.05,0,31.07
2023-10-14,287,13,29.2,29.2,23.8,75,2.64,663.0,29.129,37.75,34.19,0,26.73
2023-10-15,288,13,29.0,29.1,24.9,78,2.1,693.0,29.514,38.46,34.31,0,29.30
2023-10-16,289,10,28.1,29.6,24.9,82,0.67,551.0,29.943,38.16,32.68,0,29.28
2023-10-17,290,12,31.5,31.5,25.0,61,4.0,883.0,29.744,39.26,36.21,0,31.13
2023-10-18,291,12,31.2,31.2,25.0,62,4.02,888.0,29.584,38.96,35.8,0,30.46
2023-10-19,292,11,31.5,31.9,24.7,61,4.39,821.0,29.582,38.73,36.21,0,30.09
2023-10-20,293,10,31.2,31.6,24.6,61,2.48,743.0,29.67,39.57,35.54,0,30.50
2023-10-21,294,12,31.3,31.3,24.3,64,3.69,745.0,29.773,38.87,36.59,0,30.23
2023-10-22,295,11,31.3,31.7,25.0,64,4.61,823.0,29.709,38.57,36.59,0,30.71
2023-10-23,296,13,33.7,33.7,24.0,37,0.51,871.0,31.046,42.29,34.23,0,33.88
2023-10-24,297,11,32.9,33.3,23.2,43,0.41,849.0,31.372,41.61,34.29,0,33.09
2023-10-25,298,12,33.4,33.9,23.7,44,0.1,883.0,32.055,40.54,35.41,0,34.61
2023-10-26,299,10,30.1,30.6,23.9,68,0.81,661.0,30.477,39.71,34.8,0,31.03
2023-10-27,300,12,30.5,30.7,24.6,66,3.4,775.0,29.362,38.41,35.24,0,28.97
2023-10-28,301,12,29.6,30.2,24.5,71,1.92,694.0,29.436,38.75,34.3,0,28.89
2023-10-29,302,13,29.8,29.8,24.4,68,3.01,686.0,28.879,37.66,34.1,0,26.86
2023-10-30,303,11,29.1,30.0,24.3,72,1.75,669.0,29.105,38.28,33.34,0,27.33
2023-10-31,304,11,31.0,31.0,25.1,61,5.02,784.0,28.962,37.56,35.1,0,28.13
2023-11-01,305,11,30.4,30.4,25.2,69,4.38,764.0,29.382,37.68,35.77,0,29.38
2023-11-02,306,12,29.2,29.2,24.2,75,3.61,663.0,28.876,36.79,34.19,0,26.02
2023-11-03,307,12,29.1,29.1,24.3,74,3.61,748.0,28.81,36.99,33.74,0,25.99
2023-11-04,308,10,27.5,27.7,24.7,81,1.75,407.0,27.87,35.67,31.01,0,22.72
2023-11-05,309,11,28.8,28.8,23.9,79,2.02,746.0,29.564,38.63,33.99,0,28.23
2023-11-06,310,12,29.1,29.1,23.8,76,2.66,638.0,29.085,37.57,34.15,0,26.50
2023-11-07,311,13,28.9,28.9,24.2,74,4.37,690.0,28.382,35.80,33.25,0,24.03
2023-11-08,312,10,28.8,28.8,24.3,78,3.18,657.0,28.893,36.93,33.79,0,26.12
2023-11-09,313,11,28.6,28.6,23.5,78,1.92,545.0,28.897,37.39,33.27,0,25.34
2023-11-10,314,12,30.0,30.0,23.3,69,4.83,785.0,28.957,36.96,34.8,0,25.48
2023-11-11,315,11,30.0,30.0,25.3,65,5.89,791.0,28.377,36.22,33.88,0,25.84
2023-11-12,316,11,29.9,29.9,25.3,62,6.01,781.0,27.918,35.81,33.04,0,24.36
2023-11-13,317,12,29.9,29.9,24.9,64,5.8,825.0,28.225,36.21,33.45,0,24.91
2023-11-14,318,9,27.7,27.7,22.6,80,4.0,266.0,27.092,32.36,31.36,0,16.53
2023-11-15,319,10,25.1,25.1,23.4,88,4.91,195.0,25.06,27.96,25.53,0,8.83
2023-11-16,320,13,29.4,29.4,23.2,71,5.24,686.0,28.406,35.64,33.83,0,23.00
2023-11-17,321,13,29.4,29.5,24.3,74,5.44,713.0,28.74,35.90,34.48,0,25.35
2023-11-18,322,12,29.7,29.7,25.4,71,5.71,772.0,28.75,36.23,34.54,0,26.91
2023-11-19,323,12,29.7,29.7,25.3,68,5.2,816.0,28.548,36.43,33.88,0,26.31
2023-11-20,324,11,27.2,27.2,24.8,84,5.39,358.0,27.066,31.66,30.62,0,18.27
2023-11-21,325,11,27.5,27.5,24.2,85,1.92,400.0,28.182,35.81,31.52,0,23.01
2023-11-22,326,11,28.1,28.2,23.8,83,2.11,746.0,29.249,38.06,32.84,0,26.67
2023-11-23,327,11,26.5,26.6,24.7,85,1.28,562.0,27.977,36.23,26.96,0,21.83
2023-11-24,328,13,28.0,28.0,24.2,80,2.6,638.0,28.454,36.63,32.1,0,24.33
2023-11-25,329,13,28.6,28.6,23.9,79,4.11,648.0,28.593,35.82,33.46,0,24.17
2023-11-26,330,12,29.1,29.1,23.4,76,5.91,792.0,28.71,35.83,34.15,0,24.07
2023-11-27,331,12,29.7,29.7,24.0,70,4.5,701.0,28.713,36.48,34.32,0,25.30
2023-11-28,332,11,28.9,28.9,23.3,74,4.09,645.0,28.36,35.81,33.25,0,22.94
2023-11-29,333,9,27.5,27.5,23.1,78,3.61,411.0,27.08,33.45,30.64,0,17.61
2023-11-30,334,13,26.3,26.7,23.9,84,3.64,381.0,26.441,32.18,26.74,0,15.07
2023-12-01,335,11,29.1,29.4,23.4,74,5.52,676.0,28.39,35.28,33.74,0,22.92
2023-12-02,336,10,26.9,27.2,24.4,83,6.59,363.0,26.587,30.63,29.79,0,15.85
2023-12-03,337,12,26.1,26.1,24.1,89,8.83,385.0,26.297,29.58,26.59,0,13.15
2023-12-04,338,10,25.2,25.2,23.8,93,11.15,114.0,25.181,24.68,25.7,0,8.11
2023-12-05,339,15,31.0,31.0,23.5,62,2.1,464.0,29.171,38.28,35.35,0,27.27
2023-12-06,340,13,30.1,30.1,23.1,78,1.63,683.0,30.808,40.23,37.4,0,32.07
2023-12-07,341,11,28.7,28.9,23.5,78,1.2,686.0,29.791,38.84,33.53,0,28.17
2023-12-08,342,10,28.5,28.7,23.7,78,2.91,625.0,28.617,36.67,33.02,0,24.43
2023-12-09,343,11,29.4,29.5,24.3,73,4.12,732.0,28.863,36.76,34.26,0,26.12
2023-12-10,344,12,29.0,29.0,24.6,69,5.17,779.0,27.948,35.46,32.54,0,23.16
2023-12-11,345,12,28.2,28.2,25.0,70,4.47,676.0,27.253,34.50,31.06,0,21.07
2023-12-12,346,11,27.7,28.1,23.5,70,4.67,724.0,26.816,33.98,30.1,0,17.77
2023-12-13,347,11,27.6,27.6,22.4,66,5.23,642.0,26.102,32.82,29.48,0,14.06
2023-12-14,348,12,28.9,29.0,23.9,56,4.84,813.0,26.506,34.92,30.29,0,18.39
2023-12-15,349,13,26.0,26.4,24.7,84,6.51,268.0,25.625,28.65,26.42,0,11.91
2023-12-16,350,11,28.3,28.3,24.3,74,6.23,652.0,27.51,33.82,31.87,0,20.55
2023-12-17,351,13,28.0,28.0,24.3,74,6.46,677.0,27.233,33.47,31.21,0,19.53
2023-12-18,352,12,27.5,27.5,24.9,69,6.88,695.0,26.219,32.49,29.62,0,17.01
2023-12-19,353,12,27.8,27.8,23.8,61,6.13,792.0,25.848,33.12,29.26,0,15.35
2023-12-20,354,12,28.0,28.0,24.8,66,5.76,742.0,26.554,33.55,30.15,0,18.49
2023-12-21,355,12,28.1,28.1,24.1,65,5.59,762.0,26.588,33.79,30.2,0,17.93
2023-12-22,356,11,27.7,27.8,22.8,66,4.88,708.0,26.34,33.51,29.64,0,15.54
2023-12-23,357,12,27.7,27.7,20.9,59,3.38,801.0,26.011,34.89,28.92,0,14.71
2023-12-24,358,10,28.0,28.4,21.7,70,6.45,573.0,26.672,32.65,30.67,0,15.00
2023-12-25,359,12,27.7,28.0,24.0,77,6.16,682.0,27.29,33.40,30.96,0,19.14
2023-12-26,360,13,27.9,27.9,21.3,68,6.3,701.0,26.558,33.13,30.22,0,14.96
2023-12-27,361,12,28.2,28.2,23.4,62,6.0,748.0,26.289,33.50,29.99,0,16.26
2023-12-28,362,12,28.4,28.4,24.3,71,6.29,738.0,27.399,34.15,31.62,0,20.49
2023-12-29,363,12,28.4,28.4,24.3,71,6.33,716.0,27.367,34.04,31.62,0,20.34
2023-12-30,364,12,28.3,28.3,23.9,66,4.81,762.0,26.993,34.55,30.69,0,19.19
2023-12-31,365,12,28.1,28.1,23.3,64,4.74,775.0,26.618,34.30,30.08,0,17.38
2024-01-01,1,12,28.7,28.7,22.9,57,3.89,787.0,26.572,35.34,30.13,0,17.60
2024-01-02,2,12,27.8,27.8,23.0,61,3.64,483.0,25.724,33.12,29.26,0,14.19
2024-01-03,3,14,28.2,28.2,23.7,59,4.7,585.0,25.887,33.18,29.63,0,15.49
2024-01-04,4,11,29.0,29.0,24.7,59,5.0,651.0,26.689,34.31,30.88,0,19.45
2024-01-05,5,12,29.0,29.0,24.5,58,4.25,722.0,26.797,35.13,30.73,0,19.96
2024-01-06,6,13,28.3,28.3,24.1,70,6.32,682.0,27.122,33.67,31.26,0,19.25
2024-01-07,7,13,26.6,26.6,24.1,81,5.25,502.0,26.455,31.70,27.02,0,14.99
2024-01-08,8,15,25.7,26.8,24.0,88,3.96,158.0,25.62,29.28,26.16,0,11.54
2024-01-09,9,11,28.4,28.4,25.4,68,5.52,735.0,27.166,34.25,31.16,0,21.23
2024-01-10,10,13,28.0,28.2,24.6,71,3.86,694.0,27.304,34.95,30.8,0,20.93
2024-01-11,11,12,28.2,28.2,23.9,68,4.53,812.0,27.227,34.98,30.78,0,19.98
2024-01-12,12,12,28.4,28.4,23.4,70,3.89,820.0,27.763,35.92,31.46,0,21.34
2024-01-13,13,13,28.4,28.5,22.1,70,3.94,765.0,27.672,35.62,31.46,0,19.44
2024-01-14,14,12,28.4,28.4,20.7,71,3.05,823.0,28.084,36.82,31.62,0,21.03
2024-01-15,15,12,28.4,28.4,21.5,62,2.81,821.0,27.188,36.49,30.32,0,18.61
2024-01-16,16,11,28.0,28.1,20.5,58,2.18,782.0,26.552,36.27,29.23,0,16.85
2024-01-17,17,11,27.7,28.1,20.5,68,1.52,752.0,27.671,37.04,29.87,0,19.75
2024-01-18,18,12,28.5,28.5,20.6,64,2.4,784.0,27.588,36.97,30.76,0,19.87
2024-01-19,19,12,28.6,28.6,22.2,70,3.79,783.0,27.921,36.08,31.87,0,20.51
2024-01-20,20,13,28.6,28.7,23.9,67,3.98,806.0,27.594,35.82,31.39,0,21.51
2024-01-21,21,13,29.0,29.1,22.2,64,3.49,834.0,27.795,36.67,31.67,0,20.62
2024-01-22,22,12,28.6,28.6,22.0,64,3.54,843.0,27.421,36.20,30.94,0,19.07
2024-01-23,23,12,29.0,29.0,22.5,63,4.09,829.0,27.544,36.05,31.51,0,19.99
2024-01-24,24,12,29.4,29.4,22.3,59,4.61,791.0,27.319,35.73,31.56,0,19.12
2024-01-25,25,11,29.1,29.2,21.3,63,3.97,745.0,27.539,35.88,31.69,0,19.35
2024-01-26,26,12,29.0,29.1,22.1,62,3.57,809.0,27.517,36.36,31.35,0,19.64
2024-01-27,27,13,29.3,29.3,24.0,60,4.4,817.0,27.412,35.93,31.55,0,21.42
2024-01-28,28,12,28.9,28.9,23.3,61,4.52,828.0,27.146,35.48,31.02,0,19.58
2024-01-29,29,12,28.7,28.7,22.9,51,4.5,883.0,25.891,34.99,29.39,0,15.78
2024-01-30,30,12,29.8,29.8,20.5,55,3.14,827.0,27.595,37.33,31.56,0,20.45
2024-01-31,31,11,29.3,29.4,22.2,63,2.7,763.0,28.081,37.40,32.07,0,21.84
2024-02-01,32,10,28.5,29.2,23.9,75,1.8,555.0,28.568,37.19,32.49,0,24.75
2024-02-02,33,12,29.9,29.9,23.5,67,3.92,789.0,28.81,37.36,34.11,0,25.46
2024-02-03,34,12,29.7,29.8,23.5,61,3.3,862.0,28.206,37.59,32.46,0,23.87
2024-02-04,35,11,29.9,30.0,22.6,57,2.77,810.0,28.009,37.83,32.08,0,22.49
2024-02-05,36,12,29.8,29.8,22.1,57,3.45,881.0,27.826,37.40,31.9,0,21.18
2024-02-06,37,11,29.6,29.8,21.6,62,3.04,797.0,28.199,37.50,32.46,0,22.04
2024-02-07,38,12,30.3,30.3,21.5,57,2.97,894.0,28.444,38.47,32.79,0,23.33
2024-02-08,39,10,29.2,31.0,21.0,62,0.63,686.0,29.377,38.44,31.71,0,24.67
2024-02-09,40,12,30.1,30.1,22.3,61,3.28,889.0,28.624,38.19,33.23,0,23.98
2024-02-10,41,12,30.9,30.9,24.4,57,4.32,836.0,28.584,37.81,33.93,0,26.35
2024-02-11,42,12,30.0,30.0,24.0,58,5.29,852.0,27.735,36.28,32.44,0,22.62
2024-02-12,43,13,29.5,29.6,22.1,57,4.37,815.0,27.256,36.01,31.39,0,18.91
2024-02-13,44,13,30.1,30.2,24.0,63,5.46,849.0,28.374,36.63,33.66,0,24.53
2024-02-14,45,13,30.4,30.5,24.6,57,4.61,904.0,28.162,37.31,32.98,0,25.07
2024-02-15,46,13,29.7,29.8,22.9,59,4.24,901.0,27.814,36.83,32.09,0,21.75
2024-02-16,47,11,30.2,30.5,23.7,59,4.44,838.0,28.154,37.02,33.01,0,23.80
2024-02-17,48,11,30.7,31.1,22.4,52,4.16,846.0,27.839,37.43,32.51,0,21.80
2024-02-18,49,11,30.0,30.6,21.9,60,2.7,854.0,28.545,38.40,32.83,0,23.49
2024-02-19,50,10,30.1,31.7,22.1,62,2.76,683.0,28.558,37.80,33.44,0,23.43
2024-02-20,51,11,30.5,30.9,23.3,60,3.92,847.0,28.663,37.87,33.81,0,25.21
2024-02-21,52,13,31.5,32.2,23.2,60,5.55,903.0,29.386,38.44,35.93,0,27.66
2024-02-22,53,11,31.9,31.9,24.0,60,4.12,850.0,29.927,39.47,36.84,0,30.69
2024-02-23,54,12,32.7,33.4,25.6,56,5.26,918.0,30.068,39.90,37.45,0,33.36
2024-02-24,55,13,30.8,30.8,26.0,63,5.94,859.0,28.979,37.43,35.17,0,29.14
2024-02-25,56,11,30.7,30.7,25.5,57,4.29,813.0,28.374,37.49,33.54,0,26.85
2024-02-26,57,11,30.9,30.9,25.8,57,5.21,759.0,28.336,36.96,33.93,0,26.90
2024-02-27,58,12,30.8,30.9,25.1,59,4.98,916.0,28.72,37.77,34.19,0,27.48
2024-02-28,59,12,31.4,31.5,23.8,49,3.8,957.0,28.323,38.83,33.08,0,25.57
2024-02-29,60,11,31.4,32.0,22.1,56,3.22,878.0,29.237,39.39,34.68,0,26.31
2024-03-01,61,11,31.5,32.0,23.6,56,4.05,875.0,29.123,38.84,34.88,0,27.53
2024-03-02,62,11,32.1,33.0,22.9,51,2.62,858.0,29.414,40.30,34.8,0,28.29
2024-03-03,63,10,30.7,31.6,24.0,64,3.14,733.0,29.324,38.55,35.19,0,28.28
2024-03-04,64,11,30.5,30.8,22.3,60,4.4,888.0,28.623,37.69,33.81,0,23.84
2024-03-05,65,11,31.3,31.3,22.9,57,3.36,887.0,29.241,39.26,34.72,0,27.17
2024-03-06,66,12,32.7,32.7,23.2,56,3.96,942.0,30.336,40.67,37.45,0,31.63
2024-03-07,67,12,34.1,34.1,23.5,39,5.1,966.0,29.065,40.94,35.35,0,28.99
2024-03-08,68,11,32.1,32.1,23.8,62,4.78,877.0,30.267,39.60,37.94,0,31.61
2024-03-09,69,11,32.5,32.8,24.3,59,3.48,889.0,30.563,40.79,37.94,0,33.61
2024-03-10,70,11,32.7,32.7,24.6,53,3.31,894.0,30.05,40.74,36.54,0,32.43
2024-03-11,71,11,32.2,32.7,24.7,56,3.91,891.0,29.818,39.87,36.34,0,31.41
2024-03-12,72,12,33.0,33.4,24.2,57,5.39,966.0,30.507,40.52,38.47,0,33.39
2024-03-13,73,12,33.8,33.8,24.8,52,6.78,961.0,30.414,41.07,38.63,0,34.37
2024-03-14,74,12,32.9,33.6,24.8,60,5.22,909.0,30.742,40.46,39.26,0,34.79
2024-03-15,75,12,32.1,32.6,24.6,57,6.19,926.0,29.524,38.98,36.41,0,30.12
2024-03-16,76,12,32.2,32.2,25.9,61,6.22,935.0,30.108,39.44,37.86,0,33.62
2024-03-17,77,10,31.0,31.9,25.4,62,4.62,734.0,29.07,37.62,35.35,0,28.82
2024-03-18,78,11,32.4,32.8,24.8,54,3.97,905.0,29.757,40.00,36.2,0,31.45
2024-03-19,79,10,31.4,32.5,24.8,61,3.75,763.0,29.531,38.80,35.98,0,30.08
2024-03-20,80,12,32.2,32.2,24.8,51,4.3,978.0,29.22,39.64,34.99,0,29.73
2024-03-21,81,13,30.2,30.4,26.2,63,4.4,961.0,28.783,37.82,33.86,0,28.80
2024-03-22,82,12,31.9,31.9,24.9,57,4.12,948.0,29.696,39.66,35.98,0,31.12
2024-03-23,83,11,33.0,33.1,23.9,55,4.06,919.0,30.432,40.82,37.81,0,32.87
2024-03-24,84,10,32.1,32.6,24.3,60,3.75,782.0,30.092,39.69,37.31,0,31.69
2024-03-25,85,11,31.7,31.9,23.8,58,3.81,916.0,29.659,39.57,35.82,0,29.65
2024-03-26,86,12,31.8,31.9,23.7,52,5.23,997.0,28.842,38.81,34.47,0,26.94
2024-03-27,87,11,32.8,32.8,23.8,54,3.94,917.0,30.145,40.57,37.05,0,31.74
2024-03-28,88,11,33.7,33.7,23.6,52,4.17,928.0,30.671,41.46,38.4,0,33.65
2024-03-29,89,12,34.0,34.1,25.1,58,5.75,986.0,31.527,42.00,41.35,0,38.50
2024-03-30,90,11,34.3,34.7,24.6,48,4.53,938.0,30.614,41.80,38.37,0,34.94
2024-03-31,91,11,33.6,33.6,24.5,56,4.47,929.0,31.041,41.48,39.57,0,35.85
2024-04-01,92,12,33.7,33.7,25.3,57,5.39,986.0,31.176,41.56,40.19,0,37.33
2024-04-02,93,12,34.4,34.8,26.0,59,6.16,990.0,31.975,42.65,42.86,0,41.44
2024-04-03,94,12,34.9,35.1,26.7,54,6.62,991.0,31.731,42.91,42.06,0,41.68
2024-04-04,95,12,34.8,34.9,26.7,59,6.58,995.0,32.3,43.28,43.99,0,43.74
2024-04-05,96,12,34.9,35.0,26.3,60,5.66,994.0,32.637,43.58,44.75,0,44.41
2024-04-06,97,12,36.5,36.5,26.2,50,5.83,991.0,32.731,44.86,44.43,0,45.28
2024-04-07,98,12,36.0,36.9,25.8,53,5.73,1006.0,32.728,44.50,44.53,0,44.58
2024-04-08,99,11,35.6,36.2,26.5,46,5.89,950.0,31.293,43.08,40.5,0,40.16
2024-04-09,100,11,33.1,33.3,25.9,57,3.92,938.0,30.832,41.28,38.71,0,36.62
2024-04-10,101,11,33.7,33.7,26.4,54,3.98,898.0,30.933,41.61,39.09,0,37.78
2024-04-11,102,11,33.4,33.4,26.5,56,3.99,912.0,30.932,41.43,39.09,0,37.76
2024-04-12,103,12,33.3,33.3,28.1,58,5.12,953.0,30.935,41.05,39.55,0,39.53
2024-04-13,104,11,33.8,34.0,26.4,54,4.46,919.0,30.955,41.55,39.33,0,37.87
2024-04-14,105,11,33.2,33.5,25.7,59,4.0,920.0,31.132,41.45,39.67,0,37.44
2024-04-15,106,12,34.2,34.2,25.0,52,4.24,990.0,31.191,42.32,39.55,0,37.32
2024-04-16,107,11,34.8,34.8,25.2,48,4.8,936.0,31.011,42.33,39.46,0,37.18
2024-04-17,108,12,35.4,36.2,26.0,56,6.57,964.0,32.431,43.76,44.3,0,43.63
2024-04-18,109,12,36.3,37.0,26.6,54,5.39,967.0,33.143,44.94,45.86,1,48.78
2024-04-19,110,11,36.0,36.1,27.8,54,5.32,926.0,32.83,44.35,45.02,0,47.18
2024-04-20,111,11,35.6,35.8,28.1,61,5.64,884.0,33.288,44.39,47.41,0,49.31
2024-04-21,112,11,35.1,35.5,27.6,61,5.91,897.0,32.803,43.61,45.84,0,46.67
2024-04-22,113,11,35.5,35.6,26.9,59,4.94,939.0,33.109,44.34,46.06,0,47.03
2024-04-23,114,11,34.7,34.7,26.3,52,4.88,939.0,31.461,42.49,40.74,0,39.91
2024-04-24,115,11,35.6,35.6,25.8,55,4.58,938.0,32.736,44.14,44.38,0,44.28
2024-04-25,116,11,34.5,34.8,27.0,59,5.46,922.0,32.082,42.63,43.14,0,42.89
2024-04-26,117,10,34.0,34.6,26.5,62,4.83,808.0,31.942,41.94,43.03,0,41.51
2024-04-27,118,11,34.6,34.7,26.0,56,4.67,936.0,31.932,42.78,42.12,0,41.17
2024-04-28,119,12,35.5,35.6,26.5,57,5.85,974.0,32.755,44.05,45.06,0,45.32
2024-04-29,120,11,35.5,35.5,27.6,60,4.74,921.0,33.25,44.46,46.57,0,48.40
2024-04-30,121,11,35.7,35.7,28.0,59,5.39,925.0,33.208,44.48,46.66,0,48.83
2024-05-01,122,12,36.8,37.8,28.7,57,6.8,966.0,33.829,46.16,48.99,1,54.57
2024-05-02,123,11,38.2,38.3,29.8,51,6.32,905.0,34.25,47.27,49.78,2,59.41
2024-05-03,124,12,37.4,38.5,28.0,58,7.21,953.0,34.461,47.40,51.54,3,60.13
2024-05-04,125,11,36.6,37.4,29.3,62,6.67,875.0,34.216,46.25,51.3,4,61.93
2024-05-05,126,11,36.3,36.4,29.5,61,7.91,886.0,33.701,45.89,49.68,0,53.66
2024-05-06,127,11,36.5,37.1,29.8,63,7.91,884.0,34.144,46.59,51.57,1,57.72
2024-05-07,128,12,36.9,36.9,29.8,52,5.68,933.0,33.329,45.45,46.54,0,51.82
2024-05-08,129,11,33.5,33.5,26.8,60,4.25,885.0,31.435,41.64,40.82,0,39.86
2024-05-09,130,11,32.9,32.9,27.0,64,4.26,828.0,31.281,40.96,40.73,0,39.28
2024-05-10,131,11,32.7,32.7,27.5,64,3.4,856.0,31.324,41.42,40.18,0,40.07
2024-05-11,132,12,34.2,34.2,25.6,57,5.25,876.0,31.523,41.86,41.48,0,39.03
2024-05-12,133,10,33.4,33.4,29.4,64,3.05,617.0,31.681,41.57,42.15,0,43.80
2024-05-13,134,12,32.9,33.1,26.3,63,2.31,855.0,31.758,42.50,40.36,0,40.34
2024-05-14,135,12,33.2,33.7,27.6,63,2.55,672.0,31.622,41.87,41.18,0,41.45
2024-05-15,136,11,34.0,34.0,27.1,58,3.3,818.0,31.768,42.49,41.35,0,41.65
2024-05-16,137,11,29.6,29.6,25.9,76,2.31,579.0,29.57,38.24,35.47,0,30.84
2024-05-17,138,13,30.6,30.6,26.5,73,4.34,683.0,29.9,37.95,37.4,0,32.67
2024-05-18,139,10,29.8,30.6,26.1,81,2.09,509.0,30.222,38.86,37.33,0,33.45
2024-05-19,140,10,32.0,33.1,26.2,68,0.5,634.0,32.865,42.08,39.69,0,41.76
2024-05-20,141,9,29.0,31.3,26.7,83,0.28,270.0,30.208,37.03,35.41,0,32.09
2024-05-21,142,11,30.5,30.6,26.6,79,3.52,532.0,30.347,38.34,38.92,0,34.48
2024-05-22,143,14,31.3,31.3,25.7,72,4.64,475.0,30.074,37.55,39.07,0,32.40
2024-05-23,144,11,31.8,32.5,26.6,72,0.14,694.0,33.472,40.87,40.54,0,42.81
2024-05-24,145,13,36.1,36.1,26.6,56,2.98,869.0,33.613,45.63,46.31,0,48.66
2024-05-25,146,15,36.1,36.1,27.5,46,2.35,429.0,31.576,42.73,41.65,0,42.04
2024-05-26,147,14,39.1,39.1,28.1,35,1.94,466.0,32.626,45.97,43.56,1,49.44
2024-05-27,148,13,40.6,40.9,30.4,31,0.67,885.0,35.4,49.76,44.81,2,62.23
2024-05-28,149,13,41.0,41.0,30.1,31,0.92,853.0,35.18,50.08,45.64,3,63.68
2024-05-29,150,12,40.7,40.7,30.3,31,0.81,920.0,35.274,50.02,45.01,4,65.47
2024-05-30,151,10,38.4,39.3,29.8,40,0.5,766.0,35.311,47.60,44.35,5,64.63
2024-05-31,152,13,40.2,40.2,29.0,38,1.42,889.0,35.339,49.94,47.62,6,68.32
2024-06-01,153,11,36.8,36.8,27.8,61,5.79,869.0,34.368,46.34,51.38,0,53.89
2024-06-02,154,12,33.4,33.5,27.1,65,3.03,878.0,32.239,42.88,42.56,0,43.27
2024-06-03,155,16,30.6,30.7,27.1,70,0.45,250.0,30.258,38.03,36.54,0,33.79
2024-06-04,156,11,34.5,34.5,26.9,60,1.77,726.0,32.915,44.15,43.59,0,45.62
2024-06-05,157,14,32.5,32.5,26.3,75,3.61,674.0,32.07,41.47,43.98,0,41.53
2024-06-06,158,14,31.9,32.2,26.1,69,2.83,745.0,31.137,40.86,39.76,0,37.52
2024-06-07,159,15,31.0,31.0,25.9,69,2.51,322.0,29.488,37.58,37.3,0,30.89
2024-06-08,160,12,33.7,33.7,26.7,59,4.36,781.0,31.332,41.32,40.96,0,39.37
2024-06-09,161,13,34.8,34.8,27.0,51,4.49,765.0,31.25,41.95,40.59,0,39.88
2024-06-10,162,13,36.4,36.5,27.5,45,2.58,829.0,32.4,44.97,41.93,0,45.32
2024-06-11,163,12,36.2,36.2,27.7,45,4.3,872.0,31.831,43.89,41.47,0,43.52
2024-06-12,164,14,33.8,33.8,26.8,52,5.7,543.0,29.989,39.20,38.63,0,34.55
2024-06-13,165,13,35.4,35.4,27.5,45,5.12,762.0,30.838,42.05,39.69,0,39.43
2024-06-14,166,14,35.9,35.9,27.6,43,5.66,726.0,30.861,42.33,40.02,0,39.91
2024-06-15,167,16,33.1,35.5,27.2,65,3.0,344.0,30.962,39.71,41.69,0,38.37
2024-06-16,168,14,34.9,36.3,27.1,56,2.11,760.0,32.659,44.14,42.92,0,45.11
2024-06-17,169,12,36.4,36.4,27.6,43,2.15,876.0,32.36,45.28,41.11,0,45.28
2024-06-18,170,14,36.0,37.0,27.3,49,3.14,742.0,32.306,44.04,42.69,1,46.19
2024-06-19,171,12,35.3,35.3,25.6,49,2.62,877.0,32.062,44.11,40.99,0,41.49
2024-06-20,172,12,35.3,35.6,25.6,49,3.4,836.0,31.756,43.38,40.99,0,40.39
2024-06-21,173,14,34.7,36.0,27.4,50,2.11,655.0,31.47,42.78,39.97,0,41.14
2024-06-22,174,13,36.3,36.3,27.9,42,4.28,783.0,31.343,43.42,40.5,0,42.14
2024-06-23,175,13,36.0,36.5,27.6,41,0.86,851.0,32.78,45.06,39.5,0,45.31
2024-06-24,176,13,36.1,36.1,27.9,44,4.43,844.0,31.531,43.51,40.84,0,42.68
2024-06-25,177,11,35.0,35.2,27.8,47,4.21,770.0,30.93,42.06,39.54,0,39.90
2024-06-26,178,14,36.5,36.5,28.8,42,4.77,507.0,31.014,42.10,40.93,0,41.77
2024-06-27,179,13,34.7,34.9,27.1,46,7.08,715.0,30.08,40.87,38.54,0,36.25
2024-06-28,180,13,37.1,37.1,28.5,40,4.16,787.0,31.753,44.40,41.43,1,46.33
2024-06-29,181,13,37.8,37.8,27.7,36,2.38,837.0,32.26,46.17,41.28,2,49.24
2024-06-30,182,15,33.6,34.4,28.2,60,4.37,413.0,30.756,39.35,41.09,0,38.66
2024-07-01,183,13,33.9,33.9,26.5,54,4.39,541.0,30.5,39.94,39.57,0,36.05
2024-07-02,184,14,36.0,36.0,27.7,41,3.11,559.0,30.802,42.49,39.5,0,39.84
2024-07-03,185,13,37.5,37.5,27.4,37,2.02,866.0,32.395,46.18,41.07,1,47.41
2024-07-04,186,13,34.8,34.8,26.6,45,3.98,612.0,30.262,41.01,38.41,0,36.06
2024-07-05,187,14,34.9,36.1,27.0,55,3.51,722.0,32.006,42.82,42.48,0,42.64
2024-07-06,188,12,31.2,32.2,26.1,60,3.22,552.0,28.989,37.86,35.27,0,29.63
2024-07-07,189,14,35.9,36.1,26.7,43,1.66,697.0,31.849,44.12,40.02,0,42.02
2024-07-08,190,11,32.7,32.7,26.5,52,3.26,520.0,29.311,38.88,36.25,0,31.81
2024-07-09,191,12,33.0,33.9,25.8,52,2.75,723.0,30.088,40.72,36.88,0,34.02
2024-07-10,192,12,35.5,35.5,27.0,42,0.76,868.0,32.72,44.66,38.83,0,43.96
2024-07-11,193,15,33.3,33.3,26.1,51,3.24,562.0,29.808,39.80,37.21,0,33.30
2024-07-12,194,14,33.2,35.7,27.3,65,4.07,657.0,31.463,40.83,41.98,0,40.35
2024-07-13,195,11,29.2,29.6,25.6,74,2.78,363.0,28.356,35.78,33.98,0,25.86
2024-07-14,196,15,28.5,28.5,25.4,81,3.26,296.0,28.15,34.50,33.57,0,24.17
2024-07-15,197,12,29.9,30.2,25.2,70,5.42,638.0,28.683,35.90,34.8,0,26.41
2024-07-16,198,11,31.3,31.3,25.5,64,5.19,761.0,29.536,38.00,36.59,0,30.55
2024-07-17,199,15,31.3,31.4,25.8,63,4.34,241.0,28.593,35.23,36.31,0,27.02
2024-07-18,200,10,31.1,31.9,27.1,65,4.52,433.0,29.033,36.43,36.4,0,30.27
2024-07-19,201,12,30.1,30.1,26.2,66,6.28,521.0,28.167,34.96,34.33,0,25.75
2024-07-20,202,13,32.2,33.0,25.9,57,6.53,865.0,29.506,38.82,36.63,0,31.57
2024-07-21,203,14,35.6,35.6,27.0,44,5.98,693.0,30.666,41.81,39.75,0,38.36
2024-07-22,204,16,34.2,35.2,27.4,54,2.06,197.0,30.38,39.52,40.29,0,36.84
2024-07-23,205,13,36.1,36.6,27.0,42,6.4,882.0,30.993,43.22,40.07,0,40.12
2024-07-24,206,15,36.7,36.7,28.0,38,6.61,665.0,30.585,42.86,39.83,0,40.17
2024-07-25,207,14,37.8,37.8,27.8,36,7.5,766.0,31.237,45.00,41.28,1,44.92
2024-07-26,208,15,36.5,36.5,27.5,41,5.59,605.0,30.915,42.42,40.54,0,40.15
2024-07-27,209,14,34.8,34.8,28.4,45,6.32,719.0,30.103,40.90,38.41,0,37.78
2024-07-28,210,14,37.1,37.1,28.0,35,6.66,724.0,30.491,43.56,39.53,1,42.05
2024-07-29,211,13,36.7,36.7,26.7,41,4.98,616.0,31.181,42.84,40.97,0,40.19
2024-07-30,212,13,36.0,36.0,26.9,47,4.4,846.0,31.894,43.63,41.83,0,42.65
2024-07-31,213,14,36.0,36.0,27.0,44,2.15,656.0,31.753,43.84,40.62,0,42.21
2024-08-01,214,15,35.7,35.8,28.1,43,2.36,530.0,30.999,42.59,39.6,0,40.78
2024-08-02,215,12,35.7,35.7,27.4,46,4.13,849.0,31.537,43.29,40.73,0,41.91
2024-08-03,216,13,34.8,34.8,26.3,47,0.71,856.0,32.909,44.27,39.1,0,43.32
2024-08-04,217,13,35.3,35.3,26.6,47,1.86,911.0,32.198,44.59,40.21,0,42.97
2024-08-05,218,14,32.0,32.0,24.7,62,1.2,687.0,31.167,41.33,37.69,0,35.52
2024-08-06,219,13,32.8,33.1,25.0,61,0.3,727.0,33.243,42.03,39.36,0,40.91
2024-08-07,220,16,31.5,32.3,24.9,64,0.57,357.0,30.722,39.32,37.08,0,33.23
2024-08-08,221,13,32.0,32.0,25.5,65,1.58,866.0,31.584,42.17,38.66,0,38.21
2024-08-09,222,13,32.6,32.8,24.9,65,2.06,879.0,31.875,42.62,40.28,0,38.98
2024-08-10,223,11,31.6,31.8,24.6,66,1.65,798.0,31.141,41.43,37.95,0,35.52
2024-08-11,224,12,33.5,33.5,25.0,57,1.21,904.0,32.418,43.65,39.69,0,40.65
2024-08-12,225,13,33.6,33.6,24.6,59,1.82,918.0,32.288,43.65,40.7,0,40.31
2024-08-13,226,11,32.0,32.1,25.6,65,1.7,860.0,31.488,42.06,38.66,0,38.06
2024-08-14,227,10,30.9,30.9,26.0,72,2.11,726.0,30.758,40.42,37.93,0,35.69
2024-08-15,228,12,31.9,32.0,26.1,70,3.35,907.0,31.352,41.19,40.12,0,38.30
2024-08-16,229,13,31.8,32.0,26.9,70,4.88,843.0,30.85,39.72,39.83,0,37.12
2024-08-17,230,11,32.5,32.5,26.0,63,2.02,881.0,31.569,42.34,39.29,0,39.11
2024-08-18,231,11,32.8,32.8,26.1,62,1.17,872.0,32.361,43.17,39.72,0,41.49
2024-08-19,232,12,33.1,33.1,27.2,59,2.69,882.0,31.35,42.17,39.41,0,40.03
2024-08-20,233,11,31.7,32.1,25.7,65,1.55,846.0,31.285,41.74,37.89,0,37.27
2024-08-21,234,12,31.9,31.9,26.7,65,5.41,785.0,30.218,38.92,38.4,0,34.58
2024-08-22,235,12,32.7,32.8,26.6,56,3.51,872.0,30.345,40.71,37.45,0,35.64
2024-08-23,236,12,34.1,34.1,26.6,54,3.72,937.0,31.411,42.46,40.05,0,39.89
2024-08-24,237,12,34.3,34.6,27.0,53,4.43,880.0,31.234,41.98,40.16,0,39.72
2024-08-25,238,14,35.2,35.2,27.2,44,3.94,759.0,30.708,42.20,38.9,0,38.64
2024-08-26,239,14,35.2,35.2,27.9,45,3.18,719.0,30.967,42.56,39.26,0,40.34
2024-08-27,240,12,33.9,34.1,26.5,49,3.76,756.0,30.292,41.00,37.85,0,35.79
2024-08-28,241,13,29.0,29.2,25.7,69,2.44,285.0,27.502,34.87,32.54,0,23.18
2024-08-29,242,14,33.8,33.8,24.8,50,2.02,599.0,30.582,41.46,37.96,0,34.72
2024-08-30,243,14,32.2,32.2,25.8,55,3.38,420.0,29.009,37.79,36.06,0,29.56
2024-08-31,244,14,31.6,31.6,25.5,58,5.11,503.0,28.731,36.65,35.61,0,27.69
2024-09-01,245,13,34.4,34.4,26.6,48,5.36,759.0,30.338,40.86,38.58,0,36.16
2024-09-02,246,13,35.1,35.1,25.9,46,3.67,884.0,31.153,42.93,39.4,0,38.68
2024-09-03,247,13,33.3,33.3,25.3,56,2.47,830.0,31.158,42.12,38.85,0,37.20
2024-09-04,248,12,32.7,33.7,26.1,55,4.6,725.0,29.787,39.26,37.14,0,32.85
2024-09-05,249,13,34.4,34.7,26.8,49,2.38,800.0,31.218,42.83,38.93,0,39.60
2024-09-06,250,14,33.5,33.7,25.1,51,3.58,496.0,29.795,39.42,37.63,0,31.99
2024-09-07,251,16,32.5,32.6,25.7,57,1.25,301.0,29.888,39.12,37.31,0,32.53
2024-09-08,252,12,34.0,34.0,27.1,50,5.15,762.0,30.286,40.54,38.39,0,36.34
2024-09-09,253,12,33.8,34.2,27.3,50,6.77,852.0,30.024,40.48,37.96,0,35.87
2024-09-10,254,13,36.2,36.2,27.6,44,4.96,912.0,31.617,43.75,41.06,0,42.75
2024-09-11,255,14,33.4,35.1,27.7,59,2.95,652.0,31.159,41.30,40.18,0,39.91
2024-09-12,256,13,36.4,36.4,27.3,38,2.62,877.0,31.368,44.63,39.24,0,41.89
2024-09-13,257,13,35.8,35.9,26.8,37,0.54,834.0,32.644,44.49,37.78,0,43.07
2024-09-14,258,13,35.8,36.0,26.9,38,0.42,883.0,33.243,44.68,38.09,0,44.57
2024-09-15,259,12,36.5,36.5,26.7,35,1.22,911.0,31.885,45.32,38.42,0,42.35
2024-09-16,260,13,35.8,35.8,26.9,36,1.39,867.0,31.202,44.34,37.47,0,40.24
2024-09-17,261,12,36.3,36.3,27.6,39,1.62,938.0,32.073,45.38,39.39,0,44.17
2024-09-18,262,12,34.8,34.8,26.9,47,1.84,907.0,31.756,43.98,39.1,0,41.63
2024-09-19,263,13,33.9,33.9,25.3,59,3.29,893.0,31.917,42.78,41.49,0,40.09
2024-09-20,264,12,35.9,35.9,26.5,40,2.06,948.0,31.625,44.80,38.95,0,41.45
2024-09-21,265,14,31.0,31.0,25.6,61,2.05,343.0,28.761,37.43,35.1,0,28.24
2024-09-22,266,12,33.5,33.6,25.1,53,2.33,768.0,30.904,41.95,38.29,0,36.15
2024-09-23,267,13,32.8,33.0,24.8,65,0.61,800.0,33.475,43.49,40.84,0,42.72
2024-09-24,268,14,33.1,33.4,25.6,58,0.94,634.0,31.855,42.15,39.06,0,38.97
2024-09-25,269,14,33.9,33.9,25.7,56,1.7,765.0,31.972,43.16,40.31,0,40.50
2024-09-26,270,12,30.5,30.5,26.6,71,2.56,429.0,29.488,37.81,36.56,0,31.60
2024-09-27,271,12,31.4,31.4,25.5,75,3.6,848.0,31.282,40.58,40.4,0,37.13
2024-09-28,272,12,30.8,30.8,24.3,77,2.37,906.0,31.408,41.35,39.22,0,36.08
2024-09-29,273,10,30.5,30.8,24.5,75,2.17,760.0,30.738,40.31,37.7,0,33.74
2024-09-30,274,13,30.1,30.1,25.1,72,3.3,879.0,29.829,38.94,35.79,0,31.02
2024-10-01,275,12,31.6,31.6,25.6,63,3.18,910.0,30.316,40.32,37.03,0,33.98
2024-10-02,276,15,32.1,34.4,25.5,73,4.94,600.0,31.12,39.37,41.85,0,36.49
2024-10-03,277,12,33.9,34.0,26.4,55,0.35,931.0,34.131,43.90,39.94,0,45.79
2024-10-04,278,12,32.7,32.8,26.5,63,1.27,825.0,32.184,42.89,39.82,0,41.45
2024-10-05,279,12,33.5,33.5,25.5,56,1.28,849.0,32.104,43.28,39.33,0,40.24
2024-10-06,280,10,31.6,32.2,25.5,65,0.94,759.0,31.617,41.61,37.63,0,37.48
2024-10-07,281,13,30.0,30.0,25.6,72,3.0,825.0,29.738,38.87,35.53,0,31.29
2024-10-08,282,12,30.3,30.3,24.8,72,3.18,871.0,30.043,39.27,36.31,0,31.51
2024-10-09,283,11,30.0,30.0,25.0,72,2.71,828.0,29.837,39.17,35.53,0,30.99
2024-10-10,284,12,29.8,29.8,24.3,72,2.64,816.0,29.651,38.94,35.02,0,29.46
2024-10-11,285,13,29.6,29.8,24.6,75,3.67,770.0,29.417,37.74,35.23,0,28.59
2024-10-12,286,11,29.5,29.6,25.2,75,3.56,824.0,29.428,37.96,34.96,0,29.36
2024-10-13,287,12,29.8,29.9,24.1,74,2.86,847.0,29.841,39.02,35.51,0,29.83
2024-10-14,288,13,26.5,26.7,24.3,89,5.48,315.0,26.776,30.71,27.01,0,15.11
2024-10-15,289,13,28.2,28.2,24.7,81,4.24,329.0,27.8,33.41,32.77,0,21.61
2024-10-16,290,15,28.6,28.6,23.9,77,3.46,408.0,28.061,34.88,33.09,0,22.35
2024-10-17,291,11,30.2,30.3,23.9,70,1.46,796.0,30.397,40.22,35.53,0,31.52
2024-10-18,292,9,28.8,28.8,24.4,82,0.81,522.0,30.305,38.76,34.61,0,30.54
2024-10-19,293,10,28.8,29.3,24.1,79,1.67,639.0,29.533,38.45,33.99,0,28.27
2024-10-20,294,11,29.7,29.9,24.5,76,1.5,746.0,30.431,39.92,35.74,0,32.15
2024-10-21,295,12,30.1,30.1,25.4,75,2.5,843.0,30.36,39.83,36.57,0,33.31
2024-10-22,296,11,30.2,30.3,24.3,75,2.46,754.0,30.319,39.61,36.85,0,31.89
2024-10-23,297,11,31.3,31.5,24.1,64,2.44,854.0,30.319,40.46,36.59,0,32.18
2024-10-24,298,15,31.2,31.2,25.1,56,0.54,427.0,29.847,38.72,34.28,0,30.33
2024-10-25,299,13,32.7,32.7,24.0,45,0.41,805.0,31.341,41.35,34.42,0,33.83
2024-10-26,300,11,32.9,33.5,24.2,47,2.73,883.0,29.605,40.99,35.27,0,30.84
2024-10-27,301,14,32.0,32.3,24.1,55,0.18,652.0,31.518,39.41,35.64,0,33.33
2024-10-28,302,12,32.1,32.2,24.3,60,1.75,821.0,30.884,41.52,37.31,0,34.51
2024-10-29,303,12,32.1,32.1,24.6,67,2.51,840.0,31.368,41.62,39.62,0,36.71
2024-10-30,304,11,31.5,31.5,25.5,69,1.86,816.0,31.293,41.51,38.64,0,37.17
2024-10-31,305,11,30.1,30.1,25.1,72,2.55,773.0,29.898,39.21,35.79,0,31.34
2024-11-01,306,12,29.2,29.2,24.8,75,1.76,881.0,29.931,39.59,34.19,0,30.74
2024-11-02,307,12,29.0,29.2,24.2,76,2.09,817.0,29.541,38.86,33.9,0,28.66
2024-11-03,308,11,29.6,29.6,23.7,72,3.78,769.0,29.07,37.39,34.53,0,26.37
2024-11-04,309,10,29.3,30.1,23.5,73,2.21,725.0,29.288,38.43,34.02,0,27.11
2024-11-05,310,13,30.5,30.5,23.9,57,5.24,806.0,28.026,36.66,33.16,0,23.59
2024-11-06,311,11,28.7,28.7,24.6,74,4.95,667.0,28.067,35.02,32.78,0,23.16
2024-11-07,312,12,29.5,29.6,24.0,73,4.39,784.0,28.985,36.92,34.51,0,26.21
2024-11-08,313,12,30.4,30.4,26.1,67,4.85,817.0,29.154,37.46,35.26,0,29.65
2024-11-09,314,11,30.2,30.4,24.7,64,5.75,786.0,28.463,36.44,34.09,0,25.54
2024-11-10,315,11,30.1,30.3,24.3,59,5.01,747.0,27.844,36.13,32.82,0,23.20
2024-11-11,316,13,30.1,30.2,24.0,64,7.46,748.0,28.148,35.88,33.88,0,23.64
2024-11-12,317,13,27.5,27.5,24.0,83,2.87,254.0,27.33,33.45,31.26,0,19.37
2024-11-13,318,13,26.7,26.9,24.0,86,3.46,254.0,26.75,32.01,29.64,0,16.63
2024-11-14,319,12,28.9,28.9,24.3,78,3.08,763.0,29.194,37.66,34.05,0,27.31
2024-11-15,320,13,28.0,28.1,24.1,80,2.92,624.0,28.332,36.21,32.1,0,23.68
2024-11-16,321,14,27.7,27.7,24.0,81,3.05,619.0,28.098,35.76,31.5,0,22.58
2024-11-17,322,10,29.4,29.5,24.0,70,4.42,712.0,28.457,36.21,33.62,0,24.36
2024-11-18,323,11,29.2,29.2,25.8,64,5.17,807.0,27.629,35.51,32.05,0,23.82
2024-11-19,324,11,28.7,28.7,25.4,67,5.09,744.0,27.412,34.83,31.59,0,22.28
2024-11-20,325,12,28.9,28.9,25.0,61,4.55,815.0,27.123,35.40,31.02,0,21.46
2024-11-21,326,12,29.0,29.0,25.2,59,4.08,791.0,27.044,35.65,30.88,0,21.68
2024-11-22,327,12,29.2,29.2,23.1,58,4.66,789.0,27.008,35.39,31.06,0,19.03
2024-11-23,328,12,28.9,28.9,23.5,67,4.78,688.0,27.566,35.00,31.98,0,20.62
2024-11-24,329,11,29.6,29.6,25.5,61,4.65,752.0,27.671,35.88,32.27,0,23.89
2024-11-25,330,11,29.5,29.6,24.3,59,6.13,756.0,27.159,34.97,31.73,0,20.66
2024-11-26,331,11,26.8,26.8,23.6,84,4.09,314.0,26.718,31.83,29.64,0,15.97
2024-11-27,332,11,27.7,27.7,24.5,67,6.73,360.0,25.708,30.59,29.75,0,14.26
2024-11-28,333,14,26.4,26.4,23.9,78,7.65,350.0,25.515,29.20,26.77,0,11.16
2024-11-29,334,14,24.9,25.1,23.3,95,5.15,114.0,25.261,26.95,25.41,0,8.36
2024-11-30,335,13,25.3,26.5,23.9,94,10.16,26.0,25.066,23.33,25.82,0,8.01
2024-12-01,336,13,27.8,27.8,24.8,80,6.88,483.0,27.342,32.44,31.6,0,19.72
2024-12-02,337,13,28.9,28.9,25.3,75,5.53,705.0,28.343,35.23,33.45,0,24.90
2024-12-03,338,12,29.4,29.4,24.6,75,2.91,769.0,29.421,38.22,34.7,0,28.74
2024-12-04,339,10,28.7,28.8,24.8,78,2.0,591.0,29.059,37.69,33.53,0,27.47
2024-12-05,340,12,29.1,29.1,23.7,75,2.41,732.0,29.24,38.19,33.94,0,27.05
2024-12-06,341,11,28.0,28.0,24.2,81,2.41,695.0,28.728,37.20,32.25,0,25.32
2024-12-07,342,11,29.2,29.2,24.1,71,2.64,751.0,28.86,37.85,33.37,0,26.34
2024-12-08,343,12,29.4,29.4,23.8,65,2.29,798.0,28.613,38.20,32.63,0,25.50
2024-12-09,344,11,28.7,29.2,23.3,73,2.4,680.0,28.553,37.32,32.6,0,24.16
2024-12-10,345,11,29.3,29.3,24.7,63,4.92,727.0,27.539,35.34,32.07,0,22.25
2024-12-11,346,12,26.0,27.2,24.1,87,3.82,216.0,26.009,30.41,26.46,0,13.21
2024-12-12,347,13,26.0,26.0,23.8,85,3.94,246.0,25.883,30.42,26.44,0,12.63
2024-12-13,348,12,27.7,27.9,25.2,75,5.51,693.0,27.174,33.61,30.71,0,20.38
2024-12-14,349,13,28.4,28.4,24.6,60,4.97,694.0,26.311,33.88,30.06,0,18.01
2024-12-15,350,12,27.5,27.5,24.3,57,5.6,818.0,25.229,32.90,28.47,0,14.32
2024-12-16,351,12,27.0,27.0,22.7,60,5.42,782.0,25.07,32.38,28.08,0,11.63
2024-12-17,352,12,26.3,26.3,22.1,74,6.05,326.0,25.078,29.12,26.61,0,8.18
2024-12-18,353,11,26.3,26.3,22.0,86,4.97,365.0,26.434,30.94,26.77,0,11.94
2024-12-19,354,12,27.1,27.3,23.5,84,4.21,432.0,27.244,32.96,30.37,0,17.94
2024-12-20,355,13,28.8,28.8,24.0,76,4.11,610.0,28.413,35.64,33.4,0,23.79
2024-12-21,356,12,28.6,28.6,24.1,77,3.7,726.0,28.589,36.41,33.09,0,24.68
2024-12-22,357,12,28.4,28.4,24.1,70,4.32,751.0,27.58,35.23,31.46,0,21.32
2024-12-23,358,12,28.6,28.6,23.1,65,5.06,794.0,27.173,34.84,31.09,0,18.96
2024-12-24,359,13,27.9,27.9,23.5,74,4.62,665.0,27.344,34.23,31.0,0,19.28
2024-12-25,360,14,27.5,27.5,23.1,81,5.15,390.0,27.143,32.21,31.01,0,16.98
2024-12-26,361,12,28.1,28.2,24.5,83,4.87,692.0,28.461,35.13,32.84,0,23.89
2024-12-27,362,11,28.5,28.5,23.7,67,5.93,715.0,27.078,34.04,31.2,0,18.94
2024-12-28,363,12,28.3,28.3,24.9,69,4.1,752.0,27.42,35.24,31.11,0,21.82
2024-12-29,364,11,27.9,27.9,24.3,68,5.26,672.0,26.637,33.45,30.22,0,18.02
2024-12-30,365,13,28.0,28.0,23.8,73,5.34,736.0,27.336,34.16,31.07,0,19.59
2024-12-31,366,11,28.2,28.2,24.5,70,5.2,732.0,27.226,34.28,31.06,0,20.28
2025-01-01,1,12,27.9,27.9,23.7,68,4.21,812.0,27.001,34.89,30.22,0,19.05
2025-01-02,2,12,27.9,27.9,23.2,58,4.25,799.0,25.893,34.24,29.09,0,15.48
2025-01-03,3,9,26.8,28.3,22.9,71,2.75,408.0,25.86,33.06,28.6,0,14.04
2025-01-04,4,9,26.0,27.7,21.6,74,1.5,421.0,25.88,33.82,26.29,0,12.98
2025-01-05,5,10,27.2,28.3,21.4,64,2.31,585.0,26.026,34.65,28.67,0,14.48
2025-01-06,6,14,28.6,28.6,21.7,54,2.26,671.0,26.407,36.05,29.61,0,16.56
2025-01-07,7,13,27.0,27.3,22.8,67,4.04,620.0,25.784,32.98,28.61,0,13.72
2025-01-08,8,12,28.1,28.1,21.4,51,3.29,831.0,25.541,35.14,28.66,0,13.91
2025-01-09,9,13,28.5,28.5,24.4,46,5.05,784.0,24.886,33.72,28.63,0,14.43
2025-01-10,10,13,28.1,28.4,23.6,62,5.5,632.0,26.094,33.00,29.83,0,15.71
2025-01-11,11,12,28.5,28.5,24.6,54,5.37,769.0,25.774,33.83,29.47,0,16.73
2025-01-12,12,12,26.8,26.8,24.1,68,4.65,259.0,24.916,29.71,28.38,0,11.15
2025-01-13,13,14,26.9,26.9,23.6,77,5.0,580.0,26.502,32.45,29.26,0,15.87
2025-01-14,14,12,28.2,28.2,24.6,65,5.42,788.0,26.739,34.12,30.37,0,19.10
2025-01-15,15,12,28.9,28.9,25.2,58,5.5,769.0,26.582,34.45,30.57,0,19.82
2025-01-16,16,11,28.3,28.3,24.8,58,5.21,717.0,25.995,33.62,29.66,0,17.31
2025-01-17,17,11,27.4,27.4,23.7,62,5.35,730.0,25.597,32.74,28.78,0,14.31
2025-01-18,18,10,28.2,28.2,23.1,55,5.57,595.0,25.344,32.50,29.18,0,13.10
2025-01-19,19,13,27.3,27.4,23.3,75,5.44,630.0,26.707,32.81,29.88,0,16.40
2025-01-20,20,10,27.0,27.6,23.2,70,3.67,598.0,26.126,33.40,28.86,0,15.23
2025-01-21,21,12,27.7,27.8,22.4,58,3.27,776.0,25.89,34.82,28.82,0,14.86
2025-01-22,22,12,28.4,28.4,22.4,57,3.89,742.0,26.229,34.79,29.69,0,15.80
2025-01-23,23,13,29.0,29.0,22.6,53,3.24,813.0,26.579,36.18,30.04,0,17.83
2025-01-24,24,13,28.5,28.5,21.7,52,3.04,752.0,25.965,35.48,29.25,0,15.18
2025-01-25,25,11,28.2,28.7,21.5,57,3.58,751.0,26.125,34.89,29.4,0,15.11
2025-01-26,26,11,28.3,28.6,19.9,58,2.91,794.0,26.576,35.92,29.66,0,16.80
2025-01-27,27,10,27.7,29.3,20.8,63,1.46,573.0,26.777,35.84,29.32,0,16.99
2025-01-28,28,9,26.5,29.4,22.0,69,0.92,410.0,26.258,34.37,26.75,0,14.09
2025-01-29,29,12,28.8,29.0,22.1,50,4.39,841.0,25.826,34.95,29.4,0,14.70
2025-01-30,30,12,30.8,30.8,23.1,54,3.11,792.0,28.343,38.28,33.08,0,24.39
2025-01-31,31,12,30.1,30.1,23.0,62,3.43,820.0,28.595,37.82,33.44,0,24.55
2025-02-01,32,12,30.5,30.5,23.9,56,2.75,827.0,28.477,38.54,32.95,0,25.72
2025-02-02,33,10,29.3,30.8,23.0,59,0.65,640.0,28.949,38.08,31.39,0,24.65
2025-02-03,34,12,30.3,30.9,20.4,52,2.3,892.0,28.095,38.76,31.85,0,22.53
2025-02-04,35,10,29.0,32.0,20.8,56,0.68,669.0,28.353,37.68,30.45,0,21.72
2025-02-05,36,10,29.3,32.0,22.7,58,0.45,654.0,29.399,38.16,31.22,0,25.15
2025-02-06,37,10,29.3,30.7,22.5,55,2.0,669.0,27.273,37.08,30.76,0,19.95
2025-02-07,38,10,28.7,31.0,22.0,63,1.22,612.0,27.994,37.28,30.97,0,20.94
2025-02-08,39,10,29.4,31.6,22.0,59,0.61,668.0,29.216,38.35,31.56,0,24.24
2025-02-09,40,12,30.3,30.4,22.2,54,3.39,880.0,27.944,37.85,32.21,0,21.96
2025-02-10,41,15,29.5,30.3,23.8,48,3.21,639.0,26.148,35.63,30.06,0,18.03
2025-02-11,42,12,30.8,30.9,23.1,47,2.6,919.0,27.836,38.87,31.75,0,23.37
2025-02-12,43,11,30.4,31.6,21.4,50,0.71,854.0,29.354,39.56,31.65,0,25.42
2025-02-13,44,12,31.5,31.8,21.1,42,2.36,933.0,27.909,39.62,31.91,0,22.82
2025-02-14,45,12,31.9,32.3,20.7,41,2.2,937.0,28.2,40.13,32.31,0,23.90
2025-02-15,46,12,31.3,31.3,21.9,53,2.98,921.0,28.914,39.47,33.77,0,25.31
2025-02-16,47,11,31.3,31.7,22.9,47,1.84,855.0,28.538,39.74,32.52,0,25.38
2025-02-17,48,12,31.0,31.2,23.2,52,3.34,914.0,28.399,38.72,33.02,0,24.92
2025-02-18,49,11,30.5,31.0,22.7,55,2.65,847.0,28.425,38.66,32.75,0,24.23
2025-02-19,50,12,31.0,31.1,21.8,54,3.29,924.0,28.674,38.93,33.45,0,24.34
2025-02-20,51,11,30.7,31.1,22.8,53,3.09,855.0,28.234,38.40,32.7,0,23.79
2025-02-21,52,12,31.0,31.1,23.8,52,2.76,919.0,28.589,39.25,33.02,0,26.35
2025-02-22,53,11,31.2,31.4,23.6,56,2.32,847.0,29.319,39.81,34.28,0,28.38
2025-02-23,54,11,31.8,32.4,23.5,51,1.75,861.0,29.571,40.65,34.23,0,29.32
2025-02-24,55,10,30.1,31.0,23.5,60,2.29,722.0,28.566,38.29,33.02,0,25.27
2025-02-25,56,12,31.3,31.3,24.1,48,4.6,933.0,27.907,38.02,32.71,0,24.42
2025-02-26,57,11,31.1,31.6,25.4,53,4.35,868.0,28.32,37.93,33.41,0,26.91
2025-02-27,58,12,30.9,31.2,24.9,54,4.09,913.0,28.372,38.12,33.26,0,26.51
2025-02-28,59,13,31.1,31.1,25.2,55,4.95,869.0,28.463,37.71,33.85,0,26.95
2025-03-01,60,12,30.7,30.8,25.8,63,3.81,900.0,29.295,38.63,34.94,0,30.29
2025-03-02,61,12,32.2,32.2,25.6,52,3.16,924.0,29.555,40.32,35.25,0,31.88
2025-03-03,62,12,33.0,33.0,24.7,53,3.19,950.0,30.439,41.43,37.18,0,34.02
2025-03-04,63,10,32.0,33.2,23.9,51,0.99,753.0,30.206,40.80,34.61,0,31.24
2025-03-05,64,12,34.5,34.5,23.9,43,2.58,919.0,30.571,42.88,37.18,0,34.39
2025-03-06,65,10,32.9,35.2,23.6,46,0.56,761.0,31.184,41.61,35.02,0,33.47
2025-03-07,66,10,31.7,33.1,22.8,41,0.64,784.0,29.291,39.99,32.02,0,26.67
2025-03-08,67,12,32.9,32.9,23.1,44,3.51,979.0,29.092,40.62,34.53,0,28.04
2025-03-09,68,12,31.2,31.2,23.4,54,3.64,971.0,28.829,39.06,33.82,0,26.50
2025-03-10,69,14,31.5,31.5,25.6,46,4.22,864.0,27.804,38.10,32.64,0,26.00
2025-03-11,70,13,29.5,30.0,24.5,71,3.38,825.0,29.046,37.81,34.07,0,27.38
2025-03-12,71,12,30.0,30.1,24.0,73,2.94,885.0,29.958,39.27,35.78,0,30.21
2025-03-13,72,10,31.9,33.3,24.0,58,0.78,762.0,31.33,41.41,36.26,0,34.53
2025-03-14,73,12,33.3,33.4,24.7,58,3.69,981.0,31.255,41.95,39.55,0,36.82
2025-03-15,74,12,34.0,34.0,25.0,47,3.54,987.0,30.49,42.13,37.42,0,35.07
2025-03-16,75,12,32.9,32.9,25.1,54,3.58,929.0,30.339,41.00,37.27,0,34.02
2025-03-17,76,10,33.6,34.0,25.9,50,2.14,773.0,30.69,41.99,37.53,0,36.43
2025-03-18,77,12,33.0,33.1,25.9,58,4.07,927.0,30.817,41.08,38.81,0,36.49
2025-03-19,78,11,33.2,33.4,26.4,52,3.82,867.0,30.209,40.79,37.3,0,35.16
2025-03-20,79,11,33.4,33.6,27.0,47,3.51,921.0,29.871,41.15,36.22,0,35.08
2025-03-21,80,12,33.2,33.2,27.4,50,4.16,981.0,30.025,40.91,36.7,0,35.84
2025-03-22,81,12,32.7,32.7,27.0,57,4.53,903.0,30.294,40.24,37.77,0,35.79
2025-03-23,82,13,32.9,32.9,27.0,53,3.81,922.0,30.145,40.73,36.97,0,35.57
2025-03-24,83,11,31.8,32.0,26.2,58,3.56,863.0,29.736,39.67,36.04,0,32.75
2025-03-25,84,10,32.3,32.6,24.9,56,1.91,788.0,30.424,41.16,36.56,0,33.80
2025-03-26,85,11,33.2,33.2,24.7,50,3.57,921.0,30.082,41.06,36.7,0,32.90
2025-03-27,86,13,34.5,35.9,25.3,53,4.45,965.0,31.523,42.59,40.64,0,38.89
2025-03-28,87,12,36.0,36.3,25.4,43,4.1,981.0,31.539,44.03,40.24,0,39.93
2025-03-29,88,12,36.7,37.1,24.7,30,4.11,1008.0,29.987,44.36,37.26,1,36.98
2025-03-30,89,11,34.0,34.2,24.3,44,4.43,939.0,29.802,41.22,36.52,0,31.96
2025-03-31,90,12,32.6,32.7,25.5,49,4.21,951.0,29.303,39.96,35.23,0,31.02
2025-04-01,91,11,32.7,32.8,25.0,44,3.77,912.0,28.758,39.92,34.18,0,28.99
2025-04-02,92,13,32.8,32.9,27.2,53,3.97,920.0,30.015,40.49,36.75,0,35.30
2025-04-03,93,12,32.4,32.4,26.1,58,3.54,739.0,30.108,39.88,37.39,0,33.99
2025-04-04,94,11,30.3,30.3,26.4,68,3.02,868.0,29.646,39.08,35.27,0,32.10
2025-04-05,95,10,31.3,33.2,24.8,59,0.14,769.0,31.744,39.14,35.23,0,34.22
2025-04-06,96,10,33.8,34.3,26.5,48,0.89,663.0,31.333,42.21,37.32,0,38.42
2025-04-07,97,9,32.6,33.9,26.6,59,0.7,594.0,31.766,41.54,38.18,0,39.20
2025-04-08,98,11,33.6,33.6,26.5,52,3.94,920.0,30.619,41.44,38.18,0,36.84
2025-04-09,99,11,33.9,33.9,26.9,50,4.28,913.0,30.543,41.45,38.17,0,37.17
2025-04-10,100,11,37.4,37.4,25.9,34,0.43,869.0,33.89,46.16,39.75,1,47.98
2025-04-11,101,9,34.5,36.0,28.5,50,0.42,610.0,32.993,42.98,39.51,0,45.27
2025-04-12,102,11,38.1,38.8,27.3,28,0.76,915.0,32.608,46.65,38.96,1,47.25
2025-04-13,103,11,36.2,36.2,27.2,46,3.47,912.0,32.221,44.58,41.89,0,44.33
2025-04-14,104,11,34.2,34.5,26.7,51,3.43,895.0,31.118,42.37,39.19,0,39.07
2025-04-15,105,11,34.4,34.4,27.3,51,3.16,846.0,31.3,42.61,39.65,0,40.45
2025-04-16,106,11,34.1,34.1,27.9,52,4.08,823.0,30.909,41.59,39.31,0,39.55
2025-04-17,107,10,34.3,34.3,27.7,52,2.9,788.0,31.33,42.50,39.78,0,40.95
2025-04-18,108,12,35.4,36.2,27.6,54,4.61,907.0,32.374,43.61,43.37,0,44.94
2025-04-19,109,13,36.0,36.7,28.0,52,4.7,902.0,32.624,44.20,44.06,0,46.56
2025-04-20,110,12,36.2,36.7,28.2,50,5.0,952.0,32.538,44.40,43.65,0,46.62
2025-04-21,111,12,34.9,35.1,28.1,53,4.9,967.0,31.808,42.95,41.64,0,43.33
2025-04-22,112,12,34.7,34.7,26.8,52,4.72,951.0,31.503,42.60,40.74,0,40.65
2025-04-23,113,12,35.0,35.5,27.5,51,4.56,920.0,31.629,42.86,41.07,0,42.02
2025-04-24,114,12,35.2,35.2,27.9,53,4.83,958.0,32.082,43.36,42.4,0,44.19
2025-04-25,115,11,34.6,34.6,28.0,55,4.33,892.0,31.807,42.67,41.7,0,43.03
2025-04-26,116,11,33.9,34.2,27.9,57,4.61,897.0,31.377,41.77,40.7,0,41.08
2025-04-27,117,11,34.3,34.3,28.1,51,3.2,869.0,31.233,42.55,39.42,0,41.13
2025-04-28,118,12,33.7,33.7,27.5,52,3.89,891.0,30.681,41.48,38.4,0,38.24
2025-04-29,119,12,33.1,33.3,28.0,59,4.14,873.0,30.946,41.03,39.41,0,39.37
2025-04-30,120,12,35.6,35.6,28.0,52,4.39,935.0,32.361,43.91,43.0,0,45.46
2025-05-01,121,11,36.8,36.8,28.1,40,2.94,895.0,31.955,45.14,40.79,0,44.88
2025-05-02,122,11,35.6,35.6,28.9,49,3.98,865.0,31.932,43.55,41.71,0,44.96
2025-05-03,123,12,37.1,37.5,28.3,46,4.13,935.0,32.899,45.52,44.07,1,50.05
2025-05-04,124,13,36.3,38.1,28.9,55,4.14,850.0,33.344,45.00,46.38,2,53.74
2025-05-05,125,12,34.5,34.6,26.7,52,3.33,972.0,31.661,43.22,40.26,0,41.10
2025-05-06,126,11,37.6,37.6,27.4,39,1.77,903.0,33.031,46.74,42.09,1,49.39
2025-05-07,127,11,36.0,36.2,27.9,46,3.4,902.0,32.048,44.32,41.42,0,44.46
2025-05-08,128,10,36.1,36.9,26.6,42,0.49,786.0,33.719,45.12,40.07,0,46.18
2025-05-09,129,10,35.5,36.5,26.2,39,0.25,785.0,32.846,43.02,37.84,0,41.71
2025-05-10,130,11,36.7,37.0,27.0,38,1.71,863.0,32.053,45.42,39.83,1,45.29
2025-05-11,131,13,35.9,36.9,28.5,54,3.91,856.0,32.899,44.45,44.74,0,48.09
2025-05-12,132,13,38.0,39.0,28.1,40,3.2,872.0,32.884,46.41,43.42,1,50.19
2025-05-13,133,12,38.4,38.6,28.9,36,3.36,924.0,32.577,46.78,42.52,2,52.15
2025-05-14,134,12,35.9,36.9,28.6,52,4.33,867.0,32.555,44.07,43.79,0,46.93
2025-05-15,135,11,36.5,36.5,28.7,46,3.44,883.0,32.454,44.87,42.6,0,46.99
2025-05-16,136,9,34.9,36.2,27.3,53,0.7,589.0,33.095,43.71,41.64,0,45.38
2025-05-17,137,15,32.3,33.4,25.7,68,2.17,495.0,31.135,40.62,40.55,0,37.17
2025-05-18,138,11,33.3,33.3,25.9,55,3.39,751.0,30.615,40.95,38.5,0,35.90
2025-05-19,139,13,31.1,31.6,24.9,70,1.15,719.0,31.364,41.19,37.87,0,36.08
2025-05-20,140,13,31.6,31.6,26.3,69,0.89,549.0,31.576,41.01,38.92,0,38.38
2025-05-21,141,13,33.9,33.9,26.3,54,2.55,700.0,31.193,42.04,39.57,0,38.64
2025-05-22,142,12,33.6,34.1,26.6,51,2.11,850.0,30.976,42.44,37.85,0,38.23
2025-05-23,143,13,34.5,35.2,26.9,55,3.59,898.0,31.885,43.00,41.44,0,42.04
2025-05-24,144,13,35.9,35.9,27.4,44,4.75,895.0,31.365,43.34,40.4,0,41.50
2025-05-25,145,14,36.9,36.9,27.4,42,2.37,751.0,32.327,45.12,41.81,0,45.13
2025-05-26,146,12,34.0,34.0,27.7,50,4.75,570.0,30.057,39.74,38.39,0,36.03
2025-05-27,147,14,36.4,36.4,28.2,41,5.41,526.0,30.726,41.88,40.33,0,40.14
2025-05-28,148,13,37.4,37.4,29.3,36,5.1,675.0,31.031,43.75,40.48,1,45.08
2025-05-29,149,13,37.8,37.8,28.9,36,4.76,804.0,31.603,44.96,41.28,2,48.53
2025-05-30,150,12,36.0,36.0,27.8,44,3.36,785.0,31.586,43.68,40.62,0,42.71
2025-05-31,151,13,35.7,36.2,27.7,49,1.97,797.0,32.571,44.71,41.95,0,45.69
2025-06-01,152,15,34.1,37.4,27.1,68,2.76,600.0,32.869,43.27,46.12,1,47.74
2025-06-02,153,12,36.2,36.2,27.6,41,2.37,894.0,31.803,44.82,39.91,0,43.45
2025-06-03,154,12,38.3,38.3,28.2,33,3.76,923.0,31.848,46.30,41.09,1,47.40
2025-06-04,155,12,37.8,37.8,28.7,36,0.66,912.0,34.067,47.05,41.28,2,54.46
2025-06-05,156,12,37.0,37.3,28.1,35,1.14,887.0,32.349,45.82,39.35,3,50.57
2025-06-06,157,12,37.9,37.9,28.4,33,0.38,891.0,34.196,46.49,40.32,4,56.92
2025-06-07,158,13,38.1,38.1,28.6,36,1.15,861.0,33.393,47.09,41.89,5,58.33
2025-06-08,159,12,37.8,38.0,28.8,39,1.6,887.0,33.291,46.98,42.53,6,60.19
2025-06-09,160,13,37.0,37.2,27.9,42,1.83,861.0,32.879,46.05,42.04,7,57.51
2025-06-10,161,13,36.8,37.0,27.4,45,0.4,864.0,35.153,46.40,42.88,8,61.79
2025-06-11,162,12,36.0,36.0,25.7,47,2.31,865.0,32.51,44.98,41.83,0,43.39
2025-06-12,163,13,35.9,35.9,25.6,42,1.45,862.0,32.185,44.89,39.65,0,41.79
2025-06-13,164,12,35.7,35.7,26.9,43,3.22,884.0,31.359,43.76,39.6,0,40.91
2025-06-14,165,13,35.3,35.3,27.5,46,2.77,794.0,31.446,43.39,39.84,0,41.60
2025-06-15,166,13,34.6,34.6,27.4,47,5.28,832.0,30.484,41.40,38.67,0,37.79
2025-06-16,167,11,34.4,34.6,26.8,46,5.6,713.0,29.964,40.46,37.92,0,35.15
2025-06-17,168,13,37.1,37.1,27.9,37,4.92,767.0,31.1,43.88,40.26,1,43.59
2025-06-18,169,14,37.6,37.6,28.3,38,3.39,742.0,31.953,45.07,41.68,2,48.72
2025-06-19,170,14,37.3,37.4,29.0,39,2.79,644.0,31.854,44.61,41.45,3,50.60
2025-06-20,171,13,38.8,38.8,28.1,30,2.9,791.0,31.729,46.56,40.87,4,52.17
2025-06-21,172,13,37.9,37.9,28.0,35,2.4,750.0,32.01,45.81,41.09,5,53.79
2025-06-22,173,12,37.0,37.0,27.8,39,3.37,811.0,31.714,44.70,40.82,6,53.77
2025-06-23,174,12,33.7,34.1,27.4,48,3.83,639.0,29.777,40.07,37.12,0,34.92
2025-06-24,175,13,36.8,36.9,27.9,36,4.52,708.0,30.652,43.27,39.31,0,40.28
2025-06-25,176,14,35.8,35.8,28.4,41,3.43,539.0,30.519,41.93,39.09,0,39.56
2025-06-26,177,14,36.0,36.0,28.3,42,4.24,711.0,30.982,42.71,39.86,0,41.17
2025-06-27,178,14,37.5,37.5,28.1,34,1.74,723.0,31.759,45.42,39.93,1,46.05
2025-06-28,179,14,37.4,37.4,28.9,38,1.91,762.0,32.345,45.72,41.26,2,50.47
2025-06-29,180,14,39.7,39.7,29.0,27,3.23,779.0,31.739,47.33,41.33,3,52.30
2025-06-30,181,14,37.9,37.9,29.2,32,2.09,725.0,31.552,45.63,39.96,4,52.11
2025-07-01,182,14,37.2,37.2,27.7,35,3.37,611.0,30.883,43.74,39.72,5,49.31
2025-07-02,183,13,36.9,36.9,27.2,39,2.35,665.0,31.695,44.48,40.61,0,42.79
2025-07-03,184,12,32.8,33.0,27.2,53,3.33,534.0,29.542,39.11,36.75,0,33.41
2025-07-04,185,14,38.2,38.2,27.2,34,2.21,760.0,32.183,46.25,41.28,1,46.90
2025-07-05,186,12,37.3,37.3,28.3,39,2.89,869.0,32.202,45.61,41.45,2,49.50
2025-07-06,187,13,36.9,37.9,28.7,36,4.73,743.0,30.755,43.51,39.5,3,46.65
2025-07-07,188,13,38.4,38.4,29.6,32,4.95,704.0,31.219,45.05,40.89,4,51.88
2025-07-08,189,13,40.0,40.0,27.9,30,2.58,868.0,32.958,48.52,43.13,5,58.18
2025-07-09,190,13,37.5,37.5,27.4,36,1.39,867.0,32.654,46.35,40.68,6,56.21
2025-07-10,191,13,36.5,36.5,27.9,38,0.3,776.0,33.52,44.36,39.43,0,46.53
2025-07-11,192,13,37.6,37.6,28.5,36,0.72,843.0,33.583,46.49,40.88,1,51.09
2025-07-12,193,14,37.5,37.7,26.2,36,1.63,733.0,32.199,45.66,40.68,2,46.79
2025-07-13,194,14,34.6,35.1,27.1,49,1.06,678.0,32.015,43.26,39.38,0,41.94
2025-07-14,195,15,34.4,35.5,26.1,50,0.68,576.0,32.233,42.72,39.28,0,40.75
2025-07-15,196,14,37.2,37.2,26.5,40,2.48,729.0,32.188,45.16,41.64,1,45.45
2025-07-16,197,12,36.9,36.9,26.1,38,1.21,897.0,32.714,45.98,40.23,0,44.37
2025-07-17,198,12,34.5,34.5,25.5,50,1.58,744.0,31.76,43.31,39.51,0,39.67
2025-07-18,199,13,31.6,31.6,25.7,65,0.6,632.0,31.871,41.18,37.63,0,37.88
2025-07-19,200,14,30.8,31.1,25.1,70,2.02,502.0,30.011,39.04,37.07,0,31.91
2025-07-20,201,14,32.6,32.6,26.6,60,1.63,527.0,30.788,40.78,38.51,0,36.92
2025-07-21,202,13,29.7,30.0,26.0,73,2.96,562.0,29.114,37.36,35.01,0,29.29
2025-07-22,203,16,31.5,32.0,26.3,65,3.2,479.0,29.715,38.25,37.38,0,32.30
2025-07-23,204,16,29.6,29.6,25.5,74,2.33,262.0,28.57,35.96,34.99,0,26.66
2025-07-24,205,13,31.3,31.3,24.9,58,4.35,572.0,28.67,37.07,34.97,0,26.94
2025-07-25,206,14,31.0,31.8,26.2,65,3.34,517.0,29.29,37.71,36.16,0,30.54
2025-07-26,207,17,31.7,34.3,25.6,67,1.15,174.0,29.866,38.08,38.53,0,32.08
2025-07-27,208,15,34.9,34.9,26.3,41,4.07,531.0,29.603,40.39,37.33,0,33.62
2025-07-28,209,16,34.7,35.9,25.6,42,0.18,450.0,31.418,40.36,37.26,0,36.18
2025-07-29,210,14,37.3,37.3,26.9,34,5.54,769.0,30.668,43.93,39.56,1,41.38
2025-07-30,211,14,37.3,37.3,27.4,36,0.74,776.0,33.111,45.82,40.28,2,49.88
2025-07-31,212,13,35.1,36.2,27.6,46,0.45,678.0,33.204,43.79,39.4,0,45.16
2025-08-01,213,13,35.1,35.1,26.7,45,1.42,852.0,31.934,44.16,39.04,0,41.84
2025-08-02,214,13,35.8,35.8,25.8,43,0.92,884.0,32.893,45.13,39.81,0,43.59
2025-08-03,215,13,34.6,34.8,26.2,47,1.24,766.0,31.756,43.43,38.67,0,40.26
2025-08-04,216,11,33.3,33.4,25.6,58,2.28,768.0,31.379,42.18,39.55,0,38.27
2025-08-05,217,11,32.8,32.9,25.5,55,1.35,818.0,31.205,42.17,37.36,0,37.01
2025-08-06,218,11,33.5,33.7,25.4,54,1.01,877.0,32.219,43.34,38.63,0,40.12
2025-08-07,219,11,32.9,33.0,25.3,61,1.58,891.0,31.999,43.02,39.62,0,39.72
2025-08-08,220,12,31.0,31.4,24.6,69,2.53,719.0,30.337,39.84,37.3,0,32.61
2025-08-09,221,10,30.6,31.0,24.1,71,0.85,564.0,30.945,40.07,36.82,0,33.16
2025-08-10,222,12,33.5,33.5,24.8,51,1.0,801.0,31.665,42.74,37.63,0,37.57
2025-08-11,223,13,32.6,33.1,24.8,56,3.05,648.0,30.013,39.92,37.23,0,32.26
2025-08-12,224,16,30.2,30.2,24.1,64,3.65,406.0,28.144,35.67,34.09,0,23.68
2025-08-13,225,14,29.1,29.1,24.7,71,2.97,432.0,28.058,35.67,33.14,0,23.86
2025-08-14,226,12,32.4,32.8,25.3,54,3.91,847.0,29.689,39.79,36.2,0,31.76
2025-08-15,227,13,32.7,32.7,26.1,54,3.78,716.0,29.796,39.66,36.84,0,33.04
2025-08-16,228,16,30.1,30.6,25.7,72,2.14,391.0,29.248,37.56,35.79,0,29.62
2025-08-17,229,14,29.6,29.6,25.3,73,2.51,366.0,28.705,36.49,34.76,0,26.98
2025-08-18,230,14,30.0,30.3,25.2,68,3.8,509.0,28.58,36.24,34.56,0,26.37
2025-08-19,231,16,31.1,31.1,25.1,65,2.28,347.0,29.257,37.73,36.4,0,29.29
2025-08-20,232,16,31.8,33.8,25.4,68,2.2,422.0,30.478,39.49,39.14,0,34.24
2025-08-21,233,14,33.4,33.8,26.0,52,0.4,778.0,32.825,42.60,37.74,0,41.10
2025-08-22,234,13,33.9,33.9,25.2,51,1.86,836.0,31.357,42.91,38.51,0,37.90
2025-08-23,235,15,30.3,30.3,24.4,74,2.1,532.0,30.008,38.89,36.85,0,30.90
2025-08-24,236,14,33.9,34.0,25.5,52,1.05,792.0,32.075,43.25,38.85,0,39.98
2025-08-25,237,14,34.5,34.5,26.4,42,1.38,741.0,30.764,42.72,36.88,0,37.44
2025-08-26,238,11,33.4,34.2,25.9,49,3.54,755.0,29.89,40.53,36.81,0,33.60
2025-08-27,239,14,33.8,33.8,25.6,47,2.27,515.0,29.892,40.58,37.01,0,33.36
2025-08-28,240,14,34.5,34.5,25.9,49,3.15,758.0,30.982,42.19,39.15,0,37.73
2025-08-29,241,13,34.5,34.9,26.5,48,3.55,796.0,30.801,42.01,38.8,0,37.83
2025-08-30,242,15,35.5,36.8,26.5,43,0.6,544.0,32.267,43.18,39.18,0,41.59
2025-08-31,243,14,34.6,34.6,25.7,49,3.62,778.0,30.985,42.08,39.38,0,37.51
2025-09-01,244,16,31.4,31.4,25.0,65,1.52,404.0,29.992,39.11,37.13,0,31.84
2025-09-02,245,13,36.0,36.0,25.7,40,3.8,828.0,30.93,43.35,39.14,0,38.23
2025-09-03,246,14,35.8,35.8,26.0,44,2.46,697.0,31.533,43.60,40.18,0,40.29
2025-09-04,247,15,35.0,35.9,24.5,40,0.45,531.0,31.697,42.29,37.22,0,36.80
2025-09-05,248,13,36.8,36.8,27.0,36,0.3,889.0,33.787,45.00,39.31,0,46.40
2025-09-06,249,11,34.2,34.4,26.4,50,0.79,868.0,32.655,43.86,38.84,0,42.56
2025-09-07,250,12,35.4,35.4,27.4,45,1.12,937.0,32.679,45.00,39.69,0,44.92
2025-09-08,251,12,35.1,35.1,26.1,46,1.05,901.0,32.57,44.61,39.4,0,42.80
2025-09-09,252,11,35.2,35.2,26.0,41,0.45,850.0,33.096,44.26,37.9,0,42.87
2025-09-10,253,13,36.2,36.2,26.6,42,2.57,874.0,31.844,44.69,40.29,0,42.40
2025-09-11,254,13,33.2,33.2,25.5,55,0.6,801.0,32.649,42.94,38.27,0,40.62
2025-09-12,255,12,34.3,34.3,26.8,47,1.82,912.0,31.331,43.41,38.04,0,39.91
2025-09-13,256,12,32.9,32.9,26.4,57,1.0,783.0,31.846,42.50,38.24,0,39.83
2025-09-14,257,12,31.7,31.7,23.8,62,0.83,935.0,31.958,42.26,36.97,0,36.36
2025-09-15,258,13,33.7,33.9,26.1,51,0.36,854.0,33.198,42.99,38.07,0,42.32
2025-09-16,259,13,32.2,32.2,24.8,63,1.88,895.0,31.392,42.13,38.51,0,36.94
2025-09-17,260,12,31.3,31.3,24.7,68,1.47,846.0,31.313,41.59,37.79,0,36.01
2025-09-18,261,12,32.4,32.4,25.4,61,0.36,903.0,33.412,42.61,38.35,0,41.75
2025-09-19,262,12,30.4,30.4,25.2,67,0.92,498.0,30.024,39.04,35.26,0,31.38
2025-09-20,263,15,31.1,31.1,24.7,68,1.77,558.0,30.315,39.75,37.26,0,32.60
2025-09-21,264,13,31.2,31.2,25.6,68,0.69,743.0,31.967,41.48,37.52,0,38.12
2025-09-22,265,16,32.3,32.4,25.4,65,0.96,329.0,30.978,40.06,39.46,0,35.71
2025-09-23,266,13,31.8,32.0,24.9,62,3.77,636.0,29.817,38.76,37.21,0,31.16
2025-09-24,267,16,32.8,32.8,25.8,52,1.04,354.0,29.865,39.51,36.46,0,32.57
2025-09-25,268,15,33.8,33.8,25.8,52,1.76,592.0,30.959,41.77,38.63,0,37.07
2025-09-26,269,12,32.9,33.3,25.4,55,4.31,935.0,30.31,40.60,37.59,0,34.15
2025-09-27,270,13,33.8,33.8,25.6,50,4.75,857.0,30.294,40.85,37.96,0,34.67
2025-09-28,271,14,33.5,33.7,24.7,53,1.97,640.0,30.817,41.60,38.29,0,35.27
2025-09-29,272,12,32.8,33.3,24.9,54,2.99,729.0,30.101,40.46,37.05,0,32.87
2025-09-30,273,15,30.7,31.0,26.1,59,0.96,319.0,28.742,37.47,33.99,0,28.40
2025-10-01,274,12,31.4,31.9,25.8,58,3.52,456.0,28.689,37.14,35.18,0,28.16
2025-10-02,275,16,32.4,32.8,25.8,56,0.85,307.0,30.005,39.13,36.78,0,32.67
2025-10-03,276,12,33.1,33.1,25.7,53,0.84,771.0,31.725,42.38,37.4,0,38.38
2025-10-04,277,13,31.2,31.6,24.4,56,2.63,866.0,29.226,39.62,34.28,0,29.00
2025-10-05,278,13,32.7,33.0,25.3,57,1.15,754.0,31.417,42.05,37.77,0,37.24
2025-10-06,279,11,32.7,32.7,24.8,60,1.1,893.0,32.153,42.97,38.76,0,39.08
2025-10-07,280,12,31.4,31.4,25.8,70,0.21,871.0,33.42,41.26,38.69,0,41.38
2025-10-08,281,12,31.6,31.7,26.0,66,1.92,890.0,31.146,41.61,37.95,0,37.29
2025-10-09,282,11,31.5,31.6,24.1,70,1.02,886.0,32.28,42.49,38.97,0,38.23
2025-10-10,283,11,30.2,30.4,25.1,72,1.44,869.0,30.78,40.73,36.05,0,34.21
2025-10-11,284,10,30.7,31.2,25.5,71,1.07,725.0,31.195,40.86,37.09,0,35.94
2025-10-12,285,12,30.7,30.7,25.4,68,2.69,838.0,30.086,39.76,36.25,0,32.62
2025-10-13,286,9,30.0,31.8,25.5,71,0.5,536.0,30.954,39.39,35.28,0,33.75
2025-10-14,287,10,30.6,30.9,25.2,68,2.17,753.0,30.051,39.75,36.0,0,32.22
2025-10-15,288,13,28.2,28.2,24.6,78,3.43,488.0,27.946,35.00,32.28,0,22.73
2025-10-16,289,11,29.2,29.2,24.3,79,3.27,779.0,29.563,38.01,35.08,0,28.65
2025-10-17,290,11,27.9,28.3,24.9,83,2.47,531.0,28.489,36.34,32.3,0,25.08
2025-10-18,291,11,26.8,27.4,24.7,87,2.05,432.0,27.725,35.22,30.05,0,21.76
2025-10-19,292,13,28.7,28.7,24.3,78,1.88,660.0,29.262,38.15,33.53,0,27.61
2025-10-20,293,13,28.2,28.2,24.0,79,2.73,670.0,28.563,36.81,32.44,0,24.56
2025-10-21,294,13,26.5,26.6,24.5,88,2.66,282.0,26.963,33.12,27.0,0,17.43
2025-10-22,295,13,29.0,29.0,25.2,77,3.99,707.0,28.887,36.57,34.1,0,27.02
2025-10-23,296,14,29.8,29.8,24.4,77,1.06,663.0,30.838,40.07,36.27,0,33.10
2025-10-24,297,11,27.2,27.2,24.7,83,1.31,227.0,27.394,34.47,30.51,0,20.76
2025-10-25,298,10,28.0,28.2,24.3,85,1.5,376.0,28.793,36.68,32.9,0,25.42
2025-10-26,299,12,29.9,29.9,25.2,75,2.04,808.0,30.311,39.87,36.03,0,32.81
2025-10-27,300,11,25.9,26.4,22.9,96,3.93,171.0,26.632,30.49,26.48,0,13.04
2025-10-28,301,23,25.9,25.9,22.7,91,3.75,0.0,25.073,25.79,26.41,0,6.62
2025-10-29,302,14,32.2,32.4,24.5,55,3.41,572.0,29.3,38.66,36.06,0,29.22
2025-10-30,303,11,32.1,32.8,25.2,55,2.01,865.0,30.203,41.11,35.85,0,33.43
2025-10-31,304,14,33.1,33.2,25.4,47,0.65,730.0,31.182,41.73,35.65,0,35.89
2025-11-01,305,11,31.3,31.9,25.7,71,2.06,758.0,31.113,41.03,38.74,0,36.75
2025-11-02,306,14,32.0,32.0,25.2,63,0.81,681.0,31.752,41.60,38.01,0,37.52
2025-11-03,307,14,32.3,32.5,25.4,64,0.99,671.0,31.871,41.93,39.11,0,38.63
2025-11-04,308,14,31.9,31.9,24.2,63,2.3,659.0,30.471,40.35,37.76,0,32.93
2025-11-05,309,12,30.4,31.2,24.2,68,0.69,779.0,31.307,40.68,35.51,0,33.92
2025-11-06,310,12,29.9,29.9,24.5,67,1.49,779.0,29.724,39.52,34.11,0,29.92
2025-11-07,311,12,30.6,31.0,25.6,66,1.52,842.0,30.378,40.51,35.47,0,33.66
2025-11-08,312,10,29.8,31.9,24.6,58,2.6,674.0,27.854,37.30,32.08,0,24.14
2025-11-09,313,12,30.8,30.8,24.4,50,4.4,796.0,27.565,37.05,32.29,0,23.26
2025-11-10,314,13,30.5,30.5,25.4,58,3.89,748.0,28.291,37.31,33.37,0,26.39
2025-11-11,315,12,31.4,31.4,25.9,57,3.74,738.0,29.018,38.40,34.93,0,29.71
2025-11-12,316,12,30.8,30.8,26.9,61,4.3,818.0,28.942,37.89,34.67,0,30.27
2025-11-13,317,11,29.1,29.5,24.8,69,3.65,703.0,28.196,36.36,32.76,0,24.60
2025-11-14,318,12,29.9,30.0,26.0,46,5.55,794.0,26.076,35.17,30.32,0,20.22
2025-11-15,319,12,30.4,30.7,23.6,53,5.31,825.0,27.469,36.36,32.19,0,21.61
2025-11-16,320,12,28.5,28.6,25.1,63,6.73,534.0,26.313,32.59,30.62,0,17.87
2025-11-17,321,12,26.8,26.8,23.8,72,6.31,286.0,25.256,29.20,28.67,0,11.18
2025-11-18,322,11,27.6,27.6,23.2,79,3.11,560.0,27.674,35.10,30.99,0,20.17
2025-11-19,323,12,29.0,29.0,23.3,64,5.49,817.0,27.41,35.15,31.67,0,20.08
2025-11-20,324,14,28.2,28.2,24.0,69,5.16,532.0,26.826,33.17,30.92,0,18.09
2025-11-21,325,11,28.6,28.8,24.6,81,2.52,538.0,28.967,37.02,33.84,0,26.69
2025-11-22,326,11,29.0,29.1,24.0,75,4.56,720.0,28.597,36.01,33.69,0,24.51
2025-11-23,327,13,28.7,28.7,23.5,76,3.94,580.0,28.296,35.50,33.15,0,22.79
2025-11-24,328,12,28.3,28.3,23.8,73,5.02,711.0,27.632,34.61,31.71,0,20.71
2025-11-25,329,12,28.1,28.2,25.1,68,5.34,767.0,26.948,34.12,30.59,0,20.16
2025-11-26,330,12,28.2,28.2,24.6,62,5.3,688.0,26.292,33.52,29.99,0,17.69
2025-11-27,331,11,28.2,28.2,25.2,62,6.33,727.0,26.226,33.29,29.99,0,18.09
2025-11-28,332,11,28.2,28.2,25.0,58,6.44,774.0,25.832,33.27,29.52,0,16.93
2025-11-29,333,11,27.8,27.8,23.9,73,6.85,669.0,26.891,33.00,30.66,0,17.87
2025-11-30,334,11,25.8,25.9,23.9,85,5.69,613.0,26.189,31.32,26.23,0,13.97
2025-12-01,335,10,25.3,25.4,23.7,90,8.6,217.0,25.307,26.90,25.77,0,8.88
2025-12-02,336,15,25.1,25.1,23.1,91,6.13,179.0,25.225,27.10,25.57,0,8.17
2025-12-03,337,13,26.3,26.3,23.0,88,0.53,284.0,27.98,34.91,26.79,0,18.90
2025-12-04,338,11,27.5,27.5,23.3,78,3.61,379.0,27.012,33.23,30.64,0,17.56
2025-12-05,339,11,28.4,28.5,24.6,69,5.66,695.0,27.201,34.05,31.31,0,20.27
2025-12-06,340,12,28.5,28.6,24.8,69,4.47,770.0,27.57,35.26,31.51,0,22.15
2025-12-07,341,11,27.5,27.5,24.6,72,5.77,639.0,26.566,32.75,29.95,0,17.63
2025-12-08,342,13,27.2,27.3,23.4,66,5.19,624.0,25.703,32.26,28.84,0,13.83
2025-12-09,343,12,28.2,28.2,23.9,67,5.2,745.0,26.925,34.16,30.64,0,18.76
2025-12-10,344,11,27.3,27.3,23.5,62,5.62,639.0,25.343,31.99,28.64,0,13.00
2025-12-11,345,12,28.1,28.1,24.5,62,5.77,821.0,26.317,33.82,29.83,0,17.77
2025-12-12,346,12,27.3,27.3,23.6,58,5.36,819.0,25.188,32.85,28.31,0,13.32
2025-12-13,347,12,27.6,27.6,20.8,52,4.3,800.0,24.934,33.57,28.17,0,11.45
2025-12-14,348,12,28.1,28.1,23.6,49,4.53,780.0,24.967,33.72,28.47,0,13.59
2025-12-15,349,12,28.4,28.4,23.0,51,4.65,774.0,25.446,34.03,29.01,0,14.22
2025-12-16,350,11,27.3,27.3,24.7,72,4.95,441.0,26.15,31.80,29.57,0,16.14
2025-12-17,351,11,28.1,28.3,23.9,69,5.8,729.0,26.945,33.77,30.72,0,18.55
2025-12-18,352,12,28.0,28.0,22.7,56,4.81,768.0,25.623,33.67,29.02,0,13.95
2025-12-19,353,12,28.7,28.7,22.5,46,3.51,795.0,25.368,35.17,28.86,0,14.26
2025-12-20,354,11,28.6,29.0,20.9,43,2.82,707.0,24.947,35.13,28.47,0,12.71
2025-12-21,355,11,29.1,29.1,22.2,44,3.8,661.0,25.198,34.58,29.1,0,13.26
2025-12-22,356,13,28.9,29.1,23.5,50,4.08,597.0,25.604,34.06,29.53,0,15.32
2025-12-23,357,11,28.3,28.7,21.3,55,4.07,753.0,25.891,34.46,29.32,0,14.33
2025-12-24,358,9,26.8,28.8,22.7,63,1.71,438.0,25.452,33.87,28.03,0,13.40
2025-12-25,359,12,27.4,27.5,21.7,63,3.83,778.0,26.025,34.22,28.87,0,14.23
2025-12-26,360,12,28.2,28.2,24.1,57,5.24,778.0,25.87,33.74,29.4,0,16.24
2025-12-27,361,12,28.9,28.9,22.7,48,3.59,733.0,25.678,35.11,29.3,0,15.20
2025-12-28,362,12,28.4,28.5,22.0,50,3.98,795.0,25.48,34.61,28.91,0,13.50
2025-12-29,363,12,28.0,28.0,23.6,53,4.32,792.0,25.398,34.01,28.73,0,14.71
2025-12-30,364,14,28.8,28.8,21.6,58,3.6,526.0,26.407,34.40,30.42,0,15.66
2025-12-31,365,12,29.0,29.0,24.1,64,3.9,661.0,27.439,35.47,31.67,0,21.30
2026-01-01,1,13,26.4,26.4,23.2,78,2.67,426.0,26.242,33.3,26.77,0,14.68
2026-01-02,2,13,27.7,27.8,23.9,69,4.0,732.0,26.84,34.53,29.98,0,18.62
2026-01-03,3,12,28.0,28.1,24.0,63,4.14,767.0,26.509,34.56,29.79,0,18.07
2026-01-04,4,11,27.7,28.0,23.2,59,4.82,772.0,25.684,33.49,28.92,0,14.48
2026-01-05,5,11,28.0,28.1,24.0,57,5.83,773.0,25.603,33.18,29.13,0,15.12
2026-01-06,6,13,27.9,27.9,24.1,58,5.41,732.0,25.62,33.11,29.09,0,15.2
2026-01-07,7,12,27.5,27.5,24.3,50,6.42,690.0,24.177,31.59,27.91,0,11.18
2026-01-08,8,12,27.9,27.9,24.1,53,6.03,810.0,25.082,32.97,28.61,0,13.9
2026-01-09,9,13,26.2,26.2,22.4,65,6.58,457.0,24.26,29.23,26.39,0,7.07
2026-01-10,10,12,26.0,26.0,22.9,66,6.53,496.0,24.24,29.31,26.19,0,7.67
2026-01-11,11,11,24.7,24.7,22.0,75,6.86,396.0,23.708,27.25,24.94,0,4.13
2026-01-12,12,12,26.5,26.5,22.8,70,4.97,469.0,25.23,30.86,26.77,0,10.54
2026-01-13,13,12,27.7,27.7,23.7,68,3.71,765.0,26.845,34.9,29.87,0,18.63
2026-01-14,14,12,27.8,27.8,22.0,66,1.91,804.0,27.41,36.91,29.81,0,19.14
2026-01-15,15,12,27.9,27.9,21.2,69,2.15,787.0,27.669,36.9,30.35,0,19.83
2026-01-16,16,9,26.0,27.6,21.8,76,0.6,457.0,27.111,34.85,26.32,0,16.05
2026-01-17,17,12,27.9,28.0,21.1,55,2.62,819.0,26.009,35.74,28.79,0,15.28
2026-01-18,18,10,26.2,28.4,19.2,62,0.72,629.0,26.222,35.06,26.35,0,14.52
2026-01-19,19,10,26.7,28.2,20.4,59,1.06,645.0,25.937,35.25,27.65,0,14.36
2026-01-20,20,12,28.0,28.0,19.9,54,3.19,847.0,25.849,35.35,28.82,0,14.7
2026-01-21,21,12,28.0,28.0,21.8,50,4.41,830.0,25.086,33.98,28.45,0,12.13
2026-01-22,22,12,28.6,28.6,23.2,45,4.73,787.0,24.904,34.01,28.65,0,13.28
2026-01-23,23,12,27.5,27.5,22.5,65,4.92,717.0,26.052,33.24,29.21,0,14.29
2026-01-24,24,12,26.6,26.6,23.7,66,6.93,485.0,24.757,29.89,26.82,0,10.0
2026-01-25,25,14,25.0,25.0,22.9,82,3.8,313.0,24.799,29.73,25.35,0,9.03
2026-01-26,26,12,27.2,27.2,22.7,77,3.36,647.0,27.182,34.68,29.88,0,17.94
2026-01-27,27,11,26.5,27.0,23.4,74,3.56,739.0,26.31,33.93,26.82,0,15.5
2026-01-28,28,11,27.0,27.0,21.5,70,2.8,772.0,26.64,35.23,28.86,0,16.12
2026-01-29,29,13,26.9,26.9,22.7,64,3.56,817.0,25.782,34.17,28.24,0,14.32
2026-01-30,30,12,27.0,27.1,22.7,62,3.86,865.0,25.664,34.1,28.23,0,14.04
2026-01-31,31,12,28.5,28.5,22.4,48,4.19,828.0,25.335,34.62,28.83,0,13.67
2026-02-01,32,12,28.6,28.6,24.0,54,4.81,838.0,26.039,34.6,29.61,0,17.14
2026-02-02,33,12,27.9,27.9,23.9,56,4.53,855.0,25.696,34.17,28.89,0,15.81
2026-02-03,34,12,28.2,28.4,22.8,52,3.71,808.0,25.61,34.79,28.87,0,14.8
2026-02-04,35,13,29.0,29.0,23.9,55,4.51,819.0,26.546,35.23,30.31,0,18.7
2026-02-05,36,12,29.3,29.3,23.4,49,4.63,816.0,26.079,35.19,29.93,0,17.06
2026-02-06,37,13,28.9,28.9,23.1,53,4.85,826.0,26.174,34.82,29.9,0,16.61
2026-02-07,38,12,29.4,29.6,21.3,51,3.03,872.0,26.855,36.97,30.33,0,18.33
2026-02-08,39,13,29.5,29.6,21.4,52,3.6,891.0,26.937,36.7,30.62,0,18.4
2026-02-09,40,9,25.9,29.0,21.4,72,0.18,430.0,26.847,33.01,26.16,0,14.22
2026-02-10,41,12,28.6,28.6,22.1,52,3.71,896.0,26.1,35.63,29.38,0,15.7
2026-02-11,42,12,27.8,28.0,22.8,49,4.99,782.0,24.627,33.07,28.15,0,11.43
2026-02-12,43,11,28.0,28.4,23.9,56,4.58,784.0,25.682,33.92,29.02,0,15.64
2026-02-13,44,12,29.0,29.0,22.5,60,4.05,790.0,27.161,35.73,31.03,0,18.86
2026-02-14,45,12,29.3,29.4,23.3,54,3.76,916.0,26.989,36.55,30.61,0,19.9
2026-02-15,46,12,29.5,29.9,22.2,54,3.43,923.0,27.264,37.09,30.92,0,19.65
2026-02-16,47,9,26.3,29.6,21.8,75,0.25,382.0,27.322,33.75,26.62,0,15.65
2026-02-17,48,11,28.1,28.4,23.0,59,4.11,825.0,26.253,34.76,29.48,0,16.45
2026-02-18,49,11,28.3,28.3,23.3,56,3.77,845.0,26.201,35.21,29.43,0,17.01
2026-02-19,50,13,29.7,29.7,23.8,57,3.76,880.0,27.657,37.01,31.73,0,22.5
2026-02-20,51,13,30.2,30.2,24.3,55,4.18,888.0,27.801,37.18,32.23,0,23.66
2026-02-21,52,13,29.4,29.4,24.5,64,4.96,794.0,27.83,35.82,32.44,0,23.05
2026-02-22,53,11,30.2,30.2,24.6,60,4.53,764.0,28.151,36.68,33.22,0,24.68
2026-02-23,54,12,30.8,30.8,24.2,57,3.31,897.0,28.808,38.75,33.73,0,27.14
2026-02-24,55,12,30.8,30.8,24.6,57,3.23,867.0,28.786,38.69,33.73,0,27.52
2026-02-25,56,12,31.2,31.2,23.7,54,3.08,850.0,28.808,39.02,33.82,0,26.78
2026-02-26,57,12,32.3,32.3,23.1,47,2.93,916.0,29.052,40.27,34.19,0,27.59
2026-02-27,58,11,32.0,32.3,24.0,46,2.51,877.0,28.741,40.04,33.45,0,27.61
2026-02-28,59,13,32.5,32.5,23.6,46,4.14,896.0,28.753,39.48,34.31,0,27.08
2026-03-01,60,10,31.0,32.8,24.2,50,1.61,718.0,28.529,39.13,32.62,0,26.48
2026-03-02,61,11,31.4,32.4,23.1,48,2.89,875.0,28.329,39.16,32.88,0,24.93
2026-03-03,62,12,31.8,31.8,22.9,54,3.15,953.0,29.488,40.1,34.97,0,28.35
2026-03-04,63,11,31.5,32.1,23.2,49,2.35,892.0,28.78,39.86,33.25,0,26.54
2026-03-05,64,11,33.6,35.0,23.7,36,0.99,905.0,29.849,42.12,33.86,0,31.0
2026-03-06,65,13,34.4,35.4,23.5,43,4.1,957.0,30.1,41.91,36.98,0,32.26
2026-03-07,66,13,32.3,33.2,23.9,56,5.03,949.0,29.774,39.59,36.56,0,30.27
2026-03-08,67,12,32.6,32.6,24.2,51,3.97,947.0,29.612,40.22,35.77,0,30.48
2026-03-09,68,10,30.3,30.3,24.9,59,3.38,709.0,28.274,37.38,33.2,0,25.76
2026-03-10,69,12,30.0,30.1,24.2,56,4.07,924.0,27.807,37.24,32.07,0,23.54
2026-03-11,70,12,31.8,31.8,23.9,49,3.12,942.0,28.845,39.77,33.77,0,27.61
2026-03-12,71,12,32.2,32.2,24.7,54,3.45,935.0,29.742,40.26,35.78,0,31.34
2026-03-13,72,13,31.6,31.7,25.4,57,4.97,906.0,29.209,38.61,35.34,0,29.79
2026-03-14,73,12,32.9,32.9,25.1,46,4.66,940.0,29.067,39.86,35.02,0,29.96
2026-03-15,74,12,32.2,32.2,25.1,50,4.11,948.0,29.091,39.58,34.73,0,29.7
2026-03-16,75,13,31.6,31.6,24.9,50,3.58,875.0,28.571,38.94,33.64,0,27.61
2026-03-17,76,11,31.7,32.2,26.0,50,3.16,892.0,28.799,39.47,33.82,0,29.78
2026-03-18,77,11,31.3,31.6,24.9,53,3.4,866.0,28.71,38.88,33.77,0,27.88
2026-03-19,78,12,30.9,30.9,24.9,56,2.4,894.0,29.088,39.6,33.7,0,29.09
2026-03-20,79,12,32.0,32.0,24.6,53,2.67,830.0,29.514,40.16,35.11,0,30.47
2026-03-21,80,10,31.8,31.8,24.9,59,2.8,733.0,29.863,39.81,36.32,0,31.68
2026-03-22,81,12,32.6,32.6,25.6,50,3.68,920.0,29.512,40.25,35.5,0,31.84
2026-03-23,82,12,32.1,32.1,25.3,52,3.43,936.0,29.404,40.03,35.05,0,30.96
2026-03-24,83,12,32.1,32.1,26.2,53,3.59,924.0,29.473,39.92,35.31,0,32.16
2026-03-25,84,12,32.8,32.8,24.7,53,3.45,972.0,30.214,41.07,36.75,0,33.18
2026-03-26,85,10,31.6,32.2,25.0,57,2.3,785.0,29.71,40.09,35.34,0,31.34
2026-03-27,86,12,32.9,32.9,24.2,51,3.47,982.0,30.053,41.08,36.37,0,32.16
2026-03-28,87,13,33.7,35.2,24.9,55,4.33,951.0,31.06,41.7,39.45,0,36.47
2026-03-29,88,12,34.0,34.0,26.2,56,3.56,964.0,31.656,42.72,40.56,0,40.26
2026-03-30,89,12,33.3,33.3,26.6,53,5.24,978.0,30.31,40.72,37.84,0,35.73
2026-03-31,90,12,32.5,32.5,26.5,54,3.75,934.0,29.938,40.4,36.41,0,34.14
2026-04-01,91,11,32.1,32.8,25.9,52,3.1,930.0,29.491,40.27,35.05,0,32.0
2026-04-02,92,12,33.1,33.3,25.9,50,3.44,922.0,30.027,41.04,36.49,0,34.1
2026-04-03,93,10,33.1,33.2,25.5,45,1.21,809.0,30.267,41.74,35.12,0,34.09
2026-04-04,94,13,33.8,35.1,26.9,56,3.94,802.0,31.155,41.52,40.06,0,39.08
2026-04-05,95,11,36.2,36.5,28.0,40,1.15,915.0,32.538,45.41,39.55,0,45.59
2026-04-06,96,11,32.8,33.3,26.8,62,1.83,863.0,31.806,42.69,39.72,0,40.91
2026-04-07,97,12,34.0,34.5,27.6,65,3.43,905.0,32.729,43.53,44.38,0,45.93
2026-04-08,98,12,33.8,34.1,27.5,64,5.04,875.0,32.054,42.07,43.32,0,43.09
2026-04-09,99,11,34.3,34.3,27.5,56,4.51,909.0,31.651,42.33,41.33,0,41.77
2026-04-10,100,12,34.1,34.1,27.7,58,4.57,933.0,31.743,42.31,41.62,0,42.27
2026-04-11,101,12,35.2,35.2,27.3,51,3.58,944.0,32.053,43.76,41.56,0,43.42
2026-04-12,102,11,34.0,34.4,27.3,53,4.83,921.0,30.944,41.57,39.44,0,38.95
2026-04-13,103,12,34.5,34.9,26.3,54,4.69,991.0,31.643,42.67,41.04,0,40.49
2026-04-14,104,12,35.0,35.1,26.3,49,5.04,1000.0,31.368,42.84,40.29,0,39.82
2026-04-15,105,12,35.9,35.9,27.9,49,4.94,988.0,32.179,44.05,42.44,0,44.89
2026-04-16,106,13,34.0,34.9,27.7,61,5.57,821.0,31.729,41.66,42.6,0,42.14
2026-04-17,107,12,34.8,35.0,27.9,57,4.71,964.0,32.274,43.26,43.09,0,44.74
2026-04-18,108,12,34.9,34.9,28.1,57,4.69,975.0,32.383,43.45,43.36,0,45.42
2026-04-19,109,12,35.4,35.4,26.9,50,5.19,973.0,31.811,43.32,41.64,0,42.2
2026-04-20,110,12,34.9,35.1,28.1,51,4.6,942.0,31.559,42.8,40.83,0,42.45
2026-04-21,111,12,36.5,36.5,27.8,42,3.39,978.0,31.995,44.98,40.93,0,44.54
2026-04-22,112,12,34.7,34.7,27.4,54,4.36,988.0,31.885,43.08,41.54,0,42.72
2026-04-23,113,12,34.3,34.8,27.4,54,4.84,967.0,31.404,42.24,40.54,0,40.83
2026-04-24,114,12,34.9,35.0,28.0,53,5.17,955.0,31.75,42.82,41.64,0,43.01
2026-04-25,115,12,35.0,35.1,28.3,54,5.15,948.0,31.969,43.03,42.32,0,44.18
2026-04-26,116,12,34.6,34.7,27.6,55,5.31,961.0,31.727,42.57,41.7,0,42.34
2026-04-27,117,12,36.0,36.0,27.7,47,4.83,977.0,31.987,44.01,41.83,0,44.04
2026-04-28,118,13,36.2,36.7,28.6,48,5.46,928.0,32.151,44.03,42.75,0,45.75
2026-04-29,119,13,35.5,36.3,28.7,56,5.97,912.0,32.535,43.69,44.58,0,47.03
2026-04-30,120,13,36.3,38.2,29.6,56,5.01,852.0,33.33,44.8,46.9,1,52.92
2026-05-01,121,12,36.7,36.7,29.4,44,2.21,921.0,32.824,45.9,42.2,0,49.11
2026-05-02,122,11,36.6,37.0,29.6,48,4.32,895.0,32.657,44.77,43.75,1,50.45
2026-05-03,123,12,38.5,38.5,29.2,39,3.26,946.0,33.241,47.26,44.1,2,54.69
2026-05-04,124,12,35.5,37.5,27.1,50,2.67,887.0,32.379,44.46,41.88,3,49.43
2026-05-05,125,11,33.9,34.4,27.9,53,3.05,865.0,31.174,42.31,39.21,0,40.53
2026-05-06,126,13,31.5,31.5,28.8,64,4.11,736.0,29.862,38.77,37.08,0,35.76
2026-05-07,127,11,33.6,33.9,28.1,50,2.73,860.0,30.601,41.93,37.53,0,38.79
2026-05-08,128,13,30.9,30.9,26.1,67,4.51,764.0,29.61,38.09,36.47,0,31.41
2026-05-09,129,10,30.6,30.6,26.2,67,3.1,640.0,29.421,38.25,35.73,0,31.01
2026-05-10,130,12,32.0,32.0,26.4,61,4.08,914.0,30.235,39.97,37.38,0,34.64
2026-05-11,131,13,32.3,32.5,27.2,61,3.69,833.0,30.487,40.3,38.11,0,36.56
2026-05-12,132,11,33.5,33.5,27.5,56,3.92,843.0,30.943,41.32,39.33,0,38.96
2026-05-13,133,11,35.0,35.1,28.0,49,3.45,797.0,31.414,42.79,40.29,0,41.85
2026-05-14,134,11,34.0,34.0,28.3,52,3.19,865.0,31.092,42.25,39.08,0,40.75
2026-05-15,135,10,32.6,33.0,27.1,62,3.04,504.0,30.479,39.69,39.2,0,36.39
2026-05-16,136,11,33.6,33.9,26.8,59,2.66,798.0,31.687,42.48,40.7,0,40.9
2026-05-17,137,13,33.0,35.4,27.8,68,3.51,780.0,31.936,41.86,42.62,0,42.8
2026-05-18,138,13,33.5,35.2,28.0,65,4.94,855.0,31.883,41.69,42.86,0,42.9
2026-05-19,139,14,37.3,37.3,28.9,43,1.62,754.0,33.225,46.13,43.17,1,51.47
2026-05-20,140,13,39.5,40.2,29.8,37,2.4,883.0,33.96,48.55,45.41,2,58.16
2026-05-21,141,12,39.6,39.6,31.4,39,0.6,923.0,36.322,49.65,46.7,3,67.43
2026-05-22,142,11,38.0,38.0,30.3,42,1.7,881.0,33.875,47.45,44.36,4,60.73
2026-05-23,143,10,33.2,35.8,31.3,68,2.19,342.0,31.601,40.91,43.24,0,45.79
2026-05-24,144,12,39.0,39.0,30.2,37,0.76,902.0,35.021,48.53,44.28,1,58.53
2026-05-25,145,12,38.9,39.0,29.3,39,1.44,905.0,34.405,48.48,45.03,2,58.22
2026-05-26,146,12,39.5,39.5,29.9,37,1.16,923.0,34.888,49.16,45.41,3,62.14
2026-05-27,147,13,37.8,37.8,29.5,38,0.25,878.0,34.951,46.03,42.1,4,59.97
2026-05-28,148,14,38.5,39.9,29.7,38,1.54,775.0,33.549,47.27,43.63,5,60.68
2026-05-29,149,12,38.6,38.6,29.9,35,1.4,923.0,33.517,47.82,42.51,6,62.5
2026-05-30,150,10,36.6,36.6,29.2,42,2.47,760.0,32.041,44.73,41.15,0,46.16
2026-05-31,151,12,38.6,38.7,29.1,37,1.32,908.0,33.916,47.96,43.39,1,54.42
2026-06-01,152,11,38.9,38.9,29.4,33,1.79,872.0,33.015,47.69,42.26,2,54.12
2026-06-02,153,13,38.2,38.2,29.1,36,0.72,857.0,34.131,47.27,42.1,3,57.18
2026-06-03,154,13,38.3,38.5,29.3,39,0.64,838.0,34.866,47.64,43.64,4,61.31
2026-06-04,155,13,38.5,38.5,30.6,33,1.5,756.0,32.648,46.77,41.47,5,58.86
2026-06-05,156,14,40.2,40.2,30.7,30,4.75,730.0,32.394,47.5,43.53,6,61.46
2026-06-06,157,14,39.1,39.1,30.6,33,1.95,799.0,32.956,47.55,42.67,7,62.12
2026-06-07,158,13,38.9,38.9,31.1,35,2.36,836.0,33.027,47.45,43.13,8,62.94
2026-06-08,159,13,37.1,37.9,29.8,39,3.76,853.0,31.768,44.81,41.03,9,56.36
2026-06-09,160,13,38.9,39.6,29.7,34,5.47,837.0,32.119,46.39,42.69,10,58.66
2026-06-10,161,14,38.5,38.5,28.7,35,3.86,701.0,32.034,45.62,42.3,11,56.63
2026-06-11,162,14,32.8,32.8,28.3,56,0.63,511.0,31.441,41.05,37.68,0,40.03
2026-06-12,163,10,33.5,33.5,28.1,52,2.79,373.0,29.825,39.32,37.96,0,35.59
2026-06-13,164,14,36.1,36.1,27.7,43,0.76,767.0,33.14,45.01,40.45,0,46.43
2026-06-14,165,13,35.4,35.6,28.3,46,3.76,754.0,31.208,42.68,40.06,0,41.65
2026-06-15,166,12,37.2,37.2,28.0,41,0.89,916.0,33.93,46.78,42.06,1,51.81
2026-06-16,167,14,37.5,37.7,29.2,38,0.43,780.0,34.394,46.26,41.47,2,55.16
2026-06-17,168,13,37.4,37.4,29.7,41,1.13,829.0,33.58,46.58,42.51,3,56.49
2026-06-18,169,14,36.4,36.4,26.9,45,0.67,747.0,33.835,45.51,41.93,0,47.72
2026-06-19,170,13,34.7,34.9,26.9,52,1.82,735.0,32.045,43.55,40.74,0,42.48
2026-06-20,171,14,32.7,32.9,26.5,64,1.05,794.0,32.474,42.98,40.18,0,42.2
2026-06-21,172,12,33.7,33.7,27.7,63,2.44,890.0,32.51,43.61,42.59,0,45.02
2026-06-22,173,11,34.2,34.2,26.9,55,2.55,858.0,31.87,43.22,40.68,0,41.89
2026-06-23,174,14,35.6,35.6,27.5,49,1.89,775.0,32.483,44.53,41.71,0,45.08
2026-06-24,175,16,33.2,34.6,27.6,64,2.44,450.0,31.322,40.89,41.58,0,40.32
2026-06-25,176,15,35.1,37.1,28.8,47,0.75,596.0,32.38,43.34,39.76,1,46.48
2026-06-26,177,13,35.6,35.6,28.6,41,2.7,745.0,30.903,43.21,38.69,0,41.3
2026-06-27,178,12,37.0,37.6,26.6,41,1.03,906.0,33.524,46.46,41.62,1,49.02
2026-06-28,179,13,34.1,34.6,25.4,60,2.44,871.0,32.481,43.74,42.45,0,42.33
2026-06-29,180,14,33.4,34.7,27.0,64,2.35,771.0,32.184,42.88,42.15,0,42.9
2026-06-30,181,13,36.3,36.3,28.0,44,4.21,828.0,31.726,43.8,41.29,0,43.54
2026-07-01,182,14,35.5,35.5,28.7,47,4.0,691.0,31.297,42.45,40.67,0,42.34
2026-07-02,183,11,34.6,35.4,29.6,47,4.11,825.0,30.671,41.85,38.67,0,41.03
2026-07-03,184,15,36.1,36.1,28.9,39,4.49,455.0,30.135,41.17,39.0,0,38.84
2026-07-04,185,13,32.3,32.5,26.1,52,4.8,252.0,28.161,35.5,35.44,0,26.42
2026-07-05,186,13,37.8,38.4,30.1,34,5.61,833.0,31.165,44.88,40.51,1,47.09
2026-07-06,187,14,38.9,39.2,29.4,30,6.94,611.0,30.903,45.4,41.06,2,48.02
2026-07-07,188,14,39.0,39.0,30.2,32,5.13,758.0,31.772,46.09,42.04,3,53.13
2026-07-08,189,15,38.5,38.6,30.5,34,4.3,596.0,31.606,44.88,41.88,4,53.9
2026-07-09,190,13,37.5,37.8,28.1,37,1.22,840.0,32.931,46.36,41.07,5,56.03
2026-07-10,191,10,32.9,33.9,27.3,60,2.32,659.0,31.037,41.31,39.26,0,38.87
2026-07-11,192,15,37.1,37.3,27.2,39,2.06,652.0,31.962,44.82,41.03,1,45.36
2026-07-12,193,13,37.1,37.1,29.4,38,0.89,916.0,33.354,46.37,40.64,2,53.2
2026-07-13,194,14,37.9,38.7,29.6,32,1.21,840.0,32.392,46.41,39.96,3,53.06
2026-07-14,195,12,37.4,37.4,30.1,38,1.36,940.0,33.08,46.72,41.26,4,57.31
2026-07-15,196,13,37.7,38.2,29.1,33,1.3,856.0,32.352,46.31,39.95,5,55.66
2026-07-16,197,15,37.3,38.2,29.0,29,0.82,580.0,31.151,44.2,37.95,6,52.67
2026-07-17,198,13,37.3,37.3,27.3,35,1.27,869.0,32.426,46.07,39.91,7,55.17
2026-07-18,199,14,31.9,32.4,25.9,58,0.73,432.0,30.41,39.65,36.26,0,33.74
2026-07-19,200,12,33.4,33.4,24.8,53,0.07,760.0,32.899,40.93,38.06,0,38.75
2026-07-20,201,14,33.0,33.0,25.5,57,2.36,627.0,30.681,40.97,38.47,0,35.56
2026-07-21,202,14,34.2,34.2,27.3,53,2.52,672.0,31.295,42.21,39.92,0,40.25
2026-07-22,203,14,34.9,35.5,26.2,45,1.06,775.0,31.951,43.72,38.62,0,40.82
2026-07-23,204,13,32.8,33.9,27.6,65,3.04,790.0,31.534,41.67,40.84,0,41.01
2026-07-24,205,13,34.4,34.4,24.5,50,0.67,682.0,32.575,43.28,39.28,0,39.94
2026-07-25,206,13,35.6,35.6,26.0,44,2.41,785.0,31.533,43.81,39.75,0,40.28
2026-07-26,207,14,36.4,36.4,28.3,42,4.01,790.0,31.493,43.71,40.71,0,43.17
2026-07-27,208,14,35.8,37.6,30.1,43,0.54,599.0,32.86,43.87,39.81,1,49.3
2026-07-28,209,13,36.2,37.0,29.1,43,4.52,733.0,31.296,43.03,40.67,2,46.56
2026-07-29,210,13,36.2,36.9,29.4,43,4.47,816.0,31.421,43.43,40.67,0,44.1
2026-07-30,211,14,36.7,37.2,29.4,38,4.96,701.0,30.825,43.09,39.83,1,44.08
2026-07-31,212,13,36.6,36.6,28.2,41,3.37,747.0,31.588,44.04,40.75,0,43.49
2026-08-01,213,13,35.5,35.5,26.4,50,1.46,816.0,32.899,44.94,41.88,0,44.93
2026-08-02,214,14,34.1,34.6,26.0,54,1.7,756.0,31.878,43.17,40.05,0,40.58
2026-08-03,215,13,33.7,33.7,26.5,58,1.01,795.0,32.725,43.63,40.57,0,43.29
2026-08-04,216,12,34.2,34.2,26.3,54,1.77,900.0,32.2,43.88,40.29,0,42.14
2026-08-05,217,14,34.8,34.8,25.2,51,3.17,730.0,31.475,42.59,40.59,0,38.67
2026-08-06,218,12,32.9,33.3,26.1,58,3.33,782.0,30.688,40.87,38.57,0,36.24
2026-08-07,219,14,32.9,32.9,25.6,55,2.5,573.0,30.182,40.28,37.59,0,33.9
2026-08-08,220,14,34.4,34.6,27.1,50,0.84,641.0,32.158,43.01,39.28,0,41.99
2026-08-09,221,13,34.1,34.1,26.5,55,0.47,867.0,34.074,44.43,40.43,0,46.37
2026-08-10,222,13,35.3,35.3,27.3,45,0.1,914.0,33.971,42.96,39.47,0,45.68
2026-08-11,223,14,35.0,35.0,26.0,51,1.91,803.0,32.262,44.09,41.07,0,42.35
2026-08-12,224,13,34.5,34.5,27.1,52,1.76,820.0,32.065,43.73,40.26,0,42.7
2026-08-13,225,16,34.5,35.0,27.6,46,0.35,383.0,31.537,40.93,38.12,0,39.47
2026-08-14,226,14,35.0,35.1,27.3,49,1.8,807.0,32.057,43.99,40.29,0,43.11
2026-08-15,227,15,35.5,35.5,28.1,43,1.46,644.0,31.513,43.47,39.18,0,42.23
2026-08-16,228,13,35.2,35.2,27.8,43,1.3,857.0,31.846,44.18,38.56,0,42.8
2026-08-17,229,13,35.3,35.3,28.3,43,0.52,857.0,33.278,44.58,38.77,0,46.45
2026-08-18,230,13,36.1,36.1,27.5,39,1.41,880.0,31.958,44.98,39.0,0,43.4
2026-08-19,231,11,35.9,35.9,25.8,44,2.97,893.0,31.775,44.28,40.4,0,41.09
2026-08-20,232,14,34.9,35.8,26.6,47,0.95,770.0,32.368,43.91,39.32,0,42.47
2026-08-21,233,12,36.3,36.3,27.6,41,0.61,886.0,33.659,45.65,40.12,0,47.63
2026-08-22,234,15,34.8,36.0,26.9,44,1.36,667.0,31.173,42.88,38.08,0,39.36
2026-08-23,235,13,34.9,34.9,26.9,43,0.69,867.0,32.49,44.07,37.96,0,42.66
2026-08-24,236,13,32.5,32.5,26.0,58,3.33,674.0,30.144,39.86,37.62,0,34.01
2026-08-25,237,13,32.8,32.8,25.8,58,2.15,762.0,30.964,41.63,38.33,0,36.87
2026-08-26,238,15,34.6,34.6,26.5,51,1.3,600.0,31.867,42.95,40.11,0,41.01
2026-08-27,239,13,34.7,34.7,28.0,49,2.31,757.0,31.441,43.05,39.6,0,41.83
2026-08-28,240,14,35.9,35.9,28.5,42,1.18,780.0,32.262,44.62,39.65,0,45.12
2026-08-29,241,15,35.2,36.6,28.8,44,0.76,609.0,32.055,43.24,38.9,0,43.81
2026-08-30,242,13,35.6,36.3,28.1,42,4.13,805.0,30.79,42.69,39.03,0,40.25
2026-08-31,243,14,35.4,35.4,27.2,42,2.6,825.0,31.052,43.47,38.63,0,40.11
2026-09-01,244,12,34.4,34.4,27.6,50,1.19,903.0,32.34,44.09,39.28,0,43.7
2026-09-02,245,13,35.6,35.6,26.7,44,1.52,797.0,32.038,44.38,39.75,0,42.46
2026-09-03,246,13,34.2,34.8,26.6,48,0.47,679.0,32.639,42.94,38.16,0,41.85
2026-09-04,247,15,32.0,32.0,25.9,67,1.55,649.0,31.387,41.42,39.34,0,38.01
2026-09-05,248,13,33.8,33.8,25.9,60,0.75,852.0,33.625,44.36,41.63,0,45.21
2026-09-06,249,12,34.9,34.9,26.7,53,1.27,938.0,33.185,45.11,41.64,0,45.86
2026-09-07,250,13,35.3,35.6,26.9,46,0.45,905.0,34.09,45.11,39.84,0,47.13
2026-09-08,251,13,34.4,34.8,25.2,49,1.56,863.0,31.786,43.64,38.93,0,39.4
2026-09-09,252,14,35.0,35.0,27.3,49,3.08,797.0,31.513,43.05,40.29,0,41.41
2026-09-10,253,13,33.7,33.7,26.5,58,0.82,809.0,33.043,43.78,40.57,0,44.0
