date,doy,peak_hour,tmax_peak,tmax_daily,tmin,rh_peak,wind_peak,solar_peak,wbgt_peak,utci_peak,hi_peak,run_days,htsi
2013-01-01,1,14,15.4,15.5,4.6,64,1.64,538.0,15.144,24.37,15.03,0,0.00
2013-01-02,2,15,14.6,14.6,4.4,61,1.91,439.0,13.791,22.31,14.15,0,0.00
2013-01-03,3,14,15.2,15.4,4.1,50,2.42,560.0,13.573,22.57,14.64,0,0.00
2013-01-04,4,14,14.7,15.0,3.5,50,2.13,571.0,13.251,22.77,14.12,0,0.00
2013-01-05,5,14,13.1,13.5,3.0,59,2.41,577.0,12.374,21.12,12.55,0,0.00
2013-01-06,6,14,14.7,14.8,2.4,47,2.55,576.0,12.877,21.93,14.08,0,0.00
2013-01-07,7,14,15.9,15.9,4.1,47,5.04,588.0,13.479,18.72,15.34,0,0.00
2013-01-08,8,14,16.8,16.8,4.8,39,5.72,591.0,13.511,18.61,16.18,0,0.00
2013-01-09,9,14,19.3,19.3,6.0,37,5.06,578.0,15.533,22.06,18.78,0,0.00
2013-01-10,10,14,20.2,20.2,8.1,34,6.49,601.0,15.871,21.78,19.68,0,0.00
2013-01-11,11,14,21.4,21.4,9.0,36,5.61,591.0,17.181,23.87,20.97,0,0.00
2013-01-12,12,14,22.6,22.8,9.3,50,1.63,573.0,20.62,30.15,22.41,0,3.00
2013-01-13,13,14,22.7,22.8,10.3,56,2.41,587.0,20.995,29.67,22.59,0,2.65
2013-01-14,14,13,20.6,20.9,10.8,50,1.75,662.0,18.947,28.86,20.31,0,2.07
2013-01-15,15,14,21.1,21.3,6.6,48,2.19,593.0,18.85,28.23,20.81,0,1.61
2013-01-16,16,13,22.5,22.9,10.1,53,2.36,660.0,20.677,29.86,22.34,0,2.79
2013-01-17,17,12,22.4,22.4,14.2,61,4.12,585.0,20.794,27.35,22.34,0,0.98
2013-01-18,18,11,16.5,16.5,11.0,91,3.24,291.0,17.262,21.26,16.54,0,0.00
2013-01-19,19,11,15.2,17.0,7.1,77,3.3,576.0,15.474,21.90,14.99,0,0.00
2013-01-20,20,14,17.3,17.3,6.5,53,4.6,625.0,15.361,21.36,16.88,0,0.00
2013-01-21,21,14,17.8,17.8,5.9,49,3.61,635.0,15.659,23.36,17.36,0,0.00
2013-01-22,22,14,17.7,17.8,5.2,48,1.43,640.0,16.312,26.74,17.24,0,0.54
2013-01-23,23,14,17.8,17.9,5.3,52,1.44,636.0,16.734,26.90,17.4,0,0.65
2013-01-24,24,14,18.6,18.7,6.0,48,2.98,643.0,16.45,25.16,18.18,0,0.00
2013-01-25,25,14,19.1,19.1,6.3,45,3.56,651.0,16.495,24.68,18.67,0,0.00
2013-01-26,26,14,19.4,19.4,6.0,44,4.19,654.0,16.55,24.04,18.97,0,0.00
2013-01-27,27,14,20.1,20.1,6.1,41,3.86,663.0,16.947,25.18,19.67,0,0.00
2013-01-28,28,12,19.3,19.8,7.7,49,1.77,694.0,17.738,27.93,18.93,0,1.40
2013-01-29,29,13,21.1,21.5,7.4,49,3.78,725.0,18.735,26.88,20.82,0,0.64
2013-01-30,30,11,18.9,20.6,6.6,59,0.41,606.0,19.71,28.53,18.64,0,1.83
2013-01-31,31,12,19.1,20.0,6.7,60,1.36,608.0,18.618,28.13,18.87,0,1.54
2013-02-01,32,13,20.6,21.5,7.9,63,1.1,714.0,20.778,30.36,20.48,0,3.15
2013-02-02,33,14,21.9,22.3,12.2,53,1.02,620.0,20.891,30.53,21.71,0,3.27
2013-02-03,34,13,22.8,23.2,9.2,45,1.56,689.0,20.587,30.88,22.56,0,3.53
2013-02-04,35,14,21.4,21.4,14.9,65,5.48,488.0,19.893,24.26,21.35,0,0.00
2013-02-05,36,11,17.1,17.1,14.4,84,5.59,328.0,17.098,18.33,17.08,0,0.00
2013-02-06,37,13,19.1,19.9,10.4,79,2.16,578.0,19.755,27.65,19.11,0,1.19
2013-02-07,38,14,18.8,18.8,8.0,52,4.3,694.0,16.792,23.79,18.45,0,0.00
2013-02-08,39,14,19.9,20.0,8.6,53,4.44,701.0,17.87,24.80,19.61,0,0.00
2013-02-09,40,14,20.3,20.3,8.0,51,2.97,705.0,18.369,27.22,20.01,0,0.88
2013-02-10,41,13,20.1,20.6,7.0,52,0.28,774.0,20.741,29.26,19.81,0,2.35
2013-02-11,42,13,20.6,21.3,7.3,53,1.58,777.0,19.577,29.82,20.35,0,2.76
2013-02-12,43,14,21.7,21.8,8.9,47,2.61,719.0,19.375,28.94,21.43,0,2.12
2013-02-13,44,13,22.3,22.8,9.1,49,2.64,779.0,20.208,29.84,22.08,0,2.77
2013-02-14,45,13,23.7,24.3,9.2,41,1.78,784.0,20.998,31.80,23.45,0,4.19
2013-02-15,46,13,20.5,20.5,11.0,61,5.3,726.0,19.063,24.88,20.35,0,0.00
2013-02-16,47,14,16.2,16.7,13.0,90,5.01,287.0,16.662,17.79,16.21,0,0.00
2013-02-17,48,12,17.1,17.9,12.1,68,2.44,582.0,16.822,24.96,16.87,0,0.00
2013-02-18,49,11,18.4,19.5,9.2,65,2.48,705.0,18.021,26.75,18.2,0,0.54
2013-02-19,50,13,19.0,19.0,9.7,64,2.77,498.0,18.006,25.39,18.81,0,0.00
2013-02-20,51,14,21.6,21.6,9.7,55,3.08,727.0,19.94,28.54,21.43,0,1.83
2013-02-21,52,14,22.4,22.8,9.1,56,1.14,683.0,21.672,31.34,22.28,0,3.86
2013-02-22,53,14,23.8,23.8,14.1,54,4.59,662.0,21.441,28.52,23.72,0,1.82
2013-02-23,54,14,21.7,21.9,14.3,67,5.52,648.0,20.602,25.78,21.69,0,0.00
2013-02-24,55,12,20.2,21.1,10.9,67,2.92,782.0,19.879,28.23,20.11,0,1.61
2013-02-25,56,14,22.2,22.3,10.7,56,1.77,754.0,21.159,30.95,22.07,0,3.57
2013-02-26,57,12,22.2,23.2,10.3,53,1.0,835.0,21.719,31.94,22.03,0,4.29
2013-02-27,58,13,23.6,24.5,14.5,61,0.22,820.0,24.967,32.30,23.6,0,10.16
2013-02-28,59,13,24.1,24.1,10.8,44,3.5,842.0,21.129,30.63,23.91,0,3.34
2013-03-01,60,14,22.5,22.6,11.4,45,6.41,790.0,19.283,26.07,22.24,0,0.05
2013-03-02,61,14,24.0,24.2,11.3,44,5.11,793.0,20.668,28.65,23.8,0,1.91
2013-03-03,62,14,25.4,25.4,11.7,44,4.52,795.0,22.0,30.66,25.27,0,3.37
2013-03-04,63,14,26.0,26.1,10.9,43,2.01,798.0,23.143,33.79,25.89,0,7.78
2013-03-05,64,14,26.8,26.9,10.8,45,2.25,789.0,23.956,34.37,26.96,0,9.74
2013-03-06,65,13,26.3,26.8,13.2,50,3.52,866.0,23.793,33.14,26.3,0,8.55
2013-03-07,66,13,27.0,27.5,13.7,45,3.09,874.0,23.97,34.13,27.13,0,9.64
2013-03-08,67,13,27.4,28.0,12.2,45,1.24,873.0,25.321,36.11,27.47,0,13.75
2013-03-09,68,14,29.3,29.3,15.3,37,1.71,782.0,25.383,36.85,28.64,0,14.83
2013-03-10,69,15,28.9,28.9,14.6,35,0.71,662.0,25.538,36.16,28.11,0,14.43
2013-03-11,70,13,28.6,29.2,14.3,46,0.41,858.0,27.992,37.39,28.74,0,20.19
2013-03-12,71,12,28.2,29.2,15.4,47,1.84,817.0,25.7,36.33,28.4,0,14.97
2013-03-13,72,14,29.0,29.3,13.8,38,0.67,787.0,26.474,37.07,28.43,0,16.98
2013-03-14,73,13,24.0,24.0,15.5,62,3.18,771.0,22.888,31.26,24.04,0,5.48
2013-03-15,74,12,26.5,27.5,12.2,42,2.42,893.0,23.437,34.28,26.4,0,8.69
2013-03-16,75,14,27.0,27.2,12.6,42,2.81,813.0,23.599,34.00,26.97,0,8.80
2013-03-17,76,13,28.0,28.1,14.2,40,4.02,837.0,23.943,33.94,27.66,0,9.65
2013-03-18,77,14,28.4,28.4,15.4,39,6.91,816.0,23.726,32.84,27.95,0,8.55
2013-03-19,78,14,29.7,29.8,17.3,45,4.86,809.0,25.889,35.30,29.93,0,15.15
2013-03-20,79,13,30.4,31.2,17.1,41,0.6,878.0,28.516,39.08,30.29,0,22.98
2013-03-21,80,12,30.3,31.7,17.1,41,3.19,900.0,26.373,37.45,30.17,0,17.71
2013-03-22,81,13,30.0,30.3,17.3,30,4.21,884.0,24.251,35.90,28.75,0,12.06
2013-03-23,82,14,32.5,32.5,17.5,29,3.96,821.0,26.116,38.55,31.27,0,18.43
2013-03-24,83,14,31.6,31.6,19.2,32,2.35,816.0,26.326,38.72,30.59,0,18.70
2013-03-25,84,12,27.4,28.4,15.9,39,5.25,909.0,23.174,32.72,27.11,0,7.11
2013-03-26,85,14,28.6,28.6,16.0,32,4.17,814.0,23.298,34.12,27.66,0,8.56
2013-03-27,86,14,28.5,28.5,15.8,34,3.42,611.0,23.336,33.59,27.7,0,8.27
2013-03-28,87,16,30.7,31.0,15.6,29,0.54,447.0,25.769,36.29,29.35,0,15.42
2013-03-29,88,15,27.3,27.4,18.1,49,1.17,614.0,25.179,35.00,27.64,0,12.74
2013-03-30,89,13,27.2,27.4,16.4,47,3.94,747.0,23.985,32.97,27.42,0,8.94
2013-03-31,90,14,29.6,29.7,16.6,39,3.18,815.0,25.366,36.23,29.14,0,14.54
2013-04-01,91,11,29.4,31.6,16.6,37,0.73,875.0,26.78,37.77,28.74,0,18.18
2013-04-02,92,13,32.4,32.4,16.7,30,0.45,799.0,28.799,40.03,31.28,0,24.57
2013-04-03,93,13,30.1,30.3,19.0,36,0.42,888.0,28.062,38.38,29.37,0,21.27
2013-04-04,94,13,30.7,30.9,17.5,26,6.48,951.0,23.909,36.11,29.13,0,11.70
2013-04-05,95,13,30.6,31.3,17.2,25,6.69,966.0,23.648,36.03,28.97,0,11.09
2013-04-06,96,14,32.7,32.8,17.1,21,5.77,881.0,24.572,38.25,30.71,0,15.08
2013-04-07,97,13,34.6,35.0,18.4,20,4.11,950.0,26.203,41.23,32.6,0,21.02
2013-04-08,98,12,34.3,35.5,19.2,26,3.19,962.0,27.44,41.59,33.02,0,23.77
2013-04-09,99,14,35.5,35.5,20.0,22,0.45,865.0,29.992,42.94,33.89,0,29.90
2013-04-10,100,12,34.6,35.6,20.6,22,1.04,954.0,28.186,42.37,32.83,0,25.68
2013-04-11,101,14,33.6,33.8,20.3,23,2.84,776.0,26.117,40.03,31.83,0,19.71
2013-04-12,102,13,34.6,34.8,19.7,23,3.45,946.0,26.992,41.61,32.96,0,22.92
2013-04-13,103,12,34.5,35.0,19.9,23,1.96,810.0,27.252,41.59,32.85,0,23.36
2013-04-14,104,12,34.1,35.4,21.1,25,1.86,879.0,27.512,41.61,32.64,0,23.78
2013-04-15,105,13,35.0,35.2,19.2,22,3.76,949.0,27.025,41.91,33.3,0,23.33
2013-04-16,106,12,37.0,38.8,20.1,20,3.61,964.0,28.202,44.33,35.39,0,28.08
2013-04-17,107,13,35.5,35.9,19.9,17,4.04,978.0,26.25,42.31,33.26,0,22.14
2013-04-18,108,12,35.6,36.5,19.7,15,0.73,986.0,27.934,42.81,33.17,0,25.64
2013-04-19,109,13,36.4,36.6,22.0,13,1.48,975.0,26.938,43.59,33.8,0,24.56
2013-04-20,110,14,36.8,36.8,19.2,12,0.85,893.0,27.526,43.36,33.98,0,25.57
2013-04-21,111,14,32.6,32.6,21.8,31,4.88,771.0,26.302,38.03,31.65,0,18.55
2013-04-22,112,16,30.7,30.9,20.5,35,0.58,485.0,26.754,36.93,29.92,0,17.96
2013-04-23,113,13,32.8,33.1,20.4,31,0.6,864.0,29.025,40.78,31.89,0,25.76
2013-04-24,114,11,33.8,35.3,22.1,30,0.22,891.0,30.236,40.57,33.02,0,28.43
2013-04-25,115,12,36.2,36.6,22.1,26,1.41,910.0,29.787,44.26,35.53,0,31.19
2013-04-26,116,15,34.8,34.8,24.1,31,1.2,682.0,29.274,42.03,34.59,0,30.59
2013-04-27,117,13,36.4,36.7,22.3,22,6.04,956.0,27.742,43.23,35.0,0,26.62
2013-04-28,118,13,35.2,35.6,23.1,22,4.96,913.0,26.9,41.60,33.53,0,24.24
2013-04-29,119,13,36.9,37.1,24.0,20,2.15,957.0,28.637,44.68,35.27,0,31.44
2013-04-30,120,13,38.0,38.1,24.6,20,3.89,932.0,28.867,45.33,36.66,0,33.56
2013-05-01,121,13,37.8,38.0,23.2,9,4.66,1002.0,25.534,44.44,34.33,0,24.12
2013-05-02,122,14,36.3,36.3,21.8,11,6.37,922.0,24.772,42.62,33.3,0,19.58
2013-05-03,123,14,37.2,37.2,21.8,12,4.61,915.0,25.962,43.66,34.38,0,22.98
2013-05-04,124,16,39.6,39.9,20.7,11,0.3,567.0,29.18,43.92,36.56,0,30.06
2013-05-05,125,14,40.3,40.3,24.9,13,1.91,852.0,29.254,47.52,37.89,1,38.35
2013-05-06,126,14,39.4,39.6,24.8,16,0.45,793.0,31.309,46.26,37.53,0,39.40
2013-05-07,127,12,39.1,39.8,23.7,15,3.61,954.0,28.493,46.51,36.96,0,32.77
2013-05-08,128,14,40.7,40.7,24.3,13,4.75,898.0,28.759,47.99,38.34,1,37.22
2013-05-09,129,14,40.9,40.9,24.9,15,3.45,893.0,29.786,48.48,39.1,2,42.16
2013-05-10,130,13,40.4,40.6,24.6,16,2.67,926.0,29.998,48.23,38.75,3,43.57
2013-05-11,131,14,37.1,37.1,25.9,22,5.15,879.0,28.324,43.81,35.91,0,32.67
2013-05-12,132,13,34.3,34.3,24.6,29,0.41,897.0,30.49,42.21,33.51,0,33.20
2013-05-13,133,13,35.9,36.4,22.0,26,2.7,963.0,28.902,43.70,35.11,0,28.84
2013-05-14,134,12,37.6,38.7,22.9,24,2.88,910.0,29.71,45.31,37.05,0,33.30
2013-05-15,135,13,38.9,39.2,23.4,19,3.36,957.0,29.484,46.63,37.6,0,34.61
2013-05-16,136,12,39.3,40.1,24.8,18,4.29,987.0,29.352,46.98,37.88,1,38.02
2013-05-17,137,13,40.6,41.0,24.7,13,3.12,991.0,29.188,48.37,38.23,2,40.39
2013-05-18,138,12,41.1,42.1,26.4,13,2.02,1004.0,30.036,49.08,38.79,3,46.37
2013-05-19,139,13,43.1,43.7,26.3,13,4.39,977.0,30.674,51.27,41.13,4,51.58
2013-05-20,140,13,42.6,42.9,29.5,14,4.4,981.0,30.639,50.77,40.88,5,56.46
2013-05-21,141,12,42.5,44.0,27.2,16,4.17,990.0,31.242,50.87,41.48,6,56.87
2013-05-22,142,13,43.2,43.6,28.4,12,5.28,986.0,30.262,51.46,40.84,7,56.61
2013-05-23,143,13,43.9,44.5,29.7,13,6.18,977.0,30.978,52.73,42.1,8,60.87
2013-05-24,144,14,44.2,44.4,29.4,15,5.73,887.0,31.813,52.79,43.36,9,62.60
2013-05-25,145,12,41.8,42.9,32.1,22,5.45,965.0,32.088,50.34,42.86,10,64.32
2013-05-26,146,13,41.8,42.3,32.0,18,3.51,922.0,31.353,49.94,41.26,11,61.93
2013-05-27,147,14,40.9,40.9,31.0,22,3.09,791.0,31.617,48.63,41.41,12,60.37
2013-05-28,148,10,40.3,42.0,29.0,15,0.71,814.0,31.043,47.27,38.37,13,54.84
2013-05-29,149,12,41.5,42.1,26.7,12,4.0,991.0,29.281,49.26,38.9,14,50.46
2013-05-30,150,13,39.5,40.0,26.1,14,2.42,982.0,28.936,47.23,37.21,15,47.02
2013-05-31,151,12,38.4,40.0,23.7,22,0.14,974.0,32.592,44.67,37.68,16,49.45
2013-06-01,152,13,37.2,37.7,27.2,34,3.45,937.0,31.198,45.17,39.37,0,41.89
2013-06-02,153,13,36.3,36.3,26.2,38,3.04,873.0,31.133,44.24,39.04,0,39.80
2013-06-03,154,14,37.4,37.4,28.1,38,2.12,790.0,32.292,45.74,41.26,0,46.12
2013-06-04,155,14,39.1,39.5,28.6,35,0.41,774.0,35.221,47.75,43.56,0,54.54
2013-06-05,156,12,40.3,42.3,30.9,30,0.6,876.0,35.104,49.27,43.72,1,59.83
2013-06-06,157,13,41.4,42.0,31.0,32,1.72,874.0,34.969,50.68,47.05,2,63.62
2013-06-07,158,14,38.6,38.9,29.0,38,1.28,809.0,33.922,47.63,43.86,0,52.58
2013-06-08,159,14,38.8,39.1,30.0,37,0.61,752.0,34.788,47.63,43.83,0,55.37
2013-06-09,160,11,37.3,39.5,30.3,44,1.17,846.0,33.958,46.83,43.62,0,53.50
2013-06-10,161,14,40.0,40.4,30.3,36,2.42,781.0,34.026,48.63,46.05,1,57.50
2013-06-11,162,11,32.2,32.4,27.2,62,5.66,440.0,29.602,37.23,38.19,0,32.70
2013-06-12,163,13,35.6,35.7,26.5,52,3.22,784.0,32.411,43.94,43.0,0,43.83
2013-06-13,164,11,35.0,35.0,28.3,49,4.47,672.0,31.021,41.62,40.29,0,40.62
2013-06-14,165,13,36.8,36.9,27.7,41,3.75,680.0,31.57,43.76,41.18,0,42.83
2013-06-15,166,11,35.0,35.0,27.5,45,7.31,832.0,30.322,41.79,38.83,0,37.94
2013-06-16,167,15,30.7,30.7,25.7,66,2.96,546.0,29.264,37.93,35.71,0,29.89
2013-06-17,168,14,31.3,31.3,25.2,62,3.49,597.0,29.34,38.15,36.03,0,29.73
2013-06-18,169,16,31.1,31.1,25.1,61,2.28,380.0,28.881,37.61,35.32,0,28.10
2013-06-19,170,11,34.0,36.1,23.9,48,2.24,850.0,30.869,42.59,37.73,0,34.94
2013-06-20,171,10,35.4,38.2,25.9,37,1.2,771.0,30.999,43.58,37.06,0,37.99
2013-06-21,172,14,40.5,40.8,26.8,26,5.22,846.0,31.878,48.25,42.34,1,47.70
2013-06-22,173,14,39.9,39.9,29.7,28,4.13,702.0,31.796,46.99,42.09,0,48.26
2013-06-23,174,12,39.4,39.9,28.8,33,4.55,917.0,32.602,47.45,43.28,0,49.51
2013-06-24,175,12,37.6,38.4,28.8,43,3.14,792.0,32.911,45.82,43.88,0,49.14
2013-06-25,176,12,34.6,34.6,28.0,57,3.75,706.0,31.914,42.38,42.54,0,43.34
2013-06-26,177,14,33.4,34.0,26.4,60,1.91,772.0,31.905,42.81,40.56,0,41.03
2013-06-27,178,14,34.3,34.7,27.4,56,0.99,648.0,32.682,43.49,41.33,0,44.44
2013-06-28,179,11,36.7,36.7,26.8,45,3.81,794.0,32.264,44.44,42.64,0,44.13
2013-06-29,180,14,37.6,37.6,27.4,44,6.46,755.0,32.462,44.95,44.35,0,46.21
2013-06-30,181,13,36.3,36.4,27.2,47,4.24,749.0,32.054,43.66,42.55,0,43.60
2013-07-01,182,14,36.8,37.4,27.3,46,1.48,713.0,33.253,45.67,43.33,0,47.72
2013-07-02,183,11,33.6,34.6,26.7,63,3.56,717.0,31.795,41.82,42.31,0,41.11
2013-07-03,184,15,32.2,32.5,27.1,64,2.86,569.0,30.515,39.87,38.85,0,36.46
2013-07-04,185,13,33.8,34.3,27.3,59,4.47,843.0,31.491,41.66,41.22,0,40.72
2013-07-05,186,13,33.8,33.8,26.9,53,4.63,707.0,30.504,40.45,38.97,0,36.67
2013-07-06,187,17,30.6,30.6,26.2,66,2.43,179.0,28.347,35.61,35.47,0,26.98
2013-07-07,188,15,31.6,31.6,26.2,71,2.41,589.0,30.928,40.30,39.6,0,36.78
2013-07-08,189,14,31.7,32.2,26.1,68,0.36,425.0,31.92,40.15,38.86,0,38.15
2013-07-09,190,14,33.9,33.9,25.3,60,2.82,723.0,31.91,42.51,41.9,0,40.04
2013-07-10,191,14,33.8,33.9,26.1,59,4.62,757.0,31.346,41.21,41.22,0,38.72
2013-07-11,192,11,32.3,33.8,27.0,66,1.28,650.0,31.758,41.88,39.82,0,40.51
2013-07-12,193,16,31.2,31.6,26.0,68,1.27,471.0,30.492,39.74,37.52,0,34.55
2013-07-13,194,13,32.5,33.0,27.0,69,2.28,685.0,31.793,41.89,41.51,0,41.21
2013-07-14,195,15,32.6,33.3,26.4,69,0.54,541.0,33.119,42.48,41.81,0,43.55
2013-07-15,196,13,31.6,31.9,26.0,75,2.25,593.0,31.439,40.94,41.02,0,38.50
2013-07-16,197,12,31.5,32.0,26.4,70,2.38,656.0,30.862,40.42,38.97,0,36.74
2013-07-17,198,12,31.0,32.4,26.6,76,0.78,639.0,32.201,41.56,39.5,0,40.52
2013-07-18,199,15,32.5,32.8,26.3,68,2.56,564.0,31.342,40.93,41.13,0,38.70
2013-07-19,200,14,33.4,33.4,25.8,62,1.92,587.0,31.768,42.12,41.34,0,39.86
2013-07-20,201,16,26.5,26.7,25.5,93,2.42,152.0,27.067,32.59,27.07,0,18.44
2013-07-21,202,16,29.0,29.3,25.1,81,0.41,297.0,30.142,37.47,34.96,0,30.24
2013-07-22,203,10,29.0,30.1,25.4,83,0.54,397.0,30.62,38.53,35.41,0,32.43
2013-07-23,204,15,31.0,31.1,25.2,72,1.79,538.0,30.61,39.90,38.21,0,34.20
2013-07-24,205,12,33.0,33.3,26.9,65,3.61,820.0,31.619,41.62,41.4,0,40.52
2013-07-25,206,14,32.3,32.3,25.5,69,1.92,580.0,31.544,41.40,40.92,0,38.42
2013-07-26,207,14,31.5,31.5,25.0,70,1.43,673.0,31.392,41.29,38.97,0,36.74
2013-07-27,208,15,30.6,30.9,25.6,70,2.14,494.0,29.755,38.63,36.54,0,31.52
2013-07-28,209,15,33.0,33.0,25.9,64,1.06,531.0,32.073,42.07,41.01,0,40.40
2013-07-29,210,14,32.1,32.7,26.6,68,0.76,552.0,32.131,41.62,39.97,0,40.61
2013-07-30,211,13,32.1,32.6,26.0,73,2.06,703.0,31.997,42.09,41.85,0,40.70
2013-07-31,212,14,30.9,30.9,25.1,77,2.6,504.0,30.681,39.39,39.53,0,34.35
2013-08-01,213,15,31.8,31.8,25.3,69,2.8,605.0,30.801,40.08,39.48,0,35.29
2013-08-02,214,15,31.4,31.4,26.7,66,4.44,583.0,29.704,37.83,37.43,0,32.46
2013-08-03,215,14,32.3,32.3,26.6,64,4.07,626.0,30.449,39.33,39.11,0,35.46
2013-08-04,216,15,32.4,32.5,25.9,64,0.32,522.0,32.507,40.97,39.38,0,39.81
2013-08-05,217,13,30.7,30.7,26.2,76,1.57,504.0,30.793,39.93,38.59,0,35.89
2013-08-06,218,15,29.7,29.7,25.2,75,0.36,287.0,30.138,37.45,35.49,0,30.53
2013-08-07,219,14,30.1,30.1,24.9,75,1.2,482.0,30.297,39.19,36.57,0,32.14
2013-08-08,220,11,30.1,30.1,25.4,76,1.5,646.0,30.598,39.95,36.85,0,33.95
2013-08-09,221,11,28.2,28.2,25.0,78,1.08,226.0,27.984,35.38,32.28,0,23.54
2013-08-10,222,12,30.7,30.8,24.8,71,2.85,622.0,29.995,38.87,37.09,0,31.42
2013-08-11,223,12,30.6,30.6,25.4,73,3.52,757.0,30.176,38.95,37.4,0,32.63
2013-08-12,224,12,30.3,31.1,25.6,79,2.69,752.0,30.758,39.93,38.3,0,35.01
2013-08-13,225,12,29.3,29.8,25.4,84,3.92,579.0,29.711,37.08,36.57,0,30.10
2013-08-14,226,14,30.3,30.4,24.9,76,5.24,686.0,29.808,37.30,37.42,0,30.17
2013-08-15,227,15,28.6,28.8,24.6,79,2.08,437.0,28.681,36.69,33.46,0,25.78
2013-08-16,228,15,29.4,29.5,24.5,79,2.55,490.0,29.427,37.54,35.64,0,28.50
2013-08-17,229,16,28.1,28.1,24.5,85,2.2,318.0,28.453,35.69,33.18,0,24.41
2013-08-18,230,13,28.9,29.9,24.0,81,0.92,534.0,30.192,38.78,34.68,0,29.90
2013-08-19,231,15,28.2,29.1,24.4,81,0.36,268.0,29.211,36.07,32.77,0,25.84
2013-08-20,232,15,31.6,31.6,24.5,69,0.61,550.0,32.039,41.16,38.92,0,37.26
2013-08-21,233,14,32.0,32.0,25.2,75,3.01,679.0,31.742,41.24,42.31,0,38.84
2013-08-22,234,13,28.9,30.0,24.9,80,0.64,368.0,29.907,37.82,34.46,0,29.63
2013-08-23,235,14,32.1,32.1,24.8,70,0.81,751.0,32.844,42.82,40.7,0,40.99
2013-08-24,236,14,33.0,33.1,26.0,66,2.01,737.0,32.136,42.69,41.8,0,41.38
2013-08-25,237,13,33.2,33.4,26.5,66,0.45,789.0,34.415,44.18,42.39,0,47.56
2013-08-26,238,12,33.0,33.8,26.7,68,2.24,803.0,32.385,43.03,42.62,0,43.21
2013-08-27,239,14,33.6,33.6,27.4,61,4.35,791.0,31.503,41.42,41.49,0,40.78
2013-08-28,240,14,30.8,31.2,25.9,66,2.11,538.0,29.608,38.80,35.95,0,31.49
2013-08-29,241,12,30.7,30.9,25.9,66,1.66,665.0,30.011,39.71,35.71,0,32.83
2013-08-30,242,15,29.6,30.0,26.2,70,0.78,295.0,29.03,37.07,34.08,0,28.81
2013-08-31,243,17,30.6,30.8,26.5,70,1.51,183.0,29.047,36.85,36.54,0,29.95
2013-09-01,244,14,32.6,32.6,25.3,61,4.03,732.0,30.545,39.99,38.85,0,34.51
2013-09-02,245,14,33.5,33.5,26.1,54,4.79,763.0,30.415,40.32,38.63,0,35.35
2013-09-03,246,14,33.7,33.9,26.0,54,4.37,780.0,30.692,40.87,39.09,0,36.32
2013-09-04,247,13,33.2,33.7,26.3,53,5.04,860.0,30.104,40.17,37.62,0,34.51
2013-09-05,248,12,32.4,33.2,26.1,53,4.66,869.0,29.449,39.36,35.92,0,31.82
2013-09-06,249,13,32.7,33.0,25.1,53,3.83,823.0,29.819,40.04,36.54,0,32.08
2013-09-07,250,13,33.4,33.6,24.8,49,2.88,856.0,30.23,41.48,36.81,0,33.64
2013-09-08,251,14,32.5,32.5,24.6,54,1.92,725.0,30.23,40.94,36.41,0,32.87
2013-09-09,252,12,32.5,33.5,24.3,55,1.26,848.0,31.078,42.00,36.7,0,35.00
2013-09-10,253,12,32.6,33.5,24.4,53,1.3,820.0,30.818,41.81,36.33,0,34.34
2013-09-11,254,13,33.2,33.4,25.1,55,0.36,814.0,33.142,42.61,38.27,0,40.85
2013-09-12,255,12,32.7,33.0,25.3,62,2.47,785.0,31.265,41.71,39.46,0,37.33
2013-09-13,256,14,32.9,32.9,24.7,59,0.61,656.0,32.422,42.27,38.91,0,39.02
2013-09-14,257,12,32.8,33.9,25.5,62,0.4,833.0,33.697,43.14,39.72,0,43.29
2013-09-15,258,13,34.2,34.7,24.8,49,0.72,838.0,32.582,43.66,38.49,0,40.28
2013-09-16,259,11,31.5,31.5,24.9,64,0.2,761.0,32.493,40.27,37.08,0,37.26
2013-09-17,260,11,31.5,33.4,23.0,58,0.95,800.0,30.785,41.04,35.39,0,31.75
2013-09-18,261,12,33.1,33.9,22.9,50,2.55,859.0,30.215,41.47,36.49,0,31.27
2013-09-19,262,12,32.3,33.2,22.5,52,1.21,861.0,30.594,41.61,35.44,0,31.23
2013-09-20,263,11,31.2,31.2,25.1,67,4.22,647.0,29.767,38.12,37.22,0,30.85
2013-09-21,264,12,30.5,30.9,23.6,71,4.51,716.0,29.606,37.67,36.56,0,28.22
2013-09-22,265,13,30.6,30.6,24.6,69,3.08,459.0,29.301,37.44,36.27,0,28.54
2013-09-23,266,12,31.9,32.2,25.2,64,3.08,738.0,30.475,40.12,38.08,0,34.06
2013-09-24,267,13,32.1,32.2,25.5,65,3.44,757.0,30.717,40.25,38.93,0,35.28
2013-09-25,268,12,30.9,30.9,24.1,71,1.65,746.0,30.936,40.81,37.63,0,33.98
2013-09-26,269,14,30.2,30.2,23.4,73,1.7,575.0,30.086,39.25,36.31,0,29.94
2013-09-27,270,14,31.6,31.6,24.7,65,2.72,655.0,30.27,39.76,37.63,0,32.66
2013-09-28,271,12,30.6,31.4,24.6,71,0.82,783.0,31.592,41.15,36.82,0,35.74
2013-09-29,272,13,31.5,31.5,25.2,67,1.25,724.0,31.318,41.35,38.0,0,36.51
2013-09-30,273,12,28.9,29.2,24.4,73,2.86,541.0,28.333,36.36,33.06,0,24.50
2013-10-01,274,11,29.2,30.0,24.3,73,3.08,679.0,28.816,37.22,33.77,0,26.18
2013-10-02,275,13,30.6,30.6,23.5,62,4.12,666.0,28.679,37.13,34.48,0,25.19
2013-10-03,276,13,29.7,29.8,23.2,59,5.23,624.0,27.267,34.90,32.09,0,19.67
2013-10-04,277,11,27.5,27.5,21.9,68,5.35,488.0,25.963,31.85,29.52,0,12.65
2013-10-05,278,14,30.4,30.4,21.8,60,1.94,594.0,28.741,38.30,33.61,0,24.07
2013-10-06,279,12,29.3,29.9,22.7,66,0.32,612.0,30.149,37.95,32.61,0,26.93
2013-10-07,280,13,30.2,30.4,23.8,63,1.32,628.0,29.353,38.95,33.86,0,27.89
2013-10-08,281,15,31.0,31.0,23.8,60,1.08,438.0,29.438,38.67,34.85,0,28.22
2013-10-09,282,12,30.4,30.8,23.5,60,3.01,721.0,28.599,37.96,33.61,0,25.32
2013-10-10,283,12,30.8,31.2,22.6,58,2.8,768.0,28.878,38.71,33.96,0,25.46
2013-10-11,284,11,28.5,28.5,22.6,70,4.4,663.0,27.53,34.86,31.67,0,19.28
2013-10-12,285,11,27.0,27.7,21.5,72,0.32,456.0,28.007,35.08,29.02,0,18.65
2013-10-13,286,11,28.9,29.8,21.6,71,1.14,667.0,29.261,38.43,32.69,0,24.81
2013-10-14,287,13,30.2,30.2,22.4,67,3.77,696.0,28.983,37.43,34.79,0,24.81
2013-10-15,288,13,30.7,30.9,21.4,52,2.48,750.0,28.141,38.40,32.51,0,22.61
2013-10-16,289,11,30.1,30.9,20.0,49,0.94,741.0,28.277,38.57,31.04,0,22.44
2013-10-17,290,13,31.6,31.8,21.1,52,1.75,740.0,29.282,39.95,34.1,0,26.47
2013-10-18,291,10,29.8,31.6,21.3,57,0.5,618.0,29.483,38.43,31.9,0,24.93
2013-10-19,292,11,30.2,31.0,20.6,46,1.78,727.0,27.217,37.95,30.72,0,19.87
2013-10-20,293,12,30.2,30.7,19.4,40,0.72,775.0,27.646,38.30,29.92,0,20.63
2013-10-21,294,11,29.5,30.4,18.2,40,0.2,732.0,27.62,36.03,29.13,0,18.66
2013-10-22,295,13,30.2,30.3,17.6,40,0.73,737.0,27.523,38.11,29.92,0,20.27
2013-10-23,296,13,29.7,29.7,18.5,44,1.25,726.0,26.9,37.62,29.81,0,18.69
2013-10-24,297,12,28.7,29.2,17.8,50,0.72,711.0,27.418,37.15,29.28,0,19.14
2013-10-25,298,12,28.8,29.4,17.3,46,1.4,755.0,26.29,36.89,28.97,0,16.70
2013-10-26,299,13,28.9,29.0,18.7,46,0.89,701.0,26.799,36.97,29.08,0,17.76
2013-10-27,300,10,27.8,29.4,17.8,48,0.61,598.0,26.259,35.60,28.07,0,15.37
2013-10-28,301,12,29.8,30.6,17.4,34,3.86,753.0,24.573,35.41,28.88,0,12.35
2013-10-29,302,12,29.4,30.4,15.2,36,2.62,753.0,24.851,36.07,28.66,0,13.28
2013-10-30,303,13,30.5,30.7,18.0,35,1.97,708.0,25.831,37.44,29.7,0,16.50
2013-10-31,304,13,29.9,30.2,18.1,38,2.14,691.0,25.634,36.75,29.36,0,15.51
2013-11-01,305,14,28.5,28.5,19.2,46,1.73,527.0,25.294,35.14,28.63,0,13.43
2013-11-02,306,12,27.0,27.7,16.7,42,3.34,734.0,23.32,33.07,26.97,0,7.60
2013-11-03,307,13,27.4,27.6,14.9,28,3.48,717.0,21.713,32.83,26.6,0,4.93
2013-11-04,308,13,27.4,27.5,12.9,31,3.12,709.0,22.228,33.19,26.72,0,5.63
2013-11-05,309,12,25.8,26.5,13.5,36,0.78,687.0,22.975,33.54,25.59,0,7.29
2013-11-06,310,14,26.6,26.6,15.2,41,1.86,555.0,23.007,33.08,26.49,0,7.01
2013-11-07,311,15,24.8,25.6,16.0,49,0.73,382.0,22.715,31.40,24.71,0,5.25
2013-11-08,312,11,23.2,24.3,14.9,58,0.45,459.0,23.036,31.18,23.14,0,5.70
2013-11-09,313,12,24.6,24.9,12.7,46,0.89,703.0,22.979,33.02,24.46,0,6.92
2013-11-10,314,13,25.0,25.2,13.6,40,3.33,682.0,21.251,30.71,24.8,0,3.40
2013-11-11,315,13,25.0,25.2,12.9,35,3.68,686.0,20.572,30.21,24.73,0,3.04
2013-11-12,316,13,24.8,25.0,12.1,34,2.69,681.0,20.524,31.05,24.51,0,3.65
2013-11-13,317,13,25.0,25.2,11.1,33,2.69,684.0,20.571,31.22,24.71,0,3.77
2013-11-14,318,13,24.4,24.6,11.5,31,2.78,686.0,19.786,30.53,24.05,0,3.27
2013-11-15,319,13,24.6,24.8,10.7,32,1.88,683.0,20.433,31.65,24.28,0,4.08
2013-11-16,320,13,24.5,24.7,10.0,34,1.22,676.0,21.041,32.10,24.2,0,4.41
2013-11-17,321,13,24.6,24.9,11.1,33,2.69,676.0,20.22,30.81,24.29,0,3.47
2013-11-18,322,13,25.3,25.7,11.7,30,4.32,676.0,20.038,29.71,24.98,0,2.68
2013-11-19,323,13,25.7,26.0,11.9,32,4.11,671.0,20.668,30.33,25.43,0,3.13
2013-11-20,324,13,26.0,26.3,11.0,36,2.75,660.0,21.74,32.06,25.8,0,4.38
2013-11-21,325,13,26.3,26.4,11.2,36,2.59,651.0,22.031,32.46,26.11,0,4.73
2013-11-22,326,12,24.5,25.3,11.9,45,0.22,669.0,23.634,31.54,24.34,0,7.09
2013-11-23,327,12,24.4,25.4,11.7,45,1.28,673.0,22.182,32.40,24.24,0,4.96
2013-11-24,328,13,25.5,25.9,12.1,39,2.94,633.0,21.579,31.31,25.31,0,3.84
2013-11-25,329,13,26.6,27.0,13.9,36,4.72,637.0,21.804,30.66,26.43,0,3.37
2013-11-26,330,13,27.5,27.8,15.6,33,5.66,643.0,22.053,31.05,26.88,0,3.75
2013-11-27,331,13,27.0,27.3,14.0,36,3.44,622.0,22.349,32.14,26.67,0,5.09
2013-11-28,332,11,24.8,26.3,13.2,42,1.24,616.0,22.092,32.32,24.62,0,4.74
2013-11-29,333,13,26.1,26.4,12.6,30,4.62,645.0,20.605,30.10,25.82,0,2.96
2013-11-30,334,13,25.6,26.0,12.3,32,4.44,648.0,20.493,29.78,25.33,0,2.73
2013-12-01,335,12,24.9,25.7,11.3,39,2.02,660.0,21.438,31.88,24.68,0,4.25
2013-12-02,336,14,25.2,25.2,10.9,33,0.54,542.0,22.122,32.17,24.92,0,4.69
2013-12-03,337,15,25.0,25.1,10.8,34,0.41,389.0,21.691,30.81,24.72,0,3.47
2013-12-04,338,12,24.0,24.7,11.3,38,3.48,649.0,20.06,29.30,23.72,0,2.38
2013-12-05,339,13,24.2,24.6,11.5,37,4.46,633.0,19.907,28.31,23.92,0,1.67
2013-12-06,340,14,24.0,24.0,10.9,36,2.34,539.0,19.927,29.88,23.7,0,2.80
2013-12-07,341,12,23.2,24.1,9.8,44,0.61,641.0,21.85,31.59,22.96,0,4.04
2013-12-08,342,13,23.9,24.2,10.7,44,0.0,619.0,22.82,30.00,23.7,0,4.44
2013-12-09,343,13,23.5,23.7,10.4,46,1.91,616.0,20.958,30.75,23.3,0,3.43
2013-12-10,344,13,22.9,23.3,10.1,47,2.26,619.0,20.385,29.87,22.69,0,2.79
2013-12-11,345,13,23.9,24.2,10.7,37,4.39,624.0,19.646,28.01,23.61,0,1.45
2013-12-12,346,13,23.5,23.8,13.2,42,6.91,621.0,19.575,25.83,23.25,0,0.00
2013-12-13,347,14,23.7,23.7,12.4,30,6.35,549.0,18.271,25.55,23.3,0,0.00
2013-12-14,348,15,22.7,22.7,10.6,46,0.81,398.0,20.471,29.51,22.46,0,2.54
2013-12-15,349,14,23.3,23.3,10.5,48,1.13,533.0,21.302,30.86,23.12,0,3.51
2013-12-16,350,12,22.3,23.2,11.2,53,0.78,632.0,21.614,31.10,22.13,0,3.68
2013-12-17,351,11,21.4,23.0,11.2,54,0.58,575.0,21.102,30.22,21.2,0,3.04
2013-12-18,352,14,22.5,22.5,10.1,50,0.67,496.0,21.255,30.34,22.31,0,3.13
2013-12-19,353,13,20.9,21.1,13.2,62,2.69,479.0,19.588,27.10,20.78,0,0.79
2013-12-20,354,14,19.0,19.0,11.3,71,1.2,290.0,18.657,26.14,18.9,0,0.10
2013-12-21,355,14,19.7,19.7,13.1,56,2.22,433.0,17.964,26.07,19.44,0,0.05
2013-12-22,356,14,18.9,18.9,12.3,65,1.63,373.0,18.086,26.04,18.72,0,0.03
2013-12-23,357,11,18.4,18.8,11.9,58,3.05,513.0,16.889,24.25,18.11,0,0.00
2013-12-24,358,14,18.7,18.7,9.9,49,3.42,548.0,16.354,23.90,18.3,0,0.00
2013-12-25,359,13,19.2,19.6,7.9,39,4.53,632.0,15.803,23.09,18.7,0,0.00
2013-12-26,360,14,19.8,19.8,7.0,29,3.72,561.0,15.286,24.12,19.2,0,0.00
2013-12-27,361,13,18.4,18.7,7.3,32,1.03,538.0,15.507,26.64,17.77,0,0.46
2013-12-28,362,14,19.4,19.4,6.9,30,3.62,565.0,15.092,23.93,18.79,0,0.00
2013-12-29,363,14,18.2,18.2,4.0,37,2.7,576.0,15.031,24.51,17.62,0,0.00
2013-12-30,364,13,17.8,18.2,3.3,41,3.11,536.0,14.875,23.24,17.25,0,0.00
2013-12-31,365,16,14.6,14.6,11.7,77,0.22,98.0,14.525,19.64,14.36,0,0.00
2014-01-01,1,11,16.7,16.9,9.4,68,2.62,466.0,16.144,23.38,16.45,0,0.00
2014-01-02,2,14,17.7,17.7,5.8,47,3.55,576.0,15.304,22.87,17.23,0,0.00
2014-01-03,3,14,18.3,18.4,5.2,37,2.72,588.0,15.135,24.65,17.73,0,0.00
2014-01-04,4,14,18.7,18.7,9.2,46,1.4,422.0,16.485,25.90,18.26,0,0.00
2014-01-05,5,13,19.2,19.6,6.6,42,2.2,646.0,16.688,26.75,18.74,0,0.54
2014-01-06,6,14,18.1,18.2,5.0,45,3.22,584.0,15.567,23.81,17.62,0,0.00
2014-01-07,7,13,18.3,18.6,7.6,43,3.33,652.0,15.656,24.24,17.8,0,0.00
2014-01-08,8,15,18.5,18.7,4.7,40,0.73,337.0,16.048,25.50,17.97,0,0.00
2014-01-09,9,12,17.5,18.7,6.2,46,0.82,574.0,16.406,26.78,17.0,0,0.56
2014-01-10,10,13,18.2,18.7,6.5,50,0.61,632.0,17.945,28.00,17.79,0,1.44
2014-01-11,11,14,18.1,18.1,7.1,49,4.07,577.0,15.744,22.50,17.67,0,0.00
2014-01-12,12,14,19.1,19.2,7.3,49,1.8,545.0,17.217,26.75,18.72,0,0.54
2014-01-13,13,14,19.4,19.5,6.2,40,0.81,573.0,17.532,28.00,18.92,0,1.44
2014-01-14,14,14,19.7,19.7,7.1,42,0.64,599.0,18.368,28.59,19.26,0,1.87
2014-01-15,15,13,18.8,19.1,7.5,52,0.41,619.0,19.046,28.28,18.45,0,1.65
2014-01-16,16,13,17.9,18.2,5.8,58,0.36,465.0,18.164,26.47,17.58,0,0.34
2014-01-17,17,15,18.1,18.1,10.2,60,4.11,223.0,15.954,19.34,17.82,0,0.00
2014-01-18,18,14,17.4,17.5,11.2,56,1.55,482.0,16.263,25.45,17.03,0,0.00
2014-01-19,19,13,17.5,18.2,9.5,63,0.85,334.0,17.01,25.36,17.23,0,0.00
2014-01-20,20,13,18.7,19.4,7.8,62,1.12,667.0,18.777,28.51,18.47,0,1.81
2014-01-21,21,11,15.8,15.8,11.9,81,3.76,170.0,15.359,17.40,15.68,0,0.00
2014-01-22,22,13,16.8,17.1,11.9,83,3.49,288.0,16.862,20.75,16.75,0,0.00
2014-01-23,23,12,17.9,19.3,10.1,71,0.61,585.0,19.308,28.23,17.75,0,1.61
2014-01-24,24,14,18.7,18.7,10.3,55,3.61,600.0,16.943,24.18,18.38,0,0.00
2014-01-25,25,14,18.2,18.3,8.1,62,2.78,590.0,17.266,25.23,17.95,0,0.00
2014-01-26,26,14,20.1,20.2,9.9,56,3.75,633.0,18.345,25.61,19.86,0,0.00
2014-01-27,27,14,21.3,21.4,9.2,51,4.56,646.0,18.849,25.68,21.06,0,0.00
2014-01-28,28,14,21.8,21.8,10.0,49,4.3,642.0,19.138,26.41,21.56,0,0.30
2014-01-29,29,14,21.7,21.7,10.0,53,0.1,642.0,21.856,28.68,21.5,0,1.93
2014-01-30,30,11,19.8,21.0,10.3,66,0.2,636.0,21.272,28.29,19.68,0,1.65
2014-01-31,31,14,19.5,19.8,8.3,64,1.03,656.0,19.77,29.25,19.34,0,2.35
2014-02-01,32,13,18.4,19.3,8.4,67,0.67,703.0,19.679,29.12,18.22,0,2.26
2014-02-02,33,13,20.0,20.7,7.4,65,1.06,712.0,20.435,29.99,19.88,0,2.88
2014-02-03,34,14,24.5,24.5,8.8,45,2.43,661.0,21.611,31.31,24.34,0,3.84
2014-02-04,35,14,23.5,23.5,10.9,55,3.18,599.0,21.432,29.48,23.42,0,2.51
2014-02-05,36,14,21.5,21.6,11.1,56,2.06,605.0,20.065,29.13,21.33,0,2.26
2014-02-06,37,15,23.2,23.2,10.9,56,1.22,463.0,21.756,30.60,23.12,0,3.33
2014-02-07,38,14,23.9,23.9,13.4,58,3.41,597.0,22.047,29.72,23.88,0,2.78
2014-02-08,39,13,19.0,19.3,10.8,55,3.41,684.0,17.403,25.34,18.7,0,0.00
2014-02-09,40,14,18.3,18.3,7.9,42,5.0,707.0,15.348,22.12,17.79,0,0.00
2014-02-10,41,14,18.2,18.3,5.2,39,2.84,683.0,15.379,25.07,17.65,0,0.00
2014-02-11,42,13,19.5,19.8,6.3,40,2.62,774.0,16.832,27.12,19.02,0,0.81
2014-02-12,43,13,19.3,19.6,6.8,40,4.22,793.0,16.28,24.69,18.82,0,0.00
2014-02-13,44,14,19.7,19.8,6.0,41,1.72,641.0,17.249,27.76,19.25,0,1.27
2014-02-14,45,13,16.2,16.2,10.7,72,4.46,428.0,15.57,19.44,15.98,0,0.00
2014-02-15,46,14,17.8,18.0,9.7,54,2.42,624.0,16.392,25.42,17.42,0,0.00
2014-02-16,47,12,16.8,18.4,7.7,64,3.24,775.0,16.317,24.43,16.5,0,0.00
2014-02-17,48,14,19.6,19.6,8.3,45,6.08,738.0,16.683,22.67,19.2,0,0.00
2014-02-18,49,14,21.2,21.2,9.3,45,4.5,743.0,18.321,26.06,20.88,0,0.05
2014-02-19,50,15,21.2,21.2,7.7,45,0.82,566.0,19.573,29.46,20.88,0,2.50
2014-02-20,51,14,22.2,22.3,9.2,45,0.64,742.0,21.304,31.39,21.93,0,3.89
2014-02-21,52,14,23.4,23.4,8.9,44,3.19,672.0,20.319,29.39,23.17,0,2.45
2014-02-22,53,15,20.9,20.9,11.7,70,0.5,404.0,21.663,29.43,20.89,0,2.48
2014-02-23,54,14,21.1,21.3,10.0,56,3.05,718.0,19.569,28.09,20.91,0,1.51
2014-02-24,55,14,22.1,22.1,9.5,42,2.44,763.0,19.353,29.60,21.78,0,2.60
2014-02-25,56,14,22.8,22.9,9.3,42,0.5,750.0,21.922,31.88,22.52,0,4.24
2014-02-26,57,13,24.0,24.4,10.8,47,2.69,806.0,21.55,31.40,23.84,0,3.90
2014-02-27,58,14,21.9,21.9,12.7,65,2.42,585.0,21.105,29.29,21.87,0,2.38
2014-02-28,59,15,20.2,20.5,13.1,71,0.63,303.0,20.399,27.88,20.16,0,1.35
2014-03-01,60,13,17.3,18.1,12.0,87,0.36,383.0,19.649,26.54,17.33,0,0.39
2014-03-02,61,14,20.2,20.4,9.9,54,3.33,725.0,18.496,26.82,19.94,0,0.59
2014-03-03,62,13,22.4,23.0,8.7,47,1.43,851.0,20.875,31.59,22.16,0,4.04
2014-03-04,63,14,23.9,24.1,10.9,44,2.26,713.0,21.133,31.21,23.7,0,3.76
2014-03-05,64,12,23.6,24.1,11.5,44,1.13,828.0,21.867,32.58,23.38,0,4.75
2014-03-06,65,13,23.4,23.4,10.8,45,3.16,839.0,20.706,30.38,23.19,0,3.16
2014-03-07,66,13,23.7,24.3,9.8,37,3.38,873.0,20.062,30.35,23.4,0,3.14
2014-03-08,67,14,25.3,25.3,11.5,40,4.1,790.0,21.513,30.80,25.12,0,3.47
2014-03-09,68,12,25.9,27.0,11.6,45,1.92,854.0,23.44,34.13,25.81,0,8.59
2014-03-10,69,14,26.3,26.3,14.3,42,4.03,757.0,22.591,31.79,26.19,0,5.30
2014-03-11,70,14,25.9,25.9,14.9,47,5.61,654.0,22.435,29.73,25.84,0,3.51
2014-03-12,71,12,23.6,24.4,14.0,57,0.22,847.0,24.651,32.20,23.55,0,9.48
2014-03-13,72,13,24.2,24.6,12.7,42,3.55,898.0,21.062,30.89,23.99,0,3.53
2014-03-14,73,14,25.1,25.3,11.4,41,3.34,824.0,21.679,31.60,24.92,0,4.04
2014-03-15,74,13,26.5,26.9,10.7,41,1.44,895.0,23.901,35.06,26.39,0,10.14
2014-03-16,75,14,29.3,29.5,13.2,38,3.32,814.0,24.931,35.74,28.73,0,13.22
2014-03-17,76,15,31.1,31.1,14.1,39,1.2,666.0,27.353,38.48,30.9,0,20.57
2014-03-18,77,12,27.4,29.1,17.9,49,0.73,781.0,26.301,36.16,27.74,0,15.74
2014-03-19,78,13,27.0,27.3,14.5,33,4.58,910.0,22.149,32.59,26.54,0,5.04
2014-03-20,79,13,27.4,27.7,12.5,32,4.07,895.0,22.426,33.32,26.76,0,6.09
2014-03-21,80,15,30.4,30.4,15.0,33,1.0,680.0,26.125,37.52,29.39,0,17.00
2014-03-22,81,13,29.5,29.8,16.2,40,2.52,893.0,25.759,37.09,29.13,0,15.90
2014-03-23,82,11,26.3,26.3,15.6,46,0.76,426.0,23.839,32.91,26.24,0,8.47
2014-03-24,83,13,28.2,28.6,16.7,45,3.42,874.0,24.941,35.05,28.23,0,12.55
2014-03-25,84,14,30.1,30.1,17.1,41,1.63,815.0,26.74,38.07,29.92,0,18.76
2014-03-26,85,15,29.1,29.2,19.0,42,1.39,489.0,25.419,35.51,28.9,0,14.04
2014-03-27,86,14,29.3,29.6,19.0,39,3.08,811.0,25.129,35.98,28.82,0,13.79
2014-03-28,87,13,30.1,30.1,16.6,32,3.98,741.0,24.485,35.53,29.0,0,12.32
2014-03-29,88,13,30.5,30.5,17.6,33,3.69,753.0,25.051,36.27,29.5,0,14.11
2014-03-30,89,13,29.8,30.1,17.5,29,5.33,890.0,23.746,35.09,28.5,0,10.42
2014-03-31,90,14,30.5,30.5,16.2,22,5.32,873.0,23.091,35.72,28.73,0,9.73
2014-04-01,91,13,31.1,31.5,15.3,22,4.43,944.0,23.802,37.11,29.26,0,12.27
2014-04-02,92,15,33.0,33.0,16.0,26,1.5,695.0,26.682,39.74,31.49,0,20.44
2014-04-03,93,14,30.7,30.8,16.8,29,4.14,865.0,24.658,36.61,29.35,0,13.56
2014-04-04,94,14,32.2,32.2,16.7,28,5.5,842.0,25.468,37.62,30.82,0,16.36
2014-04-05,95,15,33.6,33.6,18.6,28,4.38,711.0,26.605,39.06,32.45,0,20.16
2014-04-06,96,13,35.7,36.2,18.3,26,2.56,879.0,28.662,43.18,34.84,0,27.91
2014-04-07,97,11,32.8,33.1,20.4,31,0.81,775.0,28.336,40.35,31.89,0,24.15
2014-04-08,98,14,31.2,31.3,18.0,23,4.42,888.0,23.997,36.99,29.4,0,12.60
2014-04-09,99,14,32.2,32.2,17.3,19,4.7,887.0,23.937,37.92,30.11,0,13.42
2014-04-10,100,13,32.8,33.1,17.7,18,4.61,971.0,24.305,38.99,30.62,0,15.08
2014-04-11,101,13,34.3,34.8,17.0,18,4.49,963.0,25.463,40.74,32.1,0,19.08
2014-04-12,102,10,32.3,35.6,17.9,23,0.28,783.0,27.414,38.40,30.46,0,20.47
2014-04-13,103,13,33.4,33.5,22.1,22,6.16,921.0,25.323,39.27,31.51,0,17.66
2014-04-14,104,15,34.2,34.2,19.1,23,0.2,692.0,28.629,39.47,32.5,0,24.30
2014-04-15,105,12,34.5,35.2,19.5,24,0.98,943.0,28.577,42.37,32.98,0,26.47
2014-04-16,106,15,34.7,34.7,22.7,26,2.82,690.0,27.445,41.01,33.53,0,24.37
2014-04-17,107,15,32.5,32.5,20.2,31,0.0,714.0,28.778,37.87,31.53,0,23.06
2014-04-18,108,15,26.7,27.2,20.4,54,2.14,547.0,24.466,33.52,27.36,0,10.22
2014-04-19,109,15,30.3,30.3,18.8,44,0.22,702.0,28.754,37.14,30.57,0,22.13
2014-04-20,110,11,30.5,32.5,17.6,35,0.51,913.0,28.128,38.97,29.7,0,21.95
2014-04-21,111,13,33.0,33.4,17.8,24,3.56,972.0,25.923,39.87,31.28,0,19.02
2014-04-22,112,13,34.5,34.6,19.2,23,3.34,952.0,26.951,41.58,32.85,0,22.78
2014-04-23,113,12,33.9,34.3,21.2,28,3.22,964.0,27.479,41.20,32.83,0,23.49
2014-04-24,114,13,35.4,35.8,20.3,23,3.85,964.0,27.551,42.45,33.92,0,24.94
2014-04-25,115,13,37.3,37.7,20.7,22,3.89,946.0,28.803,44.62,36.17,0,29.71
2014-04-26,116,12,37.0,37.9,21.5,21,3.35,968.0,28.508,44.49,35.58,0,28.84
2014-04-27,117,13,37.1,37.4,21.2,16,3.24,983.0,27.415,44.41,34.87,0,26.45
2014-04-28,118,13,38.6,39.0,21.9,13,5.54,993.0,27.221,45.79,36.05,0,27.52
2014-04-29,119,12,39.3,40.4,22.0,15,2.51,992.0,29.056,47.13,37.19,1,34.04
2014-04-30,120,13,40.9,41.3,23.8,13,1.73,977.0,30.027,48.71,38.57,2,41.30
2014-05-01,121,12,41.3,42.2,23.4,12,3.3,998.0,29.327,49.10,38.68,3,41.50
2014-05-02,122,13,40.5,40.5,25.0,14,0.85,888.0,30.81,47.74,38.36,4,46.73
2014-05-03,123,14,37.1,37.1,25.1,24,1.55,846.0,29.859,44.85,36.34,0,35.55
2014-05-04,124,16,37.1,37.4,23.3,22,0.5,541.0,30.047,43.08,35.91,0,32.37
2014-05-05,125,15,36.9,36.9,25.2,25,0.81,693.0,30.36,43.98,36.29,0,35.97
2014-05-06,126,14,33.9,34.0,24.6,40,0.78,836.0,30.903,42.50,35.26,0,34.84
2014-05-07,127,12,35.5,36.9,23.7,34,2.51,954.0,30.098,43.71,36.39,0,33.56
2014-05-08,128,12,38.3,39.7,23.9,23,3.75,946.0,29.851,45.94,37.8,0,35.47
2014-05-09,129,11,37.6,38.6,23.9,18,2.91,945.0,28.357,45.09,35.76,0,31.27
2014-05-10,130,14,37.6,37.6,22.5,17,0.58,690.0,29.518,43.88,35.59,0,30.89
2014-05-11,131,14,34.8,34.8,25.0,27,3.51,759.0,27.647,41.13,33.82,0,27.63
2014-05-12,132,11,34.7,34.7,23.4,29,1.61,872.0,28.9,42.57,34.05,0,29.26
2014-05-13,133,14,32.2,33.0,22.4,39,0.61,821.0,29.616,40.55,32.39,0,27.37
2014-05-14,134,14,33.7,33.8,22.3,35,4.6,830.0,28.005,39.89,33.81,0,24.26
2014-05-15,135,13,34.2,34.8,22.5,31,3.41,931.0,28.156,41.41,33.74,0,25.85
2014-05-16,136,13,35.8,35.9,23.2,26,3.83,892.0,28.388,42.74,34.98,0,28.53
2014-05-17,137,13,36.3,36.6,24.6,27,4.55,954.0,28.925,43.39,35.89,0,31.98
2014-05-18,138,13,37.5,37.7,23.9,23,4.61,945.0,29.036,44.71,36.67,0,32.62
2014-05-19,139,13,37.7,38.0,24.0,20,4.49,976.0,28.566,45.00,36.27,0,31.91
2014-05-20,140,12,37.5,38.6,24.2,22,3.44,985.0,29.127,45.18,36.44,0,33.40
2014-05-21,141,13,37.3,37.5,23.1,22,5.32,964.0,28.56,44.41,36.17,0,30.39
2014-05-22,142,14,39.8,39.9,24.0,18,4.92,890.0,29.495,47.17,38.53,0,36.07
2014-05-23,143,13,41.3,42.1,26.1,19,2.47,945.0,31.62,49.68,40.91,1,46.90
2014-05-24,144,13,38.0,38.9,24.9,27,0.51,953.0,33.092,46.64,38.48,0,43.51
2014-05-25,145,12,37.8,38.2,25.3,24,2.95,962.0,29.924,45.74,37.34,0,36.92
2014-05-26,146,14,36.2,36.2,24.3,32,1.22,849.0,30.977,44.47,37.0,0,36.70
2014-05-27,147,12,36.7,38.3,23.9,28,0.22,945.0,32.413,43.84,36.73,0,38.39
2014-05-28,148,12,38.3,40.3,23.0,25,1.3,976.0,31.507,46.88,38.36,1,40.10
2014-05-29,149,13,40.6,41.4,24.0,20,0.81,964.0,32.808,48.93,40.24,2,47.57
2014-05-30,150,13,41.0,41.6,27.5,22,2.86,954.0,32.019,49.51,41.57,3,52.74
2014-05-31,151,12,40.3,41.9,27.4,26,0.5,956.0,34.791,49.23,41.99,4,59.48
2014-06-01,152,11,38.4,38.4,26.8,31,3.49,900.0,31.59,46.34,40.51,0,43.43
2014-06-02,153,11,37.1,40.5,26.3,34,0.5,885.0,33.519,45.98,39.19,1,47.40
2014-06-03,154,14,41.6,41.6,26.0,15,4.74,888.0,30.029,49.25,39.96,2,44.78
2014-06-04,155,13,41.9,42.3,26.4,17,3.18,959.0,31.292,50.18,41.03,3,50.37
2014-06-05,156,12,42.3,43.5,27.1,17,1.56,969.0,32.392,50.74,41.58,4,55.54
2014-06-06,157,13,44.2,44.4,28.1,14,4.33,956.0,31.798,52.62,42.9,5,59.10
2014-06-07,158,13,44.7,44.9,29.5,14,5.32,951.0,31.989,53.42,43.56,6,63.59
2014-06-08,159,12,43.0,44.6,28.2,14,1.88,970.0,31.775,51.23,41.38,7,59.27
2014-06-09,160,11,42.7,43.9,29.7,17,1.42,897.0,32.675,50.86,42.14,8,62.73
2014-06-10,161,14,44.3,44.3,27.6,12,4.83,885.0,31.002,52.30,42.15,9,58.17
2014-06-11,162,13,43.3,43.5,30.8,15,5.95,946.0,31.185,51.94,42.15,10,61.99
2014-06-12,163,13,41.5,42.1,28.7,25,6.8,918.0,32.349,50.25,43.68,11,61.09
2014-06-13,164,14,38.0,38.1,30.7,36,6.76,833.0,31.556,45.38,41.69,0,47.66
2014-06-14,165,11,37.4,39.4,29.1,37,0.58,689.0,33.475,45.64,40.86,0,49.30
2014-06-15,166,13,39.5,40.2,31.4,37,4.48,786.0,33.256,47.27,45.41,1,56.11
2014-06-16,167,14,40.7,40.8,31.0,33,4.34,751.0,33.506,48.49,46.04,2,58.89
2014-06-17,168,13,41.3,41.5,32.7,29,5.02,865.0,33.236,49.53,45.24,3,62.49
2014-06-18,169,14,40.6,40.6,30.6,32,3.42,664.0,33.274,48.12,45.31,4,60.79
2014-06-19,170,10,36.0,40.2,28.3,46,0.76,736.0,33.418,45.04,41.42,5,56.37
2014-06-20,171,14,42.0,42.0,33.1,26,5.41,797.0,33.002,50.08,45.09,6,67.85
2014-06-21,172,13,40.7,40.9,32.9,30,4.51,890.0,33.068,48.91,44.52,7,66.69
2014-06-22,173,13,39.2,39.2,30.1,34,4.12,883.0,32.658,47.21,43.31,0,50.97
2014-06-23,174,15,36.5,36.7,29.0,42,4.18,627.0,31.3,42.97,40.93,0,43.17
2014-06-24,175,13,37.5,37.6,28.4,38,4.39,884.0,31.86,45.13,41.47,0,45.29
2014-06-25,176,13,35.5,35.5,27.9,46,2.56,818.0,31.738,43.89,40.28,0,43.14
2014-06-26,177,14,37.2,37.3,27.9,41,3.52,823.0,32.192,45.07,42.06,0,45.51
2014-06-27,178,14,38.1,38.4,28.3,36,3.3,758.0,32.087,45.69,41.89,0,46.17
2014-06-28,179,13,38.3,38.9,29.5,37,2.7,833.0,32.733,46.67,42.74,0,49.81
2014-06-29,180,14,39.0,39.3,30.3,35,3.81,813.0,32.638,46.81,43.35,0,50.89
2014-06-30,181,14,37.5,38.1,29.1,39,2.72,771.0,32.273,45.52,41.88,0,47.32
2014-07-01,182,16,35.9,35.9,28.2,41,0.45,452.0,32.323,42.94,39.29,0,43.54
2014-07-02,183,14,36.7,36.8,27.8,39,3.0,814.0,31.562,44.56,40.2,0,43.14
2014-07-03,184,15,33.5,34.1,27.5,52,4.49,615.0,29.981,39.59,37.96,0,35.39
2014-07-04,185,13,36.5,37.1,27.2,46,2.77,886.0,32.661,45.31,42.6,0,45.96
2014-07-05,186,13,37.8,38.1,27.4,44,3.39,887.0,33.321,46.45,44.85,0,49.10
2014-07-06,187,11,37.5,39.1,28.7,38,0.63,685.0,33.597,45.83,41.47,0,49.43
2014-07-07,188,14,39.0,39.0,28.0,35,3.78,793.0,32.616,46.73,43.35,0,48.11
2014-07-08,189,13,40.2,40.5,28.6,31,5.5,908.0,32.72,48.32,43.99,1,52.06
2014-07-09,190,13,39.7,39.8,29.7,30,5.38,733.0,31.895,46.82,42.56,0,48.50
2014-07-10,191,12,40.7,41.0,29.4,23,5.34,931.0,31.438,48.76,41.48,1,49.96
2014-07-11,192,13,41.3,41.4,29.9,25,4.27,867.0,32.484,49.39,43.33,2,55.32
2014-07-12,193,10,36.1,40.4,29.8,51,0.45,673.0,34.795,45.56,43.85,3,58.67
2014-07-13,194,11,37.8,38.2,30.8,47,2.56,796.0,33.898,46.86,46.38,0,55.02
2014-07-14,195,14,35.6,35.6,27.7,54,2.52,745.0,32.837,44.48,43.91,0,46.76
2014-07-15,196,13,36.2,36.7,27.6,53,2.14,844.0,33.582,45.89,45.08,0,49.50
2014-07-16,197,13,35.1,35.1,28.6,51,4.06,591.0,31.327,41.72,41.32,0,42.00
2014-07-17,198,14,35.0,35.1,27.9,54,2.35,750.0,32.363,43.83,42.32,0,45.04
2014-07-18,199,14,29.1,29.1,25.8,79,2.72,467.0,29.039,36.84,34.8,0,28.46
2014-07-19,200,13,29.0,29.2,25.9,77,2.92,460.0,28.668,36.28,34.1,0,27.21
2014-07-20,201,13,32.3,32.3,25.3,60,2.18,556.0,30.323,40.14,37.78,0,33.80
2014-07-21,202,13,33.6,34.4,26.1,61,1.63,748.0,32.333,43.26,41.49,0,42.16
2014-07-22,203,14,33.8,33.9,27.2,57,3.22,671.0,31.24,41.52,40.44,0,39.73
2014-07-23,204,11,32.3,32.3,27.3,63,5.29,622.0,30.146,38.58,38.77,0,35.03
2014-07-24,205,12,31.7,32.2,26.8,58,6.32,776.0,29.081,37.85,35.82,0,30.81
2014-07-25,206,14,31.2,31.4,26.2,61,4.77,606.0,28.926,37.09,35.54,0,29.17
2014-07-26,207,14,33.5,33.5,26.4,57,4.0,658.0,30.775,40.50,39.69,0,36.90
2014-07-27,208,14,34.3,34.4,27.0,58,2.19,690.0,32.196,43.18,42.16,0,43.14
2014-07-28,209,13,30.8,31.0,25.5,72,2.51,510.0,30.078,38.83,37.66,0,32.57
2014-07-29,210,15,31.0,31.0,25.2,71,3.21,506.0,29.971,38.31,37.9,0,31.73
2014-07-30,211,13,32.8,33.1,25.8,64,2.11,817.0,31.81,42.48,40.46,0,39.87
2014-07-31,212,15,31.5,31.7,26.2,69,1.84,433.0,30.47,39.58,38.64,0,35.04
2014-08-01,213,14,32.8,32.8,26.6,64,3.05,617.0,31.118,40.75,40.46,0,38.25
2014-08-02,214,14,34.0,34.0,26.7,62,1.36,795.0,33.132,44.29,43.03,0,45.69
2014-08-03,215,13,32.4,33.2,26.1,67,2.2,738.0,31.6,41.84,40.46,0,39.37
2014-08-04,216,14,30.5,30.5,25.7,76,3.59,444.0,29.841,37.43,38.0,0,31.48
2014-08-05,217,15,30.5,30.5,25.3,79,2.44,596.0,30.749,39.71,38.92,0,34.72
2014-08-06,218,15,32.2,32.2,26.2,64,3.01,528.0,30.397,39.52,38.85,0,34.93
2014-08-07,219,16,30.5,30.9,26.7,69,3.01,421.0,29.14,37.14,36.02,0,30.37
2014-08-08,220,13,30.7,30.7,25.4,71,3.54,549.0,29.698,37.85,37.09,0,30.82
2014-08-09,221,15,32.0,32.0,26.1,71,1.36,509.0,31.632,41.28,40.78,0,39.14
2014-08-10,222,14,32.7,33.3,26.6,66,0.82,508.0,32.239,41.90,40.94,0,41.38
2014-08-11,223,16,32.3,32.3,26.1,67,0.28,436.0,32.42,40.53,40.18,0,39.86
2014-08-12,224,12,33.1,34.2,26.2,65,2.61,784.0,31.945,42.42,41.69,0,41.01
2014-08-13,225,14,33.3,33.4,27.3,61,6.45,746.0,30.879,40.20,40.67,0,38.30
2014-08-14,226,14,33.5,33.5,26.7,57,5.32,768.0,30.729,40.40,39.69,0,37.09
2014-08-15,227,13,32.0,32.1,26.9,60,3.66,675.0,29.851,39.13,37.07,0,33.78
2014-08-16,228,17,31.5,31.5,25.9,55,0.45,251.0,29.362,37.64,34.63,0,29.70
2014-08-17,229,11,32.2,33.4,26.4,53,2.73,780.0,29.593,40.12,35.51,0,32.84
2014-08-18,230,13,33.8,34.3,25.5,48,1.94,742.0,30.638,42.07,37.32,0,35.84
2014-08-19,231,13,35.0,35.8,26.2,45,3.0,762.0,30.91,42.63,38.83,0,38.15
2014-08-20,232,13,37.0,37.4,26.1,36,4.37,840.0,31.037,44.19,39.7,0,39.72
2014-08-21,233,12,36.8,37.9,27.8,35,4.66,905.0,30.729,44.07,38.97,0,40.76
2014-08-22,234,13,37.1,37.5,27.1,34,2.7,805.0,31.139,44.87,39.19,0,41.38
2014-08-23,235,12,37.1,37.9,26.8,32,2.94,847.0,30.769,44.82,38.53,0,40.04
2014-08-24,236,12,37.6,38.7,26.7,31,3.27,845.0,30.901,45.20,39.08,0,40.66
2014-08-25,237,14,39.5,39.5,26.7,28,3.63,774.0,31.68,46.96,41.37,0,44.25
2014-08-26,238,12,38.5,39.2,29.2,35,3.42,835.0,32.338,46.43,42.3,0,48.38
2014-08-27,239,12,37.1,38.0,28.4,39,2.28,846.0,32.224,45.62,41.03,0,46.17
2014-08-28,240,14,35.3,35.6,27.1,51,2.46,756.0,32.197,43.87,41.81,0,43.63
2014-08-29,241,12,33.2,34.2,26.8,57,3.0,775.0,30.92,41.40,38.95,0,38.02
2014-08-30,242,13,34.3,34.3,27.3,55,2.66,815.0,31.85,43.08,40.93,0,42.31
2014-08-31,243,14,33.4,33.6,27.0,61,1.5,719.0,32.176,42.95,40.94,0,42.49
2014-09-01,244,12,32.6,32.7,26.8,55,6.38,694.0,29.428,38.47,36.92,0,32.33
2014-09-02,245,13,32.3,32.3,25.7,57,7.23,704.0,29.335,38.25,36.86,0,30.69
2014-09-03,246,12,31.0,31.0,25.8,66,7.34,627.0,29.078,36.72,36.43,0,29.06
2014-09-04,247,14,29.2,29.2,24.5,76,5.83,580.0,28.524,34.96,34.41,0,24.47
2014-09-05,248,12,28.3,28.3,23.9,78,4.53,463.0,27.821,33.97,32.52,0,21.02
2014-09-06,249,13,30.8,30.8,24.1,74,1.99,749.0,30.983,40.71,38.26,0,34.23
2014-09-07,250,15,32.1,32.1,24.8,67,0.32,533.0,32.617,40.98,39.62,0,38.84
2014-09-08,251,13,32.3,32.3,26.0,67,3.26,793.0,31.24,41.03,40.18,0,37.88
2014-09-09,252,13,32.5,32.9,25.8,69,2.35,813.0,31.997,42.40,41.51,0,40.56
2014-09-10,253,12,31.2,31.3,24.8,69,1.92,582.0,30.503,39.97,37.83,0,33.45
2014-09-11,254,14,30.2,30.4,24.3,70,0.1,542.0,31.186,37.89,35.53,0,31.79
2014-09-12,255,13,30.9,31.2,23.6,64,0.6,695.0,31.293,40.56,35.65,0,33.16
2014-09-13,256,12,31.2,31.7,23.3,60,2.58,747.0,29.523,39.42,35.27,0,28.50
2014-09-14,257,13,32.1,32.3,24.8,59,2.97,798.0,30.196,40.32,37.0,0,32.81
2014-09-15,258,14,32.6,32.6,24.4,57,3.54,727.0,30.15,39.99,37.54,0,32.22
2014-09-16,259,13,32.2,32.5,24.2,60,2.19,689.0,30.497,40.69,37.55,0,33.15
2014-09-17,260,12,32.4,33.3,24.1,55,3.05,670.0,29.744,39.71,36.49,0,30.51
2014-09-18,261,12,33.8,34.8,25.4,49,3.76,845.0,30.334,41.28,37.63,0,34.70
2014-09-19,262,12,33.8,35.2,25.4,49,2.31,845.0,30.786,42.35,37.63,0,36.33
2014-09-20,263,14,34.3,34.4,25.0,43,1.7,658.0,30.335,42.01,36.79,0,34.45
2014-09-21,264,12,34.3,35.9,24.3,45,2.69,835.0,30.509,42.34,37.4,0,34.42
2014-09-22,265,13,35.4,36.1,25.0,36,4.78,832.0,29.588,41.98,36.77,0,33.01
2014-09-23,266,13,35.6,36.0,25.9,32,6.22,838.0,28.889,41.91,36.04,0,32.42
2014-09-24,267,13,35.4,36.0,25.1,31,4.55,836.0,28.777,41.88,35.48,0,31.04
2014-09-25,268,13,35.3,35.7,24.4,32,2.83,816.0,29.247,42.59,35.57,0,31.66
2014-09-26,269,11,34.2,35.3,24.1,35,3.61,789.0,28.568,40.82,34.56,0,28.38
2014-09-27,270,13,35.7,36.0,24.7,30,4.18,734.0,28.767,41.89,35.7,0,30.64
2014-09-28,271,13,35.8,36.1,24.6,31,3.9,738.0,29.091,42.19,36.1,0,31.51
2014-09-29,272,13,35.7,36.1,23.9,30,3.8,691.0,28.774,41.85,35.7,0,29.69
2014-09-30,273,12,35.8,36.3,25.3,30,1.97,819.0,29.669,43.52,35.86,0,34.29
2014-10-01,274,13,35.2,35.8,24.0,35,0.36,777.0,31.915,42.92,36.16,0,36.69
2014-10-02,275,11,34.0,35.2,24.3,37,0.72,738.0,30.387,41.93,34.7,0,32.90
2014-10-03,276,11,34.5,35.7,24.1,35,0.41,707.0,31.095,42.06,35.03,0,34.21
2014-10-04,277,13,36.3,36.9,24.7,29,0.45,703.0,31.536,43.73,36.37,0,37.45
2014-10-05,278,13,35.7,35.9,24.4,35,1.92,622.0,30.099,42.78,37.01,0,33.94
2014-10-06,279,11,34.5,36.2,24.4,41,2.38,722.0,30.018,42.00,36.59,0,33.07
2014-10-07,280,13,34.6,34.6,24.7,42,3.58,684.0,29.842,41.18,37.07,0,32.67
2014-10-08,281,11,33.3,34.7,25.1,47,3.22,707.0,29.529,40.28,36.03,0,31.51
2014-10-09,282,11,34.2,35.3,23.4,35,2.69,747.0,28.755,41.22,34.56,0,28.20
2014-10-10,283,13,34.8,35.2,21.3,22,3.83,796.0,26.635,40.97,33.06,0,21.82
2014-10-11,284,13,34.2,34.5,21.0,28,2.94,783.0,27.534,40.90,33.21,0,23.53
2014-10-12,285,12,33.2,34.1,19.7,29,1.39,813.0,27.719,40.72,32.1,0,23.33
2014-10-13,286,13,32.5,32.5,20.2,38,4.52,668.0,27.222,37.80,32.64,0,20.49
2014-10-14,287,11,27.9,27.9,21.3,58,3.4,643.0,25.825,34.24,29.09,0,13.95
2014-10-15,288,12,28.8,29.5,18.7,51,0.41,715.0,28.33,37.26,29.52,0,21.03
2014-10-16,289,13,30.0,30.3,18.5,33,3.22,771.0,24.772,36.18,28.99,0,13.33
2014-10-17,290,13,30.2,30.5,16.8,32,2.05,760.0,25.189,37.19,29.1,0,14.89
2014-10-18,291,12,30.0,30.9,17.3,34,2.51,782.0,25.163,36.85,29.08,0,14.58
2014-10-19,292,12,30.6,31.6,17.7,32,2.3,784.0,25.454,37.55,29.51,0,15.80
2014-10-20,293,13,32.0,32.3,18.7,31,3.05,744.0,26.137,38.28,30.93,0,18.15
2014-10-21,294,11,31.1,32.5,20.4,38,0.86,721.0,27.755,38.79,30.76,0,21.50
2014-10-22,295,11,31.7,32.5,20.5,35,0.28,715.0,28.741,38.37,31.09,0,23.19
2014-10-23,296,12,31.4,32.0,21.0,38,0.76,665.0,28.024,38.84,31.14,0,22.19
2014-10-24,297,12,31.1,31.5,20.5,38,1.22,728.0,27.337,38.71,30.76,0,20.66
2014-10-25,298,13,31.0,31.1,20.1,42,1.08,667.0,27.807,38.61,31.21,0,21.65
2014-10-26,299,12,29.9,30.8,19.9,42,1.2,730.0,26.871,37.74,29.81,0,18.73
2014-10-27,300,12,30.0,30.6,20.9,41,1.32,677.0,26.593,37.47,29.81,0,18.00
2014-10-28,301,11,30.2,31.7,19.6,38,0.5,696.0,27.687,37.86,29.69,0,20.31
2014-10-29,302,12,30.6,31.6,18.6,42,1.1,723.0,27.572,38.47,30.68,0,20.90
2014-10-30,303,12,30.4,31.0,19.0,41,2.28,703.0,26.444,37.39,30.29,0,17.84
2014-10-31,304,13,30.7,30.7,18.0,30,2.92,706.0,24.869,36.73,29.43,0,14.07
2014-11-01,305,14,29.2,29.2,19.3,30,4.34,574.0,23.103,33.28,28.04,0,7.73
2014-11-02,306,13,30.0,30.3,16.2,23,4.11,717.0,22.861,34.99,28.35,0,8.62
2014-11-03,307,13,30.6,30.8,16.6,30,3.92,697.0,24.534,35.84,29.33,0,12.76
2014-11-04,308,13,30.9,31.1,18.5,32,4.44,683.0,24.985,35.83,29.82,0,13.79
2014-11-05,309,13,30.4,30.4,18.5,35,4.5,679.0,25.001,35.29,29.59,0,13.34
2014-11-06,310,14,30.2,30.2,17.4,31,4.58,588.0,24.075,34.37,29.02,0,10.72
2014-11-07,311,12,30.4,31.3,17.9,42,2.47,699.0,26.499,37.26,30.42,0,17.90
2014-11-08,312,12,30.5,31.6,18.9,42,0.92,695.0,27.635,38.29,30.55,0,20.84
2014-11-09,313,13,30.7,30.9,19.2,37,4.12,666.0,25.592,35.88,30.15,0,15.09
2014-11-10,314,13,29.3,29.5,17.5,30,3.62,680.0,23.491,34.54,28.13,0,9.41
2014-11-11,315,13,27.7,28.1,14.0,26,2.55,691.0,21.868,33.77,26.72,0,5.61
2014-11-12,316,13,27.3,27.5,13.3,24,3.19,700.0,21.054,32.82,26.39,0,4.92
2014-11-13,317,13,26.7,27.1,12.9,27,3.64,660.0,20.864,31.63,26.13,0,4.07
2014-11-14,318,13,26.6,26.9,12.5,20,4.06,696.0,19.642,31.28,26.22,0,3.81
2014-11-15,319,13,26.5,27.0,12.4,24,4.05,693.0,20.216,31.20,26.17,0,3.76
2014-11-16,320,13,27.1,27.5,12.1,23,3.54,687.0,20.627,32.22,26.24,0,4.49
2014-11-17,321,13,27.0,27.3,12.1,24,4.19,683.0,20.574,31.55,26.21,0,4.01
2014-11-18,322,13,26.4,26.8,11.6,27,2.44,675.0,20.974,32.57,26.1,0,4.75
2014-11-19,323,13,26.7,27.0,11.4,28,2.15,669.0,21.469,33.10,26.16,0,5.13
2014-11-20,324,13,26.6,26.9,12.2,29,2.62,668.0,21.354,32.60,26.34,0,4.77
2014-11-21,325,12,25.8,26.9,12.4,33,2.77,689.0,21.228,31.92,25.55,0,4.28
2014-11-22,326,13,26.5,26.7,11.7,30,2.25,656.0,21.525,32.81,26.24,0,4.92
2014-11-23,327,11,25.2,26.9,11.6,34,1.66,629.0,21.201,32.12,24.93,0,4.42
2014-11-24,328,13,25.1,25.6,11.2,28,3.28,664.0,19.788,30.45,24.75,0,3.21
2014-11-25,329,13,25.4,25.7,11.1,28,3.24,652.0,20.023,30.71,25.06,0,3.40
2014-11-26,330,13,26.0,26.5,12.8,32,4.65,640.0,20.783,29.98,25.75,0,2.88
2014-11-27,331,13,26.3,26.6,12.3,35,0.41,626.0,23.85,33.50,26.1,0,8.91
2014-11-28,332,14,27.5,27.5,13.4,37,0.41,510.0,24.71,33.99,27.08,0,10.92
2014-11-29,333,13,28.3,28.7,15.0,42,1.34,617.0,25.079,35.50,28.08,0,13.08
2014-11-30,334,12,27.3,28.4,15.0,36,3.42,651.0,22.659,32.63,26.88,0,6.04
2014-12-01,335,13,27.5,27.9,15.0,25,5.25,645.0,20.92,31.14,26.56,0,3.71
2014-12-02,336,13,26.9,27.2,14.7,27,5.61,638.0,20.689,30.24,26.25,0,3.06
2014-12-03,337,13,27.1,27.5,14.4,32,5.85,628.0,21.536,30.38,26.56,0,3.16
2014-12-04,338,13,27.4,27.7,14.3,28,4.33,631.0,21.411,31.61,26.6,0,4.05
2014-12-05,339,13,26.2,26.6,11.4,31,3.0,633.0,21.128,31.69,25.94,0,4.11
2014-12-06,340,13,26.1,26.5,12.9,28,4.55,634.0,20.316,30.06,25.8,0,2.93
2014-12-07,341,13,25.6,26.1,13.3,23,4.61,576.0,19.067,29.03,25.21,0,2.19
2014-12-08,342,13,24.9,25.2,11.4,26,3.54,633.0,19.232,29.75,24.51,0,2.71
2014-12-09,343,12,24.4,25.1,11.4,36,1.06,642.0,21.278,31.99,24.12,0,4.33
2014-12-10,344,12,22.1,22.8,10.2,24,3.47,658.0,16.761,27.29,21.55,0,0.93
2014-12-11,345,13,21.6,22.0,7.9,30,3.06,643.0,17.18,27.34,21.1,0,0.97
2014-12-12,346,14,21.8,21.8,7.1,32,1.0,528.0,18.358,29.12,21.34,0,2.26
2014-12-13,347,14,19.4,19.4,13.0,55,5.68,419.0,16.987,20.71,19.12,0,0.00
2014-12-14,348,14,17.1,17.2,12.8,72,2.28,186.0,16.159,21.48,16.92,0,0.00
2014-12-15,349,11,16.4,17.9,10.9,69,1.06,398.0,16.49,25.04,16.15,0,0.00
2014-12-16,350,12,18.7,19.5,9.2,54,2.82,535.0,16.916,24.94,18.37,0,0.00
2014-12-17,351,13,19.5,19.9,8.7,45,4.67,629.0,16.618,23.35,19.09,0,0.00
2014-12-18,352,14,19.7,19.7,7.8,47,2.05,532.0,17.427,26.75,19.33,0,0.55
2014-12-19,353,13,17.8,18.3,8.9,58,1.58,460.0,16.726,25.64,17.48,0,0.00
2014-12-20,354,14,18.2,18.4,6.7,48,3.39,546.0,15.818,23.42,17.76,0,0.00
2014-12-21,355,14,16.6,16.8,6.4,58,1.43,535.0,15.902,25.45,16.21,0,0.00
2014-12-22,356,14,16.1,16.6,6.1,65,1.42,533.0,16.003,25.28,15.78,0,0.00
2014-12-23,357,14,16.9,17.2,6.2,64,1.61,537.0,16.566,25.65,16.61,0,0.00
2014-12-24,358,14,18.8,18.9,5.7,50,2.06,543.0,16.916,26.15,18.42,0,0.11
2014-12-25,359,13,18.3,18.7,7.5,55,4.03,606.0,16.508,23.17,17.96,0,0.00
2014-12-26,360,14,19.3,19.3,7.9,47,5.45,551.0,16.407,21.68,18.91,0,0.00
2014-12-27,361,14,19.7,19.7,8.2,40,2.97,559.0,16.513,25.37,19.23,0,0.00
2014-12-28,362,14,18.5,18.5,5.8,43,2.25,561.0,15.975,25.53,18.01,0,0.00
2014-12-29,363,14,18.5,18.5,5.9,41,1.5,567.0,16.164,26.59,17.99,0,0.42
2014-12-30,364,13,18.6,19.3,4.7,49,1.32,635.0,17.281,27.57,18.2,0,1.13
2014-12-31,365,15,18.5,18.5,7.6,54,2.92,374.0,16.36,23.23,18.16,0,0.00
2015-01-01,1,14,21.3,21.3,12.0,46,1.3,350.0,18.639,27.53,20.99,0,1.11
2015-01-02,2,11,17.2,17.2,14.2,70,2.55,361.0,16.553,23.10,17.0,0,0.00
2015-01-03,3,14,17.9,17.9,14.0,69,1.21,193.0,17.043,23.90,17.72,0,0.00
2015-01-04,4,11,18.2,19.1,10.9,63,3.72,558.0,17.076,23.49,17.96,0,0.00
2015-01-05,5,14,20.7,20.7,9.6,45,7.2,573.0,17.332,21.99,20.35,0,0.00
2015-01-06,6,14,20.6,20.6,10.5,50,5.1,433.0,17.697,22.66,20.31,0,0.00
2015-01-07,7,12,17.4,18.1,10.0,63,3.0,390.0,16.131,22.51,17.12,0,0.00
2015-01-08,8,14,19.5,19.6,6.9,55,1.34,549.0,18.41,27.89,19.22,0,1.37
2015-01-09,9,11,17.0,18.7,6.3,64,0.81,578.0,17.495,27.02,16.71,0,0.74
2015-01-10,10,14,17.6,18.1,7.4,57,3.85,594.0,16.048,22.73,17.25,0,0.00
2015-01-11,11,15,18.1,18.1,6.9,59,2.8,458.0,16.643,23.98,17.8,0,0.00
2015-01-12,12,14,17.4,17.7,6.0,63,0.78,591.0,17.872,27.41,17.12,0,1.02
2015-01-13,13,14,17.1,17.6,6.6,65,3.05,540.0,16.319,23.48,16.83,0,0.00
2015-01-14,14,13,16.8,16.8,10.1,73,3.14,509.0,16.605,23.09,16.62,0,0.00
2015-01-15,15,13,17.2,18.3,7.7,61,0.78,623.0,17.613,27.40,16.88,0,1.01
2015-01-16,16,13,19.0,19.5,7.7,57,1.13,654.0,18.576,28.47,18.72,0,1.79
2015-01-17,17,14,20.3,20.3,8.1,52,2.26,606.0,18.512,27.66,20.02,0,1.20
2015-01-18,18,13,19.8,20.4,7.7,51,2.26,683.0,18.118,27.68,19.48,0,1.21
2015-01-19,19,14,19.7,19.7,6.2,46,1.79,619.0,17.645,27.67,19.31,0,1.21
2015-01-20,20,13,18.6,19.2,6.3,57,2.72,675.0,17.382,26.08,18.3,0,0.06
2015-01-21,21,14,16.1,16.3,9.9,68,4.31,440.0,15.198,19.53,15.82,0,0.00
2015-01-22,22,14,15.6,15.6,11.2,75,3.51,367.0,15.243,19.98,15.39,0,0.00
2015-01-23,23,11,15.9,17.9,11.1,76,0.22,447.0,17.672,24.50,15.71,0,0.00
2015-01-24,24,11,17.4,17.4,10.9,64,3.22,497.0,16.396,23.10,17.13,0,0.00
2015-01-25,25,14,17.4,17.5,9.2,55,1.97,550.0,16.134,25.31,17.02,0,0.00
2015-01-26,26,14,18.1,18.1,8.1,56,2.44,466.0,16.502,24.54,17.76,0,0.00
2015-01-27,27,12,17.2,17.7,8.9,49,3.96,655.0,15.083,22.34,16.73,0,0.00
2015-01-28,28,13,16.8,17.2,6.9,53,3.89,707.0,15.155,22.54,16.36,0,0.00
2015-01-29,29,13,17.4,17.8,4.8,43,3.88,723.0,14.86,22.97,16.86,0,0.00
2015-01-30,30,13,18.4,18.7,5.4,41,5.0,732.0,15.377,22.37,17.88,0,0.00
2015-01-31,31,14,19.9,19.9,7.7,40,4.19,653.0,16.597,24.43,19.44,0,0.00
2015-02-01,32,14,20.7,20.7,7.0,48,1.91,511.0,18.428,27.68,20.39,0,1.22
2015-02-02,33,13,21.4,21.7,11.0,53,5.5,678.0,19.052,25.09,21.19,0,0.00
2015-02-03,34,13,21.8,21.9,13.3,59,2.69,502.0,20.194,28.00,21.69,0,1.44
2015-02-04,35,14,19.7,19.9,10.0,61,3.61,603.0,18.403,25.40,19.51,0,0.00
2015-02-05,36,14,20.5,20.5,9.2,46,2.97,691.0,18.046,27.15,20.15,0,0.83
2015-02-06,37,13,20.1,20.7,7.1,45,0.92,758.0,18.977,29.69,19.72,0,2.67
2015-02-07,38,14,21.9,22.1,7.8,43,0.7,680.0,20.524,30.70,21.58,0,3.39
2015-02-08,39,14,22.2,22.3,9.8,47,1.08,671.0,20.627,30.77,21.95,0,3.45
2015-02-09,40,13,22.7,23.1,10.0,44,3.45,758.0,19.778,28.89,22.44,0,2.09
2015-02-10,41,12,21.0,22.1,9.5,44,3.68,771.0,18.243,27.04,20.65,0,0.75
2015-02-11,42,14,21.9,22.0,7.9,41,2.39,697.0,18.972,29.09,21.56,0,2.23
2015-02-12,43,14,22.1,22.1,8.6,41,3.69,712.0,18.805,27.66,21.77,0,1.20
2015-02-13,44,14,24.2,24.3,9.7,33,4.62,710.0,19.511,28.54,23.87,0,1.84
2015-02-14,45,14,26.3,26.5,11.4,41,1.25,699.0,23.476,34.06,26.18,0,8.61
2015-02-15,46,12,23.8,25.4,11.2,52,0.41,772.0,24.093,33.01,23.7,0,9.02
2015-02-16,47,14,26.2,26.2,13.9,47,5.95,694.0,22.719,30.12,26.15,0,4.34
2015-02-17,48,14,26.2,26.5,15.8,53,2.77,696.0,23.972,33.13,26.23,0,8.88
2015-02-18,49,13,25.9,26.1,15.6,52,1.3,755.0,24.468,34.49,25.9,0,10.80
2015-02-19,50,15,26.7,26.7,14.4,57,3.48,569.0,24.461,32.37,27.53,0,9.45
2015-02-20,51,14,26.9,27.0,17.0,57,2.31,709.0,25.237,34.60,27.76,0,12.61
2015-02-21,52,13,26.1,26.5,15.0,55,3.76,782.0,23.982,32.50,26.15,0,8.44
2015-02-22,53,14,27.0,27.1,15.4,45,5.91,736.0,23.258,31.24,27.13,0,6.21
2015-02-23,54,13,25.8,26.4,13.5,55,1.0,770.0,25.06,34.83,25.84,0,12.15
2015-02-24,55,13,26.7,27.2,14.3,59,2.27,606.0,25.084,34.00,27.65,0,11.85
2015-02-25,56,14,27.2,27.2,16.8,56,3.72,682.0,24.954,33.25,28.03,0,11.20
2015-02-26,57,13,24.0,24.5,13.7,45,1.17,814.0,22.255,32.86,23.82,0,5.44
2015-02-27,58,14,23.6,23.6,12.1,36,2.73,769.0,19.888,30.45,23.28,0,3.21
2015-02-28,59,12,24.2,25.4,11.4,36,2.56,819.0,20.544,31.45,23.91,0,3.93
2015-03-01,60,16,19.3,19.3,16.1,81,7.29,249.0,18.724,18.49,19.35,0,0.00
2015-03-02,61,16,19.5,19.5,14.4,77,2.75,282.0,19.095,24.54,19.51,0,0.00
2015-03-03,62,13,19.3,19.6,12.6,77,1.61,598.0,20.088,28.64,19.3,0,1.90
2015-03-04,63,13,21.3,21.6,9.7,44,4.24,785.0,18.415,26.70,20.97,0,0.50
2015-03-05,64,14,23.4,23.7,9.0,43,1.57,787.0,21.1,31.83,23.16,0,4.21
2015-03-06,65,11,22.8,24.9,12.6,50,0.4,732.0,22.855,31.84,22.62,0,5.83
2015-03-07,66,13,25.3,25.5,11.7,49,2.24,839.0,23.167,33.36,25.23,0,7.52
2015-03-08,67,14,24.0,24.0,14.2,59,4.53,755.0,22.278,29.53,24.0,0,3.07
2015-03-09,68,13,22.1,22.4,11.8,39,3.55,894.0,18.895,28.79,21.74,0,2.02
2015-03-10,69,14,22.9,23.1,9.6,44,3.11,820.0,20.141,29.84,22.65,0,2.77
2015-03-11,70,14,24.4,24.7,10.6,42,2.75,768.0,21.266,31.33,24.2,0,3.85
2015-03-12,71,14,26.5,26.5,10.1,37,2.66,791.0,22.554,33.37,26.34,0,6.37
2015-03-13,72,13,25.0,25.9,13.9,56,1.0,832.0,24.578,34.44,25.01,0,10.97
2015-03-14,73,11,25.0,26.1,14.3,60,3.04,660.0,23.469,31.75,25.06,0,6.93
2015-03-15,74,11,22.5,22.5,16.0,75,5.28,480.0,21.87,26.15,22.63,0,0.11
2015-03-16,75,15,22.5,22.7,15.2,68,2.69,491.0,21.676,29.02,22.54,0,2.18
2015-03-17,76,13,24.9,25.1,14.2,55,4.46,874.0,22.873,30.99,24.89,0,5.25
2015-03-18,77,13,24.2,24.7,13.6,52,5.08,881.0,21.825,29.62,24.12,0,2.61
2015-03-19,78,13,25.8,26.3,12.2,41,2.41,910.0,22.736,33.67,25.65,0,6.93
2015-03-20,79,13,27.2,27.8,12.4,38,2.66,906.0,23.471,34.63,26.91,0,9.01
2015-03-21,80,14,29.1,29.2,14.8,42,2.14,817.0,25.711,36.74,28.9,0,15.48
2015-03-22,81,14,30.1,30.2,16.8,37,4.84,823.0,25.183,35.54,29.47,0,13.82
2015-03-23,82,14,30.9,31.1,17.6,38,4.1,831.0,26.156,36.98,30.51,0,17.09
2015-03-24,83,12,30.6,32.2,15.6,42,1.3,915.0,27.783,39.25,30.68,0,21.87
2015-03-25,84,13,31.9,32.5,17.2,37,0.3,887.0,29.746,39.59,31.64,0,26.17
2015-03-26,85,14,33.5,33.6,20.2,37,1.1,785.0,29.508,41.53,33.92,0,27.97
2015-03-27,86,11,32.6,33.8,21.8,37,0.92,840.0,29.101,40.84,32.6,0,26.21
2015-03-28,87,13,33.2,34.1,16.4,27,1.9,936.0,27.235,40.97,31.84,0,22.50
2015-03-29,88,14,32.2,32.2,20.7,34,4.5,696.0,26.401,37.45,31.58,0,18.29
2015-03-30,89,11,27.1,27.1,19.5,56,5.66,771.0,24.682,32.12,27.92,0,9.83
2015-03-31,90,13,27.8,28.0,17.4,50,1.66,777.0,25.732,36.05,28.23,0,14.77
2015-04-01,91,13,30.8,30.8,17.9,41,1.03,859.0,28.01,39.26,30.8,0,22.35
2015-04-02,92,14,33.2,33.3,19.2,32,2.57,830.0,27.603,40.39,32.56,0,23.05
2015-04-03,93,11,30.1,30.1,19.1,47,3.4,838.0,26.833,37.05,30.73,0,18.50
2015-04-04,94,15,25.1,25.1,18.6,65,0.57,615.0,25.772,34.22,25.23,0,13.06
2015-04-05,95,12,27.4,28.5,15.5,51,1.1,919.0,26.282,36.72,27.88,0,16.16
2015-04-06,96,11,28.5,30.0,16.2,43,1.98,884.0,25.513,36.62,28.36,0,14.81
2015-04-07,97,11,27.3,27.7,16.9,45,0.72,719.0,25.589,35.53,27.38,0,13.81
2015-04-08,98,12,29.2,30.0,16.6,43,1.77,934.0,26.344,37.69,29.11,0,17.44
2015-04-09,99,13,30.2,31.0,17.0,34,3.92,957.0,25.188,36.76,29.28,0,14.64
2015-04-10,100,13,32.3,33.0,17.7,30,3.91,953.0,26.314,38.98,31.16,0,19.07
2015-04-11,101,15,33.9,34.1,18.2,24,0.41,675.0,28.532,40.32,32.28,0,24.65
2015-04-12,102,11,29.2,29.2,20.2,40,1.62,545.0,25.244,35.70,28.81,0,13.81
2015-04-13,103,13,29.1,29.2,18.9,46,3.93,886.0,25.759,35.67,29.32,0,14.95
2015-04-14,104,14,29.7,29.7,19.1,48,3.26,756.0,26.511,36.40,30.33,0,17.27
2015-04-15,105,12,31.0,31.6,19.3,42,3.07,904.0,27.163,38.38,31.21,0,20.26
2015-04-16,106,13,31.0,31.4,20.5,44,1.89,812.0,27.766,39.00,31.53,0,21.97
2015-04-17,107,14,34.5,34.9,19.7,33,5.15,860.0,28.305,40.75,34.58,0,25.38
2015-04-18,108,13,36.5,37.1,21.0,29,3.06,938.0,29.812,44.27,36.68,0,31.56
2015-04-19,109,14,39.3,39.4,21.2,20,2.28,866.0,30.285,47.08,38.4,0,35.12
2015-04-20,110,12,37.4,38.7,24.6,30,3.81,948.0,30.556,45.11,38.42,0,37.24
2015-04-21,111,12,37.7,38.6,22.4,24,3.88,956.0,29.577,45.24,37.2,0,32.47
2015-04-22,112,13,37.7,38.2,22.1,13,4.9,985.0,26.657,44.61,35.11,0,25.37
2015-04-23,113,13,38.2,38.7,21.6,13,2.14,904.0,27.692,45.32,35.63,0,27.92
2015-04-24,114,12,38.5,39.3,22.4,13,0.5,915.0,29.976,45.34,35.95,0,32.83
2015-04-25,115,14,36.8,37.0,23.5,26,4.64,874.0,29.012,43.62,36.39,0,31.21
2015-04-26,116,14,34.4,34.4,23.2,34,4.44,868.0,28.515,40.94,34.64,0,27.34
2015-04-27,117,14,36.2,36.5,23.8,33,4.25,857.0,29.885,43.16,37.29,0,33.22
2015-04-28,118,14,37.1,37.2,24.1,27,0.14,783.0,32.059,42.99,37.08,0,37.47
2015-04-29,119,13,35.8,36.6,23.2,28,0.14,948.0,31.685,42.20,35.4,0,34.52
2015-04-30,120,13,37.7,38.1,22.8,28,4.34,946.0,30.297,45.21,38.3,0,34.68
2015-05-01,121,11,34.5,36.5,24.1,36,2.24,908.0,29.624,42.63,35.27,0,31.94
2015-05-02,122,13,37.0,37.3,22.0,16,3.3,969.0,27.303,44.22,34.76,0,26.06
2015-05-03,123,12,37.0,38.0,21.0,15,1.46,996.0,27.988,44.55,34.63,0,27.55
2015-05-04,124,12,37.5,38.9,20.9,16,1.12,1000.0,28.995,45.17,35.32,0,30.15
2015-05-05,125,13,39.5,40.0,20.9,15,3.8,980.0,28.778,47.07,37.42,1,33.57
2015-05-06,126,12,41.0,42.5,22.4,12,3.04,1000.0,29.194,48.78,38.35,2,38.06
2015-05-07,127,13,42.1,42.7,24.1,13,4.75,974.0,29.875,50.05,39.95,3,44.51
2015-05-08,128,14,42.1,42.1,26.7,11,3.49,881.0,29.341,49.44,39.22,4,47.49
2015-05-09,129,12,39.4,40.8,26.8,16,0.51,991.0,31.68,47.11,37.53,5,51.38
2015-05-10,130,12,40.2,41.7,25.1,17,2.19,980.0,30.423,48.37,38.77,6,50.07
2015-05-11,131,14,39.4,39.6,25.4,23,0.82,864.0,32.341,47.45,39.43,0,43.62
2015-05-12,132,15,36.3,36.3,25.8,36,0.42,669.0,32.668,44.05,38.38,0,41.86
2015-05-13,133,12,35.5,35.7,26.1,40,1.97,868.0,31.188,44.03,38.16,0,39.31
2015-05-14,134,14,35.6,35.8,24.3,36,2.2,840.0,30.466,43.63,37.12,0,35.17
2015-05-15,135,12,36.2,36.6,24.4,30,3.91,896.0,29.468,43.36,36.47,0,32.97
2015-05-16,136,13,35.1,35.9,23.3,36,0.61,954.0,32.0,44.09,36.26,0,36.92
2015-05-17,137,14,37.8,37.9,24.7,28,0.22,872.0,33.102,44.83,38.47,0,41.99
2015-05-18,138,13,40.4,41.2,27.6,28,0.14,945.0,35.444,47.53,43.01,1,55.10
2015-05-19,139,12,40.6,41.5,26.8,23,1.71,972.0,32.538,49.38,41.31,2,51.05
2015-05-20,140,13,39.8,40.3,26.3,21,4.24,965.0,30.48,47.69,39.4,3,46.31
2015-05-21,141,14,41.5,41.7,24.6,14,4.74,879.0,29.636,49.00,39.54,4,45.40
2015-05-22,142,12,41.6,42.6,26.2,13,3.98,999.0,29.697,49.52,39.37,5,49.36
2015-05-23,143,13,42.6,43.2,25.5,13,4.06,965.0,30.363,50.60,40.53,6,52.68
2015-05-24,144,14,42.8,42.8,27.1,16,2.78,874.0,31.678,50.84,41.88,7,57.71
2015-05-25,145,13,43.7,44.1,26.2,11,3.1,972.0,30.723,51.72,41.02,8,55.17
2015-05-26,146,12,42.1,44.0,27.7,13,1.6,947.0,30.942,49.94,39.95,9,55.65
2015-05-27,147,12,40.0,41.8,26.1,12,2.62,1013.0,28.645,47.69,37.26,10,46.82
2015-05-28,148,14,40.9,41.2,25.1,15,2.14,886.0,30.244,48.60,39.1,11,50.01
2015-05-29,149,13,41.3,41.7,27.0,19,3.13,951.0,31.392,49.59,40.91,12,55.79
2015-05-30,150,12,40.6,41.5,27.7,20,4.05,950.0,30.873,48.62,40.24,13,54.67
2015-05-31,151,13,41.5,41.5,26.9,17,4.9,926.0,30.562,49.45,40.49,14,53.84
2015-06-01,152,13,39.2,39.8,25.9,20,1.43,861.0,30.718,47.01,38.26,0,40.38
2015-06-02,153,14,37.5,37.8,27.2,21,0.28,741.0,30.956,43.62,36.23,0,39.14
2015-06-03,154,11,37.9,37.9,25.4,22,3.42,890.0,29.313,45.28,36.98,0,35.42
2015-06-04,155,15,37.5,37.5,24.4,30,0.54,724.0,32.516,45.29,38.59,0,40.91
2015-06-05,156,12,37.2,37.9,27.2,33,1.86,893.0,31.579,45.72,39.03,0,42.88
2015-06-06,157,12,37.7,39.0,26.6,26,4.22,867.0,29.809,44.83,37.73,0,37.71
2015-06-07,158,11,39.7,40.4,26.2,20,2.77,904.0,30.462,47.61,38.95,1,42.60
2015-06-08,159,11,40.8,42.5,27.0,18,2.19,908.0,31.034,48.88,39.87,2,47.54
2015-06-09,160,13,42.3,42.6,29.5,17,7.03,715.0,30.644,50.25,41.58,3,53.02
2015-06-10,161,12,40.3,41.4,30.8,28,5.77,904.0,32.144,48.35,42.83,4,58.12
2015-06-11,162,14,40.0,40.2,30.8,29,4.78,794.0,32.109,47.48,42.7,5,59.05
2015-06-12,163,12,39.8,40.6,29.9,28,4.2,928.0,32.021,47.86,41.91,6,59.48
2015-06-13,164,12,37.8,40.1,30.2,32,1.94,765.0,31.618,45.76,39.78,7,56.76
2015-06-14,165,15,32.9,32.9,25.6,55,0.32,626.0,32.253,41.17,37.59,0,38.46
2015-06-15,166,15,33.9,33.9,23.8,53,0.63,634.0,32.465,42.75,39.21,0,38.51
2015-06-16,167,13,35.9,36.5,27.1,43,0.4,841.0,33.987,44.98,40.02,0,47.15
2015-06-17,168,14,37.4,37.6,27.8,38,0.8,828.0,33.557,46.36,41.26,0,48.60
2015-06-18,169,13,38.4,39.1,28.6,34,0.36,814.0,34.57,46.73,41.68,0,51.88
2015-06-19,170,15,39.2,39.2,29.4,36,1.0,634.0,33.965,47.35,44.24,0,53.07
2015-06-20,171,14,37.1,37.2,28.8,46,5.29,795.0,32.516,44.57,44.07,0,47.56
2015-06-21,172,15,36.3,36.4,28.9,50,1.6,600.0,33.055,44.84,43.91,0,48.83
2015-06-22,173,14,36.7,36.9,26.7,43,2.31,817.0,32.448,45.30,41.78,0,44.65
2015-06-23,174,14,37.9,38.2,28.6,39,0.22,730.0,34.748,45.45,42.75,0,51.69
2015-06-24,175,14,36.4,36.4,26.6,49,2.06,661.0,32.894,44.90,43.7,0,45.81
2015-06-25,176,9,26.6,27.2,25.2,90,1.6,128.0,26.947,33.03,27.13,0,18.21
2015-06-26,177,13,34.2,34.7,24.6,52,4.39,827.0,30.946,41.56,39.55,0,35.84
2015-06-27,178,13,35.5,35.9,27.6,49,4.28,886.0,31.81,43.35,41.47,0,42.98
2015-06-28,179,14,37.0,37.2,28.1,42,3.06,820.0,32.294,45.14,42.04,0,45.98
2015-06-29,180,14,33.8,33.8,27.0,53,3.56,792.0,30.836,41.48,38.97,0,38.16
2015-06-30,181,13,32.8,32.9,25.8,55,2.51,845.0,30.582,41.46,37.36,0,35.66
2015-07-01,182,11,32.6,34.8,25.6,61,0.94,821.0,32.231,42.72,38.85,0,40.01
2015-07-02,183,14,35.9,36.0,26.7,49,3.18,827.0,32.341,44.27,42.44,0,43.96
2015-07-03,184,13,36.8,37.2,28.1,46,4.04,881.0,32.578,44.93,43.33,0,46.84
2015-07-04,185,14,35.8,35.8,27.1,50,5.17,740.0,31.876,42.89,42.63,0,42.62
2015-07-05,186,14,37.3,37.3,27.5,47,5.41,808.0,32.845,45.00,45.06,0,47.34
2015-07-06,187,15,32.6,32.6,25.9,63,0.64,559.0,32.253,41.80,39.55,0,40.00
2015-07-07,188,14,31.5,31.5,24.9,66,1.75,692.0,30.77,40.75,37.69,0,34.58
2015-07-08,189,16,31.9,31.9,25.4,67,0.85,394.0,31.18,40.27,39.07,0,36.10
2015-07-09,190,15,31.8,31.8,25.7,70,0.54,625.0,32.76,41.98,39.83,0,40.95
2015-07-10,191,13,27.9,28.2,25.6,90,2.2,278.0,28.64,35.67,33.7,0,26.22
2015-07-11,192,11,28.0,28.0,23.9,77,3.42,323.0,27.296,33.55,31.65,0,19.41
2015-07-12,193,11,26.5,26.9,24.1,90,1.14,239.0,27.536,34.54,27.03,0,19.08
2015-07-13,194,15,32.0,32.0,24.0,64,2.06,623.0,30.709,40.59,38.33,0,33.54
2015-07-14,195,14,32.8,32.9,26.2,61,5.31,654.0,30.418,39.25,39.36,0,34.97
2015-07-15,196,15,34.8,34.8,27.4,57,5.61,700.0,31.797,41.87,43.09,0,42.26
2015-07-16,197,15,33.6,34.3,26.5,59,0.71,368.0,31.896,41.41,40.7,0,40.17
2015-07-17,198,15,31.3,31.3,26.2,67,0.64,526.0,31.385,40.42,37.48,0,36.94
2015-07-18,199,15,32.5,32.7,26.4,66,0.81,568.0,32.249,41.97,40.37,0,41.00
2015-07-19,200,13,32.3,32.3,26.3,68,1.2,726.0,32.242,42.51,40.55,0,41.33
2015-07-20,201,15,30.5,30.8,25.5,73,1.84,404.0,29.884,38.52,37.12,0,31.78
2015-07-21,202,14,32.1,32.1,26.0,63,3.55,637.0,30.262,39.41,38.26,0,34.15
2015-07-22,203,14,31.9,31.9,26.9,72,3.01,688.0,31.326,40.76,40.85,0,39.15
2015-07-23,204,14,32.1,32.1,27.2,65,4.12,627.0,30.371,39.12,38.93,0,35.79
2015-07-24,205,15,31.5,31.5,26.8,70,1.61,597.0,31.098,40.79,38.97,0,37.92
2015-07-25,206,14,31.8,32.1,26.1,67,3.71,715.0,30.538,39.63,38.8,0,35.15
2015-07-26,207,13,31.0,31.0,26.4,67,8.21,727.0,29.25,37.35,36.72,0,30.64
2015-07-27,208,15,30.7,30.7,24.3,64,4.33,461.0,28.62,36.13,35.19,0,25.55
2015-07-28,209,13,30.7,31.1,24.7,64,4.49,671.0,28.947,37.17,35.19,0,27.38
2015-07-29,210,14,29.6,29.6,24.9,66,6.05,496.0,27.677,34.19,33.24,0,22.34
2015-07-30,211,14,30.0,30.2,25.2,70,4.41,566.0,28.801,36.24,35.04,0,26.97
2015-07-31,212,12,30.3,30.4,25.7,66,4.31,837.0,29.068,37.70,34.78,0,29.01
2015-08-01,213,15,29.3,29.4,25.4,73,0.64,430.0,29.8,38.03,34.02,0,30.00
2015-08-02,214,12,30.5,31.2,25.5,68,1.21,661.0,30.373,39.95,35.75,0,33.23
2015-08-03,215,14,32.7,33.0,25.7,65,2.28,701.0,31.546,41.79,40.56,0,38.80
2015-08-04,216,13,32.6,33.0,25.7,66,0.45,792.0,33.859,43.39,40.65,0,44.36
2015-08-05,217,13,32.3,32.3,25.7,74,0.3,796.0,34.503,43.27,42.89,0,46.32
2015-08-06,218,11,30.7,32.0,26.1,78,0.32,702.0,33.099,41.27,39.23,0,41.33
2015-08-07,219,13,31.3,32.2,25.9,76,2.28,719.0,31.495,41.21,40.44,0,38.47
2015-08-08,220,12,27.5,27.5,24.7,85,2.64,357.0,27.854,34.72,31.52,0,22.19
2015-08-09,221,15,28.1,28.4,24.4,83,2.97,323.0,28.084,34.69,32.84,0,22.74
2015-08-10,222,12,30.7,31.2,25.5,72,1.14,502.0,30.653,39.79,37.38,0,34.25
2015-08-11,223,15,29.2,29.4,25.6,82,2.98,322.0,29.051,36.05,35.77,0,28.04
2015-08-12,224,15,31.6,31.7,25.8,67,1.0,565.0,31.264,40.83,38.26,0,36.83
2015-08-13,225,14,33.1,33.1,26.2,64,1.44,653.0,32.156,42.62,41.29,0,41.40
2015-08-14,226,15,30.9,32.0,26.0,76,0.86,518.0,31.628,40.75,39.2,0,38.04
2015-08-15,227,15,30.4,30.4,26.3,78,0.5,456.0,31.79,40.18,38.3,0,37.95
2015-08-16,228,12,29.4,29.9,25.4,78,0.32,486.0,31.06,38.52,35.4,0,33.25
2015-08-17,229,12,31.4,32.7,25.1,76,1.3,733.0,32.204,42.23,40.75,0,39.73
2015-08-18,230,12,32.7,33.6,26.0,71,2.86,823.0,32.246,42.52,42.94,0,41.88
2015-08-19,231,14,33.0,33.0,25.8,63,5.29,720.0,30.942,40.04,40.63,0,36.53
2015-08-20,232,13,31.8,32.0,26.7,61,5.22,713.0,29.582,38.20,36.91,0,32.30
2015-08-21,233,15,31.8,31.8,25.7,62,3.1,569.0,29.844,38.97,37.21,0,32.30
2015-08-22,234,14,31.3,31.3,25.2,62,3.08,650.0,29.529,38.78,36.03,0,30.54
2015-08-23,235,13,31.9,32.5,24.5,68,2.57,827.0,31.249,41.35,39.41,0,36.09
2015-08-24,236,13,32.5,32.9,25.4,61,3.8,804.0,30.606,40.35,38.6,0,34.90
2015-08-25,237,15,33.7,33.7,26.4,57,4.88,644.0,30.797,40.24,40.19,0,36.94
2015-08-26,238,13,33.6,33.9,26.6,60,3.85,818.0,31.517,41.75,41.09,0,39.96
2015-08-27,239,13,32.9,33.3,26.3,64,1.03,774.0,32.639,43.16,40.73,0,42.61
2015-08-28,240,12,32.2,33.4,25.1,73,1.27,758.0,32.723,43.09,42.16,0,41.86
2015-08-29,241,13,33.6,33.9,26.5,60,2.72,772.0,31.747,42.42,41.09,0,40.76
2015-08-30,242,13,34.1,34.3,26.1,57,3.81,793.0,31.573,42.06,41.21,0,39.75
2015-08-31,243,12,33.8,34.3,26.4,53,4.92,880.0,30.694,41.10,38.97,0,36.91
2015-09-01,244,13,34.2,34.5,25.6,45,5.16,859.0,29.896,40.90,37.2,0,33.67
2015-09-02,245,14,33.8,33.8,25.5,46,3.94,687.0,29.645,40.23,36.71,0,32.41
2015-09-03,246,14,34.3,34.4,25.2,42,3.06,798.0,29.894,41.71,36.5,0,33.53
2015-09-04,247,12,34.0,34.8,24.0,44,3.14,852.0,29.983,41.66,36.52,0,32.26
2015-09-05,248,13,34.8,34.8,23.2,39,5.38,852.0,29.488,41.27,36.56,0,30.13
2015-09-06,249,12,34.4,34.8,23.3,38,4.43,887.0,29.185,41.20,35.6,0,29.26
2015-09-07,250,12,34.5,34.7,24.2,38,4.41,856.0,29.234,41.19,35.77,0,30.47
2015-09-08,251,13,35.1,35.1,23.0,38,5.24,856.0,29.615,41.66,36.81,0,30.51
2015-09-09,252,12,34.5,35.4,23.8,40,4.97,885.0,29.485,41.19,36.31,0,30.67
2015-09-10,253,12,35.0,35.9,22.1,38,3.82,877.0,29.814,42.20,36.63,0,30.16
2015-09-11,254,12,34.3,35.4,21.9,42,2.66,881.0,30.157,42.36,36.5,0,30.76
2015-09-12,255,14,34.9,34.9,22.6,44,1.32,755.0,31.493,43.44,38.29,0,35.43
2015-09-13,256,13,34.7,35.4,25.1,47,0.64,808.0,32.852,43.96,38.89,0,41.51
2015-09-14,257,11,34.5,36.3,24.1,45,0.67,804.0,32.308,43.51,37.8,0,38.58
2015-09-15,258,12,34.7,35.5,24.5,45,0.36,771.0,33.007,43.22,38.21,0,40.32
2015-09-16,259,13,34.6,35.0,25.7,47,1.7,782.0,31.431,43.27,38.67,0,38.95
2015-09-17,260,13,34.2,34.4,24.7,53,2.38,745.0,31.48,42.67,39.92,0,37.90
2015-09-18,261,14,33.4,33.4,26.7,54,4.83,640.0,30.139,39.58,38.4,0,34.91
2015-09-19,262,15,32.5,32.5,24.6,66,2.25,511.0,31.099,40.69,40.37,0,35.80
2015-09-20,263,12,32.8,33.7,26.1,66,2.06,812.0,32.062,42.71,41.22,0,41.15
2015-09-21,264,14,32.0,32.0,25.3,70,1.58,663.0,31.742,41.80,40.41,0,38.65
2015-09-22,265,12,32.1,32.1,25.2,63,5.08,688.0,30.082,38.71,38.26,0,32.37
2015-09-23,266,14,30.5,30.5,24.0,55,5.11,492.0,27.339,34.96,32.75,0,21.03
2015-09-24,267,11,29.8,31.2,23.9,57,5.79,787.0,27.284,35.48,31.9,0,20.87
2015-09-25,268,12,30.7,31.3,22.4,51,4.44,756.0,27.536,36.77,32.31,0,20.68
2015-09-26,269,12,31.8,32.5,22.3,51,2.4,830.0,29.182,40.02,34.23,0,26.73
2015-09-27,270,12,32.6,33.2,22.4,48,2.64,792.0,29.355,40.37,34.98,0,27.71
2015-09-28,271,12,31.5,32.5,21.5,49,2.66,840.0,28.572,39.37,33.25,0,24.40
2015-09-29,272,12,32.0,33.0,19.9,44,3.04,844.0,28.234,39.36,33.04,0,23.67
2015-09-30,273,13,32.6,33.2,20.4,38,3.58,826.0,27.728,39.27,32.78,0,22.55
2015-10-01,274,13,32.6,33.2,19.6,38,2.19,827.0,28.189,40.27,32.78,0,24.15
2015-10-02,275,13,33.6,34.1,18.4,33,3.62,826.0,27.786,40.20,33.28,0,23.52
2015-10-03,276,13,34.4,35.0,19.7,34,3.14,813.0,28.731,41.42,34.64,0,26.69
2015-10-04,277,13,34.8,35.5,20.2,35,0.81,800.0,30.745,42.95,35.51,0,31.92
2015-10-05,278,12,33.8,35.3,20.5,39,0.5,819.0,31.322,42.34,34.85,0,32.33
2015-10-06,279,12,34.2,34.9,20.6,40,2.77,807.0,29.612,41.72,35.78,0,29.00
2015-10-07,280,12,33.2,34.5,22.1,45,2.83,798.0,29.426,40.76,35.31,0,27.90
2015-10-08,281,12,33.8,34.9,22.3,40,3.94,805.0,28.954,40.45,35.09,0,26.93
2015-10-09,282,12,34.2,35.6,21.0,36,3.86,807.0,28.7,40.80,34.79,0,26.25
2015-10-10,283,13,35.7,36.3,21.3,26,4.3,791.0,28.069,41.97,34.84,0,25.92
2015-10-11,284,13,34.8,35.5,22.1,35,3.5,775.0,29.082,41.54,35.51,0,27.89
2015-10-12,285,12,32.4,34.0,21.2,38,0.14,796.0,30.05,38.70,32.49,0,26.42
2015-10-13,286,15,32.7,32.7,23.6,50,0.89,443.0,29.961,39.87,35.69,0,30.16
2015-10-14,287,13,32.9,32.9,22.3,53,1.3,715.0,30.861,41.67,36.97,0,32.12
2015-10-15,288,13,31.8,32.1,21.3,50,0.61,726.0,30.496,40.53,34.0,0,29.14
2015-10-16,289,12,31.8,32.9,21.8,48,0.3,705.0,30.623,39.56,33.55,0,28.52
2015-10-17,290,13,33.3,33.4,21.5,41,2.69,721.0,28.858,40.38,34.49,0,26.13
2015-10-18,291,11,32.0,33.1,22.4,47,0.42,720.0,30.719,40.39,33.67,0,29.81
2015-10-19,292,12,33.4,34.1,21.9,44,1.26,714.0,30.13,41.54,35.41,0,29.71
2015-10-20,293,11,32.5,34.0,21.3,40,1.57,709.0,28.514,40.09,33.01,0,24.72
2015-10-21,294,12,31.6,32.6,20.3,42,1.72,707.0,27.913,39.14,32.05,0,22.54
2015-10-22,295,12,30.8,31.8,18.3,33,3.47,784.0,25.402,36.92,29.81,0,15.36
2015-10-23,296,12,30.7,31.6,17.0,30,2.82,780.0,25.025,37.18,29.43,0,14.69
2015-10-24,297,12,30.5,31.5,18.8,36,0.89,761.0,27.008,38.23,29.81,0,19.34
2015-10-25,298,13,31.8,32.0,19.9,34,3.44,722.0,26.309,37.79,31.08,0,18.17
2015-10-26,299,13,30.6,30.8,19.4,38,3.0,710.0,25.971,36.90,30.15,0,16.55
2015-10-27,300,13,29.9,29.9,18.2,38,1.72,690.0,25.845,37.04,29.36,0,16.12
2015-10-28,301,12,27.4,27.4,17.0,38,2.47,572.0,23.118,33.27,27.06,0,7.38
2015-10-29,302,11,25.8,26.5,14.9,45,0.45,694.0,24.87,34.17,25.71,0,11.32
2015-10-30,303,12,26.1,27.6,15.5,52,1.91,725.0,24.171,34.03,26.11,0,9.90
2015-10-31,304,13,28.0,28.2,16.2,45,1.57,693.0,25.197,35.63,28.03,0,13.37
2015-11-01,305,13,29.0,29.2,18.1,42,1.36,695.0,25.859,36.59,28.79,0,15.60
2015-11-02,306,13,29.2,29.2,17.0,43,0.7,682.0,26.951,37.05,29.11,0,18.12
2015-11-03,307,11,27.4,28.4,17.9,51,0.72,552.0,25.887,35.09,27.88,0,14.23
2015-11-04,308,12,28.5,28.8,17.6,47,0.72,684.0,26.8,36.62,28.73,0,17.38
2015-11-05,309,14,27.7,27.7,19.6,48,3.11,488.0,24.276,32.87,27.96,0,9.62
2015-11-06,310,13,27.7,27.7,19.3,50,1.56,545.0,25.194,34.80,28.12,0,12.81
2015-11-07,311,14,27.9,27.9,17.3,50,0.71,445.0,25.88,34.84,28.34,0,14.21
2015-11-08,312,12,27.7,28.4,18.3,53,1.82,595.0,25.513,35.05,28.37,0,13.68
2015-11-09,313,12,28.0,28.5,17.6,49,1.26,667.0,25.857,35.92,28.36,0,14.95
2015-11-10,314,12,28.3,28.9,17.6,47,1.68,682.0,25.615,35.90,28.51,0,14.54
2015-11-11,315,13,28.2,28.5,17.0,39,4.39,666.0,23.667,32.94,27.77,0,8.45
2015-11-12,316,14,28.7,28.7,16.9,33,3.56,566.0,23.254,33.38,27.8,0,8.00
2015-11-13,317,14,29.6,29.6,16.4,38,3.86,560.0,24.658,34.26,29.04,0,11.75
2015-11-14,318,14,29.7,29.7,17.9,35,3.5,561.0,24.391,34.56,28.86,0,11.39
2015-11-15,319,12,28.4,29.5,16.1,40,1.36,684.0,25.05,35.83,28.02,0,13.24
2015-11-16,320,13,28.7,28.7,18.2,36,3.38,562.0,23.706,33.62,28.0,0,9.10
2015-11-17,321,12,26.7,27.5,14.6,25,4.08,712.0,20.555,31.51,26.06,0,3.98
2015-11-18,322,13,26.6,26.9,11.3,26,2.92,677.0,20.837,32.30,26.3,0,4.55
2015-11-19,323,11,25.0,26.7,12.1,35,0.51,654.0,22.671,32.78,24.73,0,6.17
2015-11-20,324,12,25.7,26.6,12.2,39,0.41,683.0,24.035,33.50,25.52,0,9.26
2015-11-21,325,13,26.2,26.5,12.2,36,0.64,653.0,23.488,33.75,26.01,0,8.41
2015-11-22,326,14,26.5,26.5,12.2,33,0.76,563.0,22.848,33.31,26.28,0,6.88
2015-11-23,327,12,25.7,26.6,11.4,36,0.64,679.0,23.139,33.47,25.48,0,7.55
2015-11-24,328,13,27.0,27.3,12.5,34,3.26,642.0,22.158,32.37,26.58,0,4.90
2015-11-25,329,13,27.3,27.6,14.2,26,4.38,630.0,21.015,31.42,26.46,0,3.92
2015-11-26,330,14,27.1,27.1,12.6,31,1.82,522.0,22.064,32.96,26.52,0,5.14
2015-11-27,331,13,24.6,24.6,13.7,48,2.0,564.0,22.002,31.43,24.48,0,3.92
2015-11-28,332,13,24.6,24.8,16.4,52,3.35,543.0,21.983,29.90,24.54,0,2.82
2015-11-29,333,13,25.8,26.1,13.5,45,1.56,622.0,23.096,33.15,25.71,0,7.24
2015-11-30,334,13,26.8,27.0,16.1,54,0.51,543.0,26.098,34.76,27.46,0,14.24
2015-12-01,335,14,26.8,26.8,15.5,45,0.85,503.0,24.302,33.80,26.96,0,9.98
2015-12-02,336,13,25.0,25.1,15.7,44,2.15,563.0,21.849,31.46,24.85,0,3.94
2015-12-03,337,14,24.6,24.6,12.4,44,3.83,536.0,21.006,28.97,24.43,0,2.15
2015-12-04,338,13,25.2,25.5,13.1,40,3.26,628.0,21.349,30.67,25.01,0,3.37
2015-12-05,339,12,24.3,25.2,11.0,42,0.5,649.0,22.912,32.51,24.09,0,6.42
2015-12-06,340,14,25.1,25.1,12.3,41,0.71,534.0,22.642,32.32,24.92,0,5.78
2015-12-07,341,14,24.7,24.7,12.0,46,0.4,529.0,23.421,32.07,24.56,0,7.07
2015-12-08,342,12,24.2,25.3,13.9,49,0.92,635.0,22.725,32.43,24.08,0,6.01
2015-12-09,343,11,23.9,23.9,12.8,48,2.78,525.0,21.027,29.60,23.75,0,2.60
2015-12-10,344,13,25.1,25.4,14.2,50,3.2,542.0,22.252,30.49,25.04,0,3.72
2015-12-11,345,12,22.5,23.1,13.2,50,2.98,618.0,20.102,28.68,22.31,0,1.94
2015-12-12,346,12,19.3,19.8,10.0,54,3.18,620.0,17.533,25.53,19.0,0,0.00
2015-12-13,347,13,19.6,19.8,9.2,37,2.3,621.0,16.454,26.66,19.09,0,0.47
2015-12-14,348,13,20.0,20.2,8.4,35,3.97,633.0,16.178,24.58,19.48,0,0.00
2015-12-15,349,13,20.5,21.0,8.1,34,4.1,633.0,16.473,24.88,20.0,0,0.00
2015-12-16,350,13,20.0,20.2,5.4,30,0.61,638.0,17.569,28.77,19.42,0,2.00
2015-12-17,351,14,20.0,20.0,6.3,36,0.41,540.0,18.287,28.13,19.5,0,1.53
2015-12-18,352,13,20.1,20.5,7.3,36,3.91,631.0,16.376,24.77,19.6,0,0.00
2015-12-19,353,13,20.2,20.5,7.5,35,2.66,636.0,16.665,26.70,19.69,0,0.51
2015-12-20,354,11,18.7,20.0,7.4,40,0.6,591.0,17.363,27.80,18.19,0,1.30
2015-12-21,355,15,19.6,19.6,6.3,38,0.22,409.0,17.62,25.77,19.1,0,0.00
2015-12-22,356,14,19.8,19.8,7.3,42,1.34,542.0,17.444,27.65,19.37,0,1.19
2015-12-23,357,13,19.2,19.5,6.2,43,2.42,620.0,16.649,26.28,18.75,0,0.20
2015-12-24,358,13,18.7,19.0,8.1,39,4.46,626.0,15.371,22.62,18.17,0,0.00
2015-12-25,359,14,19.3,19.3,6.1,30,3.78,558.0,14.966,23.53,18.68,0,0.00
2015-12-26,360,14,21.1,21.1,7.8,29,4.22,542.0,16.238,24.58,20.56,0,0.00
2015-12-27,361,14,22.1,22.2,9.3,37,4.58,478.0,17.829,24.85,21.72,0,0.00
2015-12-28,362,14,23.7,23.7,12.2,34,4.62,505.0,18.887,26.66,23.36,0,0.48
2015-12-29,363,13,23.2,23.4,12.2,36,5.1,608.0,18.805,26.45,22.86,0,0.32
2015-12-30,364,13,23.4,23.9,10.0,37,2.2,626.0,19.764,30.09,23.08,0,2.95
2015-12-31,365,13,22.6,23.1,8.7,38,2.15,643.0,19.244,29.58,22.25,0,2.58
2016-01-01,1,12,20.5,22.3,9.3,48,0.67,635.0,19.708,29.58,20.18,0,2.59
2016-01-02,2,13,21.7,22.0,7.3,37,2.76,635.0,18.129,27.93,21.3,0,1.40
2016-01-03,3,14,22.6,22.6,8.7,36,3.76,562.0,18.421,26.96,22.23,0,0.69
2016-01-04,4,14,22.9,22.9,8.4,42,0.54,548.0,21.229,30.74,22.62,0,3.43
2016-01-05,5,13,24.1,24.5,12.5,48,0.22,563.0,23.231,30.81,23.96,0,5.80
2016-01-06,6,14,24.2,24.2,13.0,52,2.88,464.0,21.569,29.52,24.12,0,2.54
2016-01-07,7,13,23.6,24.1,11.8,54,1.14,621.0,22.418,31.93,23.51,0,5.07
2016-01-08,8,13,23.1,23.1,12.2,52,3.61,619.0,20.703,28.54,22.96,0,1.84
2016-01-09,9,14,21.8,21.8,10.7,39,5.28,579.0,17.87,24.62,21.43,0,0.00
2016-01-10,10,14,22.5,22.5,9.1,46,2.68,575.0,19.695,28.65,22.25,0,1.92
2016-01-11,11,13,22.7,23.0,9.9,46,0.92,649.0,21.104,31.12,22.46,0,3.70
2016-01-12,12,14,23.9,23.9,10.2,43,3.44,579.0,20.429,28.96,23.68,0,2.14
2016-01-13,13,13,21.4,21.8,10.9,56,1.96,585.0,19.975,29.04,21.23,0,2.20
2016-01-14,14,11,18.7,19.3,9.6,64,0.63,472.0,19.045,27.76,18.5,0,1.27
2016-01-15,15,13,18.5,18.8,8.5,52,3.22,589.0,16.56,24.43,18.13,0,0.00
2016-01-16,16,15,18.7,18.7,8.8,51,3.94,441.0,16.237,22.27,18.33,0,0.00
2016-01-17,17,12,17.2,18.4,7.6,59,0.51,674.0,18.197,27.95,16.86,0,1.41
2016-01-18,18,14,18.3,18.5,7.1,52,1.3,613.0,17.24,27.31,17.92,0,0.95
2016-01-19,19,12,17.1,18.6,7.1,58,0.41,567.0,17.818,26.90,16.74,0,0.65
2016-01-20,20,14,17.2,17.5,7.2,46,2.33,526.0,14.991,24.10,16.69,0,0.00
2016-01-21,21,14,17.7,17.8,6.0,48,3.64,625.0,15.458,23.11,17.24,0,0.00
2016-01-22,22,14,18.0,18.2,4.8,51,1.55,625.0,16.728,26.81,17.59,0,0.58
2016-01-23,23,13,18.7,19.4,5.9,53,0.92,694.0,18.296,28.55,18.35,0,1.84
2016-01-24,24,13,18.1,18.7,6.5,58,1.22,692.0,17.837,27.94,17.79,0,1.40
2016-01-25,25,14,17.0,17.1,5.0,57,1.93,601.0,16.064,25.47,16.62,0,0.00
2016-01-26,26,14,19.4,19.6,7.2,54,0.58,602.0,19.365,28.85,19.1,0,2.06
2016-01-27,27,13,21.6,22.2,10.3,54,0.22,684.0,22.004,29.62,21.41,0,2.62
2016-01-28,28,14,22.5,22.6,9.4,45,2.95,638.0,19.633,28.67,22.24,0,1.93
2016-01-29,29,14,24.0,24.0,11.4,47,1.03,597.0,22.096,31.88,23.84,0,4.43
2016-01-30,30,13,25.0,25.5,13.7,55,0.32,661.0,25.137,33.14,25.0,0,11.08
2016-01-31,31,13,22.1,22.1,12.8,55,3.54,652.0,20.16,27.96,21.95,0,1.41
2016-02-01,32,13,21.6,22.1,9.7,37,3.47,737.0,18.03,27.52,21.19,0,1.09
2016-02-02,33,14,20.9,20.9,7.4,32,3.98,677.0,16.681,25.70,20.39,0,0.00
2016-02-03,34,14,21.5,21.5,8.3,30,5.45,685.0,16.739,24.68,20.99,0,0.00
2016-02-04,35,14,22.3,22.3,8.3,29,3.69,683.0,17.558,27.42,21.82,0,1.02
2016-02-05,36,14,22.8,22.8,6.9,30,2.62,693.0,18.394,29.30,22.36,0,2.38
2016-02-06,37,14,23.0,23.1,7.1,34,2.75,687.0,18.993,29.37,22.62,0,2.43
2016-02-07,38,15,19.5,19.6,12.1,55,2.82,495.0,17.655,25.42,19.22,0,0.00
2016-02-08,39,13,21.1,21.7,8.6,46,2.06,749.0,19.018,29.27,20.78,0,2.36
2016-02-09,40,14,22.8,22.9,9.5,42,2.41,692.0,19.849,29.86,22.52,0,2.78
2016-02-10,41,14,23.3,23.4,9.1,39,1.0,697.0,20.893,31.55,23.0,0,4.01
2016-02-11,42,13,24.1,24.7,12.2,39,3.45,758.0,20.447,30.09,23.84,0,2.96
2016-02-12,43,12,22.9,24.2,9.4,47,1.06,748.0,21.462,31.78,22.69,0,4.17
2016-02-13,44,14,22.0,22.0,11.8,43,3.36,626.0,18.859,27.51,21.69,0,1.09
2016-02-14,45,14,23.5,23.6,9.3,36,2.48,712.0,19.79,30.33,23.17,0,3.13
2016-02-15,46,13,22.2,22.3,9.4,35,2.06,709.0,18.734,29.65,21.79,0,2.64
2016-02-16,47,14,23.1,23.3,8.9,31,1.22,722.0,19.602,31.14,22.69,0,3.71
2016-02-17,48,15,25.6,25.6,11.0,34,1.75,568.0,21.352,32.03,25.35,0,4.36
2016-02-18,49,14,26.8,27.0,14.7,47,0.3,516.0,25.356,33.42,27.07,0,11.72
2016-02-19,50,13,28.0,28.8,17.0,46,0.67,547.0,25.909,35.34,28.11,0,14.54
2016-02-20,51,13,25.5,25.9,18.1,67,1.12,671.0,25.646,34.66,25.68,0,13.14
2016-02-21,52,13,24.8,25.4,14.6,48,5.44,806.0,21.79,29.48,24.69,0,2.51
2016-02-22,53,14,26.0,26.1,13.0,33,6.19,757.0,20.885,29.73,25.76,0,2.70
2016-02-23,54,13,26.4,26.9,12.4,33,4.25,829.0,21.597,31.82,26.18,0,4.21
2016-02-24,55,15,26.7,26.7,11.3,34,1.02,621.0,22.968,33.78,26.39,0,7.44
2016-02-25,56,14,27.3,27.3,11.4,33,2.36,758.0,22.758,34.12,26.74,0,7.29
2016-02-26,57,14,27.4,27.4,13.7,36,1.62,756.0,23.627,34.90,26.95,0,9.50
2016-02-27,58,14,27.3,27.3,12.1,37,1.42,750.0,23.807,34.94,26.93,0,9.87
2016-02-28,59,14,28.0,28.0,14.9,40,1.36,751.0,24.852,35.79,27.66,0,12.70
2016-02-29,60,14,28.0,28.0,15.0,39,1.21,683.0,24.701,35.47,27.6,0,12.16
2016-03-01,61,14,28.6,28.6,16.1,40,0.36,728.0,26.825,36.13,28.21,0,16.88
2016-03-02,62,14,30.3,30.5,15.6,39,0.5,756.0,28.102,38.33,29.92,0,21.52
2016-03-03,63,13,30.9,31.4,15.9,39,0.36,826.0,28.992,38.79,30.65,0,23.80
2016-03-04,64,12,30.8,31.9,16.2,33,1.61,836.0,26.249,38.46,29.81,0,18.07
2016-03-05,65,13,29.7,29.8,17.0,33,3.71,785.0,24.422,35.54,28.7,0,12.10
2016-03-06,66,14,25.9,25.9,16.0,52,2.16,590.0,23.601,32.85,25.9,0,7.97
2016-03-07,67,13,27.3,27.7,15.0,49,0.95,840.0,25.985,36.24,27.64,0,15.16
2016-03-08,68,13,27.4,27.6,16.3,43,2.28,805.0,24.26,34.91,27.34,0,10.83
2016-03-09,69,13,27.6,28.0,14.9,40,3.49,859.0,23.748,34.09,27.33,0,9.27
2016-03-10,70,13,29.1,29.7,15.1,38,2.85,857.0,24.964,36.14,28.53,0,13.49
2016-03-11,71,13,30.5,30.9,18.0,42,3.16,776.0,26.501,37.17,30.55,0,17.89
2016-03-12,72,12,28.4,28.4,17.5,43,2.21,836.0,25.225,36.11,28.26,0,13.86
2016-03-13,73,14,27.2,27.2,16.3,49,2.6,756.0,24.587,34.44,27.54,0,11.18
2016-03-14,74,10,22.7,25.1,16.2,72,0.5,651.0,24.483,32.72,22.8,0,9.54
2016-03-15,75,11,25.0,27.3,14.4,51,1.39,757.0,23.471,33.56,24.94,0,8.24
2016-03-16,76,14,27.6,27.6,14.0,31,4.7,772.0,22.166,32.41,26.86,0,4.95
2016-03-17,77,13,29.8,29.8,16.3,35,3.3,827.0,24.963,36.25,28.96,0,13.73
2016-03-18,78,14,29.3,29.3,18.6,41,2.97,787.0,25.39,36.04,29.01,0,14.40
2016-03-19,79,14,30.7,30.7,17.7,38,1.32,784.0,27.024,38.53,30.27,0,19.75
2016-03-20,80,14,31.1,31.4,18.1,36,0.4,803.0,28.66,38.90,30.5,0,23.20
2016-03-21,81,11,29.0,30.5,17.5,29,4.97,848.0,23.088,34.15,27.82,0,8.24
2016-03-22,82,14,29.7,29.8,16.2,19,7.38,870.0,21.656,34.43,27.97,0,6.45
2016-03-23,83,14,31.7,31.9,16.2,22,4.92,860.0,24.08,37.19,29.81,0,13.06
2016-03-24,84,14,33.2,33.4,16.3,24,0.28,758.0,28.245,39.29,31.49,0,23.06
2016-03-25,85,14,34.7,34.7,17.1,27,1.57,788.0,28.394,42.08,33.69,0,26.18
2016-03-26,86,14,32.3,32.3,18.7,32,3.75,689.0,26.293,37.90,31.42,0,18.35
2016-03-27,87,13,31.1,31.7,18.4,25,2.66,920.0,24.79,38.17,29.43,0,14.97
2016-03-28,88,13,31.2,31.7,16.6,25,3.4,935.0,24.656,37.85,29.53,0,14.52
2016-03-29,89,13,31.7,32.0,18.1,27,3.61,895.0,25.301,38.14,30.18,0,16.19
2016-03-30,90,12,32.7,34.4,17.9,29,1.0,829.0,27.758,40.33,31.5,0,22.90
2016-03-31,91,13,35.6,36.3,19.2,22,1.97,922.0,28.107,43.24,34.01,0,26.60
2016-04-01,92,14,36.4,36.5,21.9,22,3.86,841.0,27.955,43.08,35.0,0,26.56
2016-04-02,93,14,37.6,37.6,21.4,24,3.08,813.0,29.497,44.81,37.05,0,31.48
2016-04-03,94,13,38.0,38.5,24.3,29,1.48,889.0,31.752,46.47,39.11,0,40.39
2016-04-04,95,13,37.1,37.1,23.3,20,2.77,887.0,28.417,44.43,35.52,0,30.12
2016-04-05,96,12,35.3,35.9,21.5,22,3.75,917.0,27.22,42.14,33.65,0,23.99
2016-04-06,97,13,35.0,35.1,22.5,18,1.65,928.0,26.959,42.37,32.83,0,23.94
2016-04-07,98,13,34.5,34.8,19.8,23,4.18,933.0,26.723,41.11,32.85,0,22.01
2016-04-08,99,11,32.8,34.8,17.8,20,0.5,902.0,27.4,40.09,30.74,0,21.77
2016-04-09,100,12,35.5,36.3,20.2,17,1.65,958.0,27.154,42.95,33.26,0,24.31
2016-04-10,101,13,36.3,36.3,24.0,18,1.92,754.0,27.457,43.01,34.25,0,27.62
2016-04-11,102,13,34.9,34.9,21.2,21,4.9,944.0,26.498,41.36,33.05,0,21.84
2016-04-12,103,14,34.4,34.5,21.2,21,6.31,884.0,25.839,40.35,32.49,0,19.66
2016-04-13,104,15,36.7,36.7,22.7,17,7.28,734.0,26.405,42.76,34.57,0,24.06
2016-04-14,105,13,38.1,38.5,22.7,19,5.11,946.0,28.487,45.27,36.57,0,30.55
2016-04-15,106,14,39.6,39.8,22.4,16,4.79,856.0,28.776,46.65,37.77,0,32.19
2016-04-16,107,13,40.7,41.0,24.5,18,3.83,939.0,30.458,48.60,39.73,1,41.62
2016-04-17,108,14,39.7,39.7,26.5,17,1.7,802.0,30.008,47.05,38.14,0,39.72
2016-04-18,109,13,37.8,38.5,26.3,24,0.72,810.0,31.347,45.46,37.34,0,40.57
2016-04-19,110,12,36.6,37.8,25.7,28,0.94,596.0,30.267,43.41,36.58,0,36.07
2016-04-20,111,12,37.8,38.8,23.7,22,3.91,966.0,29.219,45.31,36.85,0,33.23
2016-04-21,112,13,38.6,38.9,24.9,13,6.8,977.0,27.044,46.03,36.05,0,30.74
2016-04-22,113,11,37.4,38.6,24.3,17,0.14,865.0,30.288,42.59,35.36,0,33.43
2016-04-23,114,11,34.9,36.7,22.6,16,3.83,940.0,25.549,41.48,32.55,0,20.65
2016-04-24,115,13,36.8,37.1,19.2,10,3.96,993.0,25.294,43.42,33.58,0,21.25
2016-04-25,116,12,36.8,38.1,21.0,12,2.35,1001.0,26.438,44.00,33.98,0,23.98
2016-04-26,117,12,38.1,38.5,21.5,11,1.43,978.0,27.613,45.19,35.05,0,27.46
2016-04-27,118,11,37.9,39.7,22.0,11,0.82,931.0,28.152,44.54,34.85,0,27.93
2016-04-28,119,13,39.4,39.6,22.1,10,3.55,990.0,27.221,46.52,36.1,0,28.19
2016-04-29,120,13,39.1,39.4,22.3,11,3.06,933.0,27.402,46.13,36.05,0,28.46
2016-04-30,121,13,39.6,39.9,21.0,10,3.05,992.0,27.512,46.83,36.3,0,28.92
2016-05-01,122,12,40.4,41.2,23.3,11,4.35,1006.0,28.103,47.84,37.4,1,34.36
2016-05-02,123,12,41.5,42.5,24.9,12,0.36,996.0,32.231,48.43,38.9,2,46.67
2016-05-03,124,14,37.5,38.0,27.5,26,2.31,823.0,30.128,45.15,37.42,0,39.48
2016-05-04,125,12,37.6,38.9,24.8,30,4.24,924.0,30.596,45.10,38.76,0,37.67
2016-05-05,126,11,34.6,34.6,24.8,36,4.8,881.0,28.966,41.18,35.43,0,30.53
2016-05-06,127,12,33.4,34.1,23.6,36,0.32,781.0,30.556,40.79,33.56,0,31.15
2016-05-07,128,14,35.9,36.0,24.6,26,0.54,652.0,30.201,42.73,35.11,0,33.63
2016-05-08,129,12,36.9,37.2,25.4,31,2.68,894.0,30.581,44.86,37.88,0,37.85
2016-05-09,130,14,38.8,38.8,26.2,27,3.36,850.0,31.081,46.48,39.79,0,41.60
2016-05-10,131,13,38.0,38.0,26.6,31,5.03,940.0,30.997,45.53,39.79,0,41.22
2016-05-11,132,14,36.2,37.0,26.6,38,0.89,813.0,32.335,44.85,38.85,0,42.91
2016-05-12,133,11,36.7,39.0,25.4,33,0.63,903.0,32.659,45.44,38.15,0,42.29
2016-05-13,134,12,39.4,41.0,27.9,25,0.58,970.0,33.615,48.11,40.1,1,51.33
2016-05-14,135,13,40.5,41.2,27.4,21,0.9,939.0,32.766,48.85,40.43,2,51.47
2016-05-15,136,13,41.8,42.3,26.6,15,1.97,924.0,31.068,49.80,40.22,3,49.60
2016-05-16,137,12,41.8,42.7,26.6,14,3.26,991.0,30.339,49.89,39.9,4,49.84
2016-05-17,138,14,42.7,42.7,26.3,13,4.31,899.0,30.297,50.46,40.65,5,51.76
2016-05-18,139,11,41.2,43.1,25.6,14,0.67,944.0,31.831,48.69,39.18,6,53.69
2016-05-19,140,14,41.6,41.6,27.7,26,3.61,873.0,33.107,49.97,44.34,7,61.39
2016-05-20,141,14,40.0,40.2,29.4,35,2.5,859.0,33.943,48.87,45.53,8,64.60
2016-05-21,142,14,40.8,41.1,27.3,34,3.06,865.0,34.248,49.60,46.81,9,63.73
2016-05-22,143,13,40.2,42.1,28.2,33,0.2,939.0,36.271,48.28,44.96,10,66.97
2016-05-23,144,13,40.4,40.9,26.1,32,2.04,892.0,33.974,49.45,44.88,11,60.99
2016-05-24,145,15,36.9,38.0,26.5,40,1.56,682.0,32.287,45.04,41.0,0,43.64
2016-05-25,146,11,36.1,39.4,25.2,37,0.28,901.0,33.39,44.20,38.33,0,42.61
2016-05-26,147,10,35.7,39.8,25.4,40,0.14,774.0,33.142,42.52,38.55,0,41.24
2016-05-27,148,14,40.9,40.9,28.5,24,5.37,827.0,31.699,48.63,42.2,1,49.57
2016-05-28,149,13,39.9,40.4,28.9,27,4.4,828.0,31.718,47.47,41.69,2,50.71
2016-05-29,150,14,35.7,36.2,26.9,43,3.75,799.0,31.099,43.06,39.6,0,39.91
2016-05-30,151,14,32.5,33.0,24.0,52,1.5,641.0,30.046,40.65,35.84,0,31.40
2016-05-31,152,13,37.3,38.1,25.1,39,3.06,896.0,32.189,45.63,41.45,0,42.42
2016-06-01,153,14,40.0,40.2,27.0,27,4.02,825.0,31.868,47.67,41.86,1,47.32
2016-06-02,154,12,40.0,41.0,28.1,27,3.55,930.0,32.124,48.25,41.86,2,51.18
2016-06-03,155,12,40.0,41.8,26.5,28,0.41,951.0,35.134,48.87,42.27,3,57.26
2016-06-04,156,12,41.0,42.4,27.7,27,1.06,856.0,34.149,49.71,43.69,4,59.60
2016-06-05,157,13,40.1,40.8,29.0,38,3.14,862.0,34.361,48.97,47.37,5,64.02
2016-06-06,158,14,39.9,40.0,29.3,36,2.92,843.0,33.867,48.56,45.82,6,64.23
2016-06-07,159,13,39.0,39.6,29.2,39,2.69,912.0,33.81,48.07,45.26,0,53.44
2016-06-08,160,13,39.8,40.5,28.9,34,2.13,907.0,33.832,48.90,44.59,1,55.15
2016-06-09,161,13,39.5,40.2,28.7,33,1.55,889.0,33.718,48.56,43.48,2,55.71
2016-06-10,162,12,39.7,41.6,29.2,32,0.76,933.0,34.766,48.99,43.44,3,60.24
2016-06-11,163,11,39.4,39.4,28.9,33,3.32,855.0,32.787,47.59,43.28,0,50.07
2016-06-12,164,14,38.9,38.9,27.0,35,3.86,812.0,32.541,46.65,43.13,0,46.66
2016-06-13,165,15,40.2,40.2,29.3,33,4.71,706.0,32.959,47.55,44.96,1,53.13
2016-06-14,166,15,37.3,37.5,26.9,43,3.8,681.0,32.315,44.54,43.17,0,44.61
2016-06-15,167,15,36.5,36.7,28.5,46,1.72,629.0,32.649,44.76,42.6,0,47.05
2016-06-16,168,15,36.8,36.8,28.0,44,1.92,680.0,32.614,45.09,42.44,0,46.58
2016-06-17,169,14,37.5,37.5,27.1,44,1.98,795.0,33.425,46.49,44.11,0,48.69
2016-06-18,170,14,36.4,36.4,26.4,46,3.23,821.0,32.329,44.60,42.36,0,43.79
2016-06-19,171,13,36.3,36.3,28.9,51,3.55,881.0,32.967,45.00,44.38,0,48.95
2016-06-20,172,12,36.3,36.5,29.2,51,3.91,722.0,32.65,44.08,44.38,0,48.04
2016-06-21,173,12,35.9,36.2,27.7,48,2.83,704.0,32.098,43.85,42.01,0,44.20
2016-06-22,174,15,35.1,35.2,26.7,52,1.66,667.0,32.361,43.83,41.73,0,43.41
2016-06-23,175,13,36.7,37.7,27.8,48,1.36,824.0,33.792,46.33,44.0,0,50.05
2016-06-24,176,12,38.2,38.8,28.6,42,3.14,786.0,33.269,46.49,44.84,0,50.42
2016-06-25,177,13,38.1,38.9,29.9,45,2.26,798.0,33.983,47.23,46.12,0,54.30
2016-06-26,178,12,36.1,36.5,27.3,51,2.9,844.0,32.914,45.00,43.85,0,46.79
2016-06-27,179,14,37.0,37.0,27.0,47,2.09,666.0,33.136,45.47,44.29,0,47.37
2016-06-28,180,16,34.2,34.2,26.2,59,1.73,452.0,31.909,42.22,42.31,0,41.02
2016-06-29,181,14,36.1,36.1,27.1,51,3.35,730.0,32.606,44.18,43.85,0,45.38
2016-06-30,182,14,37.8,37.8,27.9,46,0.5,745.0,35.675,47.48,45.86,0,55.25
2016-07-01,183,15,35.8,36.0,27.2,55,3.32,503.0,32.487,43.07,44.94,0,44.88
2016-07-02,184,11,30.7,30.7,26.0,73,2.53,462.0,29.982,38.50,37.68,0,32.74
2016-07-03,185,11,30.2,30.2,25.4,77,2.5,567.0,30.166,38.87,37.41,0,32.56
2016-07-04,186,10,30.5,32.7,25.3,76,0.4,669.0,32.579,41.00,38.0,0,38.76
2016-07-05,187,13,34.3,34.7,26.9,62,1.46,787.0,33.313,44.61,43.91,0,46.82
2016-07-06,188,14,33.2,33.4,27.1,66,0.22,726.0,34.215,42.67,42.39,0,46.79
2016-07-07,189,14,33.5,33.5,26.6,63,2.21,750.0,32.178,42.92,42.02,0,42.40
2016-07-08,190,14,33.9,34.4,27.1,66,0.5,614.0,34.359,44.30,44.53,0,49.04
2016-07-09,191,12,34.2,34.5,27.4,60,1.68,765.0,32.769,43.99,42.73,0,45.48
2016-07-10,192,13,33.9,34.4,27.6,64,0.71,839.0,34.26,44.95,43.62,0,49.56
2016-07-11,193,11,33.0,33.0,26.8,66,3.74,771.0,31.635,41.41,41.8,0,40.44
2016-07-12,194,11,31.2,32.0,26.0,76,3.5,631.0,30.88,39.52,40.12,0,36.09
2016-07-13,195,15,33.0,33.0,26.9,68,1.94,539.0,31.991,42.02,42.62,0,41.97
2016-07-14,196,14,32.7,32.7,27.1,69,0.61,575.0,33.167,42.75,42.12,0,44.77
2016-07-15,197,12,31.7,32.1,25.6,75,0.81,643.0,32.729,42.39,41.34,0,41.64
2016-07-16,198,13,27.2,27.4,25.8,89,0.45,201.0,28.648,35.35,31.46,0,25.40
2016-07-17,199,16,26.8,26.8,25.4,89,2.5,207.0,27.159,33.09,30.38,0,20.09
2016-07-18,200,13,32.8,32.8,25.0,66,4.39,760.0,31.304,40.65,41.22,0,36.95
2016-07-19,201,14,33.9,34.1,25.8,62,5.12,799.0,31.792,41.65,42.74,0,40.09
2016-07-20,202,14,34.7,34.8,27.4,56,4.18,829.0,31.972,42.71,42.38,0,42.93
2016-07-21,203,15,35.2,35.3,28.4,56,2.33,677.0,32.684,43.99,43.74,0,46.87
2016-07-22,204,14,34.2,34.6,26.9,56,0.85,694.0,32.902,43.65,41.07,0,44.29
2016-07-23,205,13,31.9,32.0,26.9,69,2.8,718.0,31.1,40.76,39.76,0,38.31
2016-07-24,206,12,32.1,32.3,25.7,68,1.14,715.0,32.088,42.24,39.97,0,39.92
2016-07-25,207,13,33.1,33.1,25.5,68,0.6,810.0,34.166,44.31,42.93,0,46.22
2016-07-26,208,14,31.0,31.3,26.0,76,2.73,510.0,30.645,39.32,39.5,0,35.27
2016-07-27,209,16,29.5,29.5,25.7,77,1.7,371.0,29.319,37.55,35.43,0,29.62
2016-07-28,210,15,30.0,30.0,24.9,73,1.84,413.0,29.429,37.94,35.78,0,29.31
2016-07-29,211,13,27.0,27.0,24.7,90,0.57,317.0,28.951,36.19,31.09,0,25.16
2016-07-30,212,11,29.6,29.6,24.8,73,1.33,572.0,29.741,38.79,34.76,0,30.02
2016-07-31,213,14,29.0,29.0,24.7,81,1.71,496.0,29.58,38.10,34.96,0,29.17
2016-08-01,214,11,29.0,29.2,25.1,83,3.11,436.0,29.198,36.52,35.41,0,27.94
2016-08-02,215,13,31.4,31.9,24.7,71,3.18,681.0,30.679,39.78,39.02,0,33.97
2016-08-03,216,13,32.8,32.9,25.7,65,3.79,789.0,31.344,41.07,40.84,0,38.00
2016-08-04,217,13,33.6,33.6,27.2,66,2.81,854.0,32.581,43.37,43.6,0,44.77
2016-08-05,218,14,33.7,33.7,27.3,65,2.15,719.0,32.576,43.34,43.46,0,44.81
2016-08-06,219,11,31.3,31.3,27.1,71,4.83,567.0,30.093,37.85,38.74,0,34.16
2016-08-07,220,14,33.0,33.0,26.0,66,3.61,778.0,31.675,41.54,41.8,0,39.67
2016-08-08,221,14,32.5,32.5,26.8,68,4.44,712.0,31.175,40.19,41.13,0,38.43
2016-08-09,222,15,30.4,30.5,25.9,74,1.52,468.0,30.223,39.15,37.13,0,33.35
2016-08-10,223,13,30.4,30.4,25.8,73,3.41,495.0,29.555,37.46,36.85,0,30.64
2016-08-11,224,13,30.4,30.4,25.2,74,1.8,503.0,30.166,39.13,37.13,0,32.41
2016-08-12,225,15,30.3,30.7,25.1,74,0.45,371.0,31.014,39.03,36.85,0,33.72
2016-08-13,226,13,31.8,31.8,25.3,69,1.08,719.0,31.992,42.01,39.48,0,38.93
2016-08-14,227,12,30.9,30.9,25.3,73,2.2,536.0,30.445,39.50,38.24,0,33.73
2016-08-15,228,13,32.7,33.1,25.9,65,3.8,806.0,31.273,41.00,40.56,0,37.94
2016-08-16,229,14,33.3,33.4,26.0,62,4.05,809.0,31.428,41.37,41.06,0,38.80
2016-08-17,230,12,29.6,29.8,26.4,72,1.46,561.0,29.514,38.55,34.53,0,31.19
2016-08-18,231,13,29.8,30.1,25.8,79,1.12,345.0,30.068,38.42,36.79,0,32.29
2016-08-19,232,14,32.1,32.3,25.9,69,0.22,579.0,33.018,40.93,40.34,0,41.11
2016-08-20,233,15,31.6,31.6,26.3,66,4.57,509.0,29.749,37.62,37.95,0,32.12
2016-08-21,234,13,30.5,30.6,25.4,65,4.36,545.0,28.691,36.41,34.99,0,27.10
2016-08-22,235,15,31.6,31.6,24.2,62,4.38,554.0,29.388,37.64,36.73,0,28.55
2016-08-23,236,12,31.0,31.0,25.8,72,2.78,658.0,30.479,39.60,38.21,0,34.45
2016-08-24,237,13,29.7,29.7,26.1,77,5.04,458.0,29.0,35.43,35.99,0,28.16
2016-08-25,238,14,32.3,32.3,25.5,72,2.19,754.0,32.113,42.37,42.08,0,40.62
2016-08-26,239,13,32.8,32.9,26.1,65,1.22,823.0,32.561,43.25,40.84,0,42.34
2016-08-27,240,13,32.3,32.5,25.0,73,2.41,760.0,32.145,42.33,42.48,0,40.21
2016-08-28,241,14,32.9,32.9,26.3,67,2.11,691.0,32.023,42.38,41.91,0,41.33
2016-08-29,242,12,31.1,31.7,25.5,74,1.02,594.0,31.63,41.09,39.14,0,37.69
2016-08-30,243,14,31.4,31.4,24.4,70,0.42,529.0,32.279,40.85,38.69,0,37.29
2016-08-31,244,14,29.1,30.0,25.0,83,1.41,500.0,30.066,38.72,35.71,0,31.16
2016-09-01,245,13,30.1,31.3,24.5,77,1.03,632.0,31.081,40.31,37.12,0,34.17
2016-09-02,246,13,31.5,31.7,25.1,70,4.16,694.0,30.475,39.08,38.97,0,33.52
2016-09-03,247,12,30.9,31.3,25.6,64,5.55,790.0,29.15,37.45,35.65,0,29.19
2016-09-04,248,14,31.9,32.0,24.7,62,3.91,730.0,30.032,39.24,37.45,0,31.77
2016-09-05,249,13,31.5,31.6,24.4,62,4.21,803.0,29.707,38.84,36.5,0,30.17
2016-09-06,250,15,31.6,31.6,25.3,60,3.64,593.0,29.346,38.23,36.16,0,29.96
2016-09-07,251,14,32.1,32.1,24.9,59,3.73,708.0,29.862,39.28,37.0,0,31.55
2016-09-08,252,12,31.6,32.1,25.2,60,3.64,847.0,29.748,39.43,36.16,0,31.48
2016-09-09,253,13,32.8,33.0,25.1,55,3.77,826.0,30.182,40.37,37.36,0,33.30
2016-09-10,254,13,32.8,33.1,25.5,53,3.83,841.0,29.936,40.25,36.75,0,32.99
2016-09-11,255,12,32.3,32.9,25.4,54,2.86,860.0,29.897,40.55,35.99,0,32.74
2016-09-12,256,13,32.5,32.5,25.5,53,3.25,785.0,29.719,40.07,36.12,0,32.22
2016-09-13,257,12,32.2,33.0,25.1,58,1.98,794.0,30.552,41.18,36.93,0,34.43
2016-09-14,258,12,31.2,31.9,24.2,62,1.92,816.0,30.173,40.46,35.8,0,31.72
2016-09-15,259,12,32.2,33.1,25.0,57,0.5,735.0,32.076,41.70,36.63,0,37.46
2016-09-16,260,10,31.6,33.6,25.2,60,0.42,671.0,31.821,40.82,36.16,0,36.40
2016-09-17,261,14,32.7,32.7,24.0,56,0.82,718.0,31.635,41.94,37.45,0,35.93
2016-09-18,262,12,32.7,33.0,24.5,56,1.62,827.0,31.045,42.02,37.45,0,35.46
2016-09-19,263,12,32.6,33.2,24.4,58,0.2,715.0,32.652,40.81,37.86,0,37.66
2016-09-20,264,12,34.1,34.6,25.3,50,0.98,823.0,32.151,43.47,38.61,0,39.96
2016-09-21,265,14,34.4,34.4,26.1,53,2.2,622.0,31.499,42.45,40.4,0,39.59
2016-09-22,266,14,29.9,30.2,23.9,74,2.47,554.0,29.538,38.14,35.77,0,28.49
2016-09-23,267,15,31.9,31.9,22.9,57,0.81,564.0,30.603,40.31,35.98,0,30.98
2016-09-24,268,13,31.8,31.8,24.5,65,2.06,736.0,30.862,40.98,38.14,0,34.62
2016-09-25,269,14,31.7,31.7,23.6,56,0.85,627.0,30.422,40.31,35.29,0,31.20
2016-09-26,270,13,32.1,32.5,24.3,59,0.54,716.0,32.047,41.65,37.0,0,36.68
2016-09-27,271,13,32.3,32.8,24.4,57,0.4,709.0,32.233,41.46,36.86,0,36.96
2016-09-28,272,12,33.2,33.7,24.2,51,0.4,785.0,32.534,42.30,37.0,0,37.96
2016-09-29,273,13,32.9,33.2,24.9,56,0.73,732.0,32.017,42.29,37.91,0,38.13
2016-09-30,274,13,33.1,33.5,24.4,57,0.76,742.0,32.297,42.66,38.71,0,38.64
2016-10-01,275,13,33.6,33.7,25.6,54,2.06,713.0,31.142,42.10,38.86,0,37.51
2016-10-02,276,14,33.7,33.8,26.3,57,1.3,618.0,31.877,42.54,40.19,0,40.52
2016-10-03,277,12,33.0,33.1,25.4,62,0.92,696.0,32.443,42.76,40.25,0,40.73
2016-10-04,278,13,32.9,33.0,25.5,61,0.92,679.0,32.185,42.45,39.62,0,39.89
2016-10-05,279,14,31.4,31.4,24.7,67,1.5,528.0,30.565,40.07,37.74,0,33.48
2016-10-06,280,13,31.5,31.8,24.3,66,0.61,694.0,32.06,41.46,37.69,0,36.83
2016-10-07,281,12,33.0,33.6,24.2,51,2.88,774.0,30.003,40.78,36.58,0,31.92
2016-10-08,282,12,33.2,33.9,23.1,46,2.87,792.0,29.542,40.77,35.57,0,29.38
2016-10-09,283,12,33.2,34.0,21.7,45,0.9,787.0,30.688,41.86,35.31,0,30.96
2016-10-10,284,12,31.8,32.6,22.7,44,1.8,749.0,28.403,39.64,32.72,0,24.89
2016-10-11,285,12,32.6,33.4,19.7,35,3.58,807.0,27.242,39.05,32.25,0,21.28
2016-10-12,286,12,32.7,33.7,19.3,33,3.49,808.0,27.033,39.15,32.07,0,20.89
2016-10-13,287,12,32.9,34.0,18.3,30,3.44,812.0,26.723,39.32,31.88,0,20.36
2016-10-14,288,12,32.3,33.3,17.3,30,2.08,809.0,26.694,39.51,31.16,0,20.17
2016-10-15,289,13,32.7,32.9,17.5,31,2.92,774.0,26.808,39.30,31.77,0,20.46
2016-10-16,290,13,32.8,33.1,17.9,29,2.28,766.0,26.768,39.69,31.62,0,20.61
2016-10-17,291,11,31.7,33.1,18.4,32,2.1,750.0,26.402,38.68,30.71,0,18.85
2016-10-18,292,12,31.8,32.6,17.2,31,2.39,793.0,26.277,38.76,30.7,0,18.67
2016-10-19,293,12,31.9,32.9,17.1,33,1.97,785.0,26.858,39.18,31.07,0,20.21
2016-10-20,294,13,33.2,33.6,18.7,25,3.94,756.0,25.877,38.94,31.6,0,18.38
2016-10-21,295,13,33.1,33.3,19.7,31,4.38,740.0,26.756,38.70,32.27,0,20.12
2016-10-22,296,13,33.2,33.6,19.8,32,4.83,739.0,26.932,38.65,32.56,0,20.52
2016-10-23,297,12,31.6,32.7,18.8,37,5.41,767.0,26.313,36.79,31.25,0,17.52
2016-10-24,298,12,31.6,32.6,18.4,34,4.34,763.0,26.019,37.17,30.84,0,17.09
2016-10-25,299,12,31.7,32.8,19.4,36,4.39,754.0,26.386,37.28,31.23,0,18.01
2016-10-26,300,12,31.8,32.7,17.3,34,2.51,755.0,26.639,38.63,31.08,0,19.40
2016-10-27,301,12,31.0,31.7,16.2,32,3.61,767.0,25.356,36.92,29.93,0,15.32
2016-10-28,302,13,30.7,30.9,16.7,29,3.28,733.0,24.655,36.56,29.35,0,13.52
2016-10-29,303,14,30.9,30.9,17.9,28,0.63,622.0,26.179,37.45,29.46,0,17.08
2016-10-30,304,13,30.0,30.2,16.4,36,0.5,678.0,27.174,37.44,29.26,0,18.87
2016-10-31,305,12,28.9,29.6,18.8,43,0.92,737.0,26.47,36.95,28.78,0,17.02
2016-11-01,306,13,29.1,29.3,15.8,38,1.93,707.0,25.075,36.18,28.53,0,13.73
2016-11-02,307,12,29.1,29.7,16.2,42,1.71,728.0,25.772,36.64,28.9,0,15.52
2016-11-03,308,13,29.5,29.7,15.5,38,1.43,697.0,25.709,36.84,28.93,0,15.55
2016-11-04,309,12,29.2,29.8,15.4,37,1.84,725.0,25.108,36.38,28.54,0,13.94
2016-11-05,310,12,28.5,29.5,15.7,43,3.08,715.0,24.798,34.83,28.36,0,12.17
2016-11-06,311,13,29.2,29.5,15.0,37,2.68,694.0,24.696,35.56,28.54,0,12.57
2016-11-07,312,11,28.2,29.5,15.6,37,2.94,679.0,23.732,34.21,27.64,0,9.44
2016-11-08,313,14,29.3,29.3,17.1,31,4.92,601.0,23.299,33.22,28.19,0,8.11
2016-11-09,314,14,29.5,29.5,15.1,30,3.86,600.0,23.476,34.12,28.3,0,9.14
2016-11-10,315,13,29.0,29.3,13.3,33,1.84,691.0,24.302,35.82,28.06,0,11.84
2016-11-11,316,13,28.6,28.9,13.7,35,1.56,682.0,24.397,35.65,27.85,0,11.82
2016-11-12,317,14,29.3,29.3,14.7,30,1.0,578.0,24.479,35.73,28.13,0,12.13
2016-11-13,318,14,28.5,28.5,15.6,35,0.57,552.0,25.145,35.21,27.76,0,12.87
2016-11-14,319,13,27.7,27.7,17.0,37,0.64,550.0,24.575,34.55,27.23,0,11.12
2016-11-15,320,12,26.5,27.2,16.9,38,1.46,662.0,23.023,33.77,26.35,0,7.55
2016-11-16,321,13,26.9,27.1,14.0,31,3.26,667.0,21.704,32.32,26.4,0,4.57
2016-11-17,322,13,27.1,27.5,14.0,32,5.11,673.0,21.689,31.06,26.56,0,3.65
2016-11-18,323,14,27.1,27.1,14.4,35,3.88,568.0,22.121,31.46,26.69,0,4.17
2016-11-19,324,13,26.5,26.9,13.1,35,2.34,662.0,22.18,32.93,26.31,0,5.34
2016-11-20,325,14,27.6,27.6,13.2,33,0.73,562.0,23.82,34.28,26.95,0,9.42
2016-11-21,326,11,26.6,28.7,13.0,39,0.64,641.0,24.175,34.19,26.47,0,10.02
2016-11-22,327,13,28.6,28.8,13.2,31,3.83,652.0,22.972,33.49,27.6,0,7.47
2016-11-23,328,13,27.8,28.1,14.8,36,3.36,654.0,23.105,33.23,27.25,0,7.40
2016-11-24,329,13,27.6,27.8,13.0,31,4.11,648.0,22.08,32.17,26.86,0,4.61
2016-11-25,330,14,28.7,28.7,15.3,24,6.42,553.0,21.459,31.49,27.36,0,4.10
2016-11-26,331,14,29.4,29.4,16.9,25,5.33,551.0,22.295,32.70,27.94,0,5.74
2016-11-27,332,14,29.2,29.2,15.7,25,5.78,551.0,22.086,32.28,27.78,0,4.99
2016-11-28,333,14,28.1,28.1,16.1,24,4.05,554.0,21.267,32.03,26.93,0,4.35
2016-11-29,334,12,25.5,26.5,11.2,34,1.1,662.0,21.972,32.93,25.25,0,5.00
2016-11-30,335,13,26.1,26.3,12.2,45,2.33,621.0,22.988,32.72,26.02,0,6.72
2016-12-01,336,14,26.0,26.0,14.2,50,0.28,524.0,25.011,32.79,25.98,0,10.59
2016-12-02,337,13,25.0,25.3,13.7,48,1.41,623.0,22.826,32.69,24.9,0,6.39
2016-12-03,338,13,25.3,25.6,11.5,32,1.64,637.0,21.056,32.20,25.01,0,4.48
2016-12-04,339,13,25.0,25.2,10.8,34,2.52,631.0,20.656,31.12,24.72,0,3.70
2016-12-05,340,13,25.0,25.3,11.3,41,2.8,624.0,21.406,31.00,24.81,0,3.61
2016-12-06,341,11,23.7,25.2,11.4,48,0.58,595.0,22.645,31.93,23.54,0,5.50
2016-12-07,342,13,24.3,24.7,11.0,48,1.79,619.0,21.955,31.70,24.17,0,4.11
2016-12-08,343,12,23.3,24.4,10.9,52,0.14,637.0,23.193,30.07,23.17,0,5.19
2016-12-09,344,12,24.0,25.2,11.4,49,0.51,631.0,23.324,32.49,23.87,0,7.19
2016-12-10,345,13,25.3,25.6,11.8,49,2.41,597.0,22.65,31.89,25.23,0,5.48
2016-12-11,346,13,25.1,25.7,12.7,51,1.17,605.0,23.397,33.00,25.05,0,7.69
2016-12-12,347,13,25.1,25.4,12.4,43,2.39,613.0,21.836,31.56,24.94,0,4.02
2016-12-13,348,13,24.3,24.4,12.2,48,3.01,570.0,21.414,30.01,24.17,0,2.89
2016-12-14,349,13,23.5,23.8,12.5,42,3.19,612.0,20.083,29.05,23.25,0,2.20
2016-12-15,350,13,23.0,23.3,10.9,37,5.01,626.0,18.788,26.46,22.66,0,0.33
2016-12-16,351,13,22.3,22.6,8.4,39,2.34,620.0,18.975,28.97,21.95,0,2.15
2016-12-17,352,13,21.8,22.3,9.1,41,2.42,603.0,18.693,28.38,21.45,0,1.72
2016-12-18,353,13,21.7,22.1,9.0,39,2.72,633.0,18.354,28.03,21.32,0,1.46
2016-12-19,354,14,23.1,23.1,8.7,36,4.2,551.0,18.754,26.86,22.75,0,0.62
2016-12-20,355,13,23.9,24.3,12.1,36,5.87,635.0,19.352,26.81,23.59,0,0.58
2016-12-21,356,14,24.9,24.9,11.7,30,5.06,560.0,19.418,27.89,24.56,0,1.36
2016-12-22,357,14,23.0,23.1,9.9,41,2.84,549.0,19.506,28.57,22.71,0,1.86
2016-12-23,358,12,22.2,23.8,10.3,46,0.58,640.0,21.243,30.90,21.94,0,3.54
2016-12-24,359,13,23.4,23.8,9.5,48,2.97,616.0,20.704,29.47,23.22,0,2.51
2016-12-25,360,12,20.2,21.6,11.9,60,0.73,608.0,20.357,29.61,20.02,0,2.61
2016-12-26,361,13,22.1,22.6,11.4,48,3.56,623.0,19.413,27.49,21.86,0,1.08
2016-12-27,362,14,22.9,22.9,9.7,36,2.97,553.0,18.831,28.19,22.54,0,1.58
2016-12-28,363,14,23.3,23.4,8.4,40,2.34,541.0,19.791,29.38,23.01,0,2.44
2016-12-29,364,13,22.7,23.0,9.6,52,2.62,613.0,20.58,29.39,22.54,0,2.45
2016-12-30,365,14,22.1,22.1,11.2,56,3.0,543.0,20.185,28.02,21.96,0,1.46
2016-12-31,366,13,21.1,21.5,10.6,58,3.55,582.0,19.404,26.62,20.94,0,0.45
2017-01-01,1,12,21.3,22.0,11.3,55,3.61,566.0,19.265,26.51,21.11,0,0.37
2017-01-02,2,12,20.7,21.7,10.7,62,1.66,623.0,20.123,29.29,20.57,0,2.37
2017-01-03,3,13,22.4,22.5,10.4,50,0.0,603.0,22.056,28.94,22.2,0,2.23
2017-01-04,4,13,22.7,23.0,10.3,50,1.8,626.0,20.736,30.38,22.52,0,3.17
2017-01-05,5,12,22.6,23.4,10.9,55,0.41,635.0,22.849,31.44,22.48,0,5.53
2017-01-06,6,13,23.0,23.0,12.4,49,4.47,636.0,20.18,27.43,22.82,0,1.04
2017-01-07,7,15,19.4,19.4,11.4,63,3.26,382.0,17.935,23.98,19.22,0,0.00
2017-01-08,8,13,17.9,18.4,10.6,56,1.84,647.0,16.95,26.63,17.55,0,0.45
2017-01-09,9,13,19.0,19.2,8.4,41,3.31,655.0,16.091,24.90,18.51,0,0.00
2017-01-10,10,13,16.6,16.7,6.4,34,4.8,677.0,13.13,20.19,15.9,0,0.00
2017-01-11,11,12,15.6,16.0,4.6,36,4.66,676.0,12.477,19.38,14.88,0,0.00
2017-01-12,12,14,16.9,16.9,4.2,38,3.19,603.0,13.928,22.71,16.27,0,0.00
2017-01-13,13,14,17.9,17.9,5.0,33,2.56,608.0,14.494,24.63,17.25,0,0.00
2017-01-14,14,15,18.5,18.5,4.4,35,1.36,474.0,15.439,25.92,17.91,0,0.00
2017-01-15,15,12,18.8,20.3,8.3,42,0.45,661.0,18.275,28.47,18.32,0,1.78
2017-01-16,16,13,19.6,19.6,10.5,47,4.25,668.0,17.023,24.34,19.22,0,0.00
2017-01-17,17,14,16.5,16.6,6.0,49,2.15,589.0,14.821,24.37,15.99,0,0.00
2017-01-18,18,14,19.0,19.1,5.2,42,2.79,616.0,16.253,25.48,18.53,0,0.00
2017-01-19,19,13,20.3,20.8,7.1,40,4.25,684.0,16.982,24.96,19.87,0,0.00
2017-01-20,20,13,18.9,19.3,6.5,42,3.55,631.0,16.004,24.29,18.42,0,0.00
2017-01-21,21,14,19.8,19.8,7.3,41,2.53,504.0,16.708,25.75,19.35,0,0.00
2017-01-22,22,14,22.8,22.9,9.7,50,2.22,576.0,20.532,29.67,22.62,0,2.65
2017-01-23,23,14,23.5,23.5,10.6,47,3.55,572.0,20.474,28.53,23.32,0,1.82
2017-01-24,24,13,24.5,24.9,10.4,48,1.12,677.0,22.761,32.75,24.38,0,6.31
2017-01-25,25,14,24.8,25.2,13.7,59,1.91,435.0,23.078,31.40,24.84,0,5.93
2017-01-26,26,13,18.3,19.0,13.7,86,2.92,206.0,18.434,22.48,18.37,0,0.00
2017-01-27,27,13,17.7,17.9,12.4,63,5.15,611.0,16.477,21.27,17.44,0,0.00
2017-01-28,28,13,19.4,19.7,10.1,64,2.84,696.0,18.739,27.00,19.23,0,0.72
2017-01-29,29,14,21.0,21.0,11.0,60,3.9,646.0,19.537,26.54,20.86,0,0.39
2017-01-30,30,13,20.4,20.8,10.1,62,2.19,704.0,19.745,28.82,20.26,0,2.04
2017-01-31,31,13,20.9,21.2,11.1,66,2.75,702.0,20.367,28.64,20.83,0,1.91
2017-02-01,32,13,20.4,20.6,9.8,57,3.02,721.0,19.032,27.54,20.19,0,1.11
2017-02-02,33,13,21.0,21.4,9.2,52,1.14,738.0,20.138,30.33,20.76,0,3.13
2017-02-03,34,15,22.2,22.2,9.3,57,1.93,545.0,20.731,29.58,22.08,0,2.58
2017-02-04,35,14,22.6,22.6,11.7,64,4.89,585.0,21.153,26.85,22.59,0,0.61
2017-02-05,36,14,21.8,21.8,14.6,65,4.22,567.0,20.563,26.65,21.77,0,0.47
2017-02-06,37,12,21.4,21.8,11.8,58,4.1,718.0,19.797,27.05,21.25,0,0.75
2017-02-07,38,14,20.0,20.0,9.7,49,3.81,682.0,17.672,25.50,19.67,0,0.00
2017-02-08,39,14,21.4,21.4,9.2,47,3.01,691.0,18.935,27.95,21.11,0,1.41
2017-02-09,40,12,20.4,20.7,9.5,48,4.55,752.0,17.908,25.33,20.07,0,0.00
2017-02-10,41,13,20.8,21.1,9.9,44,5.24,772.0,17.795,24.98,20.44,0,0.00
2017-02-11,42,13,21.1,21.4,8.0,42,2.26,782.0,18.584,29.08,20.73,0,2.22
2017-02-12,43,14,22.1,22.1,8.4,46,1.57,704.0,20.095,30.41,21.83,0,3.19
2017-02-13,44,13,22.7,23.0,9.9,40,3.33,784.0,19.417,29.07,22.39,0,2.22
2017-02-14,45,14,24.0,24.0,10.2,37,3.56,726.0,20.051,29.63,23.71,0,2.63
2017-02-15,46,14,25.1,25.1,11.1,38,3.67,707.0,21.062,30.52,24.88,0,3.27
2017-02-16,47,14,27.4,27.4,13.3,35,5.01,707.0,22.416,31.72,26.9,0,4.92
2017-02-17,48,14,27.1,27.2,15.0,41,4.44,677.0,22.975,31.82,26.99,0,6.05
2017-02-18,49,13,28.0,28.5,14.2,40,3.84,788.0,23.91,33.85,27.66,0,9.52
2017-02-19,50,15,28.6,28.6,15.1,34,1.71,593.0,23.968,35.03,27.78,0,10.53
2017-02-20,51,12,28.7,29.4,16.4,44,0.85,785.0,26.648,37.07,28.66,0,17.39
2017-02-21,52,11,23.8,25.4,14.7,50,4.0,708.0,21.197,29.25,23.67,0,2.35
2017-02-22,53,12,25.1,25.5,12.9,33,2.9,814.0,20.809,31.80,24.81,0,4.19
2017-02-23,54,13,24.4,24.7,11.4,24,5.88,837.0,18.462,28.43,23.96,0,1.76
2017-02-24,55,14,25.2,25.2,12.4,21,7.08,772.0,18.43,28.45,24.76,0,1.77
2017-02-25,56,14,26.8,26.8,13.1,23,6.76,759.0,20.026,30.38,26.05,0,3.16
2017-02-26,57,13,26.2,26.4,12.9,25,5.58,844.0,20.101,30.64,25.86,0,3.35
2017-02-27,58,14,27.4,27.4,12.2,27,4.4,765.0,21.45,32.31,26.56,0,4.55
2017-02-28,59,15,29.2,29.2,15.3,31,0.1,616.0,25.695,34.11,28.1,0,13.24
2017-03-01,60,13,27.6,28.0,18.4,36,0.1,757.0,25.527,33.49,27.1,0,12.11
2017-03-02,61,12,27.2,27.6,14.5,32,0.95,838.0,23.745,35.26,26.63,0,9.98
2017-03-03,62,12,25.9,26.4,13.5,24,3.26,858.0,20.167,32.24,25.54,0,4.50
2017-03-04,63,14,25.1,25.1,12.2,23,4.63,803.0,19.005,29.88,24.68,0,2.80
2017-03-05,64,13,26.4,26.7,12.0,26,5.66,865.0,20.429,30.94,26.09,0,3.57
2017-03-06,65,14,26.9,26.9,12.5,22,5.33,798.0,20.157,31.29,26.08,0,3.82
2017-03-07,66,13,27.2,27.5,13.5,27,0.51,838.0,23.973,35.16,26.43,0,10.35
2017-03-08,67,15,25.9,25.9,16.5,35,2.14,646.0,21.719,32.46,25.68,0,4.67
2017-03-09,68,12,25.1,25.9,14.1,42,1.81,785.0,22.321,33.04,24.93,0,5.69
2017-03-10,69,12,22.4,22.6,13.3,57,3.32,786.0,20.899,29.38,22.29,0,2.44
2017-03-11,70,13,20.9,21.7,12.0,63,1.75,794.0,20.703,30.35,20.8,0,3.14
2017-03-12,71,12,21.1,21.6,10.3,40,4.2,879.0,17.968,26.97,20.71,0,0.70
2017-03-13,72,13,22.6,22.8,10.3,31,4.94,898.0,18.129,27.61,22.16,0,1.17
2017-03-14,73,14,24.5,24.5,9.7,31,3.34,822.0,19.934,30.75,24.16,0,3.43
2017-03-15,74,13,26.6,26.9,11.3,31,3.42,887.0,21.759,33.03,26.36,0,5.07
2017-03-16,75,11,26.0,27.2,13.6,32,0.54,808.0,23.511,34.25,25.75,0,8.81
2017-03-17,76,13,26.0,26.4,13.8,37,4.72,893.0,21.778,31.43,25.81,0,3.92
2017-03-18,77,13,27.5,27.9,13.7,28,2.75,897.0,22.289,34.49,26.66,0,6.68
2017-03-19,78,14,29.4,29.4,15.9,32,2.37,802.0,24.451,36.35,28.35,0,12.61
2017-03-20,79,12,28.7,29.5,15.2,26,4.41,920.0,22.558,34.45,27.44,0,7.32
2017-03-21,80,14,32.1,32.1,16.0,24,4.39,822.0,24.816,37.74,30.34,0,15.04
2017-03-22,81,14,33.9,33.9,18.0,24,4.94,827.0,26.169,39.68,32.28,0,19.72
2017-03-23,82,12,33.6,34.6,17.8,30,1.84,898.0,28.064,41.44,32.76,0,24.75
2017-03-24,83,13,33.2,33.4,19.4,29,4.56,901.0,26.686,39.43,32.1,0,20.45
2017-03-25,84,13,32.5,32.7,17.6,24,5.42,909.0,25.083,38.24,30.75,0,16.06
2017-03-26,85,14,33.9,34.0,19.7,24,6.09,844.0,26.035,39.58,32.28,0,19.39
2017-03-27,86,13,35.6,36.0,21.7,27,7.07,911.0,27.962,42.21,34.9,0,25.91
2017-03-28,87,13,36.4,36.8,21.3,26,4.58,891.0,28.721,43.20,35.81,0,28.40
2017-03-29,88,12,36.6,37.4,22.7,25,4.94,920.0,28.655,43.47,35.87,0,29.30
2017-03-30,89,13,37.1,37.3,22.8,23,5.44,917.0,28.549,43.98,36.12,0,29.68
2017-03-31,90,13,37.1,37.3,22.9,25,3.31,888.0,29.357,44.48,36.58,0,31.86
2017-04-01,91,11,36.5,37.7,22.4,26,4.08,862.0,28.859,43.36,35.95,0,29.29
2017-04-02,92,13,36.8,37.0,22.2,19,5.05,933.0,27.48,43.57,34.98,0,26.25
2017-04-03,93,13,37.4,37.5,21.3,17,3.42,929.0,27.773,44.56,35.36,0,27.42
2017-04-04,94,14,36.5,36.5,21.2,20,1.91,836.0,28.245,43.77,34.78,0,27.52
2017-04-05,95,13,34.6,34.6,23.2,27,8.21,880.0,27.011,40.99,33.56,0,24.13
2017-04-06,96,11,34.0,36.4,21.0,28,4.46,895.0,27.176,40.38,32.96,0,22.38
2017-04-07,97,12,32.8,33.2,19.2,19,1.3,947.0,25.83,40.24,30.68,0,18.89
2017-04-08,98,13,32.7,32.8,17.4,11,3.69,985.0,22.738,39.03,30.11,0,11.96
2017-04-09,99,12,31.1,31.8,19.6,12,6.44,997.0,21.397,36.72,28.91,0,8.45
2017-04-10,100,13,32.8,33.3,18.9,12,8.29,982.0,22.422,39.00,30.32,0,11.42
2017-04-11,101,14,36.4,36.4,20.1,14,8.24,882.0,25.482,43.29,33.89,0,21.63
2017-04-12,102,13,38.1,38.4,21.4,14,6.67,960.0,26.967,45.32,35.67,0,26.56
2017-04-13,103,12,37.9,38.5,20.7,14,2.68,984.0,27.654,45.33,35.46,0,27.79
2017-04-14,104,14,39.1,39.1,23.6,15,1.63,870.0,29.179,46.43,36.96,0,33.89
2017-04-15,105,13,39.9,39.9,22.2,14,4.49,964.0,28.612,47.35,37.67,0,32.11
2017-04-16,106,11,36.8,39.7,23.2,21,0.73,922.0,30.152,44.52,35.33,0,33.27
2017-04-17,107,13,39.7,40.6,24.6,21,1.06,954.0,31.936,48.02,39.25,1,43.93
2017-04-18,108,10,36.5,41.4,23.6,31,0.5,783.0,32.176,44.53,37.22,2,41.61
2017-04-19,109,13,41.2,41.6,25.7,13,3.56,965.0,29.463,48.93,38.91,3,44.40
2017-04-20,110,13,41.2,41.5,24.3,17,2.55,952.0,30.972,49.40,40.08,4,48.06
2017-04-21,111,13,40.0,40.9,25.9,22,1.61,941.0,31.842,48.47,40.02,5,52.55
2017-04-22,112,14,40.5,40.5,27.1,25,2.08,860.0,32.504,48.90,41.93,6,57.89
2017-04-23,113,12,38.2,38.8,24.7,21,3.48,964.0,29.406,45.88,37.15,0,35.28
2017-04-24,114,12,37.0,37.0,24.1,21,5.1,961.0,28.129,44.01,35.58,0,30.22
2017-04-25,115,11,35.7,37.1,23.4,18,5.37,931.0,26.345,42.13,33.58,0,23.94
2017-04-26,116,12,36.7,37.5,22.3,16,4.37,976.0,26.831,43.60,34.43,0,24.95
2017-04-27,117,12,37.3,38.4,22.9,14,1.26,986.0,28.11,44.69,34.82,0,29.00
2017-04-28,118,12,37.8,38.3,22.7,17,3.2,978.0,28.209,45.30,35.82,0,29.77
2017-04-29,119,13,38.2,38.2,23.9,16,0.6,858.0,30.137,45.20,36.11,0,34.84
2017-04-30,120,12,36.9,37.1,23.4,20,4.24,978.0,27.998,44.07,35.27,0,29.09
2017-05-01,121,10,33.9,36.9,22.0,24,0.94,818.0,27.871,41.19,32.28,0,24.03
2017-05-02,122,12,37.6,38.4,24.8,13,0.1,843.0,29.275,42.12,35.01,0,31.63
2017-05-03,123,13,37.7,38.2,26.4,16,2.6,704.0,27.627,44.06,35.54,0,31.99
2017-05-04,124,12,37.4,38.5,25.8,18,5.16,985.0,27.741,44.50,35.53,0,31.81
2017-05-05,125,13,38.7,39.1,23.2,15,3.94,972.0,28.14,46.04,36.5,0,31.00
2017-05-06,126,11,39.1,40.7,24.7,16,1.22,931.0,29.939,46.72,37.17,1,38.56
2017-05-07,127,12,41.2,42.1,25.2,15,2.96,982.0,30.284,49.28,39.47,2,44.16
2017-05-08,128,12,41.0,42.1,26.0,17,0.22,983.0,33.354,47.68,39.82,3,51.54
2017-05-09,129,12,40.8,42.1,25.6,16,2.7,981.0,30.371,48.93,39.26,4,47.80
2017-05-10,130,13,39.1,39.8,26.9,25,2.78,941.0,31.212,47.35,39.61,0,43.23
2017-05-11,131,11,37.7,39.9,27.1,28,1.24,913.0,31.578,46.17,38.3,0,42.81
2017-05-12,132,11,39.6,40.4,26.4,23,0.94,898.0,32.382,47.85,39.74,1,46.93
2017-05-13,133,12,40.3,40.3,26.1,20,2.82,970.0,31.01,48.59,39.81,2,46.22
2017-05-14,134,11,41.2,42.6,26.8,17,2.4,929.0,30.999,49.32,40.08,3,49.31
2017-05-15,135,11,41.4,42.6,27.3,15,2.3,934.0,30.619,49.38,39.71,4,50.75
2017-05-16,136,14,39.4,40.6,27.3,16,0.36,821.0,31.395,45.94,37.53,5,50.58
2017-05-17,137,13,34.8,35.9,25.4,27,0.22,619.0,29.643,40.27,33.82,0,31.24
2017-05-18,138,12,38.2,38.5,25.7,24,3.62,968.0,30.056,46.00,37.93,0,38.04
2017-05-19,139,10,37.4,40.8,26.3,27,0.42,805.0,32.372,45.15,37.54,1,44.03
2017-05-20,140,12,39.0,39.9,25.9,21,3.31,971.0,30.088,46.94,38.26,0,39.14
2017-05-21,141,13,39.4,39.4,25.8,20,0.51,960.0,32.648,47.51,38.54,0,44.37
2017-05-22,142,12,36.6,37.7,24.3,29,2.82,941.0,29.979,44.53,36.84,0,34.80
2017-05-23,143,12,37.7,37.8,25.1,25,3.38,954.0,29.916,45.46,37.45,0,36.51
2017-05-24,144,11,38.0,39.6,25.9,28,0.64,911.0,32.79,46.52,38.79,0,44.14
2017-05-25,145,11,39.2,40.7,27.5,27,1.03,908.0,32.837,47.82,40.47,1,49.32
2017-05-26,146,13,41.7,42.6,27.8,21,1.22,880.0,33.155,50.05,42.28,2,54.23
2017-05-27,147,14,40.8,40.8,28.3,29,2.3,874.0,33.539,49.55,44.24,3,57.57
2017-05-28,148,15,38.0,38.0,27.9,38,2.83,732.0,32.435,45.83,42.53,0,46.69
2017-05-29,149,14,35.5,35.5,25.4,39,2.83,871.0,30.667,43.45,37.84,0,36.97
2017-05-30,150,10,32.7,35.3,24.6,50,0.67,782.0,31.326,41.77,35.69,0,35.27
2017-05-31,151,14,37.1,37.2,26.2,33,2.34,746.0,30.994,44.72,38.85,0,39.82
2017-06-01,152,12,35.5,37.8,26.8,43,1.3,923.0,32.244,44.82,39.18,0,43.07
2017-06-02,153,12,38.1,39.4,24.9,26,2.55,970.0,30.752,46.40,38.34,0,38.87
2017-06-03,154,11,39.8,42.0,27.2,25,4.08,918.0,31.385,47.71,40.75,1,46.26
2017-06-04,155,12,43.0,44.1,29.7,20,5.76,960.0,32.456,51.91,43.91,2,57.07
2017-06-05,156,11,41.5,42.9,34.0,30,6.61,893.0,33.441,50.29,46.17,3,65.28
2017-06-06,157,11,40.8,40.8,32.1,30,4.79,858.0,33.06,48.88,44.72,4,62.46
2017-06-07,158,13,36.5,36.5,26.9,43,1.97,816.0,32.433,45.24,41.33,0,44.65
2017-06-08,159,14,35.2,35.7,27.0,47,0.14,734.0,33.621,42.46,39.99,0,44.51
2017-06-09,160,12,35.5,36.7,26.4,41,1.22,901.0,31.977,44.59,38.49,0,41.68
2017-06-10,161,11,37.1,38.9,26.1,35,0.81,890.0,32.922,46.00,39.53,0,44.52
2017-06-11,162,13,38.1,38.1,25.8,28,3.13,922.0,30.886,46.07,38.96,0,40.16
2017-06-12,163,12,38.1,38.9,25.7,28,4.41,916.0,30.572,45.57,38.96,0,39.09
2017-06-13,164,12,39.4,40.9,27.0,30,3.91,924.0,32.157,47.50,41.99,1,47.79
2017-06-14,165,11,40.4,41.0,27.1,22,4.11,893.0,31.126,48.22,40.63,2,47.64
2017-06-15,166,14,39.1,39.1,27.4,31,3.44,796.0,32.032,46.78,41.83,0,45.77
2017-06-16,167,15,36.6,36.6,24.2,33,0.3,628.0,32.263,43.32,37.97,0,38.54
2017-06-17,168,13,36.3,37.0,24.7,42,1.6,832.0,32.361,45.17,40.5,0,41.59
2017-06-18,169,14,36.1,36.5,25.2,47,3.4,809.0,32.145,44.13,42.07,0,41.60
2017-06-19,170,11,35.2,35.6,26.9,50,3.58,757.0,31.641,42.87,41.15,0,41.37
2017-06-20,171,12,33.8,34.9,25.0,51,0.67,782.0,32.452,43.14,38.29,0,39.82
2017-06-21,172,11,32.4,33.0,24.0,58,2.59,844.0,30.555,41.14,37.39,0,33.29
2017-06-22,173,13,34.2,34.2,25.0,50,2.5,909.0,31.308,43.05,38.84,0,37.80
2017-06-23,174,12,32.4,33.1,25.4,61,1.53,754.0,31.297,41.84,38.35,0,37.19
2017-06-24,175,10,34.0,35.8,26.2,53,0.5,746.0,33.25,43.51,39.44,0,43.43
2017-06-25,176,14,36.6,36.8,29.2,44,0.73,743.0,33.726,45.61,41.97,0,50.28
2017-06-26,177,12,37.0,37.0,29.0,48,2.22,876.0,33.61,46.47,44.78,0,51.50
2017-06-27,178,14,36.5,36.7,28.1,49,2.66,700.0,32.827,44.83,43.96,0,47.48
2017-06-28,179,13,33.5,33.5,26.8,61,5.0,679.0,31.147,40.47,41.21,0,38.61
2017-06-29,180,12,31.1,31.1,25.7,71,4.14,525.0,29.931,37.78,38.18,0,31.96
2017-06-30,181,12,30.4,30.4,25.9,76,2.09,690.0,30.653,40.03,37.71,0,35.02
2017-07-01,182,11,29.8,31.1,26.4,79,0.95,384.0,30.347,38.79,36.79,0,33.78
2017-07-02,183,13,30.3,30.3,25.6,76,1.8,301.0,29.735,37.90,37.42,0,31.28
2017-07-03,184,12,31.8,32.9,26.0,73,0.76,792.0,33.092,42.99,40.91,0,43.06
2017-07-04,185,17,34.6,34.6,27.6,62,2.71,294.0,31.932,41.35,44.81,0,43.01
2017-07-05,186,13,34.3,34.5,27.6,58,3.9,857.0,31.959,42.65,42.16,0,43.01
2017-07-06,187,14,34.4,34.4,27.0,59,2.3,568.0,32.128,42.72,42.86,0,42.94
2017-07-07,188,14,34.3,34.5,25.7,58,3.53,731.0,31.853,42.34,42.16,0,40.37
2017-07-08,189,10,33.6,34.6,26.7,62,3.16,739.0,31.807,42.12,41.89,0,41.19
2017-07-09,190,18,34.1,36.4,28.3,71,1.03,137.0,32.481,41.85,47.64,0,46.28
2017-07-10,191,18,33.8,36.3,29.0,71,0.45,100.0,32.404,41.10,46.59,0,46.01
2017-07-11,192,13,34.7,34.7,27.5,53,3.01,707.0,31.66,42.65,41.14,0,41.95
2017-07-12,193,13,30.8,30.8,26.0,67,3.16,648.0,29.609,38.48,36.22,0,31.49
2017-07-13,194,15,32.4,32.4,26.0,58,4.44,454.0,29.466,37.75,37.39,0,31.12
2017-07-14,195,13,32.9,32.9,27.1,64,3.45,766.0,31.362,41.26,40.73,0,39.76
2017-07-15,196,14,32.3,32.5,27.1,64,3.55,636.0,30.565,39.76,39.11,0,36.57
2017-07-16,197,11,32.6,32.8,27.1,71,2.95,703.0,31.924,41.77,42.62,0,41.89
2017-07-17,198,15,33.0,33.2,27.5,65,2.3,546.0,31.511,41.40,41.4,0,40.86
2017-07-18,199,15,33.6,33.8,27.0,64,2.06,544.0,32.042,42.28,42.73,0,42.42
2017-07-19,200,13,35.2,35.2,27.7,57,1.03,767.0,33.889,45.34,44.2,0,49.47
2017-07-20,201,12,32.3,32.3,25.5,69,2.69,676.0,31.44,41.21,40.92,0,38.08
2017-07-21,202,11,32.7,32.7,27.8,64,4.4,730.0,30.928,40.16,40.18,0,38.76
2017-07-22,203,12,31.1,31.2,26.6,71,5.04,588.0,29.909,37.57,38.18,0,32.82
2017-07-23,204,13,32.2,32.2,25.6,67,5.58,727.0,30.633,39.22,39.9,0,34.85
2017-07-24,205,11,30.5,30.5,25.1,75,5.01,651.0,29.872,37.43,37.7,0,30.72
2017-07-25,206,14,31.3,31.3,25.2,67,4.11,486.0,29.605,37.47,37.48,0,30.28
2017-07-26,207,11,30.9,31.8,25.4,71,4.07,642.0,29.949,38.17,37.63,0,31.72
2017-07-27,208,13,32.2,32.8,26.3,61,5.46,708.0,29.916,38.63,37.86,0,33.13
2017-07-28,209,12,32.0,32.1,27.0,66,5.38,701.0,30.318,38.78,39.0,0,35.24
2017-07-29,210,13,31.7,31.7,26.6,65,6.9,596.0,29.617,37.50,37.89,0,32.11
2017-07-30,211,12,31.4,31.4,26.3,67,2.82,602.0,30.183,39.33,37.74,0,34.09
2017-07-31,212,11,30.6,31.0,25.7,71,0.41,510.0,31.555,39.80,36.82,0,35.99
2017-08-01,213,17,28.7,28.7,25.5,83,2.96,209.0,28.352,34.54,34.53,0,25.05
2017-08-02,214,14,31.6,31.6,26.1,69,3.04,558.0,30.458,39.35,38.92,0,34.84
2017-08-03,215,17,31.5,31.6,26.2,70,2.57,201.0,29.701,37.30,38.97,0,32.06
2017-08-04,216,13,32.0,32.0,26.7,64,2.47,543.0,30.39,39.82,38.33,0,35.53
2017-08-05,217,13,32.8,33.4,27.1,63,0.58,665.0,32.915,42.64,40.09,0,43.46
2017-08-06,218,14,32.6,32.6,27.5,65,2.7,777.0,31.432,41.64,40.28,0,40.47
2017-08-07,219,15,31.5,31.5,25.8,72,0.61,357.0,31.56,40.20,39.65,0,37.45
2017-08-08,220,13,31.9,32.5,25.9,75,0.92,723.0,32.973,42.99,41.98,0,43.12
2017-08-09,221,14,30.4,30.4,25.7,79,0.2,343.0,31.518,38.57,38.61,0,35.70
2017-08-10,222,14,32.6,32.6,25.7,67,3.72,631.0,31.157,40.32,41.03,0,37.18
2017-08-11,223,14,34.0,34.1,27.5,59,5.71,742.0,31.358,41.08,41.76,0,40.48
2017-08-12,224,13,33.1,33.2,27.6,61,6.14,755.0,30.737,39.97,40.14,0,38.02
2017-08-13,225,14,33.0,33.1,26.8,61,3.3,626.0,30.899,40.56,39.88,0,37.71
2017-08-14,226,12,32.6,33.2,26.5,57,1.03,679.0,31.277,41.63,37.54,0,37.99
2017-08-15,227,12,32.8,32.8,27.1,61,2.45,818.0,31.302,41.90,39.36,0,39.61
2017-08-16,228,13,34.4,34.6,27.2,50,4.74,799.0,30.759,41.39,39.28,0,38.29
2017-08-17,229,13,35.4,35.8,27.7,49,3.72,834.0,31.765,43.30,41.23,0,42.88
2017-08-18,230,13,35.6,35.6,27.5,46,2.86,874.0,31.811,44.05,40.5,0,43.01
2017-08-19,231,13,30.4,30.4,27.0,73,4.24,587.0,29.572,37.27,36.85,0,31.94
2017-08-20,232,14,33.2,33.2,26.1,57,3.79,618.0,30.473,40.05,38.95,0,35.38
2017-08-21,233,12,32.7,32.7,26.7,68,2.73,751.0,31.823,41.96,41.72,0,41.04
2017-08-22,234,11,32.2,32.2,26.6,65,1.28,574.0,31.36,41.26,39.19,0,38.61
2017-08-23,235,16,31.2,31.3,26.5,74,0.89,346.0,31.083,39.83,39.44,0,37.02
2017-08-24,236,15,32.0,32.2,25.6,66,0.51,559.0,32.346,41.45,39.0,0,39.37
2017-08-25,237,14,30.8,30.8,26.2,69,1.26,614.0,30.61,40.14,36.78,0,35.01
2017-08-26,238,12,31.8,31.8,25.3,74,1.42,768.0,32.343,42.60,41.28,0,40.69
2017-08-27,239,12,32.4,32.6,25.4,66,1.71,817.0,31.893,42.48,40.09,0,39.43
2017-08-28,240,9,28.7,29.0,25.9,82,3.63,350.0,28.519,34.91,34.32,0,26.02
2017-08-29,241,12,31.2,31.2,25.8,70,5.2,692.0,30.026,38.05,38.14,0,32.44
2017-08-30,242,14,30.8,30.8,26.4,69,5.15,516.0,29.271,36.52,36.78,0,30.10
2017-08-31,243,11,28.7,28.8,24.7,86,2.95,475.0,29.329,36.84,35.2,0,27.88
2017-09-01,244,11,30.2,30.2,24.9,71,2.92,577.0,29.415,37.93,35.79,0,29.28
2017-09-02,245,17,28.1,28.1,25.0,76,2.24,65.0,26.543,31.96,31.73,0,18.14
2017-09-03,246,13,31.1,31.4,24.4,65,1.84,732.0,30.309,40.28,36.4,0,32.31
2017-09-04,247,14,32.7,32.8,25.3,65,3.1,693.0,31.263,41.04,40.56,0,37.26
2017-09-05,248,13,32.0,32.2,25.3,66,3.42,744.0,30.723,40.17,39.0,0,35.03
2017-09-06,249,13,32.4,32.5,25.9,62,1.49,713.0,31.359,41.77,38.69,0,37.97
2017-09-07,250,13,31.0,31.0,24.1,69,2.12,661.0,30.388,39.94,37.3,0,32.20
2017-09-08,251,12,31.7,32.2,24.9,68,1.52,788.0,31.536,41.80,38.86,0,37.22
2017-09-09,252,13,32.7,32.9,24.7,57,3.62,762.0,30.279,40.22,37.77,0,33.07
2017-09-10,253,12,33.8,34.4,25.6,55,0.86,805.0,32.675,43.56,39.69,0,41.77
2017-09-11,254,12,34.5,34.6,26.0,51,2.62,840.0,31.556,43.11,39.88,0,39.87
2017-09-12,255,12,33.3,33.8,25.7,56,2.66,811.0,31.055,41.88,38.85,0,37.30
2017-09-13,256,11,33.2,34.0,25.9,57,1.92,772.0,31.341,42.26,38.95,0,38.38
2017-09-14,257,11,33.3,33.7,26.0,54,1.68,770.0,31.188,42.27,38.17,0,37.93
2017-09-15,258,11,33.0,34.2,25.0,54,2.22,768.0,30.624,41.51,37.49,0,34.89
2017-09-16,259,10,30.9,33.7,25.3,62,0.0,452.0,30.591,37.52,35.13,0,31.42
2017-09-17,260,13,33.0,33.4,25.8,45,3.77,829.0,29.045,39.97,34.95,0,30.79
2017-09-18,261,13,34.7,34.8,24.1,37,4.64,821.0,29.16,41.14,35.85,0,30.20
2017-09-19,262,12,33.2,33.8,24.8,54,1.1,657.0,31.316,41.93,37.94,0,36.44
2017-09-20,263,12,34.2,35.7,25.2,49,0.5,825.0,33.133,43.72,38.49,0,41.84
2017-09-21,264,12,33.4,33.7,25.1,50,2.93,763.0,30.198,41.10,37.11,0,33.77
2017-09-22,265,9,26.4,27.2,23.9,85,3.02,211.0,26.297,31.64,26.86,0,14.40
2017-09-23,266,13,25.9,26.4,22.8,83,0.2,148.0,26.43,31.84,26.31,0,13.52
2017-09-24,267,14,30.8,30.8,21.0,59,4.37,704.0,28.531,37.18,34.19,0,23.08
2017-09-25,268,13,33.0,33.1,22.5,53,4.46,770.0,29.894,39.79,37.18,0,29.24
2017-09-26,269,11,32.1,33.2,23.7,55,2.48,763.0,29.812,40.28,35.85,0,30.34
2017-09-27,270,11,33.1,34.1,23.6,48,0.64,763.0,31.435,41.98,35.92,0,34.55
2017-09-28,271,11,33.2,33.8,23.8,46,1.79,760.0,29.945,41.40,35.57,0,31.42
2017-09-29,272,10,32.3,33.5,24.1,54,1.66,637.0,30.008,40.46,35.99,0,31.36
2017-09-30,273,12,34.2,34.8,23.4,41,2.97,813.0,29.708,41.66,36.04,0,30.87
2017-10-01,274,13,35.4,35.5,21.8,31,2.76,787.0,29.13,42.56,35.48,0,28.58
2017-10-02,275,11,34.1,35.4,22.5,38,1.41,754.0,29.813,42.02,35.1,0,29.93
2017-10-03,276,13,34.6,34.6,21.7,35,3.94,781.0,28.824,41.08,35.19,0,26.83
2017-10-04,277,11,33.1,34.4,22.0,42,1.94,747.0,29.185,40.86,34.39,0,27.05
2017-10-05,278,10,32.0,34.4,22.5,50,1.61,636.0,29.253,39.83,34.36,0,27.01
2017-10-06,279,10,32.6,34.7,22.8,39,2.38,636.0,27.906,39.26,32.97,0,23.89
2017-10-07,280,14,33.9,33.9,20.9,32,3.04,674.0,27.775,40.14,33.51,0,23.54
2017-10-08,281,10,31.4,34.6,21.5,50,0.98,620.0,29.209,39.41,33.29,0,25.64
2017-10-09,282,12,34.4,35.0,22.4,34,1.8,772.0,29.199,42.02,34.64,0,28.48
2017-10-10,283,11,33.4,34.9,21.9,36,1.14,724.0,29.081,41.05,33.56,0,26.68
2017-10-11,284,12,34.0,34.6,22.3,34,0.92,740.0,29.578,41.68,34.04,0,28.61
2017-10-12,285,10,31.7,34.2,22.4,45,1.68,604.0,28.212,38.94,32.76,0,23.69
2017-10-13,286,12,34.1,34.5,22.2,29,3.11,759.0,27.544,40.62,33.25,0,23.59
2017-10-14,287,10,32.8,35.7,21.6,38,0.1,602.0,29.75,38.27,33.07,0,25.76
2017-10-15,288,12,34.6,35.3,21.1,31,1.63,755.0,28.929,42.05,34.3,0,27.40
2017-10-16,289,12,34.7,35.3,20.9,31,2.69,749.0,28.506,41.61,34.45,0,26.33
2017-10-17,290,11,32.1,33.6,19.8,31,3.04,719.0,26.182,38.28,31.05,0,18.27
2017-10-18,291,12,33.0,33.5,20.1,30,3.45,751.0,26.709,39.14,32.0,0,20.24
2017-10-19,292,11,32.8,34.5,20.6,39,0.54,685.0,29.924,40.57,33.27,0,27.82
2017-10-20,293,11,33.7,34.7,21.6,34,1.52,666.0,28.563,40.84,33.61,0,25.57
2017-10-21,294,13,34.7,34.8,20.4,27,3.75,701.0,27.422,40.60,33.69,0,23.28
2017-10-22,295,12,34.3,35.1,19.8,27,3.31,722.0,27.23,40.47,33.18,0,22.63
2017-10-23,296,12,32.9,33.5,19.2,33,1.4,715.0,27.922,40.19,32.33,0,23.41
2017-10-24,297,12,32.7,33.2,19.5,25,4.1,722.0,25.393,38.11,31.05,0,16.66
2017-10-25,298,12,31.7,32.0,17.9,26,2.55,720.0,25.158,37.98,30.1,0,15.77
2017-10-26,299,13,31.9,32.0,18.0,26,1.49,682.0,25.77,38.52,30.3,0,17.39
2017-10-27,300,13,30.6,30.9,17.9,35,0.5,644.0,27.428,37.78,29.81,0,19.81
2017-10-28,301,12,30.3,31.4,19.0,39,1.27,695.0,26.665,37.77,29.92,0,18.40
2017-10-29,302,13,30.4,30.8,17.5,34,0.86,659.0,26.407,37.50,29.49,0,17.56
2017-10-30,303,12,29.2,29.8,17.4,38,1.88,685.0,25.143,36.20,28.63,0,13.91
2017-10-31,304,12,29.2,30.2,17.9,41,0.32,664.0,27.266,36.25,28.91,0,18.06
2017-11-01,305,13,30.6,30.6,19.7,35,1.14,606.0,26.252,37.42,29.81,0,17.32
2017-11-02,306,12,29.7,30.4,18.3,44,1.08,667.0,26.929,37.40,29.81,0,18.59
2017-11-03,307,11,28.3,29.4,18.2,47,1.63,623.0,25.516,35.62,28.51,0,14.15
2017-11-04,308,12,28.4,29.3,17.8,48,1.71,651.0,25.741,35.87,28.71,0,14.83
2017-11-05,309,11,27.8,29.2,18.5,48,0.28,619.0,26.747,34.89,28.07,0,15.78
2017-11-06,310,13,29.1,29.3,17.9,41,1.84,626.0,25.355,35.97,28.8,0,14.20
2017-11-07,311,12,28.0,28.6,17.3,49,1.98,618.0,25.292,35.12,28.36,0,13.31
2017-11-08,312,12,28.5,29.2,16.3,43,2.19,649.0,24.975,35.30,28.36,0,12.84
2017-11-09,313,11,27.4,29.1,16.6,51,1.97,603.0,24.957,34.55,27.88,0,12.09
2017-11-10,314,12,27.8,28.8,15.9,45,2.28,645.0,24.561,34.59,27.84,0,11.35
2017-11-11,315,12,27.0,27.7,15.2,46,1.79,616.0,24.132,34.12,27.18,0,9.96
2017-11-12,316,12,26.8,27.5,14.9,49,2.91,634.0,23.914,33.06,27.18,0,8.78
2017-11-13,317,13,27.4,27.6,16.4,45,2.16,601.0,24.165,34.05,27.47,0,10.08
2017-11-14,318,12,27.0,27.5,15.9,42,4.61,628.0,22.909,31.33,26.97,0,5.56
2017-11-15,319,12,25.9,26.2,16.6,44,2.22,539.0,22.565,32.10,25.8,0,5.47
2017-11-16,320,12,25.7,25.7,15.5,44,2.48,541.0,22.304,31.64,25.59,0,4.65
2017-11-17,321,13,25.3,25.3,15.4,43,3.26,467.0,21.484,29.82,25.15,0,2.76
2017-11-18,322,12,25.4,25.4,16.4,47,3.16,534.0,22.183,30.66,25.31,0,3.71
2017-11-19,323,13,24.6,24.6,15.4,26,4.39,586.0,18.757,28.27,24.2,0,1.64
2017-11-20,324,13,22.6,22.8,12.0,31,3.92,607.0,17.882,26.96,22.16,0,0.70
2017-11-21,325,12,22.6,23.3,11.2,36,4.38,624.0,18.419,26.65,22.23,0,0.47
2017-11-22,326,13,23.9,24.1,10.8,31,4.63,600.0,18.839,27.48,23.53,0,1.07
2017-11-23,327,13,23.7,24.0,11.1,28,3.91,600.0,18.401,27.98,23.28,0,1.43
2017-11-24,328,13,24.4,24.7,10.2,29,3.28,591.0,19.221,29.34,24.03,0,2.41
2017-11-25,329,14,24.9,24.9,11.4,28,2.91,500.0,19.409,29.59,24.54,0,2.59
2017-11-26,330,13,24.7,24.9,10.1,33,2.58,583.0,20.163,30.45,24.39,0,3.22
2017-11-27,331,13,24.8,25.1,11.4,31,4.66,586.0,19.562,28.31,24.47,0,1.67
2017-11-28,332,13,25.4,25.6,10.8,30,2.97,580.0,20.237,30.59,25.09,0,3.32
2017-11-29,333,12,24.9,25.8,11.5,37,1.21,595.0,21.561,32.09,24.66,0,4.40
2017-11-30,334,12,24.3,25.3,11.6,41,1.64,596.0,21.209,31.41,24.08,0,3.90
2017-12-01,335,13,23.7,23.9,9.4,33,2.08,580.0,19.495,30.08,23.34,0,2.95
2017-12-02,336,13,23.7,23.8,11.1,33,0.54,573.0,20.968,31.18,23.34,0,3.74
2017-12-03,337,13,22.9,22.9,11.2,31,1.42,532.0,18.814,29.67,22.48,0,2.65
2017-12-04,338,12,22.0,22.7,9.4,42,1.84,529.0,19.048,28.81,21.68,0,2.03
2017-12-05,339,13,22.8,22.8,13.9,38,2.48,500.0,19.0,28.40,22.46,0,1.74
2017-12-06,340,12,20.8,20.9,14.1,41,1.65,429.0,17.735,27.23,20.4,0,0.89
2017-12-07,341,13,22.4,22.7,14.3,24,3.97,501.0,16.631,25.83,21.86,0,0.00
2017-12-08,342,14,23.9,23.9,11.2,23,4.48,478.0,17.568,26.63,23.42,0,0.45
2017-12-09,343,14,23.7,23.7,10.3,32,1.1,482.0,19.717,30.24,23.33,0,3.06
2017-12-10,344,13,23.6,23.9,10.5,37,1.14,565.0,20.43,30.86,23.29,0,3.51
2017-12-11,345,13,23.4,23.4,11.4,36,1.99,408.0,19.233,28.77,23.07,0,2.00
2017-12-12,346,11,19.9,20.8,13.4,65,0.51,481.0,20.556,28.94,19.77,0,2.12
2017-12-13,347,13,19.3,19.7,11.4,57,1.5,560.0,18.324,27.69,19.04,0,1.22
2017-12-14,348,13,20.2,20.4,9.6,37,3.18,569.0,16.609,25.51,19.72,0,0.00
2017-12-15,349,13,20.0,20.2,7.9,37,4.42,521.0,16.125,23.18,19.51,0,0.00
2017-12-16,350,14,19.5,19.5,7.6,34,5.44,494.0,15.218,21.09,18.95,0,0.00
2017-12-17,351,14,21.0,21.0,8.3,31,5.46,495.0,16.15,22.71,20.48,0,0.00
2017-12-18,352,14,23.5,23.5,10.1,28,4.88,494.0,17.913,25.99,23.07,0,0.00
2017-12-19,353,14,22.4,22.5,9.4,38,2.34,472.0,18.637,28.01,22.04,0,1.45
2017-12-20,354,14,21.8,21.8,10.5,51,2.08,440.0,19.473,28.02,21.58,0,1.46
2017-12-21,355,14,22.9,22.9,11.8,51,3.33,475.0,20.211,27.68,22.74,0,1.21
2017-12-22,356,13,23.0,23.3,11.1,44,5.54,562.0,19.4,25.76,22.75,0,0.00
2017-12-23,357,13,22.2,22.5,10.9,35,5.1,578.0,17.791,25.12,21.79,0,0.00
2017-12-24,358,12,21.5,22.3,10.0,43,0.5,537.0,20.171,29.66,21.16,0,2.64
2017-12-25,359,13,21.8,22.1,9.1,44,3.91,565.0,18.57,26.21,21.49,0,0.15
2017-12-26,360,13,21.9,22.3,8.9,43,3.33,568.0,18.674,27.07,21.58,0,0.77
2017-12-27,361,14,22.5,22.5,8.4,38,2.27,494.0,18.797,28.35,22.15,0,1.70
2017-12-28,362,13,22.3,22.6,8.5,41,2.55,566.0,19.013,28.41,21.98,0,1.74
2017-12-29,363,14,21.6,21.6,8.1,48,1.84,491.0,19.217,28.41,21.33,0,1.74
2017-12-30,364,13,20.9,21.1,8.1,49,1.84,568.0,18.868,28.38,20.61,0,1.72
2017-12-31,365,13,19.6,20.2,7.3,49,0.94,574.0,18.395,28.32,19.25,0,1.68
2018-01-01,1,12,19.2,20.1,6.8,44,1.1,578.0,17.407,27.74,18.76,0,1.25
2018-01-02,2,13,19.5,19.8,6.5,47,2.05,575.0,17.343,26.89,19.12,0,0.64
2018-01-03,3,13,19.3,19.8,6.9,47,2.72,588.0,16.956,25.80,18.91,0,0.00
2018-01-04,4,16,19.1,20.3,5.9,53,0.64,226.0,17.389,25.29,18.77,0,0.00
2018-01-05,5,14,20.3,20.3,6.6,42,0.22,511.0,19.045,27.13,19.89,0,0.82
2018-01-06,6,14,19.5,19.5,5.5,47,2.64,518.0,17.017,25.60,19.12,0,0.00
2018-01-07,7,14,18.8,18.8,6.1,42,4.79,530.0,15.542,21.62,18.32,0,0.00
2018-01-08,8,14,19.6,19.6,6.8,40,3.38,533.0,16.282,24.45,19.13,0,0.00
2018-01-09,9,14,19.8,19.8,5.8,40,3.62,539.0,16.42,24.33,19.34,0,0.00
2018-01-10,10,14,20.8,20.8,7.3,40,5.2,540.0,17.056,23.33,20.39,0,0.00
2018-01-11,11,14,21.2,21.2,8.3,37,5.15,541.0,17.093,23.75,20.77,0,0.00
2018-01-12,12,14,21.9,21.9,8.9,37,3.29,535.0,17.979,26.72,21.51,0,0.52
2018-01-13,13,13,21.3,21.6,6.5,42,2.94,617.0,18.228,27.34,20.94,0,0.97
2018-01-14,14,14,21.9,21.9,7.3,36,3.22,554.0,17.919,26.92,21.49,0,0.67
2018-01-15,15,14,21.8,21.8,7.2,37,4.66,563.0,17.706,25.09,21.4,0,0.00
2018-01-16,16,14,22.1,22.1,9.0,32,2.72,571.0,17.791,27.81,21.65,0,1.30
2018-01-17,17,14,21.3,21.3,7.8,44,3.44,547.0,18.186,26.22,20.97,0,0.16
2018-01-18,18,14,23.8,23.8,8.9,44,2.0,554.0,20.831,30.46,23.59,0,3.22
2018-01-19,19,13,23.1,23.4,9.7,44,3.0,630.0,20.03,29.09,22.86,0,2.23
2018-01-20,20,14,22.0,22.1,8.7,33,4.46,582.0,17.486,25.58,21.56,0,0.00
2018-01-21,21,14,21.4,21.4,7.1,32,1.08,586.0,18.101,29.15,20.92,0,2.27
2018-01-22,22,14,21.7,21.7,7.1,40,2.13,578.0,18.557,28.47,21.33,0,1.78
2018-01-23,23,15,15.7,16.1,10.7,78,4.34,252.0,15.197,17.34,15.53,0,0.00
2018-01-24,24,14,18.4,18.7,8.3,49,2.06,522.0,16.419,25.62,17.99,0,0.00
2018-01-25,25,13,18.9,19.5,8.6,54,4.52,652.0,16.961,23.37,18.58,0,0.00
2018-01-26,26,14,19.9,19.9,7.6,51,3.66,589.0,17.644,25.06,19.59,0,0.00
2018-01-27,27,14,19.8,19.9,7.2,45,2.52,600.0,17.297,26.57,19.41,0,0.41
2018-01-28,28,14,21.2,21.2,6.8,43,3.33,604.0,18.123,26.64,20.85,0,0.46
2018-01-29,29,14,21.9,21.9,7.5,42,3.55,610.0,18.597,27.03,21.57,0,0.74
2018-01-30,30,14,24.3,24.3,10.0,39,6.28,599.0,19.957,26.86,24.05,0,0.62
2018-01-31,31,14,24.2,24.2,12.8,36,6.26,611.0,19.534,26.76,23.91,0,0.55
2018-02-01,32,14,25.4,25.4,11.2,39,3.55,607.0,21.301,30.39,25.21,0,3.17
2018-02-02,33,14,24.4,24.4,11.0,43,2.05,610.0,21.348,31.26,24.21,0,3.80
2018-02-03,34,14,23.1,23.1,10.9,32,3.38,628.0,18.566,28.27,22.7,0,1.64
2018-02-04,35,14,22.0,22.0,8.6,31,4.03,644.0,17.423,26.48,21.53,0,0.35
2018-02-05,36,13,21.9,22.0,6.9,26,1.75,642.0,17.425,29.17,21.36,0,2.29
2018-02-06,37,14,22.1,22.1,11.6,30,4.46,465.0,17.013,24.73,21.62,0,0.00
2018-02-07,38,13,22.1,22.3,8.7,27,4.34,734.0,17.099,26.74,21.59,0,0.53
2018-02-08,39,13,21.9,22.0,6.8,27,2.95,710.0,17.207,28.14,21.38,0,1.55
2018-02-09,40,13,22.5,22.9,7.7,29,3.04,726.0,17.95,28.69,22.03,0,1.94
2018-02-10,41,14,23.8,23.8,8.7,24,0.85,531.0,19.158,30.56,23.33,0,3.29
2018-02-11,42,13,23.8,23.8,9.2,28,4.17,593.0,18.426,27.75,23.38,0,1.26
2018-02-12,43,13,21.8,21.8,12.8,56,4.08,551.0,19.708,26.33,21.65,0,0.24
2018-02-13,44,13,20.9,21.5,10.1,57,0.85,691.0,20.769,30.43,20.72,0,3.20
2018-02-14,45,13,21.4,21.7,10.0,39,6.15,738.0,17.649,24.50,21.01,0,0.00
2018-02-15,46,14,23.1,23.1,11.9,45,5.73,661.0,19.72,26.42,22.87,0,0.30
2018-02-16,47,14,24.5,24.5,11.7,42,4.92,669.0,20.736,28.57,24.3,0,1.86
2018-02-17,48,14,25.0,25.0,12.7,41,4.6,662.0,21.094,29.32,24.81,0,2.40
2018-02-18,49,13,24.7,25.0,11.9,34,3.06,758.0,20.46,30.98,24.41,0,3.59
2018-02-19,50,13,25.0,25.4,10.0,28,2.34,767.0,20.181,31.93,24.64,0,4.28
2018-02-20,51,14,26.8,26.8,11.8,33,3.27,689.0,21.932,32.39,26.41,0,4.62
2018-02-21,52,12,28.3,29.5,15.2,34,1.26,738.0,24.363,35.76,27.53,0,11.71
2018-02-22,53,13,29.5,29.9,14.1,30,2.33,742.0,24.141,36.11,28.3,0,11.83
2018-02-23,54,11,27.1,29.6,15.8,46,0.3,563.0,25.683,33.91,27.27,0,12.77
2018-02-24,55,13,28.6,28.6,17.0,50,2.75,758.0,25.918,35.80,29.15,0,15.28
2018-02-25,56,13,27.1,27.8,16.3,43,1.66,768.0,24.255,34.97,27.1,0,10.77
2018-02-26,57,14,26.9,26.9,15.3,34,6.28,722.0,21.723,30.57,26.52,0,3.30
2018-02-27,58,14,28.8,28.8,15.7,39,4.53,704.0,24.221,33.72,28.32,0,10.26
2018-02-28,59,13,28.8,29.3,15.1,40,2.42,747.0,24.942,35.77,28.41,0,13.14
2018-03-01,60,13,29.5,29.8,15.3,32,3.2,747.0,24.169,35.51,28.44,0,11.50
2018-03-02,61,13,30.2,30.7,17.0,35,3.04,790.0,25.317,36.71,29.38,0,14.89
2018-03-03,62,13,30.8,30.8,16.6,30,1.58,721.0,25.567,37.77,29.53,0,16.18
2018-03-04,63,12,28.1,28.1,17.1,35,2.66,776.0,23.63,34.79,27.43,0,9.59
2018-03-05,64,12,26.2,27.1,14.6,34,3.32,812.0,21.743,32.43,25.98,0,4.64
2018-03-06,65,13,27.1,27.5,14.4,30,5.47,825.0,21.565,31.65,26.48,0,4.08
2018-03-07,66,13,28.2,28.4,14.3,27,4.96,834.0,22.104,33.16,27.11,0,5.41
2018-03-08,67,13,28.9,29.5,16.1,33,0.89,818.0,25.357,36.77,27.97,0,14.48
2018-03-09,68,13,30.5,30.9,15.9,28,3.44,821.0,24.424,36.64,29.08,0,13.03
2018-03-10,69,13,30.7,31.1,16.5,25,4.21,821.0,23.907,36.27,29.06,0,11.78
2018-03-11,70,13,30.4,30.8,17.2,30,3.74,836.0,24.615,36.44,29.13,0,13.27
2018-03-12,71,12,31.0,32.1,16.5,30,3.67,838.0,25.131,37.16,29.73,0,14.99
2018-03-13,72,17,30.7,34.0,17.2,49,2.06,231.0,26.684,35.23,31.95,0,17.36
2018-03-14,73,17,30.1,32.6,20.3,52,1.35,233.0,26.773,35.31,31.53,0,17.43
2018-03-15,74,12,30.8,31.4,18.7,27,3.38,823.0,24.52,36.98,29.29,0,13.54
2018-03-16,75,11,28.9,29.7,16.5,30,2.78,774.0,23.536,35.31,27.79,0,9.92
2018-03-17,76,13,28.9,29.1,15.7,21,5.45,876.0,21.636,33.86,27.41,0,5.83
2018-03-18,77,13,30.4,30.8,16.4,19,4.6,884.0,22.564,35.92,28.54,0,8.81
2018-03-19,78,13,32.5,32.8,14.8,17,3.21,860.0,24.02,38.77,30.3,0,14.27
2018-03-20,79,13,32.9,32.9,16.1,24,1.71,850.0,26.398,40.18,31.17,0,20.10
2018-03-21,80,12,30.7,30.7,18.2,31,1.58,828.0,25.861,38.23,29.52,0,17.07
2018-03-22,81,12,29.3,29.6,17.1,35,1.48,842.0,25.384,37.15,28.48,0,15.00
2018-03-23,82,13,28.6,29.0,17.1,33,2.86,860.0,23.841,35.46,27.72,0,10.57
2018-03-24,83,13,30.8,31.1,17.4,30,4.41,872.0,24.859,36.62,29.53,0,14.01
2018-03-25,84,11,30.8,32.6,18.5,33,5.23,813.0,25.118,36.01,29.81,0,14.16
2018-03-26,85,13,33.5,33.9,18.8,25,5.48,884.0,26.035,39.35,31.94,0,19.10
2018-03-27,86,12,34.1,35.3,18.4,21,2.94,901.0,26.267,41.02,32.17,0,20.83
2018-03-28,87,12,34.7,35.5,20.6,24,2.42,888.0,27.531,42.03,33.22,0,24.34
2018-03-29,88,13,35.1,35.4,19.6,18,5.16,891.0,25.869,41.24,32.94,0,20.52
2018-03-30,89,13,34.0,34.3,20.7,21,5.1,901.0,25.708,40.03,32.06,0,19.02
2018-03-31,90,13,32.9,33.5,18.6,31,3.04,883.0,27.11,39.94,32.02,0,21.59
2018-04-01,91,14,33.1,33.1,20.8,28,2.79,805.0,26.716,39.85,31.85,0,20.72
2018-04-02,92,14,35.0,35.0,20.7,27,2.58,788.0,28.129,42.00,34.09,0,25.77
2018-04-03,93,13,35.8,36.0,22.2,27,1.3,867.0,29.674,43.71,35.18,0,30.56
2018-04-04,94,13,36.8,37.2,21.7,24,0.0,864.0,31.447,42.58,35.93,0,33.14
2018-04-05,95,13,36.6,36.6,21.9,26,1.08,874.0,30.381,44.58,36.1,0,32.64
2018-04-06,96,10,33.9,34.9,22.0,34,2.11,684.0,28.446,40.87,33.9,0,25.48
2018-04-07,97,13,33.5,33.5,20.9,33,3.48,829.0,27.741,40.18,33.14,0,23.37
2018-04-08,98,13,33.4,33.4,21.4,36,3.83,795.0,28.006,39.81,33.56,0,23.76
2018-04-09,99,15,33.3,33.3,21.9,32,1.14,547.0,27.904,39.74,32.69,0,23.19
2018-04-10,100,14,33.8,33.8,21.3,34,0.73,734.0,29.707,41.46,33.75,0,28.23
2018-04-11,101,13,31.9,31.9,21.5,42,4.64,854.0,27.522,38.09,32.49,0,21.21
2018-04-12,102,12,30.9,31.6,19.8,39,0.5,891.0,29.021,39.56,30.65,0,24.41
2018-04-13,103,13,32.7,33.0,19.0,18,3.33,919.0,24.447,39.23,30.53,0,15.49
2018-04-14,104,13,34.8,34.9,19.2,20,4.03,892.0,26.298,41.25,32.82,0,21.30
2018-04-15,105,13,36.5,36.5,20.8,20,3.05,900.0,27.879,43.68,34.78,0,26.77
2018-04-16,106,13,37.0,37.0,23.2,21,1.3,786.0,29.2,44.24,35.58,0,31.36
2018-04-17,107,13,36.7,36.7,22.4,20,2.9,854.0,28.011,43.77,35.03,0,27.64
2018-04-18,108,12,35.9,36.5,22.2,21,6.59,916.0,27.018,42.45,34.22,0,24.28
2018-04-19,109,11,36.0,37.3,23.3,23,3.12,846.0,28.048,42.97,34.68,0,28.06
2018-04-20,110,11,36.8,39.0,21.7,16,6.48,682.0,26.231,42.39,34.54,0,22.64
2018-04-21,111,13,33.6,34.0,19.5,19,3.92,919.0,25.21,39.98,31.47,0,17.82
2018-04-22,112,13,33.9,34.3,20.9,13,5.8,936.0,23.694,39.78,31.43,0,14.80
2018-04-23,113,13,35.2,35.6,20.9,15,5.25,924.0,25.235,41.39,32.77,0,19.37
2018-04-24,114,13,37.5,37.9,21.6,12,4.7,919.0,26.167,44.03,34.68,0,23.75
2018-04-25,115,13,40.0,40.3,22.9,10,3.61,912.0,27.52,46.91,36.71,1,31.86
2018-04-26,116,13,40.4,41.2,23.8,12,1.22,914.0,29.663,47.60,37.69,2,39.49
2018-04-27,117,13,38.6,38.6,25.7,25,3.16,875.0,30.587,46.32,38.82,0,39.61
2018-04-28,118,13,38.3,38.6,25.4,27,3.92,868.0,30.566,45.73,38.97,0,38.85
2018-04-29,119,11,37.6,38.6,23.4,28,0.78,833.0,31.956,45.71,38.14,0,38.82
2018-04-30,120,13,38.9,38.9,24.2,25,2.21,841.0,31.121,46.87,39.29,0,39.44
2018-05-01,121,14,37.5,37.5,24.4,31,4.24,790.0,30.518,44.42,38.91,0,36.63
2018-05-02,122,14,36.7,36.7,23.4,35,5.46,782.0,30.362,43.24,38.79,0,34.27
2018-05-03,123,13,33.9,34.8,23.4,44,5.85,861.0,29.396,40.31,36.33,0,29.41
2018-05-04,124,14,34.3,34.6,24.4,41,3.12,770.0,29.683,41.48,36.22,0,31.92
2018-05-05,125,11,35.1,37.0,24.3,38,0.54,820.0,32.163,43.70,36.81,0,38.32
2018-05-06,126,13,38.1,38.2,25.5,21,5.06,844.0,28.849,44.91,37.02,0,34.41
2018-05-07,127,13,36.8,37.2,23.5,24,1.63,861.0,29.59,44.56,35.93,0,32.82
2018-05-08,128,12,33.8,33.8,22.9,32,4.19,862.0,27.716,40.24,33.37,0,24.50
2018-05-09,129,12,34.6,35.4,20.8,26,0.94,875.0,28.956,42.35,33.4,0,27.33
2018-05-10,130,12,36.5,37.6,22.0,23,2.73,893.0,28.644,43.94,35.32,0,28.60
2018-05-11,131,13,39.7,40.1,24.3,21,3.36,867.0,30.472,47.35,39.25,1,40.33
2018-05-12,132,13,40.1,40.1,27.1,25,3.0,843.0,31.792,48.08,41.25,2,49.03
2018-05-13,133,13,36.6,36.6,24.9,39,4.71,738.0,30.992,43.26,39.99,0,37.67
2018-05-14,134,14,36.7,36.8,22.7,33,1.61,772.0,31.088,44.68,38.15,0,35.62
2018-05-15,135,14,37.2,37.5,24.7,30,0.51,767.0,32.49,45.16,38.08,0,40.92
2018-05-16,136,14,38.9,38.9,25.0,24,2.78,776.0,30.568,46.33,38.98,0,38.82
2018-05-17,137,11,37.6,40.4,25.4,21,0.73,817.0,30.513,44.96,36.36,1,38.89
2018-05-18,138,14,39.5,39.5,26.5,17,1.88,781.0,29.708,46.73,37.88,0,38.83
2018-05-19,139,11,38.2,39.2,25.6,24,0.3,790.0,32.34,45.06,37.93,0,41.56
2018-05-20,140,13,39.9,40.0,25.7,16,3.53,861.0,29.262,47.19,38.13,1,39.15
2018-05-21,141,13,40.7,40.8,26.1,10,4.37,879.0,27.803,47.58,37.42,2,38.54
2018-05-22,142,14,42.7,42.7,28.0,12,2.77,793.0,30.191,49.93,40.26,3,49.69
2018-05-23,143,12,41.0,42.1,28.3,19,3.0,876.0,31.089,48.94,40.48,4,52.76
2018-05-24,144,11,38.6,41.6,27.6,27,1.92,665.0,31.111,45.90,39.46,5,51.09
2018-05-25,145,11,41.0,42.1,25.9,11,2.14,844.0,28.97,48.05,38.03,6,47.74
2018-05-26,146,13,42.9,42.9,27.0,8,3.67,895.0,28.756,50.07,39.06,7,50.46
2018-05-27,147,12,42.6,43.0,26.9,8,3.6,907.0,28.585,49.76,38.75,8,49.69
2018-05-28,148,11,39.7,41.9,27.0,23,1.0,829.0,32.217,47.68,39.89,9,55.59
2018-05-29,149,12,41.2,41.7,27.5,22,3.18,867.0,31.945,49.31,41.89,10,57.58
2018-05-30,150,13,40.4,40.4,27.1,29,3.4,795.0,32.715,48.33,43.46,11,58.44
2018-05-31,151,13,41.2,41.5,27.2,23,1.77,841.0,32.736,49.53,42.29,12,59.03
2018-06-01,152,14,41.0,41.2,29.1,29,3.0,770.0,33.278,49.10,44.64,13,62.84
2018-06-02,153,15,39.3,39.3,27.0,30,2.55,644.0,31.998,46.61,41.8,0,45.11
2018-06-03,154,14,37.2,37.3,28.2,40,1.91,613.0,32.2,44.89,41.64,0,45.59
2018-06-04,155,13,40.0,40.5,29.6,29,4.08,719.0,32.122,47.26,42.7,1,50.85
2018-06-05,156,14,39.7,39.7,30.9,34,4.0,664.0,32.783,46.89,44.37,0,52.30
2018-06-06,157,14,38.1,38.3,29.1,41,2.35,684.0,33.1,46.23,44.12,0,50.23
2018-06-07,158,13,38.7,39.5,28.4,35,0.4,742.0,34.779,47.06,42.71,0,52.66
2018-06-08,159,12,39.5,39.9,30.8,39,4.03,828.0,33.751,47.74,46.46,0,55.41
2018-06-09,160,12,37.2,37.2,27.3,45,3.77,779.0,32.693,45.06,43.84,0,46.41
2018-06-10,161,14,35.6,36.1,26.4,52,0.32,559.0,34.077,43.83,43.0,0,46.78
2018-06-11,162,12,38.2,39.3,28.0,40,4.22,772.0,32.676,45.76,43.88,0,47.71
2018-06-12,163,13,41.8,41.9,28.6,27,5.44,824.0,33.097,49.98,45.21,1,54.42
2018-06-13,164,12,39.7,40.5,31.8,34,6.85,852.0,32.652,47.80,44.37,2,57.09
2018-06-14,165,14,40.1,40.3,31.2,29,5.8,777.0,32.027,47.57,42.89,3,56.16
2018-06-15,166,13,38.4,38.9,32.1,31,4.77,844.0,31.25,45.68,40.51,0,48.50
2018-06-16,167,13,38.8,39.3,31.2,31,3.51,753.0,31.698,46.17,41.26,0,48.93
2018-06-17,168,14,35.7,35.7,28.5,43,2.92,658.0,31.077,42.90,39.6,0,41.63
2018-06-18,169,12,33.9,35.9,26.8,47,0.63,480.0,31.143,41.30,37.21,0,37.72
2018-06-19,170,12,37.5,38.6,26.3,36,2.75,851.0,31.887,45.66,40.68,0,42.98
2018-06-20,171,11,37.5,40.1,28.9,39,0.58,707.0,33.951,46.06,41.88,1,52.31
2018-06-21,172,13,40.7,40.7,29.8,29,2.44,794.0,33.261,49.03,44.04,2,56.68
2018-06-22,173,12,40.2,41.7,31.9,31,0.85,814.0,34.531,48.95,43.99,3,63.12
2018-06-23,174,11,38.9,40.7,30.8,32,0.61,428.0,32.894,45.42,41.85,4,57.06
2018-06-24,175,13,39.6,40.5,30.6,30,2.05,654.0,32.46,47.21,42.36,5,59.16
2018-06-25,176,13,40.6,40.8,31.1,28,4.75,729.0,32.306,47.94,43.39,6,62.03
2018-06-26,177,12,36.2,36.2,29.3,45,1.78,591.0,32.117,44.06,41.47,0,46.05
2018-06-27,178,15,33.0,34.3,25.5,66,1.68,545.0,31.897,42.00,41.8,0,39.84
2018-06-28,179,14,33.4,33.4,25.6,59,5.97,674.0,30.681,39.86,40.18,0,35.51
2018-06-29,180,14,33.2,33.2,25.8,62,4.84,716.0,31.065,40.38,40.79,0,37.07
2018-06-30,181,13,32.6,33.0,26.6,65,0.94,713.0,32.443,42.65,40.28,0,42.06
2018-07-01,182,12,34.0,34.0,27.7,62,3.93,668.0,31.892,41.79,43.03,0,42.70
2018-07-02,183,14,35.0,35.0,25.4,53,5.5,712.0,31.482,41.84,41.89,0,38.86
2018-07-03,184,15,33.7,33.7,28.4,57,1.42,522.0,31.548,41.95,40.19,0,41.93
2018-07-04,185,14,32.5,32.5,27.1,61,3.72,673.0,30.421,39.80,38.6,0,36.14
2018-07-05,186,10,32.9,34.9,26.7,64,0.6,669.0,33.091,42.89,40.73,0,43.74
2018-07-06,187,13,34.8,34.9,26.9,53,3.55,718.0,31.633,42.45,41.39,0,41.14
2018-07-07,188,14,36.1,36.1,27.3,47,3.4,773.0,32.09,43.97,42.07,0,43.83
2018-07-08,189,18,35.3,37.3,27.9,67,1.22,144.0,33.088,43.03,49.71,0,48.58
2018-07-09,190,13,36.6,36.9,29.0,52,0.41,758.0,35.666,46.59,45.69,0,55.80
2018-07-10,191,14,36.2,37.1,28.8,54,1.43,677.0,33.812,45.68,45.58,0,51.37
2018-07-11,192,12,35.0,36.3,28.4,59,0.61,698.0,34.495,45.20,44.57,0,51.47
2018-07-12,193,13,32.6,33.5,26.1,67,1.3,676.0,32.203,42.50,41.03,0,41.19
2018-07-13,194,16,32.2,32.2,26.5,67,1.22,368.0,31.049,40.29,39.9,0,37.47
2018-07-14,195,12,31.8,31.8,25.7,70,2.21,738.0,31.371,41.36,39.83,0,37.88
2018-07-15,196,14,33.2,33.2,26.2,66,3.22,623.0,31.701,41.41,42.39,0,40.08
2018-07-16,197,13,32.1,32.1,27.2,73,2.15,537.0,31.616,41.20,41.85,0,40.73
2018-07-17,198,11,33.2,33.2,27.5,68,2.59,659.0,32.179,42.36,43.24,0,43.50
2018-07-18,199,13,33.3,33.3,28.3,68,2.94,716.0,32.267,42.47,43.55,0,44.80
2018-07-19,200,14,32.0,32.9,27.4,73,2.0,487.0,31.465,40.91,41.53,0,40.35
2018-07-20,201,12,32.3,32.5,27.2,71,1.4,589.0,32.093,42.09,41.69,0,42.22
2018-07-21,202,10,30.4,30.8,26.4,82,1.39,435.0,31.066,40.02,39.55,0,37.05
2018-07-22,203,14,29.5,29.6,25.4,83,0.76,351.0,30.563,38.76,36.94,0,33.05
2018-07-23,204,14,32.4,32.4,26.1,71,2.6,674.0,31.79,41.65,42.0,0,40.16
2018-07-24,205,16,32.6,32.9,26.9,65,0.41,407.0,32.345,41.04,40.28,0,41.06
2018-07-25,206,14,32.2,32.2,27.0,73,1.49,494.0,31.925,41.64,42.16,0,41.52
2018-07-26,207,12,29.4,29.4,25.7,78,3.75,336.0,28.734,35.25,35.4,0,26.85
2018-07-27,208,14,29.1,29.1,25.1,78,2.42,380.0,28.812,36.50,34.58,0,26.89
2018-07-28,209,13,31.7,31.7,24.9,69,5.83,649.0,30.252,38.26,39.2,0,32.36
2018-07-29,210,14,32.4,32.5,25.5,67,4.0,589.0,30.845,39.62,40.46,0,35.64
2018-07-30,211,15,33.3,33.3,26.4,61,4.2,655.0,31.047,40.47,40.67,0,37.76
2018-07-31,212,13,33.5,33.5,26.8,60,4.39,799.0,31.291,41.20,40.82,0,39.27
2018-08-01,213,14,34.1,34.2,26.1,58,4.3,787.0,31.595,41.83,41.62,0,39.78
2018-08-02,214,12,33.7,34.2,27.5,58,4.51,860.0,31.288,41.48,40.57,0,40.19
2018-08-03,215,14,34.4,34.4,27.8,54,5.15,690.0,31.082,41.07,40.79,0,39.93
2018-08-04,216,13,34.0,34.0,27.7,55,4.15,767.0,31.117,41.41,40.18,0,39.91
2018-08-05,217,13,32.8,32.8,27.0,59,3.44,424.0,30.055,38.86,38.67,0,34.68
2018-08-06,218,14,27.8,28.5,25.6,79,1.0,203.0,27.647,34.82,31.46,0,22.90
2018-08-07,219,13,29.0,29.1,25.1,83,1.7,417.0,29.587,37.84,35.41,0,29.63
2018-08-08,220,13,31.5,31.5,25.0,71,3.35,685.0,30.74,39.78,39.31,0,34.54
2018-08-09,221,15,31.9,32.6,26.4,70,0.67,482.0,32.088,41.25,40.12,0,40.08
2018-08-10,222,12,32.8,32.8,26.2,69,1.24,643.0,32.598,42.90,42.42,0,42.86
2018-08-11,223,14,33.6,33.6,26.0,59,5.45,642.0,30.88,40.09,40.7,0,36.72
2018-08-12,224,14,30.2,30.4,27.1,72,2.34,492.0,29.519,38.12,36.05,0,32.27
2018-08-13,225,13,32.2,32.5,26.6,60,0.32,670.0,32.375,41.04,37.55,0,39.75
2018-08-14,226,13,32.7,32.8,26.4,65,1.25,736.0,32.245,42.72,40.56,0,41.60
2018-08-15,227,12,32.9,33.1,26.2,67,1.68,723.0,32.314,42.87,41.91,0,42.11
2018-08-16,228,12,32.2,32.4,26.5,72,1.71,751.0,32.262,42.62,41.77,0,42.13
2018-08-17,229,13,31.9,31.9,26.9,73,3.63,627.0,31.187,40.05,41.22,0,38.51
2018-08-18,230,15,31.3,32.4,26.9,75,0.6,544.0,32.423,41.45,40.09,0,41.44
2018-08-19,231,11,31.2,31.2,26.8,78,1.9,538.0,31.407,40.78,40.83,0,39.19
2018-08-20,232,11,32.2,32.8,26.7,77,0.14,608.0,34.118,41.85,43.8,0,46.07
2018-08-21,233,13,33.0,33.1,26.0,72,1.75,754.0,33.009,43.75,44.35,0,44.74
2018-08-22,234,13,33.1,33.1,26.8,66,1.5,721.0,32.501,43.14,42.1,0,43.43
2018-08-23,235,13,31.3,31.8,26.2,77,2.4,698.0,31.518,41.13,40.79,0,38.94
2018-08-24,236,13,32.7,32.7,25.5,67,3.74,738.0,31.419,40.95,41.32,0,38.00
2018-08-25,237,14,32.8,32.8,26.3,64,2.94,651.0,31.209,41.01,40.46,0,38.26
2018-08-26,238,14,32.5,32.5,25.9,64,3.56,693.0,30.845,40.30,39.64,0,36.29
2018-08-27,239,13,29.9,30.6,25.9,80,0.5,370.0,31.157,39.20,37.36,0,35.23
2018-08-28,240,15,31.0,31.0,25.6,77,2.06,539.0,31.039,40.23,39.84,0,36.33
2018-08-29,241,12,30.8,30.8,25.8,78,1.4,378.0,30.854,39.69,39.54,0,35.71
2018-08-30,242,12,31.9,32.5,25.7,77,1.82,699.0,32.363,42.53,42.78,0,41.70
2018-08-31,243,13,33.8,33.8,26.4,62,3.32,801.0,32.05,42.55,42.46,0,41.82
2018-09-01,244,12,31.7,31.8,26.2,67,1.43,727.0,31.361,41.49,38.53,0,38.06
2018-09-02,245,13,28.8,29.4,24.5,83,1.12,444.0,29.829,38.22,34.82,0,29.44
2018-09-03,246,12,30.0,30.4,24.8,76,1.84,639.0,30.284,39.50,36.56,0,32.22
2018-09-04,247,12,28.9,28.9,25.2,85,1.61,474.0,29.89,38.37,35.56,0,30.75
2018-09-05,248,12,31.3,31.4,25.2,68,3.42,713.0,30.241,39.29,37.79,0,32.91
2018-09-06,249,13,31.4,31.6,25.3,71,0.73,637.0,32.113,41.52,39.02,0,38.63
2018-09-07,250,10,30.9,30.9,25.9,76,2.48,616.0,30.838,39.98,39.2,0,35.88
2018-09-08,251,14,31.2,31.2,25.2,69,5.2,608.0,29.791,37.55,37.83,0,30.82
2018-09-09,252,13,29.6,29.7,24.4,70,5.17,405.0,28.044,34.27,34.08,0,22.83
2018-09-10,253,14,31.3,31.3,24.2,66,2.5,614.0,30.096,39.46,37.18,0,31.37
2018-09-11,254,12,30.8,30.8,25.2,72,1.91,711.0,30.73,40.40,37.66,0,34.59
2018-09-12,255,13,32.6,32.7,25.9,62,5.1,787.0,30.565,39.75,39.2,0,35.20
2018-09-13,256,12,31.8,32.2,25.6,61,3.93,843.0,29.982,39.52,36.91,0,32.73
2018-09-14,257,14,31.6,31.6,24.3,57,1.75,639.0,29.689,39.83,35.34,0,30.30
2018-09-15,258,13,32.0,32.3,23.8,53,2.58,810.0,29.514,40.14,35.11,0,29.53
2018-09-16,259,13,32.2,32.4,23.4,52,4.52,757.0,29.01,38.62,35.25,0,27.06
2018-09-17,260,13,32.1,32.1,24.0,56,3.89,796.0,29.595,39.35,36.13,0,29.72
2018-09-18,261,12,32.6,33.1,22.9,50,3.26,849.0,29.518,40.26,35.5,0,28.71
2018-09-19,262,13,33.3,33.4,22.5,45,4.18,836.0,29.235,40.11,35.49,0,27.60
2018-09-20,263,10,31.1,33.3,22.7,59,0.45,669.0,31.232,40.29,34.81,0,31.48
2018-09-21,264,12,31.4,31.4,23.9,67,4.59,750.0,30.049,38.64,37.74,0,30.55
2018-09-22,265,13,28.1,28.1,22.6,77,7.71,539.0,27.349,32.86,31.88,0,17.58
2018-09-23,266,12,29.0,29.0,23.6,78,6.71,636.0,28.535,34.89,34.31,0,23.35
2018-09-24,267,14,26.4,26.5,23.2,86,3.58,284.0,26.517,31.76,26.87,0,14.09
2018-09-25,268,12,28.8,29.1,22.6,67,5.01,679.0,27.426,34.69,31.78,0,19.00
2018-09-26,269,13,30.6,30.7,22.1,60,2.82,710.0,28.822,38.32,34.01,0,24.51
2018-09-27,270,12,30.9,31.6,22.0,61,1.36,800.0,30.131,40.37,34.88,0,28.67
2018-09-28,271,12,31.9,32.2,22.6,58,1.51,804.0,30.589,41.21,36.26,0,31.35
2018-09-29,272,13,32.4,32.6,22.2,52,0.14,786.0,31.943,39.84,35.64,0,32.22
2018-09-30,273,11,30.7,31.8,22.2,61,3.77,755.0,28.862,37.88,34.46,0,24.55
2018-10-01,274,13,32.4,32.5,22.0,49,2.64,783.0,29.293,40.17,34.86,0,26.93
2018-10-02,275,13,33.2,33.3,21.7,50,2.02,774.0,30.389,41.61,36.7,0,30.73
2018-10-03,276,11,31.8,32.8,21.7,52,0.36,728.0,31.213,40.32,34.47,0,30.53
2018-10-04,277,12,31.6,32.6,22.0,56,0.41,725.0,31.518,40.68,35.08,0,31.59
2018-10-05,278,12,32.0,32.7,21.0,52,0.57,784.0,31.206,41.21,34.86,0,31.30
2018-10-06,279,12,31.8,32.2,20.3,43,2.48,787.0,28.017,39.27,32.53,0,23.00
2018-10-07,280,12,31.2,31.8,20.0,48,1.77,782.0,28.482,39.41,32.55,0,24.00
2018-10-08,281,14,32.4,32.4,20.0,43,0.41,660.0,30.328,40.16,33.47,0,28.36
2018-10-09,282,13,31.6,31.9,21.7,52,1.75,741.0,29.284,39.95,34.1,0,26.48
2018-10-10,283,14,31.7,31.7,21.9,54,4.08,608.0,28.653,37.67,34.77,0,23.88
2018-10-11,284,10,28.1,28.5,20.4,68,2.6,600.0,27.231,35.66,30.59,0,18.20
2018-10-12,285,12,29.1,29.9,18.3,49,0.5,768.0,28.377,37.88,29.67,0,21.62
2018-10-13,286,13,29.1,29.1,18.4,41,2.97,738.0,25.135,35.59,28.8,0,13.52
2018-10-14,287,13,30.1,30.2,17.0,32,4.44,747.0,24.41,35.25,29.0,0,11.98
2018-10-15,288,13,31.4,31.6,17.7,35,1.49,720.0,26.909,38.70,30.73,0,19.83
2018-10-16,289,14,30.8,30.8,18.9,46,1.61,509.0,27.36,37.53,31.58,0,20.16
2018-10-17,290,13,31.9,32.5,19.1,41,0.63,715.0,29.293,39.87,32.31,0,25.77
2018-10-18,291,12,31.4,31.4,19.2,44,4.33,710.0,27.207,37.09,32.12,0,19.75
2018-10-19,292,11,30.5,31.7,18.5,40,1.3,696.0,26.953,38.03,30.28,0,19.26
2018-10-20,293,11,30.3,31.3,18.4,34,1.3,679.0,25.884,37.39,29.38,0,16.45
2018-10-21,294,10,27.6,30.1,18.4,44,0.7,506.0,25.121,34.57,27.58,0,12.30
2018-10-22,295,11,28.0,29.7,16.1,37,3.27,699.0,23.507,33.80,27.47,0,8.66
2018-10-23,296,11,28.8,30.1,16.4,35,1.66,689.0,24.518,35.82,28.02,0,12.23
2018-10-24,297,12,29.6,30.1,17.6,37,1.75,713.0,25.478,36.78,28.94,0,15.08
2018-10-25,298,12,29.4,30.2,16.1,41,1.21,710.0,26.245,37.08,29.12,0,16.81
2018-10-26,299,13,29.9,30.2,16.6,34,2.0,665.0,25.074,36.53,28.98,0,14.15
2018-10-27,300,11,28.0,29.7,18.0,48,1.14,654.0,25.819,35.86,28.27,0,14.80
2018-10-28,301,12,29.5,29.9,16.2,35,3.25,703.0,24.523,35.35,28.67,0,12.14
2018-10-29,302,11,28.1,29.5,16.0,46,1.43,661.0,25.435,35.71,28.21,0,13.95
2018-10-30,303,12,28.7,29.2,18.2,47,1.12,687.0,26.426,36.67,28.96,0,16.79
2018-10-31,304,11,28.0,29.3,18.2,47,0.0,647.0,26.904,34.11,28.19,0,15.56
2018-11-01,305,13,28.8,29.0,18.1,43,0.1,545.0,26.751,34.17,28.67,0,15.50
2018-11-02,306,13,29.9,30.0,17.5,45,1.51,634.0,26.79,37.28,30.19,0,18.38
2018-11-03,307,12,28.1,28.3,19.8,47,4.2,584.0,24.484,32.83,28.3,0,10.11
2018-11-04,308,12,26.4,27.4,17.3,51,0.32,663.0,25.985,34.20,26.41,0,13.45
2018-11-05,309,13,25.3,25.5,15.0,42,2.61,637.0,21.867,31.62,25.14,0,4.06
2018-11-06,310,13,25.9,26.1,15.3,33,4.61,651.0,20.855,30.00,25.65,0,2.89
2018-11-07,311,13,25.9,26.1,12.6,26,2.86,656.0,20.25,31.57,25.56,0,4.02
2018-11-08,312,12,25.8,26.4,13.5,32,0.41,665.0,23.167,33.16,25.54,0,7.37
2018-11-09,313,12,26.0,26.7,12.8,40,1.46,654.0,22.82,33.36,25.85,0,6.87
2018-11-10,314,13,27.3,27.5,14.0,40,0.1,615.0,25.313,32.84,27.09,0,11.23
2018-11-11,315,12,27.3,28.0,14.4,42,0.51,635.0,25.464,35.02,27.2,0,13.13
2018-11-12,316,14,27.9,27.9,14.9,43,1.53,496.0,24.424,34.33,27.78,0,10.88
2018-11-13,317,14,28.1,28.1,17.1,45,1.9,492.0,24.652,34.33,28.13,0,11.44
2018-11-14,318,14,26.0,26.0,17.9,54,1.3,396.0,23.857,32.57,26.03,0,8.25
2018-11-15,319,11,25.2,26.7,16.3,56,0.58,578.0,24.794,33.56,25.22,0,10.74
2018-11-16,320,12,24.5,25.3,14.4,38,5.49,633.0,20.145,27.79,24.25,0,1.29
2018-11-17,321,13,24.9,25.1,14.0,42,3.47,599.0,21.223,30.02,24.72,0,2.91
2018-11-18,322,13,26.7,26.8,14.3,40,2.36,581.0,22.822,32.82,26.65,0,6.48
2018-11-19,323,13,26.5,26.6,16.8,44,3.69,513.0,22.666,30.97,26.43,0,4.85
2018-11-20,324,13,27.0,27.2,15.6,46,2.7,590.0,23.721,33.10,27.18,0,8.44
2018-11-21,325,12,26.2,26.7,14.6,38,3.85,618.0,21.829,30.94,26.03,0,3.57
2018-11-22,326,12,26.0,26.6,12.5,35,0.32,596.0,23.489,32.59,25.78,0,7.57
2018-11-23,327,12,25.5,26.3,12.8,36,4.98,613.0,20.792,29.10,25.27,0,2.24
2018-11-24,328,13,25.7,26.0,14.4,34,5.91,588.0,20.561,28.50,25.46,0,1.81
2018-11-25,329,13,25.0,25.2,12.0,37,2.42,586.0,20.974,31.05,24.76,0,3.65
2018-11-26,330,13,25.3,25.6,11.0,40,3.68,580.0,21.262,30.01,25.12,0,2.90
2018-11-27,331,13,25.1,25.3,11.8,51,2.62,563.0,22.552,31.35,25.05,0,4.90
2018-11-28,332,12,24.5,25.2,14.6,53,0.71,580.0,23.58,32.70,24.44,0,7.82
2018-11-29,333,13,25.3,25.5,13.5,46,3.05,561.0,22.059,30.82,25.19,0,3.59
2018-11-30,334,13,25.6,25.8,12.6,42,3.74,568.0,21.728,30.25,25.46,0,3.07
2018-12-01,335,13,24.6,24.8,12.2,38,3.61,571.0,20.415,29.25,24.35,0,2.35
2018-12-02,336,13,24.2,24.3,11.1,36,0.89,568.0,21.108,31.48,23.91,0,3.96
2018-12-03,337,11,22.3,23.9,10.3,45,0.4,543.0,21.235,30.13,22.03,0,2.98
2018-12-04,338,12,22.8,23.4,12.7,44,1.22,551.0,20.405,30.31,22.54,0,3.11
2018-12-05,339,13,22.7,22.9,9.9,46,2.05,555.0,20.052,29.50,22.46,0,2.52
2018-12-06,340,12,22.1,23.0,12.4,51,0.89,578.0,20.917,30.44,21.9,0,3.21
2018-12-07,341,12,22.4,22.9,10.7,45,3.41,580.0,19.328,27.59,22.14,0,1.15
2018-12-08,342,12,22.4,23.0,9.5,44,1.43,579.0,19.963,29.98,22.12,0,2.87
2018-12-09,343,12,21.5,22.5,11.1,49,0.78,576.0,20.329,29.94,21.24,0,2.85
2018-12-10,344,13,22.2,22.2,10.0,51,1.84,539.0,20.17,29.39,22.0,0,2.45
2018-12-11,345,14,21.6,21.6,9.4,42,0.42,444.0,19.915,28.87,21.26,0,2.07
2018-12-12,346,14,18.3,18.3,11.5,60,4.24,334.0,16.395,20.69,18.03,0,0.00
2018-12-13,347,14,19.6,19.6,10.2,49,2.69,451.0,17.136,25.15,19.25,0,0.00
2018-12-14,348,12,19.3,20.2,9.4,50,2.33,575.0,17.333,26.40,18.95,0,0.29
2018-12-15,349,13,20.4,20.8,8.7,45,3.8,564.0,17.45,24.98,20.04,0,0.00
2018-12-16,350,14,20.8,20.8,8.0,39,2.64,495.0,17.324,26.36,20.38,0,0.26
2018-12-17,351,13,20.6,20.7,7.4,39,3.16,557.0,17.142,25.88,20.17,0,0.00
2018-12-18,352,14,20.4,20.4,7.1,37,3.78,498.0,16.527,24.29,19.93,0,0.00
2018-12-19,353,14,20.3,20.3,6.8,40,2.91,495.0,16.922,25.53,19.87,0,0.00
2018-12-20,354,13,20.0,20.3,5.9,38,1.5,581.0,17.206,27.79,19.52,0,1.29
2018-12-21,355,13,19.6,20.0,6.2,40,2.66,578.0,16.548,25.89,19.13,0,0.00
2018-12-22,356,13,19.2,19.6,5.9,40,0.42,580.0,18.147,28.00,18.71,0,1.44
2018-12-23,357,14,19.8,19.8,6.1,42,1.26,493.0,17.373,27.38,19.37,0,0.99
2018-12-24,358,14,20.4,20.4,6.1,38,2.66,492.0,16.863,25.92,19.94,0,0.00
2018-12-25,359,13,19.2,19.6,6.1,37,4.26,580.0,15.563,23.03,18.67,0,0.00
2018-12-26,360,14,19.0,19.0,5.6,33,2.78,507.0,15.153,24.48,18.41,0,0.00
2018-12-27,361,12,17.4,18.8,5.2,48,0.67,579.0,16.757,26.95,16.92,0,0.69
2018-12-28,362,13,17.9,18.3,6.2,42,5.17,580.0,14.786,20.54,17.37,0,0.00
2018-12-29,363,14,19.2,19.2,5.0,37,3.64,513.0,15.551,23.43,18.67,0,0.00
2018-12-30,364,12,18.4,19.6,4.8,45,0.28,581.0,17.919,26.68,17.94,0,0.49
2018-12-31,365,13,20.4,20.7,5.4,39,3.22,578.0,16.994,25.76,19.96,0,0.00
2019-01-01,1,14,20.2,20.2,5.9,44,1.92,502.0,17.568,27.04,19.81,0,0.75
2019-01-02,2,14,21.1,21.1,7.6,45,1.75,498.0,18.532,28.03,20.77,0,1.46
2019-01-03,3,12,19.7,20.7,7.5,51,3.74,586.0,17.443,24.73,19.38,0,0.00
2019-01-04,4,12,18.3,18.8,7.1,47,2.06,507.0,16.116,25.36,17.86,0,0.00
2019-01-05,5,14,20.5,20.5,7.9,41,4.94,496.0,16.854,22.97,20.09,0,0.00
2019-01-06,6,15,18.2,18.2,9.2,56,1.8,336.0,16.477,24.48,17.87,0,0.00
2019-01-07,7,13,18.6,19.0,7.7,51,2.73,585.0,16.682,25.26,18.22,0,0.00
2019-01-08,8,12,17.7,18.3,7.5,52,3.5,598.0,15.788,23.27,17.29,0,0.00
2019-01-09,9,14,19.3,19.3,8.0,41,4.69,534.0,15.903,22.29,18.83,0,0.00
2019-01-10,10,13,19.1,19.4,6.1,40,2.88,607.0,16.106,25.31,18.61,0,0.00
2019-01-11,11,13,19.1,19.4,6.2,42,1.63,592.0,16.763,27.10,18.63,0,0.79
2019-01-12,12,13,19.6,19.8,8.5,46,2.48,590.0,17.208,26.42,19.21,0,0.30
2019-01-13,13,13,20.4,20.9,9.4,48,0.94,591.0,19.067,29.02,20.07,0,2.18
2019-01-14,14,14,18.1,18.1,8.0,30,5.8,567.0,13.71,19.61,17.42,0,0.00
2019-01-15,15,14,18.7,18.7,6.5,35,4.62,554.0,14.84,21.76,18.12,0,0.00
2019-01-16,16,14,18.9,18.9,6.5,40,1.75,540.0,16.21,26.36,18.39,0,0.26
2019-01-17,17,14,20.0,20.0,7.6,45,2.33,559.0,17.455,26.74,19.62,0,0.54
2019-01-18,18,14,20.3,20.3,5.7,36,2.05,563.0,16.929,27.17,19.81,0,0.85
2019-01-19,19,14,22.7,22.7,7.1,32,2.02,546.0,18.485,29.03,22.28,0,2.19
2019-01-20,20,15,24.8,24.8,11.8,45,0.89,402.0,22.149,31.26,24.66,0,4.08
2019-01-21,21,14,19.9,20.8,13.0,69,2.59,324.0,18.93,25.26,19.82,0,0.00
2019-01-22,22,13,19.1,19.5,11.7,65,3.71,512.0,18.011,24.15,18.93,0,0.00
2019-01-23,23,12,17.4,18.5,8.4,67,0.54,521.0,18.443,27.33,17.17,0,0.96
2019-01-24,24,13,19.3,19.6,9.7,59,1.8,612.0,18.449,27.73,19.06,0,1.25
2019-01-25,25,13,16.9,17.0,8.8,57,2.73,632.0,15.734,24.25,16.52,0,0.00
2019-01-26,26,13,17.0,17.2,7.0,40,3.31,668.0,14.279,23.11,16.4,0,0.00
2019-01-27,27,12,15.4,16.2,5.3,45,4.88,615.0,12.933,18.57,14.79,0,0.00
2019-01-28,28,13,16.8,17.1,6.0,37,4.95,679.0,13.555,20.27,16.15,0,0.00
2019-01-29,29,14,18.2,18.2,5.8,37,4.33,616.0,14.753,22.18,17.62,0,0.00
2019-01-30,30,14,18.5,18.5,6.2,40,2.27,529.0,15.618,25.18,17.97,0,0.00
2019-01-31,31,13,18.2,18.6,7.4,51,4.18,496.0,15.852,21.86,17.8,0,0.00
2019-02-01,32,13,18.9,19.3,10.8,60,1.82,534.0,17.98,26.87,18.66,0,0.63
2019-02-02,33,14,19.4,19.4,7.8,56,3.19,617.0,17.796,25.66,19.13,0,0.00
2019-02-03,34,14,19.8,19.9,7.6,55,2.19,625.0,18.399,27.55,19.54,0,1.12
2019-02-04,35,14,20.7,20.8,7.5,48,1.82,634.0,18.746,28.62,20.39,0,1.89
2019-02-05,36,14,22.0,22.0,9.7,57,1.8,518.0,20.545,29.37,21.87,0,2.44
2019-02-06,37,14,23.1,23.1,13.6,66,3.31,533.0,21.989,28.99,23.14,0,2.16
2019-02-07,38,15,20.1,20.1,12.1,76,6.9,334.0,19.256,20.61,20.13,0,0.00
2019-02-08,39,11,16.5,18.6,7.9,67,1.84,621.0,16.502,25.67,16.23,0,0.00
2019-02-09,40,14,18.8,18.8,8.1,46,3.85,660.0,16.277,24.04,18.37,0,0.00
2019-02-10,41,13,18.3,18.3,6.7,47,2.64,642.0,16.19,25.41,17.86,0,0.00
2019-02-11,42,13,19.2,19.3,7.6,50,1.35,694.0,18.025,28.39,18.84,0,1.73
2019-02-12,43,14,21.3,21.3,10.5,53,0.3,628.0,21.443,29.60,21.08,0,2.60
2019-02-13,44,14,23.4,23.5,10.3,47,1.14,630.0,21.533,31.49,23.21,0,3.96
2019-02-14,45,13,20.0,20.4,13.6,72,5.67,382.0,18.989,21.82,19.97,0,0.00
2019-02-15,46,16,20.4,20.7,12.7,68,0.41,302.0,20.643,27.82,20.34,0,1.31
2019-02-16,47,15,19.3,19.3,10.4,63,2.97,325.0,17.76,23.80,19.12,0,0.00
2019-02-17,48,14,20.7,20.7,10.6,51,4.42,672.0,18.368,25.39,20.43,0,0.00
2019-02-18,49,13,22.4,22.5,9.8,49,3.09,686.0,20.002,28.82,22.19,0,2.04
2019-02-19,50,11,20.3,22.1,12.4,63,0.45,592.0,21.319,29.91,20.17,0,2.83
2019-02-20,51,14,20.5,20.5,14.8,63,4.92,395.0,18.759,22.95,20.38,0,0.00
2019-02-21,52,14,25.4,25.4,14.1,55,3.92,608.0,23.034,30.64,25.42,0,5.31
2019-02-22,53,13,22.5,22.7,13.2,52,4.72,762.0,20.18,27.50,22.33,0,1.09
2019-02-23,54,13,21.1,21.5,10.5,41,5.2,793.0,17.788,25.39,20.72,0,0.00
2019-02-24,55,14,22.0,22.0,10.8,40,3.22,714.0,18.724,28.16,21.65,0,1.56
2019-02-25,56,14,22.3,22.3,10.0,39,2.15,682.0,19.173,29.58,21.95,0,2.59
2019-02-26,57,13,21.4,21.4,11.9,50,4.39,562.0,18.733,25.38,21.15,0,0.00
2019-02-27,58,13,17.2,17.6,9.8,64,1.7,590.0,16.922,26.15,16.92,0,0.11
2019-02-28,59,13,19.3,19.3,7.3,39,4.44,798.0,16.149,24.40,18.8,0,0.00
2019-03-01,60,14,21.1,21.1,7.2,37,3.33,735.0,17.632,27.23,20.67,0,0.89
2019-03-02,61,14,20.9,20.9,11.4,48,1.61,583.0,18.928,28.71,20.6,0,1.96
2019-03-03,62,15,21.6,21.6,11.1,61,1.99,540.0,20.519,29.10,21.5,0,2.24
2019-03-04,63,13,22.4,22.5,11.8,62,2.95,711.0,21.359,29.67,22.36,0,2.65
2019-03-05,64,12,21.5,21.9,11.7,46,3.86,794.0,18.883,27.48,21.2,0,1.07
2019-03-06,65,14,23.3,23.3,10.9,37,5.16,719.0,19.16,27.24,22.98,0,0.89
2019-03-07,66,13,23.6,23.9,10.3,35,2.75,833.0,19.868,30.74,23.26,0,3.42
2019-03-08,67,12,24.2,24.2,11.8,39,2.42,763.0,20.857,31.40,23.95,0,3.90
2019-03-09,68,14,25.2,25.2,12.6,39,4.98,746.0,21.096,29.65,25.0,0,2.63
2019-03-10,69,13,24.5,24.7,11.3,27,3.23,856.0,19.48,30.98,24.11,0,3.60
2019-03-11,70,15,26.4,26.4,14.5,43,3.93,410.0,22.219,29.84,26.31,0,3.19
2019-03-12,71,10,23.9,26.6,13.0,45,3.85,620.0,20.639,28.81,23.71,0,2.03
2019-03-13,72,14,22.8,23.2,13.2,44,1.02,335.0,19.91,28.84,22.54,0,2.05
2019-03-14,73,13,24.2,24.2,12.1,42,4.07,628.0,20.543,28.83,23.99,0,2.04
2019-03-15,74,13,24.9,25.1,11.8,35,3.54,861.0,20.786,31.21,24.63,0,3.76
2019-03-16,75,13,24.9,25.3,12.2,32,3.19,862.0,20.5,31.52,24.59,0,3.99
2019-03-17,76,14,26.6,26.6,12.9,29,2.66,786.0,21.548,33.20,26.34,0,5.20
2019-03-18,77,13,26.9,27.2,12.3,28,2.77,859.0,21.731,33.72,26.28,0,5.58
2019-03-19,78,13,29.3,29.5,13.9,27,3.53,855.0,23.308,35.43,27.96,0,9.64
2019-03-20,79,14,30.7,30.7,18.3,29,4.3,725.0,24.428,35.82,29.35,0,12.56
2019-03-21,80,13,30.3,30.3,15.2,27,2.47,864.0,24.471,37.30,28.82,0,13.50
2019-03-22,81,11,27.1,29.1,16.0,29,4.95,815.0,21.482,31.89,26.44,0,4.26
2019-03-23,82,13,29.6,30.0,15.7,22,6.18,882.0,22.28,34.48,27.98,0,7.02
2019-03-24,83,13,31.0,31.3,18.4,29,3.75,862.0,24.985,37.19,29.64,0,14.70
2019-03-25,84,13,28.4,28.4,17.3,36,3.81,813.0,23.766,34.30,27.74,0,9.60
2019-03-26,85,12,28.9,29.9,15.4,32,4.74,887.0,23.545,34.41,27.91,0,9.33
2019-03-27,86,14,31.1,31.1,15.3,32,3.62,785.0,25.465,37.11,30.04,0,15.70
2019-03-28,87,14,33.8,33.8,18.4,28,3.33,785.0,27.1,40.22,32.7,0,22.03
2019-03-29,88,13,35.3,35.8,19.0,29,2.1,863.0,29.083,43.02,34.89,0,28.61
2019-03-30,89,12,35.8,35.9,20.2,27,0.2,868.0,31.26,42.29,35.18,0,32.30
2019-03-31,90,10,31.7,34.4,19.4,31,5.24,695.0,25.395,36.43,30.59,0,15.28
2019-04-01,91,14,33.5,33.5,18.4,17,5.73,832.0,24.266,38.93,31.24,0,15.19
2019-04-02,92,11,31.4,33.5,18.4,23,1.84,850.0,24.933,38.53,29.59,0,15.56
2019-04-03,93,13,34.8,35.0,18.1,19,2.59,895.0,26.487,41.83,32.72,0,22.04
2019-04-04,94,13,35.8,36.4,18.8,22,1.2,886.0,28.793,43.41,34.26,0,28.11
2019-04-05,95,12,36.6,37.8,21.6,25,0.1,884.0,31.555,42.52,35.87,0,33.28
2019-04-06,96,12,36.4,37.7,21.3,25,0.63,883.0,30.835,44.29,35.59,0,33.09
2019-04-07,97,12,35.1,35.1,21.7,36,3.39,853.0,29.647,42.37,36.26,0,29.71
2019-04-08,98,14,35.3,35.3,21.3,26,1.14,796.0,29.086,42.77,34.3,0,28.21
2019-04-09,99,12,35.1,36.7,20.2,27,0.73,884.0,29.947,43.02,34.22,0,29.99
2019-04-10,100,12,35.9,37.5,21.6,23,0.81,888.0,29.64,43.57,34.55,0,29.93
2019-04-11,101,12,37.0,37.9,23.8,22,3.01,895.0,28.73,44.37,35.78,0,31.35
2019-04-12,102,14,37.3,37.3,22.5,21,2.14,799.0,28.914,44.54,35.97,0,30.37
2019-04-13,103,12,36.8,36.8,22.6,23,3.94,890.0,28.541,43.79,35.72,0,29.15
2019-04-14,104,14,37.6,37.6,23.9,22,4.63,811.0,28.711,44.21,36.58,0,31.61
2019-04-15,105,13,38.3,38.6,24.0,21,4.38,891.0,29.182,45.46,37.29,0,33.78
2019-04-16,106,14,31.1,31.1,22.4,38,3.22,569.0,26.096,36.51,30.76,0,17.20
2019-04-17,107,14,25.9,25.9,18.9,55,3.74,717.0,23.704,31.97,25.94,0,7.53
2019-04-18,108,11,26.0,27.9,16.4,52,0.28,835.0,26.285,34.44,26.01,0,14.19
2019-04-19,109,13,29.5,29.9,18.5,36,2.82,787.0,24.927,36.18,28.75,0,13.53
2019-04-20,110,11,31.2,32.8,19.6,33,0.81,841.0,27.483,39.13,30.25,0,21.05
2019-04-21,111,13,35.2,35.4,20.0,25,3.71,804.0,27.606,41.64,34.0,0,24.49
2019-04-22,112,9,32.7,37.3,21.8,34,0.71,550.0,28.269,39.31,32.22,0,23.39
2019-04-23,113,13,38.9,39.1,23.9,20,3.11,890.0,29.709,46.49,37.85,0,35.61
2019-04-24,114,13,39.7,40.2,25.3,23,1.44,863.0,31.826,47.88,39.89,1,44.67
2019-04-25,115,11,39.3,39.3,27.0,25,1.66,730.0,31.53,46.96,39.93,0,43.78
2019-04-26,116,11,39.0,40.0,25.2,19,4.34,844.0,29.181,46.05,37.73,1,37.44
2019-04-27,117,12,39.5,40.2,26.8,15,6.45,918.0,28.267,46.98,37.42,2,39.80
2019-04-28,118,11,38.6,40.8,26.2,14,5.3,870.0,27.402,45.33,36.21,3,37.49
2019-04-29,119,14,40.7,40.7,25.8,12,4.08,817.0,28.451,47.54,38.02,4,42.95
2019-04-30,120,13,41.6,41.6,25.5,13,6.15,820.0,29.121,49.09,39.37,5,47.14
2019-05-01,121,12,39.7,40.7,24.5,16,1.33,910.0,30.235,47.35,37.89,6,47.94
2019-05-02,122,11,37.7,37.7,26.7,26,5.71,835.0,29.531,44.49,37.73,0,37.05
2019-05-03,123,12,37.5,37.5,24.7,22,3.45,858.0,28.943,44.64,36.44,0,33.24
2019-05-04,124,12,37.7,38.0,24.1,12,5.15,918.0,26.236,44.26,34.88,0,26.57
2019-05-05,125,13,38.6,38.7,23.1,10,6.58,910.0,26.046,45.45,35.31,0,26.07
2019-05-06,126,13,39.9,40.1,23.5,12,4.89,904.0,27.845,46.92,37.16,1,33.35
2019-05-07,127,13,40.0,40.0,23.3,14,4.93,852.0,28.466,47.00,37.78,2,36.24
2019-05-08,128,14,41.6,41.6,26.0,10,4.49,819.0,28.334,48.43,38.35,3,42.05
2019-05-09,129,13,41.1,41.1,27.0,12,5.57,858.0,28.551,48.34,38.46,4,45.27
2019-05-10,130,12,40.3,40.3,29.5,14,4.4,899.0,28.84,47.58,38.13,5,49.73
2019-05-11,131,12,38.6,38.6,24.9,18,4.74,859.0,28.568,45.51,36.99,0,33.60
2019-05-12,132,13,38.2,38.5,24.9,20,3.42,863.0,29.039,45.42,36.92,0,34.40
2019-05-13,133,14,38.5,38.5,24.7,19,2.3,700.0,29.113,45.30,37.08,0,34.27
2019-05-14,134,13,35.3,35.6,24.3,31,3.41,823.0,28.915,42.24,35.33,0,30.57
2019-05-15,135,14,36.6,36.9,24.8,28,0.92,763.0,30.732,44.24,36.58,0,36.50
2019-05-16,136,12,35.6,36.7,24.9,32,1.49,830.0,30.192,43.64,36.04,0,34.96
2019-05-17,137,11,34.9,34.9,24.4,32,1.1,740.0,29.773,42.51,34.96,0,32.37
2019-05-18,138,13,32.6,33.4,21.3,42,4.31,813.0,28.138,38.92,33.58,0,23.38
2019-05-19,139,12,35.4,36.5,23.6,28,3.77,882.0,28.448,42.31,34.83,0,28.74
2019-05-20,140,12,38.3,38.7,24.0,20,4.18,878.0,28.964,45.40,37.05,0,33.24
2019-05-21,141,12,39.0,39.3,25.6,20,3.36,854.0,29.662,46.38,37.99,0,37.48
2019-05-22,142,11,38.4,39.2,27.1,25,2.11,811.0,30.713,46.17,38.51,0,41.26
2019-05-23,143,11,39.0,39.2,26.4,23,1.57,794.0,31.032,46.75,38.83,0,41.58
2019-05-24,144,14,35.2,35.3,26.4,35,4.21,760.0,29.251,41.58,36.16,0,33.49
2019-05-25,145,12,36.3,36.5,25.1,25,6.36,869.0,28.159,42.81,35.46,0,30.54
2019-05-26,146,14,38.2,38.2,24.7,20,4.72,798.0,28.68,44.83,36.92,0,33.06
2019-05-27,147,12,39.9,40.7,26.2,19,4.43,875.0,29.899,47.31,38.94,1,41.32
2019-05-28,148,13,40.4,40.7,26.0,12,4.75,888.0,28.208,47.47,37.69,2,39.21
2019-05-29,149,12,41.1,41.9,26.4,14,2.38,891.0,29.986,48.74,39.06,3,46.13
2019-05-30,150,12,42.9,43.4,27.1,12,2.69,892.0,30.523,50.59,40.49,4,51.50
2019-05-31,151,13,43.8,44.1,28.3,12,3.51,845.0,30.853,51.42,41.55,5,56.18
2019-06-01,152,13,42.4,43.6,28.9,20,2.11,863.0,32.767,50.75,42.96,6,62.20
2019-06-02,153,14,42.3,42.8,29.0,22,1.3,781.0,33.591,50.42,43.69,7,63.91
2019-06-03,154,14,41.4,41.4,29.9,29,4.05,771.0,33.358,49.33,45.44,8,64.38
2019-06-04,155,13,40.5,41.7,29.6,30,2.73,843.0,33.278,48.97,44.12,9,63.13
2019-06-05,156,12,40.9,41.5,28.6,31,2.53,832.0,33.869,49.56,45.43,10,63.99
2019-06-06,157,13,42.8,42.8,30.2,21,3.47,823.0,32.803,50.97,44.06,11,64.36
2019-06-07,158,13,40.4,41.4,27.0,25,0.45,794.0,34.339,48.51,41.76,12,60.89
2019-06-08,159,10,38.5,41.7,27.9,30,0.32,702.0,33.543,45.72,40.33,13,57.89
2019-06-09,160,9,39.7,43.5,28.1,21,0.4,551.0,32.02,45.78,39.25,14,54.89
2019-06-10,161,11,42.8,44.0,28.2,16,1.52,823.0,32.225,50.56,41.88,15,59.82
2019-06-11,162,13,43.7,43.7,29.7,16,2.28,873.0,32.549,51.88,43.12,16,63.60
2019-06-12,163,13,39.7,39.7,30.1,33,1.5,755.0,33.656,48.21,43.9,0,53.79
2019-06-13,164,13,40.6,41.1,29.2,28,3.77,768.0,32.541,48.29,43.39,1,52.18
2019-06-14,165,11,40.1,42.1,30.6,24,4.78,815.0,31.132,47.51,40.88,2,51.32
2019-06-15,166,11,41.3,42.4,29.7,18,5.55,810.0,30.447,48.84,40.56,3,51.48
2019-06-16,167,14,38.8,38.8,28.9,32,5.2,666.0,31.465,45.38,41.65,0,45.37
2019-06-17,168,13,38.4,38.8,28.7,32,7.21,767.0,31.048,45.59,40.89,0,44.23
2019-06-18,169,13,35.8,36.1,24.7,40,3.31,779.0,30.799,43.16,38.75,0,36.54
2019-06-19,170,12,35.3,36.6,26.0,39,1.3,733.0,31.052,43.41,37.47,0,38.23
2019-06-20,171,13,37.1,37.7,24.7,33,0.91,793.0,32.168,45.38,38.85,0,40.76
2019-06-21,172,13,38.2,38.9,27.7,36,1.2,737.0,33.149,46.63,42.1,0,48.23
2019-06-22,173,12,39.6,40.3,28.1,24,2.95,849.0,31.191,47.45,40.07,1,46.50
2019-06-23,174,11,37.1,38.8,29.1,40,1.9,801.0,32.495,45.70,41.43,0,47.70
2019-06-24,175,14,37.0,37.0,27.0,44,2.42,640.0,32.5,44.84,42.91,0,45.20
2019-06-25,176,14,35.8,36.2,27.8,49,1.04,656.0,33.06,44.63,42.2,0,46.77
2019-06-26,177,12,38.5,39.7,29.5,37,3.54,796.0,32.603,46.33,43.18,0,49.48
2019-06-27,178,13,40.0,40.3,28.9,29,5.5,791.0,32.001,47.46,42.7,1,49.95
2019-06-28,179,13,41.3,42.1,28.7,27,5.29,835.0,32.725,49.32,44.25,2,54.67
2019-06-29,180,13,41.0,41.6,30.6,30,4.72,760.0,33.104,48.71,45.13,3,59.16
2019-06-30,181,13,42.5,42.9,30.6,23,4.7,819.0,32.823,50.63,44.51,4,61.45
2019-07-01,182,12,40.0,41.5,30.0,32,1.51,840.0,33.881,48.87,44.05,5,62.97
2019-07-02,183,11,37.9,40.2,31.1,40,0.99,729.0,33.787,46.66,43.2,6,63.83
2019-07-03,184,15,36.4,36.7,30.3,46,2.01,556.0,32.257,44.08,42.36,0,47.83
2019-07-04,185,13,39.1,39.1,29.6,39,2.06,722.0,33.831,47.65,45.5,0,53.73
2019-07-05,186,11,34.9,34.9,27.9,55,1.81,662.0,32.484,43.77,42.48,0,45.28
2019-07-06,187,14,34.6,34.9,27.3,56,2.69,583.0,31.83,42.44,42.12,0,42.25
2019-07-07,188,13,35.0,35.8,26.7,54,0.61,710.0,33.877,44.62,42.32,0,47.07
2019-07-08,189,13,36.4,36.4,28.3,49,0.92,697.0,33.855,45.63,43.7,0,50.14
2019-07-09,190,15,34.6,35.0,27.0,55,1.08,574.0,32.531,43.33,41.7,0,43.71
2019-07-10,191,15,34.9,34.9,27.0,57,2.76,551.0,32.154,42.72,43.36,0,43.18
2019-07-11,192,14,38.2,38.4,29.1,42,4.82,694.0,32.791,45.38,44.84,0,49.30
2019-07-12,193,14,37.7,38.2,29.9,41,4.84,749.0,32.267,44.87,43.19,0,48.26
2019-07-13,194,13,37.8,38.5,29.7,38,6.55,842.0,31.761,45.20,42.1,0,46.91
2019-07-14,195,12,36.6,36.8,29.3,37,5.22,804.0,30.677,43.33,39.28,0,42.00
2019-07-15,196,15,36.8,36.8,25.7,41,2.86,538.0,31.522,43.52,41.18,0,40.23
2019-07-16,197,12,29.1,29.1,24.6,78,1.93,357.0,28.906,36.84,34.58,0,26.72
2019-07-17,198,14,30.8,30.8,24.7,69,0.91,486.0,30.601,39.64,36.78,0,32.89
2019-07-18,199,14,32.0,32.2,24.7,64,1.5,603.0,30.966,40.92,38.33,0,35.08
2019-07-19,200,14,33.3,33.3,25.3,68,0.9,700.0,33.479,43.92,43.55,0,44.64
2019-07-20,201,15,33.9,33.9,25.9,60,0.81,555.0,32.796,43.02,41.9,0,42.78
2019-07-21,202,14,32.6,33.1,27.2,70,0.85,547.0,32.688,42.47,42.22,0,43.82
2019-07-22,203,15,34.0,34.2,27.5,66,0.67,606.0,34.019,44.30,44.84,0,48.97
2019-07-23,204,11,33.8,35.5,28.0,68,0.82,703.0,34.082,44.70,45.14,0,50.08
2019-07-24,205,11,35.3,36.7,28.0,62,1.9,770.0,33.926,45.67,46.98,0,51.16
2019-07-25,206,10,29.9,29.9,26.0,73,2.01,567.0,29.63,38.56,35.52,0,31.32
2019-07-26,207,12,29.6,29.9,25.5,80,4.75,579.0,29.459,36.44,36.46,0,29.23
2019-07-27,208,16,30.1,30.1,25.2,73,2.44,443.0,29.39,37.69,36.05,0,29.50
2019-07-28,209,12,30.9,31.8,25.5,78,4.34,716.0,30.781,39.06,39.86,0,34.88
2019-07-29,210,15,33.0,33.0,26.1,63,4.16,612.0,30.947,40.06,40.63,0,36.91
2019-07-30,211,15,32.1,32.1,26.2,65,3.54,562.0,30.368,39.22,38.93,0,34.69
2019-07-31,212,14,31.8,31.8,27.0,66,2.57,638.0,30.59,40.16,38.47,0,36.55
2019-08-01,213,12,32.0,32.2,26.8,74,3.56,720.0,31.562,40.82,41.92,0,39.91
2019-08-02,214,15,31.5,31.5,26.1,73,0.72,532.0,32.125,41.34,40.0,0,39.82
2019-08-03,215,13,30.8,30.8,26.4,78,3.5,677.0,30.788,39.40,39.54,0,36.08
2019-08-04,216,14,32.6,32.6,26.2,74,1.06,660.0,33.199,43.49,43.89,0,44.97
2019-08-05,217,14,32.5,32.9,26.5,73,0.32,629.0,34.033,42.79,43.13,0,46.11
2019-08-06,218,15,31.0,31.0,26.0,76,3.24,463.0,30.428,38.57,39.5,0,34.32
2019-08-07,219,11,29.9,30.9,25.7,85,1.86,376.0,30.495,38.94,38.8,0,34.10
2019-08-08,220,12,33.6,33.8,27.2,62,4.0,750.0,31.632,41.56,41.89,0,41.04
2019-08-09,221,14,31.4,31.4,27.6,67,7.65,648.0,29.573,37.52,37.74,0,33.16
2019-08-10,222,14,32.1,32.2,26.0,65,5.81,681.0,30.217,38.61,38.93,0,33.74
2019-08-11,223,14,32.8,32.8,26.4,72,2.31,670.0,32.383,42.61,43.69,0,42.95
2019-08-12,224,14,32.2,32.2,26.9,71,2.0,606.0,31.697,41.57,41.38,0,40.63
2019-08-13,225,12,33.2,33.2,26.9,65,3.98,823.0,31.73,41.64,41.98,0,40.97
2019-08-14,226,12,31.6,31.6,25.5,79,0.99,739.0,33.069,43.16,42.54,0,43.17
2019-08-15,227,14,31.9,31.9,27.0,72,4.75,602.0,30.845,39.05,40.85,0,37.12
2019-08-16,228,13,30.9,30.9,26.1,75,5.1,602.0,30.172,37.72,38.87,0,33.10
2019-08-17,229,13,27.5,27.7,25.3,84,7.56,419.0,27.305,31.77,31.39,0,19.67
2019-08-18,230,13,30.7,30.7,24.4,69,3.16,606.0,29.663,38.32,36.52,0,29.71
2019-08-19,231,12,30.9,31.7,24.2,75,1.32,764.0,31.664,41.56,38.87,0,36.47
2019-08-20,232,13,32.2,32.7,25.2,67,3.71,839.0,31.104,40.72,39.9,0,36.36
2019-08-21,233,13,33.7,33.9,24.6,59,4.39,837.0,31.404,41.54,40.96,0,37.22
2019-08-22,234,12,31.9,32.1,25.5,72,1.9,759.0,31.882,42.08,40.85,0,39.52
2019-08-23,235,13,32.9,32.9,25.6,68,1.28,764.0,32.821,43.45,42.32,0,42.94
2019-08-24,236,12,33.6,33.6,26.2,62,1.02,791.0,33.106,43.93,41.89,0,44.37
2019-08-25,237,13,30.4,30.4,26.1,79,1.6,584.0,31.002,40.29,38.61,0,36.43
2019-08-26,238,12,32.1,32.3,25.6,68,3.64,805.0,31.091,40.59,39.97,0,36.74
2019-08-27,239,13,33.3,33.4,26.1,63,2.02,801.0,32.175,43.04,41.46,0,41.69
2019-08-28,240,13,34.0,34.0,26.9,62,3.2,813.0,32.288,42.97,43.03,0,43.37
2019-08-29,241,12,33.6,33.6,27.3,65,3.09,744.0,32.198,42.54,43.16,0,43.40
2019-08-30,242,14,33.5,33.5,26.5,66,0.81,701.0,33.572,43.99,43.29,0,46.16
2019-08-31,243,10,32.2,33.0,26.8,71,0.36,605.0,33.435,42.16,41.38,0,44.22
2019-09-01,244,13,31.6,31.6,26.4,76,3.81,622.0,31.188,39.81,41.39,0,37.82
2019-09-02,245,13,32.3,33.2,25.8,75,0.7,598.0,33.36,43.10,43.3,0,44.30
2019-09-03,246,11,32.6,33.5,26.7,69,0.54,741.0,33.773,43.49,41.81,0,45.86
2019-09-04,247,12,32.2,32.2,25.5,68,2.2,732.0,31.516,41.66,40.26,0,38.30
2019-09-05,248,13,32.6,32.6,26.6,64,2.06,728.0,31.481,41.86,39.91,0,39.54
2019-09-06,249,13,32.7,32.9,26.9,69,1.78,680.0,32.209,42.56,42.12,0,42.59
2019-09-07,250,11,32.0,32.0,26.5,74,3.05,730.0,31.706,41.30,41.92,0,40.19
2019-09-08,251,11,31.3,33.2,26.1,76,1.1,686.0,32.192,42.01,40.44,0,40.60
2019-09-09,252,10,32.5,34.2,25.7,65,0.45,658.0,33.21,42.51,40.0,0,42.25
2019-09-10,253,10,32.9,35.2,26.6,62,0.41,663.0,33.245,42.52,39.98,0,43.37
2019-09-11,254,13,35.3,35.7,26.5,53,0.63,762.0,34.119,45.13,42.66,0,47.78
2019-09-12,255,13,33.8,33.8,27.5,65,3.28,587.0,32.068,41.92,43.76,0,43.17
2019-09-13,256,13,33.6,33.6,26.4,62,2.89,717.0,31.846,42.24,41.89,0,41.00
2019-09-14,257,14,32.2,32.2,26.0,64,3.32,593.0,30.447,39.60,38.85,0,34.85
2019-09-15,258,13,31.5,31.6,25.5,65,2.92,672.0,30.147,39.53,37.38,0,33.11
2019-09-16,259,13,32.7,33.3,25.2,63,0.32,708.0,33.329,42.15,39.82,0,41.56
2019-09-17,260,12,32.1,32.1,26.0,68,0.85,736.0,32.511,42.49,39.97,0,41.26
2019-09-18,261,14,30.1,31.9,25.9,71,0.42,533.0,31.166,39.36,35.53,0,34.69
2019-09-19,262,13,30.3,30.3,24.7,66,3.71,668.0,28.933,37.39,34.78,0,27.37
2019-09-20,263,12,30.9,30.9,23.1,68,2.37,659.0,30.077,39.49,36.75,0,29.91
2019-09-21,264,13,31.6,31.6,24.6,56,2.12,589.0,29.285,39.20,35.08,0,29.34
2019-09-22,265,14,29.7,29.9,25.1,73,2.47,551.0,29.233,37.79,35.01,0,28.77
2019-09-23,266,12,30.8,31.1,23.5,62,2.21,720.0,29.479,39.31,34.91,0,28.43
2019-09-24,267,13,31.6,31.6,23.4,60,3.11,635.0,29.538,38.89,36.16,0,28.59
2019-09-25,268,12,31.1,31.1,24.1,67,3.83,699.0,29.827,38.54,36.97,0,30.00
2019-09-26,269,12,30.5,30.5,25.1,63,5.3,660.0,28.515,36.34,34.5,0,26.18
2019-09-27,270,13,30.3,30.3,24.3,62,5.15,513.0,28.005,35.28,33.85,0,23.28
2019-09-28,271,12,29.3,29.3,22.8,66,5.37,576.0,27.589,34.52,32.61,0,19.73
2019-09-29,272,14,27.0,27.3,23.1,79,3.0,445.0,26.886,33.81,29.65,0,17.14
2019-09-30,273,12,29.7,29.7,22.6,64,1.36,606.0,28.913,38.32,33.04,0,24.90
2019-10-01,274,11,27.6,28.7,22.3,75,1.9,552.0,27.647,36.05,30.5,0,19.58
2019-10-02,275,11,29.5,30.9,22.2,65,0.57,636.0,29.981,38.78,32.83,0,26.71
2019-10-03,276,13,32.1,32.4,22.9,50,0.51,691.0,30.931,40.74,34.55,0,31.38
2019-10-04,277,12,29.7,29.7,23.1,62,2.92,669.0,28.112,37.12,32.65,0,22.96
2019-10-05,278,13,31.5,31.9,21.9,43,3.42,758.0,27.419,38.04,32.08,0,20.82
2019-10-06,279,13,31.9,32.2,21.1,39,2.19,756.0,27.604,39.22,31.96,0,21.98
2019-10-07,280,13,31.0,31.5,22.1,45,4.83,699.0,26.892,36.31,31.7,0,18.55
2019-10-08,281,13,31.4,31.7,21.0,42,2.55,748.0,27.434,38.53,31.77,0,21.09
2019-10-09,282,13,30.0,30.0,20.3,44,1.53,604.0,26.667,37.15,30.18,0,18.05
2019-10-10,283,10,30.1,31.0,20.7,49,1.39,575.0,27.419,37.50,31.04,0,20.04
2019-10-11,284,11,30.8,32.1,20.5,42,1.27,718.0,27.566,38.58,30.94,0,21.07
2019-10-12,285,11,31.3,33.2,22.1,44,1.63,713.0,27.991,39.03,31.97,0,22.69
2019-10-13,286,12,32.7,33.4,22.9,37,3.26,725.0,27.585,39.09,32.74,0,23.19
2019-10-14,287,11,31.5,33.5,20.7,44,1.92,705.0,27.985,39.02,32.26,0,22.66
2019-10-15,288,11,32.0,33.3,21.2,44,0.76,694.0,29.474,40.06,33.04,0,26.52
2019-10-16,289,11,32.2,33.3,21.6,41,0.72,693.0,29.301,40.05,32.76,0,26.08
2019-10-17,290,12,31.9,32.1,22.1,42,1.94,689.0,28.02,39.24,32.49,0,23.09
2019-10-18,291,11,31.0,31.5,22.6,49,2.3,646.0,27.911,38.19,32.42,0,22.68
2019-10-19,292,11,30.6,30.8,21.1,47,0.6,639.0,28.792,38.57,31.45,0,23.56
2019-10-20,293,11,31.1,32.6,20.3,34,3.19,692.0,25.729,37.04,30.26,0,16.23
2019-10-21,294,11,30.0,31.8,18.9,39,3.76,690.0,25.377,35.56,29.58,0,14.24
2019-10-22,295,12,30.5,31.5,19.1,33,4.74,728.0,24.822,35.46,29.5,0,13.10
2019-10-23,296,12,30.6,31.6,17.7,37,3.11,724.0,25.821,36.84,30.03,0,16.17
2019-10-24,297,11,28.9,30.9,18.0,46,0.67,673.0,27.1,36.91,29.08,0,18.29
2019-10-25,298,14,29.9,29.9,19.7,38,0.92,500.0,26.018,36.34,29.36,0,15.94
2019-10-26,299,12,29.5,30.1,18.9,42,1.08,698.0,26.569,37.23,29.34,0,17.61
2019-10-27,300,12,30.8,31.5,18.5,34,3.55,707.0,25.414,36.51,29.92,0,15.13
2019-10-28,301,12,29.7,30.4,18.3,44,1.56,696.0,26.588,37.30,29.81,0,17.87
2019-10-29,302,11,28.6,29.4,19.5,52,1.33,572.0,26.463,36.15,29.38,0,16.64
2019-10-30,303,12,30.0,31.0,21.3,50,2.94,647.0,26.929,36.58,31.05,0,18.46
2019-10-31,304,13,30.7,30.9,18.3,42,2.75,647.0,26.574,37.08,30.81,0,18.06
2019-11-01,305,12,30.1,31.2,18.9,47,0.71,665.0,28.192,38.14,30.73,0,21.85
2019-11-02,306,12,29.8,30.4,19.8,49,1.98,618.0,26.91,37.00,30.61,0,18.56
2019-11-03,307,12,28.5,28.8,19.2,51,3.64,640.0,25.516,34.28,29.14,0,13.42
2019-11-04,308,12,28.7,29.0,19.1,43,5.31,663.0,24.484,33.05,28.57,0,10.37
2019-11-05,309,12,28.6,29.2,18.2,39,5.39,667.0,23.872,32.77,28.13,0,8.85
2019-11-06,310,12,29.8,29.8,16.9,35,2.4,628.0,24.897,35.97,28.96,0,13.40
2019-11-07,311,12,26.0,26.0,19.4,54,2.15,508.0,23.736,32.56,26.03,0,8.02
2019-11-08,312,12,26.1,26.8,17.2,54,1.22,540.0,24.418,33.68,26.14,0,10.11
2019-11-09,313,13,28.5,28.5,17.1,33,4.38,625.0,23.039,32.86,27.64,0,7.15
2019-11-10,314,14,27.5,27.5,15.5,37,3.5,515.0,22.702,31.97,27.08,0,5.66
2019-11-11,315,14,26.8,26.8,15.3,37,3.75,514.0,22.053,30.97,26.58,0,3.69
2019-11-12,316,13,27.1,27.4,12.8,35,3.23,614.0,22.335,32.36,26.69,0,5.23
2019-11-13,317,13,27.0,27.2,14.6,42,1.75,568.0,23.564,33.68,26.97,0,8.50
2019-11-14,318,11,25.8,27.6,17.3,51,0.73,534.0,24.365,33.47,25.78,0,9.86
2019-11-15,319,13,26.5,27.0,16.8,47,2.98,583.0,23.302,32.29,26.47,0,7.00
2019-11-16,320,13,28.4,28.6,16.9,42,5.59,583.0,23.942,32.06,28.18,0,8.48
2019-11-17,321,13,27.6,27.9,17.4,40,6.58,590.0,22.901,30.69,27.33,0,5.21
2019-11-18,322,12,24.9,25.8,15.3,45,4.62,620.0,21.397,29.07,24.76,0,2.22
2019-11-19,323,13,25.7,25.9,14.1,39,3.11,593.0,21.635,31.08,25.52,0,3.67
2019-11-20,324,13,25.6,25.9,13.0,41,0.22,588.0,23.858,31.89,25.44,0,7.76
2019-11-21,325,11,24.9,26.2,13.5,48,0.54,534.0,23.607,32.60,24.8,0,7.80
2019-11-22,326,13,26.9,27.0,14.3,44,2.13,566.0,23.541,33.33,26.99,0,8.20
2019-11-23,327,14,26.0,26.0,15.9,48,4.89,399.0,22.302,28.66,25.95,0,2.49
2019-11-24,328,12,25.4,26.0,16.0,50,3.54,462.0,22.298,29.87,25.35,0,3.36
2019-11-25,329,13,25.3,25.5,14.7,45,1.4,512.0,22.489,32.15,25.18,0,5.37
2019-11-26,330,13,25.0,25.0,16.1,51,3.41,432.0,22.008,29.42,24.94,0,2.49
2019-11-27,331,13,25.2,25.2,15.2,42,0.5,400.0,22.772,31.64,25.04,0,5.53
2019-11-28,332,13,22.7,22.7,16.2,66,4.51,411.0,21.183,26.19,22.72,0,0.14
2019-11-29,333,14,22.7,22.9,13.2,62,1.87,469.0,21.524,29.82,22.67,0,2.76
2019-11-30,334,13,22.2,22.2,13.3,53,3.29,562.0,19.952,27.73,22.03,0,1.25
2019-12-01,335,12,20.9,21.8,11.5,51,2.47,596.0,18.866,27.79,20.64,0,1.30
2019-12-02,336,13,21.7,21.9,11.1,42,3.89,575.0,18.296,26.15,21.36,0,0.11
2019-12-03,337,13,22.0,22.4,10.2,41,3.66,578.0,18.501,26.74,21.66,0,0.53
2019-12-04,338,13,21.6,21.8,9.5,46,1.39,569.0,19.464,29.36,21.31,0,2.43
2019-12-05,339,11,19.6,21.3,10.4,56,0.67,523.0,19.279,28.47,19.34,0,1.78
2019-12-06,340,13,21.5,21.8,10.1,60,1.3,538.0,20.717,29.74,21.39,0,2.70
2019-12-07,341,12,21.3,22.4,10.0,60,1.0,581.0,20.923,30.12,21.18,0,2.97
2019-12-08,342,13,22.3,22.5,10.1,52,1.51,558.0,20.586,30.00,22.12,0,2.89
2019-12-09,343,13,21.6,21.8,9.2,46,1.49,559.0,19.371,29.19,21.31,0,2.31
2019-12-10,344,13,21.2,21.4,8.5,44,2.78,557.0,18.274,27.13,20.86,0,0.81
2019-12-11,345,13,21.3,21.4,8.9,52,1.41,526.0,19.663,29.04,21.07,0,2.19
2019-12-12,346,15,18.2,18.4,13.5,67,4.9,214.0,16.546,18.43,18.01,0,0.00
2019-12-13,347,12,19.4,19.5,11.4,64,4.28,465.0,18.028,23.20,19.23,0,0.00
2019-12-14,348,12,16.9,17.7,9.8,64,1.28,388.0,16.36,24.90,16.61,0,0.00
2019-12-15,349,13,18.2,18.5,9.3,58,2.55,545.0,16.903,25.14,17.89,0,0.00
2019-12-16,350,13,18.0,18.3,9.1,58,3.28,553.0,16.544,23.80,17.69,0,0.00
2019-12-17,351,14,18.2,18.2,8.1,57,3.55,465.0,16.419,22.81,17.88,0,0.00
2019-12-18,352,14,17.9,18.0,7.9,54,2.94,484.0,16.051,23.60,17.53,0,0.00
2019-12-19,353,13,17.0,17.2,5.8,58,1.73,496.0,16.002,25.04,16.63,0,0.00
2019-12-20,354,13,17.6,18.0,8.5,59,1.14,531.0,17.123,26.62,17.28,0,0.45
2019-12-21,355,13,16.2,16.2,10.3,67,1.9,182.0,14.973,21.03,15.91,0,0.00
2019-12-22,356,13,18.1,18.5,8.2,63,3.41,565.0,17.057,23.95,17.86,0,0.00
2019-12-23,357,14,18.6,18.6,8.2,52,2.55,498.0,16.646,24.94,18.24,0,0.00
2019-12-24,358,13,14.8,15.3,5.8,73,1.08,527.0,15.651,24.94,14.52,0,0.00
2019-12-25,359,14,15.1,15.3,5.2,59,3.36,504.0,13.832,20.48,14.65,0,0.00
2019-12-26,360,14,14.8,14.9,4.3,60,4.05,498.0,13.497,18.85,14.35,0,0.00
2019-12-27,361,14,13.4,13.6,3.3,62,2.36,508.0,12.744,21.01,12.91,0,0.00
2019-12-28,362,14,12.8,13.1,3.0,67,1.02,507.0,13.3,23.10,12.34,0,0.00
2019-12-29,363,14,12.8,13.1,3.8,62,1.51,510.0,12.565,22.17,12.28,0,0.00
2019-12-30,364,14,12.8,12.8,3.3,65,2.56,504.0,12.33,20.10,12.32,0,0.00
2019-12-31,365,13,12.2,12.9,2.0,57,1.99,595.0,11.601,21.29,11.58,0,0.00
2020-01-01,1,14,17.6,17.7,2.9,53,2.56,431.0,15.672,23.49,17.2,0,0.00
2020-01-02,2,13,19.3,19.5,6.8,56,2.91,525.0,17.6,25.35,19.02,0,0.00
2020-01-03,3,13,18.9,19.0,8.3,61,2.22,560.0,17.955,26.50,18.67,0,0.36
2020-01-04,4,13,18.7,18.9,8.8,63,1.61,500.0,18.078,26.85,18.49,0,0.62
2020-01-05,5,13,19.6,19.8,7.9,47,3.23,577.0,17.07,25.21,19.22,0,0.00
2020-01-06,6,14,17.1,17.1,10.3,58,1.72,251.0,15.391,22.76,16.74,0,0.00
2020-01-07,7,12,17.8,17.8,11.1,65,3.33,409.0,16.651,22.58,17.57,0,0.00
2020-01-08,8,12,15.3,15.3,10.3,86,2.06,267.0,15.862,21.77,15.22,0,0.00
2020-01-09,9,12,14.9,16.0,7.1,61,4.19,601.0,13.823,19.59,14.47,0,0.00
2020-01-10,10,13,16.2,16.6,5.8,58,4.38,609.0,14.774,20.59,15.79,0,0.00
2020-01-11,11,14,16.9,16.9,5.5,51,2.72,479.0,14.931,22.91,16.44,0,0.00
2020-01-12,12,14,19.7,19.7,6.0,47,2.3,521.0,17.309,26.31,19.33,0,0.23
2020-01-13,13,14,19.7,20.6,9.2,74,2.91,377.0,19.238,25.28,19.68,0,0.00
2020-01-14,14,13,17.9,18.3,10.5,69,1.39,364.0,17.577,25.57,17.72,0,0.00
2020-01-15,15,13,18.2,18.6,7.4,60,2.4,604.0,17.243,25.87,17.92,0,0.00
2020-01-16,16,12,15.6,15.8,9.4,78,2.22,438.0,15.944,23.22,15.43,0,0.00
2020-01-17,17,14,17.9,17.9,10.2,67,2.92,466.0,17.121,23.96,17.7,0,0.00
2020-01-18,18,13,17.0,17.2,8.9,70,1.62,494.0,17.039,25.62,16.79,0,0.00
2020-01-19,19,13,17.3,17.6,7.8,57,3.3,628.0,15.944,23.60,16.94,0,0.00
2020-01-20,20,14,17.5,17.5,7.2,62,2.25,504.0,16.602,24.84,17.21,0,0.00
2020-01-21,21,13,17.9,18.2,9.3,61,1.1,601.0,17.797,27.45,17.62,0,1.05
2020-01-22,22,13,18.4,18.8,7.4,59,3.68,634.0,17.059,24.15,18.12,0,0.00
2020-01-23,23,14,17.8,17.8,8.5,44,6.3,590.0,14.773,19.27,17.29,0,0.00
2020-01-24,24,14,19.2,19.2,8.4,41,6.01,591.0,15.752,21.12,18.72,0,0.00
2020-01-25,25,13,17.9,18.2,5.3,53,2.28,646.0,16.492,25.85,17.51,0,0.00
2020-01-26,26,14,20.1,20.2,7.1,54,2.91,576.0,18.251,26.39,19.84,0,0.28
2020-01-27,27,14,20.0,20.0,8.6,50,2.12,508.0,17.896,26.84,19.68,0,0.61
2020-01-28,28,14,19.3,19.3,11.0,65,4.14,435.0,17.984,23.08,19.14,0,0.00
2020-01-29,29,13,18.2,18.5,10.3,58,1.8,642.0,17.409,26.97,17.89,0,0.70
2020-01-30,30,12,17.3,18.2,8.5,62,4.32,664.0,16.22,22.36,17.0,0,0.00
2020-01-31,31,14,17.5,17.5,7.4,52,3.22,605.0,15.682,23.61,17.08,0,0.00
2020-02-01,32,13,18.2,18.3,7.6,46,2.61,680.0,16.091,25.60,17.74,0,0.00
2020-02-02,33,14,18.1,18.1,6.8,49,4.0,627.0,15.84,22.98,17.67,0,0.00
2020-02-03,34,14,18.8,18.8,6.5,44,2.08,633.0,16.55,26.56,18.34,0,0.41
2020-02-04,35,14,19.6,19.6,7.2,50,1.71,615.0,17.965,27.79,19.26,0,1.30
2020-02-05,36,13,18.9,19.0,8.3,49,4.33,671.0,16.572,23.60,18.51,0,0.00
2020-02-06,37,14,17.5,17.5,6.9,49,1.8,612.0,15.929,25.91,17.04,0,0.00
2020-02-07,38,11,17.4,18.3,8.1,54,1.08,618.0,16.808,26.97,17.0,0,0.70
2020-02-08,39,14,19.0,19.1,7.0,49,2.97,646.0,16.908,25.59,18.62,0,0.00
2020-02-09,40,14,19.8,19.8,7.0,46,2.34,656.0,17.565,27.23,19.42,0,0.89
2020-02-10,41,13,19.8,20.1,7.4,44,3.09,731.0,17.266,26.53,19.39,0,0.38
2020-02-11,42,14,20.6,20.6,7.2,41,2.83,663.0,17.628,27.13,20.19,0,0.82
2020-02-12,43,14,23.7,23.8,9.1,43,5.41,648.0,20.052,27.19,23.47,0,0.86
2020-02-13,44,14,26.6,26.6,13.0,40,5.6,657.0,22.227,30.31,26.48,0,3.54
2020-02-14,45,14,24.0,24.0,13.8,34,7.88,681.0,19.077,26.28,23.67,0,0.20
2020-02-15,46,14,24.6,24.7,12.2,30,5.73,689.0,19.28,27.92,24.25,0,1.39
2020-02-16,47,14,24.9,25.0,11.0,36,3.34,692.0,20.697,30.54,24.64,0,3.28
2020-02-17,48,13,25.0,25.5,9.1,30,4.22,768.0,19.944,30.03,24.67,0,2.91
2020-02-18,49,13,25.0,25.4,10.3,28,5.61,774.0,19.468,28.93,24.64,0,2.12
2020-02-19,50,13,25.2,25.2,10.0,34,5.33,698.0,20.363,28.99,24.93,0,2.16
2020-02-20,51,14,26.3,26.3,15.0,44,6.91,673.0,22.336,29.64,26.22,0,3.26
2020-02-21,52,15,18.6,18.9,13.6,75,5.95,371.0,17.861,19.84,18.54,0,0.00
2020-02-22,53,15,21.5,21.5,13.9,65,3.31,408.0,20.134,26.37,21.45,0,0.27
2020-02-23,54,12,23.0,23.2,13.2,60,1.46,678.0,22.33,31.74,22.96,0,4.77
2020-02-24,55,12,23.1,23.5,12.3,57,3.18,755.0,21.532,30.07,23.03,0,2.94
2020-02-25,56,13,24.2,24.4,13.1,48,3.77,765.0,21.477,30.16,24.06,0,3.00
2020-02-26,57,12,24.3,25.0,12.7,48,2.01,771.0,22.148,32.30,24.17,0,4.83
2020-02-27,58,14,25.4,25.4,13.4,49,1.51,654.0,23.297,33.20,25.34,0,7.65
2020-02-28,59,14,25.6,25.6,16.0,53,5.19,668.0,22.901,29.99,25.6,0,4.58
2020-02-29,60,12,21.2,21.9,16.1,77,2.09,513.0,21.498,29.17,21.29,0,2.29
2020-03-01,61,14,24.9,24.9,15.1,51,0.73,617.0,23.808,33.15,24.84,0,8.58
2020-03-02,62,12,24.9,25.4,14.8,59,1.48,759.0,24.154,33.81,24.94,0,9.71
2020-03-03,63,11,25.1,26.0,13.6,48,1.91,717.0,22.812,32.85,25.01,0,6.48
2020-03-04,64,13,24.6,24.9,13.9,55,1.84,653.0,23.015,32.44,24.58,0,6.57
2020-03-05,65,13,24.2,24.5,14.5,57,3.83,736.0,22.362,30.29,24.18,0,3.78
2020-03-06,66,13,21.3,21.3,13.7,64,6.88,491.0,19.587,23.05,21.23,0,0.00
2020-03-07,67,14,19.4,20.4,12.8,76,1.3,571.0,20.245,28.88,19.39,0,2.08
2020-03-08,68,13,22.2,22.7,11.6,53,3.11,826.0,20.444,29.52,22.03,0,2.54
2020-03-09,69,13,23.4,23.6,11.8,40,5.56,853.0,19.711,27.86,23.12,0,1.35
2020-03-10,70,13,23.3,23.7,10.1,42,0.76,824.0,21.92,32.46,23.04,0,4.67
2020-03-11,71,13,23.5,23.9,14.9,58,5.81,681.0,21.437,27.43,23.46,0,1.03
2020-03-12,72,12,24.6,25.7,14.3,53,5.68,831.0,22.146,29.40,24.55,0,2.73
2020-03-13,73,12,23.7,24.7,13.7,50,1.49,851.0,22.304,32.75,23.57,0,5.45
2020-03-14,74,10,19.8,20.7,13.5,71,1.02,621.0,20.588,29.59,19.74,0,2.60
2020-03-15,75,13,20.8,21.3,11.2,53,0.36,731.0,21.334,30.16,20.56,0,3.00
2020-03-16,76,14,23.7,23.9,12.8,56,3.0,758.0,22.039,30.85,23.64,0,3.58
2020-03-17,77,14,25.6,25.6,13.5,45,3.61,786.0,22.459,31.75,25.5,0,5.02
2020-03-18,78,14,27.1,27.1,14.3,48,3.91,774.0,24.059,33.07,27.39,0,9.14
2020-03-19,79,13,27.4,27.4,15.2,50,1.91,847.0,25.352,35.78,27.81,0,13.69
2020-03-20,80,14,29.0,29.0,16.0,42,2.02,715.0,25.491,36.24,28.79,0,14.66
2020-03-21,81,14,28.4,28.4,15.2,43,0.78,774.0,26.349,36.70,28.26,0,16.41
2020-03-22,82,10,25.6,28.6,15.5,55,0.32,657.0,25.673,33.67,25.63,0,12.48
2020-03-23,83,12,28.1,29.2,16.2,40,0.2,863.0,26.81,35.21,27.75,0,16.02
2020-03-24,84,14,30.2,30.2,18.2,42,1.58,607.0,26.554,37.22,30.17,0,17.89
2020-03-25,85,10,27.6,30.3,17.8,53,0.45,669.0,27.32,36.17,28.26,0,17.86
2020-03-26,86,14,29.7,29.7,18.8,41,4.97,663.0,25.144,34.33,29.46,0,12.87
2020-03-27,87,11,23.0,25.2,19.2,69,0.95,473.0,23.106,31.39,23.08,0,5.98
2020-03-28,88,13,26.8,27.3,16.1,46,4.52,879.0,23.587,32.65,27.02,0,7.81
2020-03-29,89,12,27.8,28.2,16.4,39,6.24,885.0,23.36,32.62,27.43,0,7.51
2020-03-30,90,13,28.5,28.8,15.8,33,5.06,889.0,23.305,33.82,27.64,0,8.35
2020-03-31,91,13,29.9,30.1,16.1,35,3.0,828.0,25.135,36.60,29.07,0,14.35
2020-04-01,92,11,28.7,31.1,17.6,43,0.73,814.0,26.813,37.19,28.57,0,17.76
2020-04-02,93,12,29.1,29.5,17.8,37,5.6,895.0,24.305,34.37,28.45,0,10.94
2020-04-03,94,13,28.8,29.4,16.1,27,5.16,911.0,22.66,34.10,27.56,0,7.31
2020-04-04,95,14,31.0,31.0,15.5,24,4.78,821.0,23.869,36.29,29.28,0,11.81
2020-04-05,96,13,31.4,31.6,17.0,32,2.8,865.0,26.07,38.42,30.37,0,17.91
2020-04-06,97,11,31.7,33.4,18.4,33,2.33,834.0,26.607,38.97,30.83,0,19.50
2020-04-07,98,14,32.8,32.8,18.4,26,4.0,808.0,25.804,38.73,31.27,0,17.97
2020-04-08,99,13,31.4,31.5,18.7,31,4.25,891.0,25.575,37.51,30.26,0,16.28
2020-04-09,100,14,31.4,31.5,17.5,26,4.28,825.0,24.64,37.06,29.8,0,14.01
2020-04-10,101,13,33.6,34.0,18.0,25,2.13,887.0,26.976,40.99,32.05,0,22.10
2020-04-11,102,13,34.8,35.1,19.2,26,2.43,892.0,28.007,42.26,33.65,0,25.57
2020-04-12,103,13,34.4,34.9,20.8,26,3.83,897.0,27.261,41.09,33.15,0,23.12
2020-04-13,104,14,37.0,37.0,20.8,24,5.22,809.0,28.581,43.42,36.21,0,28.44
2020-04-14,105,12,36.6,37.9,22.8,26,0.5,875.0,31.569,44.60,36.1,0,35.83
2020-04-15,106,12,36.7,37.6,25.1,22,0.81,836.0,29.929,44.15,35.39,0,34.82
2020-04-16,107,11,36.3,37.8,23.1,29,1.75,794.0,29.975,44.00,36.37,0,32.83
2020-04-17,108,13,33.6,34.7,25.2,28,1.1,839.0,28.218,41.25,32.45,0,28.52
2020-04-18,109,13,35.3,35.5,23.5,24,1.49,712.0,28.188,42.20,33.96,0,27.73
2020-04-19,110,12,33.4,33.9,22.3,31,3.0,838.0,27.469,40.33,32.66,0,23.14
2020-04-20,111,12,33.3,33.9,21.6,25,2.58,724.0,26.263,39.68,31.71,0,19.68
2020-04-21,112,11,30.6,32.2,19.6,36,0.81,837.0,27.415,38.70,29.92,0,20.49
2020-04-22,113,9,29.9,34.1,20.0,37,0.5,554.0,26.806,36.72,29.26,0,17.66
2020-04-23,114,12,35.2,35.5,24.3,22,1.73,826.0,27.761,42.44,33.53,0,27.87
2020-04-24,115,12,35.1,35.4,21.7,24,0.41,841.0,30.02,42.39,33.71,0,29.48
2020-04-25,116,11,33.7,33.7,23.6,30,2.97,829.0,27.542,40.61,32.89,0,25.08
2020-04-26,117,10,31.8,31.8,23.4,36,2.4,672.0,26.833,38.39,31.36,0,21.33
2020-04-27,118,13,30.4,30.4,20.8,51,4.52,732.0,27.217,36.25,31.83,0,19.05
2020-04-28,119,13,32.0,32.3,21.6,44,1.63,819.0,28.824,40.29,33.04,0,25.45
2020-04-29,120,13,34.3,34.7,21.1,35,0.64,775.0,30.599,42.30,34.71,0,30.89
2020-04-30,121,13,36.1,36.1,24.1,32,0.1,812.0,32.267,42.32,36.84,0,37.29
2020-05-01,122,9,32.6,38.4,22.4,51,0.45,551.0,31.195,40.65,35.77,0,31.68
2020-05-02,123,13,36.2,36.6,24.3,35,5.99,859.0,29.967,42.89,37.88,0,33.98
2020-05-03,124,11,34.7,34.7,23.5,39,4.78,725.0,29.318,40.73,36.38,0,29.70
2020-05-04,125,13,32.3,32.9,21.0,44,1.42,858.0,29.327,40.90,33.52,0,27.03
2020-05-05,126,10,32.7,34.4,23.1,38,1.8,711.0,28.255,40.07,32.92,0,25.47
2020-05-06,127,11,34.7,35.2,21.7,31,0.54,829.0,30.685,42.70,34.45,0,31.24
2020-05-07,128,13,34.9,35.8,22.1,27,0.2,874.0,30.545,41.31,33.96,0,29.91
2020-05-08,129,12,37.2,38.1,23.1,24,1.12,881.0,30.415,45.13,36.48,0,34.52
2020-05-09,130,13,39.3,39.5,25.2,21,1.48,866.0,31.01,47.24,38.68,0,40.44
2020-05-10,131,13,36.3,36.3,24.5,34,4.79,799.0,29.97,42.89,37.75,0,34.17
2020-05-11,132,13,35.8,35.8,22.8,34,2.92,805.0,29.968,43.18,36.89,0,32.07
2020-05-12,133,13,34.9,35.5,23.1,36,0.45,842.0,32.024,43.43,35.92,0,36.13
2020-05-13,134,14,35.5,35.5,25.8,33,1.2,728.0,30.317,43.19,36.13,0,35.95
2020-05-14,135,12,36.4,36.8,24.1,33,0.22,846.0,32.8,43.57,37.63,0,39.49
2020-05-15,136,13,38.0,38.2,24.7,26,4.81,838.0,29.907,44.95,38.19,0,35.94
2020-05-16,137,11,36.0,38.1,24.6,26,4.14,829.0,28.396,42.58,35.25,0,30.16
2020-05-17,138,10,36.3,38.7,24.1,23,0.67,709.0,29.764,43.19,35.06,0,32.53
2020-05-18,139,12,38.4,38.7,23.8,16,3.14,889.0,28.284,45.59,36.34,0,31.59
2020-05-19,140,10,37.6,38.6,24.7,16,0.36,727.0,29.748,43.50,35.43,0,33.56
2020-05-20,141,13,37.5,37.7,23.3,15,4.74,887.0,26.98,44.09,35.17,0,27.03
2020-05-21,142,12,39.0,40.2,24.0,15,5.81,903.0,27.956,46.11,36.84,1,33.43
2020-05-22,143,11,39.7,42.1,25.3,18,0.41,833.0,32.201,46.86,38.39,2,45.75
2020-05-23,144,11,39.8,41.7,27.7,20,0.41,701.0,32.376,46.61,39.09,3,50.63
2020-05-24,145,11,41.4,42.3,27.7,17,3.89,835.0,30.555,48.95,40.35,4,51.02
2020-05-25,146,13,42.7,43.2,27.8,13,4.88,877.0,30.167,50.42,40.65,5,53.24
2020-05-26,147,11,42.0,44.2,29.6,16,2.16,833.0,31.26,49.76,40.81,6,58.66
2020-05-27,148,12,43.2,43.7,28.9,15,3.05,845.0,31.536,51.06,42.02,7,59.75
2020-05-28,149,13,37.7,38.2,28.6,33,5.24,833.0,30.95,44.73,39.95,0,42.95
2020-05-29,150,12,35.1,35.1,25.9,41,7.4,786.0,29.753,41.51,37.71,0,34.38
2020-05-30,151,14,31.7,32.7,23.5,48,0.61,526.0,29.512,39.19,33.38,0,27.84
2020-05-31,152,14,32.3,32.6,22.9,47,0.14,603.0,30.588,38.54,34.19,0,29.01
2020-06-01,153,13,32.7,33.3,21.6,44,1.0,848.0,30.108,41.47,34.18,0,29.16
2020-06-02,154,12,33.2,34.4,24.0,45,1.7,787.0,29.915,41.51,35.31,0,31.58
2020-06-03,155,11,34.1,35.8,24.2,42,0.67,807.0,31.527,42.80,36.14,0,36.09
2020-06-04,156,11,34.2,34.4,24.9,42,2.13,734.0,30.032,41.94,36.32,0,33.53
2020-06-05,157,13,34.1,34.4,24.8,41,1.58,779.0,30.194,42.28,35.87,0,33.80
2020-06-06,158,13,34.0,34.4,24.4,42,0.82,764.0,31.033,42.44,35.96,0,35.07
2020-06-07,159,12,35.8,36.2,26.7,39,2.02,823.0,31.183,44.09,38.41,0,40.14
2020-06-08,160,11,33.9,35.5,25.6,48,1.2,788.0,31.358,42.81,37.53,0,37.93
2020-06-09,161,11,36.6,37.9,26.7,39,0.85,800.0,32.875,45.36,39.99,0,44.84
2020-06-10,162,11,38.1,38.4,28.3,36,0.92,775.0,33.489,46.74,41.89,0,49.57
2020-06-11,163,12,36.8,37.6,27.7,44,1.12,791.0,33.45,45.97,42.44,0,48.45
2020-06-12,164,13,38.0,38.5,28.9,38,0.45,646.0,34.385,46.28,42.53,0,51.87
2020-06-13,165,15,38.4,38.5,29.6,39,0.72,562.0,33.988,46.33,43.87,0,52.47
2020-06-14,166,11,35.7,38.5,29.2,52,0.61,711.0,34.246,45.29,43.26,0,51.51
2020-06-15,167,10,37.0,40.1,29.2,41,1.21,658.0,32.753,45.25,41.62,1,49.72
2020-06-16,168,13,39.2,39.2,28.5,34,1.08,761.0,33.823,47.79,43.31,0,51.72
2020-06-17,169,14,39.3,39.9,29.0,33,0.36,737.0,34.901,47.34,43.07,0,53.93
2020-06-18,170,13,39.6,41.2,28.1,34,0.41,825.0,35.618,48.48,44.16,1,57.13
2020-06-19,171,12,38.5,40.3,30.0,43,0.5,799.0,35.989,48.26,46.1,2,62.27
2020-06-20,172,13,39.2,39.2,29.5,37,3.61,765.0,33.14,47.06,44.73,0,51.60
2020-06-21,173,13,38.2,38.6,28.7,37,1.53,767.0,33.11,46.78,42.53,0,49.59
2020-06-22,174,13,35.8,36.5,27.6,48,0.5,745.0,34.186,45.18,41.77,0,48.90
2020-06-23,175,11,35.1,35.1,28.4,51,3.81,743.0,31.617,42.61,41.32,0,42.96
2020-06-24,176,15,33.1,33.1,28.3,61,2.82,497.0,30.864,40.39,40.14,0,39.37
2020-06-25,177,13,36.5,37.1,26.7,46,1.77,804.0,32.978,45.58,42.6,0,46.16
2020-06-26,178,13,35.6,36.4,27.9,52,5.23,694.0,31.901,42.56,43.0,0,43.50
2020-06-27,179,13,38.2,38.3,29.5,42,6.33,702.0,32.617,45.39,44.84,0,49.45
2020-06-28,180,12,38.5,38.9,30.3,43,6.67,640.0,32.926,45.69,46.1,0,51.65
2020-06-29,181,11,39.7,39.7,29.7,37,3.47,780.0,33.625,47.85,45.88,0,53.74
2020-06-30,182,15,36.4,36.4,27.2,48,2.12,589.0,32.576,44.39,43.24,0,45.37
2020-07-01,183,13,37.5,38.2,28.6,44,0.41,769.0,35.328,46.78,44.11,0,54.25
2020-07-02,184,12,39.2,40.6,29.9,37,3.05,743.0,33.247,47.22,44.73,1,54.05
2020-07-03,185,12,39.8,41.2,31.0,41,0.5,851.0,36.952,49.91,48.33,2,67.28
2020-07-04,186,12,37.7,37.7,28.7,46,2.14,786.0,33.814,46.82,45.6,0,52.09
2020-07-05,187,15,34.6,34.6,24.9,50,2.41,668.0,31.285,42.51,39.74,0,37.59
2020-07-06,188,12,34.6,34.7,26.5,51,2.44,769.0,31.594,43.06,40.11,0,40.57
2020-07-07,189,13,32.4,32.9,27.1,61,4.75,610.0,30.053,38.71,38.35,0,34.56
2020-07-08,190,13,32.8,32.8,25.6,67,4.24,594.0,31.191,40.06,41.62,0,37.16
2020-07-09,191,11,32.9,33.6,26.8,66,2.4,693.0,31.791,42.03,41.51,0,41.07
2020-07-10,192,14,37.2,37.8,28.7,47,4.55,710.0,32.747,44.59,44.8,0,48.17
2020-07-11,193,13,36.3,36.4,26.0,51,4.6,793.0,32.628,44.10,44.38,0,44.28
2020-07-12,194,11,33.9,35.5,28.8,58,1.12,683.0,32.513,43.31,41.09,0,45.54
2020-07-13,195,14,36.1,36.2,27.3,52,3.67,617.0,32.487,43.54,44.32,0,45.10
2020-07-14,196,13,37.8,38.6,28.9,40,1.42,753.0,33.325,46.53,42.97,0,50.21
2020-07-15,197,13,36.1,36.4,28.0,51,3.21,759.0,32.688,44.41,43.85,0,46.75
2020-07-16,198,12,33.2,33.6,28.2,65,4.08,692.0,31.516,40.99,41.98,0,41.61
2020-07-17,199,14,34.5,34.9,28.2,60,2.58,644.0,32.402,43.15,43.59,0,45.44
2020-07-18,200,13,35.7,35.8,27.3,55,2.01,663.0,33.119,44.71,44.66,0,47.27
2020-07-19,201,16,34.2,34.6,27.1,64,2.3,411.0,32.21,42.17,44.53,0,43.44
2020-07-20,202,14,33.1,33.3,26.3,65,3.47,767.0,31.666,41.63,41.69,0,40.03
2020-07-21,203,12,32.4,32.4,25.1,69,1.42,782.0,32.38,42.87,41.22,0,40.70
2020-07-22,204,14,30.2,30.3,25.3,73,3.64,640.0,29.578,37.76,36.31,0,30.12
2020-07-23,205,13,32.5,32.8,24.4,61,1.98,789.0,31.184,41.79,38.6,0,35.87
2020-07-24,206,13,32.1,32.4,26.1,67,0.81,658.0,32.249,42.03,39.62,0,40.42
2020-07-25,207,14,32.3,32.3,25.8,66,2.6,633.0,31.042,40.76,39.82,0,36.94
2020-07-26,208,14,33.9,34.1,25.6,59,0.5,705.0,33.8,43.85,41.49,0,44.77
2020-07-27,209,12,33.2,34.3,27.8,69,3.28,738.0,32.233,42.27,43.67,0,44.05
2020-07-28,210,13,35.5,35.5,29.1,55,4.39,699.0,32.348,43.04,44.11,0,46.50
2020-07-29,211,12,33.7,33.9,27.8,62,2.09,575.0,31.947,42.32,42.17,0,42.99
2020-07-30,212,11,31.5,31.9,25.8,68,0.22,532.0,32.16,39.81,38.32,0,37.81
2020-07-31,213,11,31.6,33.1,25.4,76,1.22,731.0,32.466,42.55,41.39,0,41.05
2020-08-01,214,12,32.5,32.8,26.8,70,1.58,652.0,32.194,42.42,41.91,0,42.26
2020-08-02,215,14,35.2,35.2,27.5,57,4.24,712.0,32.382,42.97,44.2,0,44.68
2020-08-03,216,12,35.1,35.9,28.5,61,3.48,711.0,32.956,43.77,45.84,0,48.12
2020-08-04,217,14,36.6,36.9,27.3,54,2.41,784.0,33.861,46.12,46.73,0,50.46
2020-08-05,218,11,33.5,33.7,28.1,67,4.74,615.0,31.811,40.94,43.73,0,42.67
2020-08-06,219,12,34.8,34.8,27.6,55,9.46,867.0,31.395,43.01,42.22,0,42.23
2020-08-07,220,13,33.2,33.6,27.2,64,4.75,753.0,31.373,40.79,41.58,0,39.88
2020-08-08,221,11,33.7,34.5,27.4,65,0.45,742.0,34.618,44.52,43.46,0,49.63
2020-08-09,222,10,32.8,33.3,26.9,70,0.58,632.0,33.633,43.34,42.84,0,46.11
2020-08-10,223,14,30.7,31.1,26.5,80,2.04,540.0,31.082,40.21,39.88,0,37.46
2020-08-11,224,13,31.5,31.8,26.5,79,1.63,552.0,31.976,41.67,42.2,0,41.07
2020-08-12,225,14,33.7,33.8,26.3,64,3.71,733.0,32.003,42.04,43.02,0,41.46
2020-08-13,226,13,27.0,27.5,25.8,95,2.98,171.0,27.743,33.08,31.99,0,22.25
2020-08-14,227,14,30.8,30.9,25.6,76,3.52,541.0,30.331,38.47,38.89,0,33.37
2020-08-15,228,12,31.8,32.3,25.9,77,3.36,758.0,31.81,41.25,42.44,0,39.84
2020-08-16,229,12,31.5,31.9,26.0,77,1.44,533.0,31.827,41.43,41.44,0,39.74
2020-08-17,230,12,32.0,32.8,26.7,77,1.97,724.0,32.43,42.67,43.12,0,43.22
2020-08-18,231,15,32.3,32.3,27.6,75,1.0,558.0,32.817,42.73,43.3,0,45.11
2020-08-19,232,14,28.9,29.1,26.1,84,1.84,288.0,29.159,36.79,35.33,0,29.19
2020-08-20,233,12,29.1,29.1,24.5,83,1.46,441.0,29.875,38.33,35.71,0,29.94
2020-08-21,234,13,32.2,32.2,25.9,64,4.7,810.0,30.521,39.66,38.85,0,34.92
2020-08-22,235,15,32.6,32.6,26.1,61,5.82,623.0,30.127,38.68,38.85,0,33.70
2020-08-23,236,15,31.4,31.4,25.8,67,4.71,535.0,29.701,37.50,37.74,0,31.28
2020-08-24,237,15,30.6,30.6,25.5,68,4.58,496.0,29.007,36.36,36.0,0,28.15
2020-08-25,238,12,31.2,31.8,25.6,70,3.69,771.0,30.4,39.38,38.14,0,33.88
2020-08-26,239,13,32.0,32.2,26.1,64,3.04,689.0,30.497,40.06,38.33,0,35.20
2020-08-27,240,16,31.5,31.5,26.6,66,0.92,376.0,30.548,39.50,37.69,0,35.24
2020-08-28,241,12,32.4,33.0,26.0,63,1.55,783.0,31.581,42.14,39.03,0,38.90
2020-08-29,242,13,32.3,32.5,25.4,67,2.32,728.0,31.437,41.56,40.18,0,37.93
2020-08-30,243,13,30.4,30.4,26.3,73,7.1,729.0,29.437,36.92,36.85,0,30.62
2020-08-31,244,13,31.2,31.5,25.2,63,5.13,665.0,29.2,37.36,36.08,0,28.92
2020-09-01,245,14,32.4,32.4,25.2,60,2.86,646.0,30.369,40.16,38.03,0,33.87
2020-09-02,246,14,32.4,32.4,25.5,60,0.32,665.0,32.544,41.25,38.03,0,39.12
2020-09-03,247,11,31.5,31.5,26.2,73,3.91,745.0,30.935,39.81,40.0,0,36.59
2020-09-04,248,12,32.3,32.3,26.2,69,3.64,748.0,31.309,40.73,40.92,0,38.30
2020-09-05,249,13,33.1,33.1,25.8,62,0.82,691.0,32.672,42.91,40.52,0,41.84
2020-09-06,250,14,31.3,31.3,25.9,72,0.45,584.0,32.612,41.37,39.07,0,40.19
2020-09-07,251,10,31.3,32.1,25.9,74,0.2,650.0,33.066,40.68,39.74,0,40.79
2020-09-08,252,11,32.2,32.9,26.1,69,1.39,756.0,32.159,42.51,40.63,0,40.97
2020-09-09,253,13,33.9,34.1,25.9,54,2.78,794.0,31.278,42.29,39.57,0,38.52
2020-09-10,254,12,33.7,34.3,26.0,53,4.17,784.0,30.604,40.92,38.74,0,36.06
2020-09-11,255,12,34.4,34.9,25.9,51,2.41,781.0,31.446,42.89,39.65,0,39.29
2020-09-12,256,11,33.6,34.7,25.5,54,1.24,760.0,31.785,42.84,38.86,0,39.14
2020-09-13,257,10,32.3,33.6,25.9,62,1.14,649.0,31.413,41.55,38.44,0,37.81
2020-09-14,258,11,32.5,33.7,26.5,63,0.41,708.0,33.141,42.35,39.29,0,42.67
2020-09-15,259,10,32.4,35.2,26.1,63,0.42,647.0,32.842,41.97,39.03,0,41.27
2020-09-16,260,11,34.8,36.3,26.8,52,2.22,778.0,32.018,43.60,40.98,0,42.44
2020-09-17,261,13,36.4,36.6,27.2,46,5.05,788.0,31.918,43.61,42.36,0,43.24
2020-09-18,262,13,36.9,37.3,27.4,42,3.71,736.0,31.912,44.25,41.81,0,43.72
2020-09-19,263,12,35.6,36.2,26.9,46,2.73,812.0,31.756,43.87,40.5,0,42.08
2020-09-20,264,11,34.5,36.0,26.4,48,3.0,777.0,30.916,42.31,38.8,0,38.14
2020-09-21,265,12,35.0,35.6,25.2,44,2.2,824.0,31.162,43.40,38.49,0,37.88
2020-09-22,266,12,33.1,33.5,26.7,65,2.5,686.0,31.811,42.07,41.69,0,41.09
2020-09-23,267,12,32.7,32.7,26.1,60,2.2,710.0,30.997,41.40,38.76,0,37.28
2020-09-24,268,10,31.5,35.4,25.5,63,0.85,643.0,31.117,40.79,36.78,0,35.62
2020-09-25,269,11,34.7,36.6,25.8,44,3.35,773.0,30.422,42.01,37.88,0,35.95
2020-09-26,270,13,34.6,34.6,24.3,39,4.19,667.0,29.241,40.58,36.21,0,30.32
2020-09-27,271,12,33.7,34.7,24.2,43,2.66,815.0,29.669,41.43,35.68,0,31.42
2020-09-28,272,12,34.3,34.8,23.5,36,4.17,823.0,28.745,40.83,34.94,0,28.15
2020-09-29,273,12,33.6,34.5,22.4,40,4.2,819.0,28.749,40.13,34.75,0,26.30
2020-09-30,274,11,32.8,34.5,22.0,37,4.6,770.0,27.466,38.59,32.88,0,21.61
2020-10-01,275,13,34.9,35.2,22.1,33,4.7,792.0,28.621,41.08,35.18,0,26.56
2020-10-02,276,12,34.0,34.7,21.7,35,2.75,814.0,28.677,41.26,34.25,0,26.33
2020-10-03,277,11,32.5,33.7,21.1,39,2.42,770.0,28.052,39.79,32.82,0,23.56
2020-10-04,278,12,32.9,33.5,18.3,31,2.76,819.0,27.1,39.84,32.02,0,21.50
2020-10-05,279,12,33.3,34.0,20.1,32,4.46,813.0,27.179,39.29,32.69,0,21.50
2020-10-06,280,13,34.0,34.1,19.4,30,4.9,786.0,27.312,39.77,33.29,0,22.32
2020-10-07,281,11,32.6,34.5,20.2,37,1.84,750.0,28.074,40.07,32.6,0,23.72
2020-10-08,282,11,32.2,34.0,19.4,37,1.08,754.0,28.344,39.98,32.04,0,23.95
2020-10-09,283,11,31.8,33.5,19.5,40,0.73,745.0,28.936,39.81,31.99,0,24.93
2020-10-10,284,11,32.2,33.7,20.5,38,1.77,729.0,27.878,39.63,32.21,0,22.89
2020-10-11,285,10,30.5,33.7,20.5,46,1.13,623.0,27.734,38.11,31.14,0,21.12
2020-10-12,286,11,31.9,33.2,20.2,43,1.56,720.0,28.445,39.69,32.68,0,24.17
2020-10-13,287,14,34.0,34.0,21.4,33,1.97,618.0,28.294,40.66,33.84,0,25.02
2020-10-14,288,11,32.3,33.1,22.5,45,1.12,646.0,29.268,40.10,33.74,0,27.00
2020-10-15,289,11,32.3,33.5,21.8,39,1.61,706.0,28.162,39.78,32.53,0,23.65
2020-10-16,290,11,31.5,32.9,18.5,25,1.3,719.0,25.501,38.29,29.82,0,16.54
2020-10-17,291,10,30.5,33.2,21.4,32,0.5,598.0,26.735,37.23,29.4,0,17.94
2020-10-18,292,11,32.1,33.2,19.3,23,2.39,700.0,24.95,38.27,30.26,0,15.65
2020-10-19,293,14,32.4,32.4,19.3,25,3.74,620.0,25.057,37.42,30.73,0,15.41
2020-10-20,294,12,32.8,33.0,17.3,18,3.67,762.0,24.206,38.43,30.62,0,14.49
2020-10-21,295,11,32.0,33.4,17.2,21,0.28,657.0,26.375,37.37,30.03,0,17.61
2020-10-22,296,13,32.4,32.5,20.3,25,1.27,642.0,26.071,38.83,30.73,0,18.34
2020-10-23,297,12,32.0,32.5,17.7,20,2.0,737.0,24.518,38.40,29.98,0,14.82
2020-10-24,298,11,31.0,32.4,18.7,27,2.2,696.0,24.855,37.38,29.48,0,14.53
2020-10-25,299,10,30.1,32.9,18.2,30,1.03,582.0,25.119,36.52,28.85,0,14.18
2020-10-26,300,11,31.2,32.2,18.5,22,0.91,682.0,25.045,37.67,29.35,0,15.05
2020-10-27,301,12,30.1,30.8,16.8,21,4.02,728.0,22.606,35.17,28.35,0,8.27
2020-10-28,302,12,29.7,30.2,15.3,24,1.53,722.0,23.707,36.43,28.14,0,11.18
2020-10-29,303,11,28.7,30.2,16.7,30,0.67,672.0,24.751,35.75,27.63,0,12.47
2020-10-30,304,11,28.6,30.1,14.5,30,3.32,668.0,22.959,33.99,27.55,0,7.78
2020-10-31,305,13,29.7,30.1,15.1,28,4.38,677.0,23.359,34.37,28.35,0,9.11
2020-11-01,306,11,27.6,29.0,14.3,23,3.4,680.0,21.044,32.80,26.56,0,4.91
2020-11-02,307,12,28.7,29.4,13.7,20,3.65,709.0,21.374,33.83,27.24,0,5.74
2020-11-03,308,12,29.4,29.7,12.8,16,2.06,703.0,21.611,35.49,27.69,0,7.11
2020-11-04,309,13,28.9,29.0,13.8,27,3.67,651.0,22.634,33.84,27.64,0,7.10
2020-11-05,310,12,29.4,30.1,14.6,24,2.5,686.0,22.915,35.39,27.9,0,8.84
2020-11-06,311,12,29.9,30.3,13.4,23,2.59,683.0,23.101,35.78,28.27,0,9.61
2020-11-07,312,13,29.3,29.5,14.2,25,4.12,649.0,22.541,33.88,27.86,0,7.03
2020-11-08,313,11,27.6,29.2,12.6,29,0.64,636.0,23.647,34.53,26.77,0,9.27
2020-11-09,314,12,28.1,28.7,12.7,29,2.02,669.0,22.826,34.55,27.12,0,7.78
2020-11-10,315,12,27.0,27.7,15.3,38,2.1,647.0,23.065,33.66,26.77,0,7.54
2020-11-11,316,12,27.2,27.7,14.5,36,1.91,646.0,23.063,33.92,26.81,0,7.73
2020-11-12,317,12,27.0,27.3,13.9,35,0.92,639.0,23.527,34.23,26.63,0,8.83
2020-11-13,318,13,27.0,27.2,13.4,34,1.0,614.0,23.226,34.01,26.58,0,8.10
2020-11-14,319,13,27.7,27.9,14.2,31,0.6,607.0,24.019,34.57,26.93,0,10.00
2020-11-15,320,13,29.0,29.0,15.8,33,4.95,554.0,23.266,32.62,28.06,0,7.57
2020-11-16,321,14,25.1,25.1,16.2,49,2.22,476.0,22.277,31.13,25.02,0,4.23
2020-11-17,322,13,24.0,24.1,14.5,53,3.0,598.0,21.727,30.11,23.92,0,2.97
2020-11-18,323,13,23.7,23.8,13.5,45,2.12,598.0,20.896,30.55,23.5,0,3.29
2020-11-19,324,13,23.1,23.2,12.7,44,1.98,591.0,20.303,30.09,22.86,0,2.95
2020-11-20,325,13,23.3,23.6,11.3,35,4.39,608.0,18.872,27.23,22.95,0,0.89
2020-11-21,326,12,22.1,22.6,11.6,37,5.95,632.0,17.913,24.70,21.72,0,0.00
2020-11-22,327,12,21.7,22.6,10.0,31,3.41,632.0,17.277,26.91,21.22,0,0.66
2020-11-23,328,13,22.9,23.1,9.0,35,0.85,590.0,19.999,30.56,22.53,0,3.29
2020-11-24,329,13,22.9,23.0,9.8,37,0.82,522.0,20.067,30.21,22.56,0,3.04
2020-11-25,330,12,21.7,22.1,13.7,45,1.84,448.0,18.897,28.06,21.4,0,1.49
2020-11-26,331,14,22.5,22.5,13.5,45,1.94,455.0,19.582,28.70,22.24,0,1.95
2020-11-27,332,13,23.8,24.1,12.3,43,3.75,588.0,20.295,28.55,23.58,0,1.84
2020-11-28,333,13,23.5,23.8,11.2,37,4.02,592.0,19.312,27.78,23.19,0,1.29
2020-11-29,334,13,23.1,23.4,9.8,33,2.02,597.0,19.052,29.73,22.71,0,2.70
2020-11-30,335,13,23.7,24.0,10.0,38,2.13,578.0,20.066,30.16,23.41,0,3.01
2020-12-01,336,13,24.2,24.5,10.1,37,2.36,574.0,20.284,30.30,23.92,0,3.11
2020-12-02,337,13,25.3,25.6,11.0,38,4.03,577.0,20.952,29.56,25.09,0,2.57
2020-12-03,338,12,24.3,25.5,11.6,43,1.14,591.0,21.794,31.85,24.1,0,4.22
2020-12-04,339,14,26.8,26.8,11.4,33,0.32,481.0,23.466,32.51,26.41,0,7.47
2020-12-05,340,14,26.5,26.5,13.1,40,2.62,477.0,22.348,31.69,26.37,0,4.77
2020-12-06,341,13,26.3,26.7,13.6,39,0.32,564.0,24.136,32.88,26.15,0,9.00
2020-12-07,342,13,25.5,26.0,13.0,43,3.14,558.0,21.865,30.78,25.36,0,3.45
2020-12-08,343,14,25.6,25.6,11.7,44,0.92,476.0,22.953,32.44,25.48,0,6.45
2020-12-09,344,13,25.6,26.0,12.5,46,1.27,555.0,23.076,32.84,25.51,0,6.97
2020-12-10,345,14,26.3,26.3,13.1,37,2.34,470.0,21.867,31.61,26.13,0,4.05
2020-12-11,346,11,25.1,25.4,13.0,42,1.49,529.0,21.954,31.87,24.93,0,4.24
2020-12-12,347,13,22.7,22.9,14.7,59,1.99,502.0,21.263,29.77,22.63,0,2.72
2020-12-13,348,12,20.5,21.0,10.7,40,3.76,591.0,17.094,25.19,20.08,0,0.00
2020-12-14,349,13,19.5,19.8,8.4,39,3.72,586.0,16.125,24.21,19.01,0,0.00
2020-12-15,350,14,18.5,18.5,6.4,37,2.56,497.0,15.168,24.39,17.94,0,0.00
2020-12-16,351,13,18.4,18.8,6.8,42,3.4,574.0,15.498,23.64,17.9,0,0.00
2020-12-17,352,13,16.0,16.4,5.3,43,4.63,587.0,13.288,19.34,15.39,0,0.00
2020-12-18,353,14,17.9,17.9,5.9,36,4.72,504.0,14.158,20.37,17.29,0,0.00
2020-12-19,354,14,19.7,19.7,6.3,35,4.72,504.0,15.592,22.28,19.17,0,0.00
2020-12-20,355,14,20.9,20.9,7.1,38,4.12,454.0,16.925,23.99,20.47,0,0.00
2020-12-21,356,14,19.4,19.6,7.9,47,2.41,461.0,16.871,25.42,19.01,0,0.00
2020-12-22,357,13,20.7,21.0,7.9,46,2.06,580.0,18.323,27.90,20.36,0,1.37
2020-12-23,358,13,20.8,21.2,6.2,46,1.43,576.0,18.741,28.71,20.47,0,1.96
2020-12-24,359,13,21.5,21.8,6.8,34,3.02,579.0,17.451,26.95,21.05,0,0.69
2020-12-25,360,12,20.1,20.9,6.4,42,3.47,594.0,17.009,25.30,19.68,0,0.00
2020-12-26,361,13,19.9,20.1,6.6,42,3.62,575.0,16.769,24.75,19.47,0,0.00
2020-12-27,362,14,22.0,22.0,9.3,40,3.9,497.0,18.205,25.81,21.65,0,0.00
2020-12-28,363,14,17.8,17.8,6.8,28,3.82,519.0,13.441,21.64,17.08,0,0.00
2020-12-29,364,13,16.3,16.5,5.5,43,4.67,594.0,13.557,19.65,15.7,0,0.00
2020-12-30,365,14,16.6,16.6,5.1,44,3.04,526.0,14.084,22.25,16.03,0,0.00
2020-12-31,366,13,16.6,17.1,4.9,50,2.6,596.0,14.849,23.75,16.11,0,0.00
2021-01-01,1,14,17.9,18.1,3.5,45,2.0,505.0,15.6,25.04,17.41,0,0.00
2021-01-02,2,16,18.5,18.5,9.7,62,2.9,177.0,16.506,21.25,18.26,0,0.00
2021-01-03,3,14,20.9,21.0,12.3,65,6.51,463.0,19.288,22.61,20.82,0,0.00
2021-01-04,4,13,22.2,22.3,13.0,64,3.86,458.0,20.706,26.70,22.17,0,0.51
2021-01-05,5,15,21.8,21.8,14.0,66,3.11,293.0,20.273,25.97,21.78,0,0.00
2021-01-06,6,13,21.7,21.8,14.8,64,2.28,426.0,20.52,28.13,21.65,0,1.54
2021-01-07,7,14,19.5,19.5,11.1,61,1.89,520.0,18.56,27.23,19.3,0,0.89
2021-01-08,8,14,19.0,19.1,9.0,62,1.51,392.0,18.034,26.34,18.79,0,0.24
2021-01-09,9,14,20.0,20.0,11.1,62,4.33,426.0,18.332,23.37,19.84,0,0.00
2021-01-10,10,13,17.5,17.7,8.7,48,4.25,618.0,15.156,21.89,17.03,0,0.00
2021-01-11,11,14,17.8,17.9,7.3,58,5.32,550.0,16.033,20.52,17.48,0,0.00
2021-01-12,12,14,18.2,18.2,6.8,53,4.88,554.0,16.029,21.39,17.83,0,0.00
2021-01-13,13,14,18.6,18.6,6.0,45,4.42,565.0,15.754,22.28,18.15,0,0.00
2021-01-14,14,13,18.3,18.8,4.8,46,0.76,579.0,17.225,27.45,17.84,0,1.05
2021-01-15,15,13,18.8,19.5,8.0,52,0.4,634.0,19.098,28.32,18.45,0,1.67
2021-01-16,16,13,16.5,17.1,5.3,60,2.78,642.0,15.614,23.97,16.14,0,0.00
2021-01-17,17,15,19.0,19.0,6.7,53,4.49,438.0,16.605,21.82,18.67,0,0.00
2021-01-18,18,14,18.0,18.2,10.4,68,3.11,361.0,17.025,22.83,17.82,0,0.00
2021-01-19,19,14,21.0,21.0,10.1,61,3.31,560.0,19.6,26.83,20.87,0,0.60
2021-01-20,20,14,20.1,20.1,10.1,59,4.9,578.0,18.344,23.83,19.9,0,0.00
2021-01-21,21,14,20.5,20.5,9.3,45,5.01,593.0,17.402,23.75,20.14,0,0.00
2021-01-22,22,14,21.2,21.2,7.4,44,3.14,583.0,18.231,26.80,20.86,0,0.58
2021-01-23,23,14,21.0,21.0,8.9,53,4.22,572.0,18.703,25.36,20.77,0,0.00
2021-01-24,24,12,18.5,19.2,9.0,62,3.83,636.0,17.384,24.14,18.26,0,0.00
2021-01-25,25,14,18.2,18.3,6.5,50,2.38,593.0,16.36,25.50,17.79,0,0.00
2021-01-26,26,13,18.1,18.3,7.2,47,3.34,670.0,15.869,24.27,17.65,0,0.00
2021-01-27,27,13,18.5,18.8,6.6,45,4.1,681.0,15.905,23.48,18.04,0,0.00
2021-01-28,28,13,17.8,18.1,5.6,44,2.38,683.0,15.643,25.59,17.29,0,0.00
2021-01-29,29,14,18.7,18.7,6.0,43,4.7,621.0,15.707,22.36,18.22,0,0.00
2021-01-30,30,13,18.8,19.1,6.5,42,4.38,697.0,15.866,23.41,18.32,0,0.00
2021-01-31,31,13,20.2,20.5,5.3,36,1.91,698.0,17.191,28.15,19.71,0,1.55
2021-02-01,32,13,22.2,22.6,7.1,41,1.43,687.0,19.722,30.36,21.87,0,3.15
2021-02-02,33,14,23.4,23.5,7.6,36,0.81,629.0,20.714,31.24,23.07,0,3.79
2021-02-03,34,14,23.9,23.9,12.0,48,2.15,595.0,21.379,30.80,23.75,0,3.47
2021-02-04,35,12,21.6,21.6,10.6,56,0.22,558.0,21.753,29.04,21.44,0,2.20
2021-02-05,36,13,19.3,19.7,8.5,61,3.27,698.0,18.268,26.14,19.09,0,0.10
2021-02-06,37,13,19.8,20.1,8.8,46,4.17,712.0,17.188,24.91,19.42,0,0.00
2021-02-07,38,14,21.3,21.3,9.6,46,5.39,650.0,18.249,24.66,20.99,0,0.00
2021-02-08,39,13,22.2,22.4,8.6,47,3.02,715.0,19.688,28.82,21.95,0,2.04
2021-02-09,40,13,23.8,24.1,10.2,40,3.4,726.0,20.263,29.71,23.54,0,2.68
2021-02-10,41,12,24.2,25.3,11.8,45,0.45,718.0,23.531,32.94,24.03,0,7.90
2021-02-11,42,14,24.0,24.0,11.3,44,2.52,664.0,21.032,30.72,23.8,0,3.41
2021-02-12,43,12,23.5,24.6,11.2,48,1.04,703.0,22.018,32.09,23.33,0,4.43
2021-02-13,44,12,22.8,24.1,11.7,47,0.92,734.0,21.519,31.71,22.58,0,4.13
2021-02-14,45,12,24.4,25.6,12.3,42,0.67,734.0,22.827,32.94,24.2,0,6.58
2021-02-15,46,14,27.0,27.0,12.1,36,0.89,663.0,23.764,34.42,26.67,0,9.41
2021-02-16,47,12,25.7,26.9,12.2,50,0.54,734.0,25.205,34.54,25.67,0,12.22
2021-02-17,48,13,25.5,25.7,11.7,36,2.19,757.0,21.697,32.69,25.27,0,4.83
2021-02-18,49,11,22.9,25.6,11.5,50,0.81,677.0,21.934,31.69,22.73,0,4.11
2021-02-19,50,12,24.0,25.5,11.1,45,2.19,761.0,21.451,31.67,23.82,0,4.09
2021-02-20,51,12,24.8,25.9,11.8,38,2.69,763.0,21.159,31.62,24.56,0,4.06
2021-02-21,52,14,25.9,25.9,11.7,36,4.08,706.0,21.417,30.87,25.69,0,3.51
2021-02-22,53,13,27.0,27.4,12.7,38,4.37,763.0,22.648,32.14,26.77,0,5.66
2021-02-23,54,13,29.3,29.6,13.1,26,2.93,770.0,23.177,35.46,27.91,0,9.39
2021-02-24,55,12,29.1,30.1,13.6,31,2.57,773.0,23.924,35.72,28.02,0,11.03
2021-02-25,56,13,30.1,30.3,13.7,32,3.93,779.0,24.552,35.75,29.0,0,12.61
2021-02-26,57,14,30.9,30.9,15.5,32,4.8,710.0,24.969,35.78,29.82,0,13.72
2021-02-27,58,14,30.4,30.4,19.0,26,4.3,722.0,23.679,35.40,28.85,0,10.65
2021-02-28,59,12,29.1,29.9,16.9,22,1.12,781.0,23.372,36.18,27.59,0,10.16
2021-03-01,60,12,26.8,27.5,14.3,25,4.81,815.0,20.658,31.61,26.12,0,4.05
2021-03-02,61,13,27.3,27.6,14.7,23,7.05,824.0,20.473,31.28,26.36,0,3.81
2021-03-03,62,14,29.4,29.4,15.1,23,4.79,748.0,22.315,34.09,27.86,0,6.76
2021-03-04,63,12,30.2,31.4,15.2,25,0.22,810.0,26.185,36.21,28.62,0,15.88
2021-03-05,64,12,29.5,30.1,15.9,23,6.47,831.0,22.287,34.06,27.94,0,6.71
2021-03-06,65,14,30.6,30.6,15.3,20,4.94,755.0,22.688,35.37,28.73,0,8.71
2021-03-07,66,13,32.6,33.2,15.4,24,2.19,813.0,25.827,39.50,30.85,0,18.41
2021-03-08,67,14,31.1,31.1,19.2,34,3.96,740.0,25.633,36.72,30.26,0,15.82
2021-03-09,68,13,32.2,32.2,18.5,32,1.87,789.0,27.013,39.53,31.3,0,20.84
2021-03-10,69,12,30.5,31.0,18.4,36,2.3,797.0,25.991,37.69,29.81,0,17.02
2021-03-11,70,10,29.0,32.6,16.6,39,1.17,627.0,25.467,36.15,28.52,0,14.45
2021-03-12,71,13,30.5,30.5,18.0,30,3.32,683.0,24.558,36.09,29.23,0,12.95
2021-03-13,72,12,29.5,30.3,16.2,36,2.25,826.0,25.21,36.83,28.75,0,14.53
2021-03-14,73,14,30.1,30.1,16.4,29,4.75,777.0,23.933,35.15,28.77,0,10.92
2021-03-15,74,13,31.3,31.7,17.6,30,4.79,844.0,25.17,36.86,30.05,0,14.97
2021-03-16,75,13,32.0,32.3,17.3,24,4.49,856.0,24.765,37.74,30.24,0,14.90
2021-03-17,76,13,32.7,32.9,17.6,25,3.23,819.0,25.737,39.08,31.05,0,18.01
2021-03-18,77,13,32.4,33.1,17.5,24,1.04,823.0,26.549,39.66,30.64,0,19.81
2021-03-19,78,12,32.1,32.3,19.5,27,2.82,829.0,25.752,38.80,30.61,0,17.68
2021-03-20,79,13,32.4,32.6,17.6,24,5.06,861.0,24.997,38.00,30.64,0,15.68
2021-03-21,80,13,33.6,33.7,18.0,24,2.91,853.0,26.416,40.39,31.94,0,20.57
2021-03-22,81,13,33.3,33.3,18.9,24,3.76,856.0,25.951,39.60,31.6,0,18.99
2021-03-23,82,13,32.3,32.3,20.2,28,3.13,830.0,25.996,38.86,30.93,0,18.30
2021-03-24,83,12,30.3,31.2,16.9,30,1.72,870.0,25.354,37.90,29.04,0,15.69
2021-03-25,84,13,30.3,30.6,16.7,22,6.33,892.0,22.826,35.34,28.56,0,8.89
2021-03-26,85,13,30.4,30.9,16.2,25,5.88,889.0,23.495,35.55,28.79,0,10.39
2021-03-27,86,13,32.7,32.9,17.8,27,3.32,873.0,26.158,39.34,31.26,0,19.08
2021-03-28,87,13,35.0,35.4,18.6,24,2.5,879.0,27.723,42.30,33.59,0,25.03
2021-03-29,88,12,36.2,37.7,21.6,16,1.3,894.0,27.605,43.34,33.9,0,25.68
2021-03-30,89,17,33.3,36.7,23.3,26,7.96,266.0,24.93,35.39,31.83,0,15.63
2021-03-31,90,10,30.9,34.2,21.9,20,5.77,723.0,22.767,35.28,28.99,0,8.89
2021-04-01,91,14,33.7,33.7,19.1,9,8.03,851.0,22.099,39.40,30.68,0,11.24
2021-04-02,92,14,33.2,33.2,17.3,9,4.02,844.0,22.255,38.71,30.28,0,10.88
2021-04-03,93,13,33.5,33.8,16.9,8,2.13,922.0,22.886,39.86,30.4,0,12.95
2021-04-04,94,14,35.1,35.1,17.1,11,4.24,833.0,24.12,40.82,32.18,0,16.64
2021-04-05,95,13,37.8,38.0,19.5,12,1.61,866.0,27.351,44.57,34.98,0,26.49
2021-04-06,96,13,37.0,37.7,22.6,19,0.78,880.0,29.635,44.36,35.22,0,31.44
2021-04-07,97,12,34.2,35.6,21.5,24,2.12,884.0,27.263,41.59,32.63,0,23.29
2021-04-08,98,13,33.7,34.0,20.5,14,3.54,923.0,24.203,40.06,31.28,0,15.91
2021-04-09,99,13,35.2,35.3,18.6,9,4.21,933.0,23.727,41.22,31.94,0,16.09
2021-04-10,100,12,35.6,36.2,19.4,11,4.06,930.0,24.645,41.86,32.64,0,18.55
2021-04-11,101,12,36.9,37.3,20.2,10,3.55,944.0,25.398,43.42,33.68,0,21.49
2021-04-12,102,11,36.9,38.0,20.8,11,1.13,859.0,26.823,43.30,33.87,0,24.16
2021-04-13,103,12,37.6,37.9,22.0,14,4.05,917.0,26.947,44.38,35.14,0,25.65
2021-04-14,104,12,38.3,38.8,22.0,14,3.89,921.0,27.502,45.27,35.89,0,27.62
2021-04-15,105,12,38.3,38.8,23.0,12,2.44,914.0,27.341,45.33,35.48,0,28.37
2021-04-16,106,12,38.8,38.8,22.6,13,3.47,902.0,27.649,45.79,36.26,0,29.11
2021-04-17,107,14,34.2,34.2,19.7,24,3.89,789.0,26.544,40.27,32.63,0,20.98
2021-04-18,108,13,35.2,35.3,21.3,17,3.54,844.0,25.954,41.56,32.94,0,20.92
2021-04-19,109,13,36.9,37.1,21.4,16,4.39,864.0,26.831,43.36,34.65,0,24.51
2021-04-20,110,13,33.9,33.9,22.4,22,5.11,861.0,25.786,39.75,32.05,0,19.43
2021-04-21,111,13,31.5,31.9,19.0,29,4.3,898.0,25.33,37.57,30.16,0,15.82
2021-04-22,112,12,31.3,33.0,19.8,27,0.2,908.0,27.713,37.65,29.78,0,20.24
2021-04-23,113,13,34.3,34.3,22.5,20,6.81,731.0,25.307,39.52,32.28,0,18.56
2021-04-24,114,14,33.5,33.6,18.9,16,4.39,840.0,24.246,39.22,31.18,0,15.35
2021-04-25,115,13,36.3,36.7,21.1,14,5.2,921.0,25.788,42.68,33.79,0,21.73
2021-04-26,116,13,38.2,38.8,20.9,12,3.48,920.0,26.933,45.05,35.38,0,26.20
2021-04-27,117,12,40.2,41.0,23.4,12,4.65,914.0,28.115,47.33,37.48,1,34.15
2021-04-28,118,12,41.3,41.5,24.3,11,3.67,892.0,28.742,48.51,38.35,2,39.23
2021-04-29,119,11,39.8,40.7,25.5,14,2.69,795.0,28.75,46.75,37.55,3,40.75
2021-04-30,120,12,39.1,39.7,24.7,16,2.82,899.0,28.927,46.54,37.17,0,34.86
2021-05-01,121,12,39.4,39.4,24.9,16,1.66,783.0,29.495,46.51,37.53,0,36.27
2021-05-02,122,12,38.9,38.9,26.1,18,2.08,843.0,29.525,46.38,37.37,0,37.57
2021-05-03,123,12,36.6,37.0,25.3,22,2.55,801.0,28.421,43.67,35.26,0,31.81
2021-05-04,124,12,39.1,40.0,26.1,17,0.95,847.0,30.367,46.41,37.39,1,40.86
2021-05-05,125,13,38.6,38.6,26.1,21,1.53,786.0,30.263,46.08,37.7,0,38.87
2021-05-06,126,13,38.7,38.7,24.0,25,3.58,834.0,30.495,46.11,38.98,0,37.36
2021-05-07,127,12,35.2,36.2,21.7,31,1.48,863.0,29.755,43.26,35.18,0,30.16
2021-05-08,128,10,34.9,37.4,23.6,27,0.92,712.0,29.023,42.01,33.96,0,29.29
2021-05-09,129,13,37.9,37.9,25.2,21,0.71,741.0,30.585,44.95,36.75,0,37.26
2021-05-10,130,11,35.1,36.2,25.0,30,1.0,777.0,29.795,42.77,34.82,0,33.25
2021-05-11,131,12,37.5,38.4,25.1,26,1.58,875.0,30.634,45.59,37.42,0,37.95
2021-05-12,132,12,34.5,35.4,24.3,34,1.7,758.0,29.316,42.11,34.8,0,31.04
2021-05-13,133,13,31.7,31.7,22.3,42,1.8,679.0,27.897,39.06,32.2,0,22.86
2021-05-14,134,13,35.8,36.5,22.7,28,1.61,797.0,29.472,43.41,35.4,0,30.63
2021-05-15,135,16,34.8,35.7,24.7,27,0.0,415.0,28.853,38.69,33.82,0,27.80
2021-05-16,136,14,38.6,38.6,23.8,19,2.25,766.0,29.333,45.74,37.21,0,34.00
2021-05-17,137,15,37.2,37.3,26.6,20,0.72,344.0,28.489,41.77,35.64,0,32.22
2021-05-18,138,9,29.9,29.9,24.6,47,5.22,238.0,25.295,31.75,30.46,0,14.69
2021-05-19,139,14,22.2,24.3,20.8,91,3.82,135.0,22.374,24.83,22.53,0,0.71
2021-05-20,140,17,29.3,29.3,20.4,58,1.77,271.0,26.713,34.90,31.22,0,16.90
2021-05-21,141,14,31.4,31.6,20.8,57,3.12,764.0,29.209,39.04,34.93,0,25.99
2021-05-22,142,13,33.0,33.4,23.8,49,0.41,849.0,32.285,42.23,36.01,0,36.60
2021-05-23,143,13,33.4,33.9,22.8,40,2.21,851.0,29.212,41.38,34.42,0,28.42
2021-05-24,144,16,34.6,35.2,22.8,31,4.1,486.0,27.637,39.26,34.3,0,23.87
2021-05-25,145,17,33.9,37.1,24.9,40,1.99,298.0,28.51,38.92,35.26,0,28.08
2021-05-26,146,12,35.7,37.3,23.4,29,1.93,893.0,29.557,43.68,35.47,0,31.83
2021-05-27,147,15,37.7,37.7,23.0,27,0.86,666.0,31.268,44.95,38.01,0,36.45
2021-05-28,148,15,36.7,36.7,24.5,41,2.01,653.0,31.961,44.52,40.97,0,40.31
2021-05-29,149,14,36.7,37.1,26.2,41,3.2,770.0,31.755,44.37,40.97,0,41.79
2021-05-30,150,16,36.0,36.0,25.3,43,0.54,465.0,32.556,43.32,40.24,0,41.22
2021-05-31,151,14,36.5,36.8,26.3,40,1.7,694.0,31.876,44.56,40.16,0,41.97
2021-06-01,152,13,34.3,34.3,22.5,46,1.1,804.0,31.581,43.22,37.71,0,35.10
2021-06-02,153,13,34.2,34.8,23.5,48,0.45,843.0,33.208,43.71,38.16,0,39.87
2021-06-03,154,13,35.1,35.3,25.2,40,1.44,780.0,31.019,43.42,37.4,0,37.22
2021-06-04,155,12,35.2,36.0,25.2,43,1.0,808.0,32.074,44.06,38.56,0,40.11
2021-06-05,156,13,36.3,36.3,25.8,39,2.2,827.0,31.535,44.61,39.39,0,40.49
2021-06-06,157,12,36.5,37.5,25.9,36,2.86,859.0,31.008,44.41,38.75,0,39.23
2021-06-07,158,14,39.1,39.1,26.7,31,3.76,684.0,31.784,46.13,41.83,0,44.02
2021-06-08,159,14,40.7,40.9,29.0,27,6.01,702.0,31.972,48.01,43.13,1,50.57
2021-06-09,160,13,41.2,41.4,31.3,29,4.12,759.0,33.163,49.00,45.03,2,58.59
2021-06-10,161,14,37.8,38.1,29.8,42,1.57,613.0,33.233,45.97,43.89,0,51.03
2021-06-11,162,12,36.2,37.3,27.4,45,0.58,775.0,33.956,45.44,41.47,0,48.31
2021-06-12,163,13,37.7,37.8,28.7,42,3.11,718.0,32.728,45.54,43.65,0,48.38
2021-06-13,164,14,35.9,36.7,25.5,48,0.42,699.0,34.276,44.94,42.01,0,46.54
2021-06-14,165,11,33.8,36.5,26.2,53,0.3,795.0,33.373,42.71,38.97,0,42.91
2021-06-15,166,11,34.0,36.8,26.3,49,0.41,651.0,32.549,42.45,38.06,0,40.94
2021-06-16,167,13,34.6,35.3,25.6,51,1.8,651.0,31.658,42.94,40.11,0,39.55
2021-06-17,168,11,33.2,34.9,26.2,59,1.34,749.0,31.935,42.73,39.67,0,40.46
2021-06-18,169,13,33.7,33.7,25.8,53,3.71,752.0,30.649,41.07,38.74,0,36.02
2021-06-19,170,12,33.3,33.3,25.1,53,3.47,743.0,30.326,40.69,37.84,0,33.99
2021-06-20,171,14,33.1,33.3,25.2,54,2.27,665.0,30.501,41.10,37.72,0,34.68
2021-06-21,172,13,35.2,36.1,25.2,45,3.2,754.0,31.019,42.71,39.26,0,37.40
2021-06-22,173,9,34.3,39.2,28.4,47,0.5,448.0,31.663,41.61,38.04,0,41.10
2021-06-23,174,11,38.4,40.2,28.8,31,0.57,785.0,33.552,46.72,40.51,1,51.41
2021-06-24,175,13,37.5,38.5,28.2,39,1.14,691.0,33.011,45.85,41.88,0,47.91
2021-06-25,176,12,37.8,39.7,28.4,37,1.98,824.0,32.599,46.38,41.68,0,47.67
2021-06-26,177,13,36.2,37.8,26.6,41,0.22,709.0,33.525,43.52,39.91,0,44.59
2021-06-27,178,12,37.0,38.6,28.7,42,0.4,773.0,34.588,45.90,42.04,0,51.56
2021-06-28,179,11,37.1,39.9,28.6,38,0.41,766.0,34.006,45.62,40.64,0,49.62
2021-06-29,180,12,40.7,42.3,29.4,25,4.61,865.0,31.937,48.57,42.27,1,51.05
2021-06-30,181,13,42.4,43.3,30.2,22,7.74,734.0,32.038,51.11,43.86,2,56.27
2021-07-01,182,12,41.0,41.8,32.2,27,5.4,866.0,32.504,49.06,43.69,3,59.61
2021-07-02,183,13,41.2,41.2,31.2,28,4.18,773.0,32.958,49.00,44.54,4,61.24
2021-07-03,184,14,39.0,39.0,29.3,32,2.6,664.0,32.159,46.45,42.04,0,48.07
2021-07-04,185,14,40.0,40.3,28.6,31,2.9,714.0,32.795,47.75,43.59,1,51.64
2021-07-05,186,13,38.4,39.4,29.3,37,2.06,777.0,32.986,46.86,42.96,0,50.27
2021-07-06,187,13,39.1,39.9,29.6,35,3.23,742.0,32.752,46.86,43.56,0,50.40
2021-07-07,188,12,41.0,41.4,31.4,28,4.34,860.0,32.886,49.10,44.15,1,56.26
2021-07-08,189,13,40.3,40.3,32.3,29,3.69,678.0,32.381,47.55,43.27,2,56.58
2021-07-09,190,14,38.0,38.5,28.2,39,2.02,716.0,32.886,46.26,42.97,0,48.37
2021-07-10,191,14,37.7,38.1,29.7,44,1.12,710.0,34.055,46.71,44.6,0,53.26
2021-07-11,192,11,36.4,36.4,28.9,49,4.49,712.0,32.336,43.71,43.7,0,46.58
2021-07-12,193,11,34.0,34.0,28.0,53,5.59,651.0,30.475,40.13,39.44,0,37.84
2021-07-13,194,14,33.3,34.1,27.3,60,2.73,492.0,30.94,40.60,40.29,0,38.56
2021-07-14,195,12,33.5,33.5,27.4,62,2.5,587.0,31.635,41.79,41.61,0,41.34
2021-07-15,196,13,34.7,34.7,27.5,59,3.1,699.0,32.405,43.17,43.71,0,44.69
2021-07-16,197,14,34.2,34.7,27.5,62,2.62,735.0,32.524,43.37,43.61,0,45.02
2021-07-17,198,11,35.4,36.8,28.5,55,0.98,759.0,33.853,45.33,43.83,0,50.20
2021-07-18,199,11,34.4,34.4,27.3,60,2.79,613.0,32.186,42.69,43.3,0,43.54
2021-07-19,200,11,26.7,27.0,25.8,92,0.71,77.0,27.281,33.34,30.6,0,21.05
2021-07-20,201,10,29.9,30.6,25.8,79,0.5,493.0,31.555,39.86,37.09,0,36.25
2021-07-21,202,14,32.5,32.6,25.8,70,1.17,710.0,32.655,42.97,41.91,0,42.36
2021-07-22,203,11,30.5,30.5,25.7,79,3.61,605.0,30.459,38.64,38.92,0,33.86
2021-07-23,204,12,31.4,31.6,25.9,81,3.18,690.0,31.792,41.06,42.62,0,39.73
2021-07-24,205,15,33.9,33.9,26.8,64,1.4,594.0,32.797,43.43,43.62,0,44.77
2021-07-25,206,13,34.0,34.3,27.4,64,1.88,776.0,32.98,44.11,43.92,0,46.41
2021-07-26,207,10,30.7,30.7,27.9,75,2.27,369.0,30.052,38.37,38.28,0,35.23
2021-07-27,208,14,31.4,31.4,26.9,72,4.24,565.0,30.382,38.45,39.36,0,35.14
2021-07-28,209,14,29.0,29.0,26.1,80,3.61,332.0,28.567,35.01,34.74,0,26.57
2021-07-29,210,11,29.2,29.8,25.5,81,2.97,460.0,29.268,36.87,35.54,0,28.84
2021-07-30,211,14,30.2,30.3,25.6,74,2.44,475.0,29.667,38.11,36.58,0,30.99
2021-07-31,212,13,31.0,31.6,25.3,75,2.3,633.0,30.923,40.26,39.17,0,35.53
2021-08-01,213,13,31.9,32.1,26.6,70,2.2,755.0,31.502,41.58,40.12,0,39.45
2021-08-02,214,15,30.1,30.1,25.8,78,2.1,411.0,29.957,38.34,37.4,0,32.24
2021-08-03,215,12,31.9,31.9,26.2,74,3.89,699.0,31.364,40.31,41.6,0,38.36
2021-08-04,216,15,31.8,32.2,26.0,65,3.96,514.0,29.922,38.23,38.14,0,32.61
2021-08-05,217,14,32.9,32.9,25.8,62,1.12,721.0,32.17,42.65,39.98,0,40.50
2021-08-06,218,11,32.0,33.3,26.2,75,1.12,691.0,32.747,42.87,42.31,0,43.08
2021-08-07,219,12,31.6,31.7,27.2,71,0.63,564.0,32.269,41.45,39.6,0,41.31
2021-08-08,220,11,31.2,31.4,26.4,76,1.22,632.0,31.845,41.53,40.12,0,39.83
2021-08-09,221,15,30.7,30.7,26.2,76,1.52,430.0,30.625,39.54,38.59,0,35.28
2021-08-10,222,13,34.5,34.5,26.4,56,4.74,848.0,31.714,42.25,41.85,0,40.74
2021-08-11,223,14,34.7,34.7,27.8,52,4.93,807.0,31.282,41.91,40.74,0,40.90
2021-08-12,224,13,34.3,34.5,26.7,54,4.22,879.0,31.405,42.17,40.54,0,39.97
2021-08-13,225,14,35.1,35.1,27.0,51,4.37,759.0,31.534,42.38,41.32,0,41.00
2021-08-14,226,14,34.9,34.9,27.2,52,4.63,759.0,31.445,42.08,41.23,0,40.82
2021-08-15,227,12,34.4,34.8,26.8,50,3.58,887.0,31.113,42.41,39.28,0,39.23
2021-08-16,228,11,33.9,35.1,26.7,55,2.69,817.0,31.476,42.55,39.94,0,40.15
2021-08-17,229,10,33.6,35.4,26.9,58,1.41,700.0,32.015,42.86,40.31,0,41.76
2021-08-18,230,10,33.8,35.3,26.6,55,1.52,686.0,31.705,42.68,39.69,0,40.46
2021-08-19,231,10,32.9,34.2,27.3,67,0.91,671.0,32.893,43.10,41.91,0,44.66
2021-08-20,232,13,28.8,29.3,26.4,82,2.77,254.0,28.516,35.18,34.61,0,26.90
2021-08-21,233,13,28.7,29.0,24.9,82,3.54,515.0,28.874,36.05,34.32,0,26.35
2021-08-22,234,14,31.1,31.1,24.9,80,1.84,679.0,31.862,41.66,41.21,0,38.61
2021-08-23,235,14,31.6,31.6,25.9,73,1.94,635.0,31.437,41.18,40.3,0,38.29
2021-08-24,236,13,31.9,32.0,26.5,77,1.63,684.0,32.443,42.62,42.78,0,42.85
2021-08-25,237,13,34.1,34.3,27.9,55,5.98,866.0,31.063,41.36,40.43,0,40.09
2021-08-26,238,14,33.8,33.8,27.3,55,4.4,796.0,30.93,41.14,39.69,0,38.71
2021-08-27,239,13,33.7,34.0,25.8,55,1.96,848.0,31.665,43.00,39.45,0,39.60
2021-08-28,240,14,33.4,33.4,26.6,56,2.25,743.0,31.187,42.03,39.09,0,38.80
2021-08-29,241,14,32.3,32.3,25.9,70,0.36,634.0,33.518,42.31,41.3,0,43.41
2021-08-30,242,14,30.8,30.8,25.2,73,3.3,617.0,30.187,38.75,37.96,0,32.48
2021-08-31,243,13,31.0,31.0,24.7,71,2.68,629.0,30.345,39.46,37.9,0,32.69
2021-09-01,244,14,29.8,29.8,24.2,79,1.98,552.0,30.154,38.98,36.79,0,30.99
2021-09-02,245,14,31.7,31.7,24.6,76,2.05,683.0,31.911,41.83,41.72,0,38.66
2021-09-03,246,11,29.9,30.9,25.3,82,2.51,662.0,30.586,39.49,37.92,0,33.87
2021-09-04,247,13,29.3,30.6,24.9,77,0.22,491.0,30.878,37.81,34.89,0,31.62
2021-09-05,248,12,31.6,31.8,25.4,70,1.08,747.0,31.982,41.99,39.26,0,38.93
2021-09-06,249,12,31.7,32.2,26.1,73,0.32,624.0,33.249,41.64,40.6,0,42.39
2021-09-07,250,12,30.5,30.5,25.7,81,3.03,506.0,30.615,38.90,39.56,0,34.58
2021-09-08,251,14,30.7,30.7,26.1,76,5.17,633.0,30.125,37.66,38.59,0,32.86
2021-09-09,252,13,30.9,30.9,24.9,73,2.93,696.0,30.517,39.61,38.24,0,33.48
2021-09-10,253,14,30.1,30.1,24.9,77,5.06,566.0,29.565,36.60,37.12,0,29.09
2021-09-11,254,14,28.6,28.7,23.9,81,4.44,404.0,28.321,34.33,33.84,0,22.71
2021-09-12,255,13,29.2,29.2,24.5,77,0.71,273.0,29.379,37.12,34.63,0,27.73
2021-09-13,256,11,31.5,31.5,25.5,74,1.88,618.0,31.445,41.13,40.35,0,37.82
2021-09-14,257,15,31.2,31.2,25.7,69,4.1,378.0,29.527,36.86,37.83,0,30.41
2021-09-15,258,15,32.1,32.2,25.6,62,4.0,599.0,29.992,38.79,37.94,0,32.61
2021-09-16,259,13,32.7,32.7,25.2,63,5.06,781.0,30.776,39.97,39.82,0,35.17
2021-09-17,260,12,29.1,29.1,23.5,69,7.39,492.0,27.419,33.47,32.76,0,19.52
2021-09-18,261,14,30.7,30.8,24.2,68,4.44,640.0,29.359,37.36,36.25,0,28.11
2021-09-19,262,14,31.6,31.6,25.1,65,3.2,614.0,30.065,39.12,37.63,0,32.28
2021-09-20,263,14,32.1,32.1,24.9,63,3.06,617.0,30.341,39.72,38.26,0,33.24
2021-09-21,264,14,30.6,31.2,26.0,73,1.91,521.0,30.241,39.29,37.4,0,33.70
2021-09-22,265,14,29.7,29.8,24.5,81,0.78,501.0,31.055,39.70,37.03,0,33.65
2021-09-23,266,13,29.4,29.4,24.5,77,2.22,558.0,29.472,38.06,35.16,0,28.78
2021-09-24,267,12,30.4,30.7,24.6,71,3.14,711.0,29.786,38.64,36.3,0,30.33
2021-09-25,268,12,30.8,30.8,24.5,69,1.89,737.0,30.46,40.25,36.78,0,32.83
2021-09-26,269,13,30.5,30.5,24.1,67,3.63,657.0,29.233,37.73,35.49,0,27.74
2021-09-27,270,12,31.4,31.9,24.5,64,1.5,749.0,30.727,40.89,36.84,0,33.82
2021-09-28,271,13,32.0,32.0,25.6,65,3.32,614.0,30.413,39.54,38.66,0,34.21
2021-09-29,272,13,31.5,31.5,25.2,63,4.27,687.0,29.643,38.34,36.78,0,30.72
2021-09-30,273,14,31.5,31.5,25.3,73,1.77,592.0,31.333,40.97,40.0,0,37.13
2021-10-01,274,12,32.0,32.2,25.2,65,1.04,685.0,31.683,41.70,38.66,0,37.70
2021-10-02,275,12,32.7,33.0,25.6,62,2.66,743.0,31.124,41.36,39.46,0,37.16
2021-10-03,276,11,32.4,33.4,25.7,63,4.44,707.0,30.487,39.53,39.03,0,34.59
2021-10-04,277,11,32.2,32.8,25.8,57,2.2,708.0,30.164,40.53,36.63,0,33.93
2021-10-05,278,14,32.1,32.2,24.6,59,0.51,537.0,31.532,40.73,37.0,0,35.39
2021-10-06,279,12,32.0,32.4,25.5,60,2.06,700.0,30.39,40.61,37.07,0,34.23
2021-10-07,280,12,31.8,32.4,23.2,51,2.92,776.0,28.908,39.33,34.23,0,26.77
2021-10-08,281,12,32.5,33.2,23.3,48,2.6,775.0,29.251,40.21,34.79,0,28.38
2021-10-09,282,12,33.5,34.1,23.1,43,2.82,774.0,29.372,40.89,35.33,0,29.06
2021-10-10,283,13,34.5,34.9,22.1,38,2.1,743.0,29.715,42.09,35.77,0,29.57
2021-10-11,284,12,33.7,34.7,22.2,42,2.79,770.0,29.405,41.06,35.42,0,28.23
2021-10-12,285,12,33.7,34.5,22.7,38,1.84,765.0,29.202,41.43,34.45,0,28.33
2021-10-13,286,10,30.3,32.8,21.3,48,3.61,605.0,26.717,35.99,31.17,0,17.68
2021-10-14,287,13,31.8,32.0,19.6,35,4.67,732.0,26.242,37.11,31.22,0,17.60
2021-10-15,288,13,33.0,33.1,19.6,34,3.0,715.0,27.427,39.43,32.63,0,22.04
2021-10-16,289,12,32.5,33.5,20.9,44,1.2,721.0,29.408,40.59,33.85,0,27.08
2021-10-17,290,12,31.0,31.0,23.0,62,3.31,575.0,29.059,37.82,35.35,0,26.14
2021-10-18,291,15,23.7,23.7,20.9,88,3.4,157.0,23.701,27.38,24.06,0,4.21
2021-10-19,292,13,28.6,28.9,19.3,61,5.02,682.0,26.584,34.08,30.51,0,15.80
2021-10-20,293,11,29.0,30.8,20.0,57,2.96,678.0,26.898,36.02,30.59,0,17.82
2021-10-21,294,13,29.6,29.6,18.2,36,5.89,707.0,24.317,33.88,28.85,0,10.76
2021-10-22,295,13,30.2,30.3,20.2,41,4.5,687.0,25.686,35.32,30.05,0,14.83
2021-10-23,296,11,28.3,29.7,19.5,55,0.41,656.0,28.143,36.74,29.32,0,20.22
2021-10-24,297,11,27.0,27.3,19.0,57,3.31,632.0,24.886,33.24,27.87,0,11.00
2021-10-25,298,11,26.4,27.3,17.3,62,1.88,640.0,25.364,34.45,26.56,0,12.46
2021-10-26,299,13,26.5,26.7,16.8,47,3.72,669.0,23.283,32.02,26.47,0,6.77
2021-10-27,300,13,27.2,27.3,15.6,41,4.22,659.0,23.071,32.01,27.07,0,6.39
2021-10-28,301,13,27.2,27.4,15.4,41,3.56,663.0,23.204,32.64,27.07,0,7.10
2021-10-29,302,11,26.4,28.3,14.8,46,1.84,647.0,23.639,33.67,26.35,0,8.64
2021-10-30,303,11,26.8,28.4,15.8,42,4.06,648.0,22.855,31.69,26.82,0,5.73
2021-10-31,304,12,28.3,28.9,16.3,37,3.98,679.0,23.579,33.38,27.72,0,8.58
2021-11-01,305,13,28.9,28.9,16.2,37,2.14,641.0,24.537,35.42,28.26,0,12.06
2021-11-02,306,13,27.6,27.8,16.4,44,3.01,627.0,23.995,33.52,27.58,0,9.42
2021-11-03,307,13,28.4,28.6,15.6,38,1.92,624.0,24.307,35.04,27.88,0,11.22
2021-11-04,308,12,27.0,27.6,15.2,42,1.14,659.0,24.22,34.59,26.97,0,10.40
2021-11-05,309,12,27.0,27.4,14.8,36,2.05,648.0,22.83,33.62,26.67,0,7.07
2021-11-06,310,13,28.3,28.4,14.6,33,5.42,623.0,22.725,31.98,27.48,0,5.86
2021-11-07,311,13,28.2,28.4,15.6,37,3.7,618.0,23.448,33.17,27.64,0,8.15
2021-11-08,312,13,28.6,28.7,14.7,30,3.62,622.0,22.814,33.47,27.55,0,7.14
2021-11-09,313,13,27.9,28.2,15.3,36,3.22,618.0,23.16,33.26,27.33,0,7.55
2021-11-10,314,12,27.9,28.8,13.8,37,2.95,639.0,23.401,33.67,27.39,0,8.33
2021-11-11,315,11,26.1,28.3,13.5,42,1.43,597.0,23.037,33.24,25.98,0,7.19
2021-11-12,316,11,26.1,28.0,14.5,44,2.92,595.0,22.635,31.89,26.01,0,5.46
2021-11-13,317,12,26.2,27.0,12.6,38,2.55,632.0,22.176,32.37,26.03,0,4.93
2021-11-14,318,12,25.6,26.3,11.7,33,1.28,634.0,21.688,32.72,25.34,0,4.86
2021-11-15,319,11,24.1,25.8,12.3,44,1.97,583.0,21.173,30.94,23.91,0,3.57
2021-11-16,320,12,24.6,25.3,11.3,37,2.78,627.0,20.596,30.53,24.34,0,3.27
2021-11-17,321,13,24.5,24.7,10.9,42,2.56,589.0,21.09,30.62,24.3,0,3.34
2021-11-18,322,13,24.4,24.6,12.0,45,0.41,584.0,23.248,32.15,24.24,0,6.80
2021-11-19,323,13,24.6,24.8,11.8,40,2.05,584.0,21.124,31.17,24.38,0,3.73
2021-11-20,324,14,25.1,25.1,15.6,37,1.53,474.0,21.192,31.26,24.87,0,3.80
2021-11-21,325,14,25.9,25.9,13.5,34,3.86,491.0,20.836,29.66,25.67,0,2.64
2021-11-22,326,12,25.2,26.0,12.9,32,5.55,619.0,19.965,28.30,24.91,0,1.66
2021-11-23,327,13,25.3,25.6,12.3,32,4.24,582.0,20.167,29.23,25.01,0,2.33
2021-11-24,328,13,25.9,26.0,11.4,34,1.53,576.0,21.75,32.52,25.67,0,4.71
2021-11-25,329,14,25.1,25.1,12.0,41,1.42,473.0,21.735,31.51,24.92,0,3.98
2021-11-26,330,12,24.6,25.2,11.8,48,1.51,582.0,22.302,32.01,24.48,0,4.91
2021-11-27,331,13,25.0,25.2,13.0,48,2.94,548.0,22.017,30.65,24.9,0,3.39
2021-11-28,332,13,24.8,25.1,13.6,52,1.9,540.0,22.604,31.75,24.75,0,5.30
2021-11-29,333,13,24.8,24.9,11.4,37,3.54,561.0,20.463,29.44,24.55,0,2.48
2021-11-30,334,13,24.6,24.8,12.5,40,3.86,527.0,20.526,28.74,24.38,0,1.98
2021-12-01,335,11,20.4,21.9,13.5,60,0.76,251.0,19.2,26.88,20.23,0,0.63
2021-12-02,336,11,19.7,19.7,14.1,64,2.0,311.0,18.425,25.62,19.55,0,0.00
2021-12-03,337,14,22.6,22.6,12.8,56,1.3,424.0,21.034,29.71,22.49,0,2.68
2021-12-04,338,13,23.7,24.0,11.7,47,2.42,536.0,20.871,29.88,23.53,0,2.80
2021-12-05,339,12,24.2,24.3,13.4,49,2.08,547.0,21.68,30.90,24.08,0,3.54
2021-12-06,340,13,22.8,23.2,14.3,57,2.46,523.0,21.037,29.32,22.71,0,2.40
2021-12-07,341,12,22.1,22.8,12.6,51,4.33,566.0,19.479,26.25,21.9,0,0.18
2021-12-08,342,13,21.9,22.1,11.1,44,3.24,551.0,18.766,27.10,21.6,0,0.80
2021-12-09,343,12,21.2,22.0,9.3,49,1.58,558.0,19.254,28.87,20.93,0,2.07
2021-12-10,344,13,22.0,22.1,10.0,43,3.0,544.0,18.793,27.44,21.69,0,1.04
2021-12-11,345,13,21.4,21.7,9.5,41,3.22,554.0,18.026,26.58,21.03,0,0.42
2021-12-12,346,13,20.8,21.0,8.9,43,0.22,547.0,19.721,27.77,20.43,0,1.28
2021-12-13,347,11,18.3,19.3,8.2,57,1.0,375.0,17.247,26.00,17.99,0,0.00
2021-12-14,348,14,20.7,20.7,8.8,47,1.1,403.0,18.516,27.72,20.38,0,1.24
2021-12-15,349,13,20.5,20.6,9.2,41,3.12,548.0,17.252,25.83,20.09,0,0.00
2021-12-16,350,11,17.4,18.1,9.9,59,1.4,395.0,16.36,25.03,17.07,0,0.00
2021-12-17,351,13,17.7,17.9,8.0,35,5.09,564.0,13.945,20.12,17.07,0,0.00
2021-12-18,352,13,17.6,17.8,6.3,41,6.02,555.0,14.302,18.95,17.04,0,0.00
2021-12-19,353,14,17.5,17.5,6.1,42,4.21,483.0,14.4,20.70,16.95,0,0.00
2021-12-20,354,13,17.7,18.1,5.9,44,2.48,558.0,15.275,24.47,17.19,0,0.00
2021-12-21,355,13,19.1,19.5,5.2,45,1.94,548.0,16.788,26.46,18.67,0,0.33
2021-12-22,356,14,20.1,20.1,5.9,40,1.84,475.0,17.054,26.74,19.66,0,0.53
2021-12-23,357,12,20.2,21.1,8.4,53,1.43,520.0,18.729,28.09,19.93,0,1.51
2021-12-24,358,13,21.2,21.4,9.7,46,2.06,540.0,18.68,28.06,20.89,0,1.49
2021-12-25,359,13,20.8,21.1,10.6,50,0.78,540.0,19.686,29.19,20.52,0,2.31
2021-12-26,360,14,18.4,18.4,10.8,63,1.24,198.0,17.015,24.12,18.17,0,0.00
2021-12-27,361,13,19.4,19.7,10.7,52,1.28,491.0,17.937,27.35,19.08,0,0.98
2021-12-28,362,13,19.4,19.5,10.5,51,1.0,367.0,17.691,26.60,19.06,0,0.43
2021-12-29,363,13,18.3,19.1,8.4,58,2.83,556.0,16.937,24.85,18.0,0,0.00
2021-12-30,364,12,17.2,17.9,5.2,42,2.16,524.0,14.696,24.26,16.64,0,0.00
2021-12-31,365,13,17.6,17.8,5.0,44,2.48,567.0,15.205,24.45,17.08,0,0.00
2022-01-01,1,13,17.6,18.1,5.7,49,1.98,561.0,15.821,25.36,17.15,0,0.00
2022-01-02,2,13,18.4,18.8,6.8,53,1.97,510.0,16.783,25.80,18.04,0,0.00
2022-01-03,3,14,20.2,20.2,7.4,45,2.5,493.0,17.436,26.19,19.83,0,0.13
2022-01-04,4,13,21.6,22.0,8.1,40,1.56,555.0,18.698,28.89,21.23,0,2.09
2022-01-05,5,13,14.2,15.0,11.6,92,3.01,105.0,14.482,16.25,14.14,0,0.00
2022-01-06,6,14,18.2,18.6,12.0,68,2.76,232.0,16.935,22.20,18.03,0,0.00
2022-01-07,7,14,19.9,19.9,12.7,64,5.02,305.0,18.093,21.29,19.76,0,0.00
2022-01-08,8,13,17.1,17.1,14.1,84,5.46,275.0,16.997,17.86,17.08,0,0.00
2022-01-09,9,11,16.9,17.1,10.4,77,1.6,258.0,16.827,23.60,16.78,0,0.00
2022-01-10,10,13,16.8,16.9,8.0,58,3.04,566.0,15.516,23.17,16.43,0,0.00
2022-01-11,11,13,17.2,17.4,7.3,55,3.11,581.0,15.645,23.43,16.81,0,0.00
2022-01-12,12,13,17.0,17.1,7.6,63,1.94,552.0,16.447,25.31,16.7,0,0.00
2022-01-13,13,12,16.8,17.4,7.2,61,0.1,529.0,17.645,24.41,16.46,0,0.00
2022-01-14,14,12,15.9,16.6,6.2,64,0.71,585.0,16.646,26.36,15.56,0,0.26
2022-01-15,15,14,16.6,16.8,5.8,63,0.95,537.0,16.733,26.24,16.28,0,0.17
2022-01-16,16,14,15.8,15.8,5.9,67,1.66,474.0,15.587,24.27,15.49,0,0.00
2022-01-17,17,12,13.0,14.1,4.7,74,0.78,496.0,14.258,23.72,12.64,0,0.00
2022-01-18,18,14,15.9,16.1,5.4,71,2.94,521.0,15.655,22.60,15.65,0,0.00
2022-01-19,19,14,17.4,17.7,6.6,67,1.46,489.0,17.252,26.03,17.17,0,0.02
2022-01-20,20,12,16.9,17.7,9.3,71,1.39,542.0,17.288,26.26,16.7,0,0.19
2022-01-21,21,13,18.2,18.4,7.2,60,2.13,612.0,17.362,26.35,17.92,0,0.25
2022-01-22,22,14,16.1,16.1,11.9,71,8.54,208.0,14.669,11.83,15.86,0,0.00
2022-01-23,23,14,16.7,16.7,9.2,68,1.9,368.0,16.132,23.75,16.45,0,0.00
2022-01-24,24,14,16.2,16.2,7.1,59,3.49,489.0,14.797,21.19,15.81,0,0.00
2022-01-25,25,12,15.8,16.4,6.2,60,3.61,596.0,14.679,21.47,15.4,0,0.00
2022-01-26,26,14,16.7,16.8,6.3,57,4.32,492.0,14.964,20.23,16.31,0,0.00
2022-01-27,27,13,17.7,17.8,7.0,46,5.76,650.0,15.004,20.25,17.21,0,0.00
2022-01-28,28,14,17.9,17.9,7.1,49,5.41,596.0,15.408,20.57,17.46,0,0.00
2022-01-29,29,14,19.5,19.5,6.8,50,3.36,594.0,17.262,25.13,19.16,0,0.00
2022-01-30,30,14,20.3,20.3,8.9,52,5.5,601.0,17.846,23.30,20.02,0,0.00
2022-01-31,31,14,20.8,20.9,8.2,57,0.71,598.0,20.643,29.91,20.61,0,2.83
2022-02-01,32,13,20.4,20.8,8.7,61,3.55,669.0,19.179,26.61,20.24,0,0.44
2022-02-02,33,15,20.5,20.5,9.0,50,0.76,478.0,19.245,28.54,20.21,0,1.83
2022-02-03,34,15,15.1,15.1,10.3,76,5.35,162.0,14.138,13.44,14.88,0,0.00
2022-02-04,35,14,16.5,16.5,8.2,58,5.14,456.0,14.695,18.47,16.11,0,0.00
2022-02-05,36,13,15.6,16.7,5.7,69,0.86,672.0,16.766,26.71,15.31,0,0.51
2022-02-06,37,14,20.4,20.5,7.4,47,1.28,640.0,18.752,28.98,20.06,0,2.15
2022-02-07,38,15,22.3,22.3,8.3,52,1.2,494.0,20.64,29.86,22.12,0,2.79
2022-02-08,39,14,22.0,22.1,10.7,58,0.61,567.0,21.943,30.81,21.89,0,3.47
2022-02-09,40,13,18.5,18.6,10.3,62,3.84,616.0,17.349,23.98,18.26,0,0.00
2022-02-10,41,12,19.4,20.1,8.0,52,4.56,708.0,17.314,24.14,19.08,0,0.00
2022-02-11,42,12,19.5,20.2,9.9,50,5.7,719.0,17.08,22.94,19.16,0,0.00
2022-02-12,43,14,21.1,21.1,9.4,43,4.8,670.0,17.878,25.10,20.74,0,0.00
2022-02-13,44,12,21.5,22.4,8.4,47,0.54,722.0,21.083,30.90,21.22,0,3.54
2022-02-14,45,13,22.9,23.1,9.2,41,1.66,730.0,20.266,30.96,22.61,0,3.58
2022-02-15,46,13,22.9,23.2,11.0,44,1.48,724.0,20.701,31.20,22.65,0,3.75
2022-02-16,47,12,22.8,23.7,10.0,49,2.01,727.0,20.824,30.77,22.61,0,3.45
2022-02-17,48,13,24.0,24.2,10.6,39,2.55,744.0,20.601,30.97,23.74,0,3.59
2022-02-18,49,12,23.8,25.0,10.0,43,1.44,740.0,21.45,32.04,23.58,0,4.36
2022-02-19,50,11,22.3,24.0,10.4,47,3.67,671.0,19.547,27.81,22.06,0,1.31
2022-02-20,51,12,22.7,23.7,12.5,40,6.13,753.0,18.907,26.11,22.39,0,0.08
2022-02-21,52,13,23.8,24.5,11.2,35,2.47,778.0,20.047,30.95,23.47,0,3.57
2022-02-22,53,14,25.4,25.4,12.5,36,7.9,691.0,20.525,28.16,25.17,0,1.56
2022-02-23,54,14,23.7,23.8,14.2,53,4.09,636.0,21.288,28.74,23.6,0,1.98
2022-02-24,55,11,23.0,25.0,12.3,62,1.08,666.0,22.832,32.10,22.99,0,5.97
2022-02-25,56,12,24.7,25.0,12.6,43,1.39,752.0,22.308,32.91,24.52,0,5.57
2022-02-26,57,13,23.2,23.5,14.3,47,6.76,759.0,20.042,26.57,23.0,0,0.41
2022-02-27,58,14,23.4,23.4,12.3,43,2.94,711.0,20.345,29.89,23.16,0,2.81
2022-02-28,59,14,23.0,23.0,10.9,35,3.98,736.0,18.889,28.18,22.63,0,1.58
2022-03-01,60,13,23.9,24.4,10.7,35,1.92,791.0,20.406,31.68,23.58,0,4.11
2022-03-02,61,13,25.2,25.6,11.3,38,1.63,795.0,22.066,33.18,24.98,0,5.31
2022-03-03,62,15,25.3,26.9,13.0,42,0.2,442.0,23.149,30.71,25.14,0,5.57
2022-03-04,63,12,24.5,25.1,13.3,49,4.62,786.0,21.725,29.74,24.39,0,2.70
2022-03-05,64,13,25.3,25.7,13.1,41,5.1,809.0,21.489,30.06,25.13,0,2.93
2022-03-06,65,15,26.3,26.3,13.9,38,0.81,592.0,23.337,33.53,26.14,0,7.96
2022-03-07,66,14,27.9,28.0,14.2,35,0.63,731.0,25.058,35.61,27.27,0,12.82
2022-03-08,67,12,28.4,29.6,14.2,36,3.47,802.0,23.829,34.53,27.74,0,9.89
2022-03-09,68,13,30.0,30.1,15.4,28,4.74,820.0,23.75,35.24,28.62,0,10.58
2022-03-10,69,13,28.8,29.0,16.4,35,5.44,814.0,23.691,33.64,28.02,0,9.09
2022-03-11,70,14,28.9,28.9,15.8,33,4.92,761.0,23.494,33.71,27.97,0,8.75
2022-03-12,71,13,29.6,30.0,15.3,34,4.53,841.0,24.402,35.15,28.68,0,11.77
2022-03-13,72,13,31.0,31.5,16.9,36,3.76,826.0,26.017,37.24,30.38,0,16.96
2022-03-14,73,13,31.5,31.9,16.1,40,2.28,825.0,27.484,39.10,31.58,0,21.52
2022-03-15,74,13,33.1,33.4,18.8,39,3.58,823.0,28.304,39.88,33.73,0,24.44
2022-03-16,75,14,34.4,34.6,19.9,31,6.54,765.0,27.587,39.98,34.02,0,23.26
2022-03-17,76,14,33.0,33.2,20.1,44,1.7,764.0,29.552,41.11,34.7,0,28.04
2022-03-18,77,14,34.0,34.0,21.8,40,2.76,757.0,29.358,41.26,35.43,0,28.06
2022-03-19,78,15,34.6,34.6,20.4,37,0.5,626.0,31.09,42.10,35.68,0,32.03
2022-03-20,79,12,34.5,36.1,21.8,28,2.73,851.0,27.958,41.68,33.6,0,25.03
2022-03-21,80,11,33.4,35.9,20.1,35,3.07,781.0,28.014,40.20,33.37,0,23.99
2022-03-22,81,13,34.6,34.9,20.7,23,6.35,872.0,26.396,40.58,32.96,0,21.05
2022-03-23,82,13,34.8,35.3,18.9,22,3.71,858.0,26.752,41.30,33.06,0,22.28
2022-03-24,83,17,32.3,34.4,20.7,39,1.0,247.0,27.26,37.05,32.53,0,19.97
2022-03-25,84,11,32.5,34.5,19.4,25,4.1,806.0,25.355,38.29,30.84,0,16.64
2022-03-26,85,11,32.6,34.7,19.7,24,6.58,822.0,24.916,37.83,30.85,0,15.48
2022-03-27,86,13,35.8,36.2,20.1,14,5.35,892.0,25.361,41.93,33.29,0,20.20
2022-03-28,87,11,35.2,37.6,20.2,19,1.91,824.0,26.987,42.18,33.15,0,23.39
2022-03-29,88,12,37.4,38.4,19.1,16,3.92,895.0,27.343,44.21,35.2,0,26.30
2022-03-30,89,11,36.2,38.3,20.6,20,1.3,819.0,28.419,43.40,34.43,0,27.45
2022-03-31,90,13,38.1,38.7,21.3,19,1.77,878.0,29.404,45.72,36.57,0,31.79
2022-04-01,91,13,35.7,35.9,21.5,12,5.64,913.0,24.717,41.80,32.92,0,18.75
2022-04-02,92,12,36.7,37.4,19.9,12,1.91,908.0,26.441,43.55,33.88,0,23.63
2022-04-03,93,12,37.5,38.8,21.9,11,3.33,926.0,26.171,44.19,34.45,0,23.79
2022-04-04,94,12,36.4,37.9,21.8,14,4.79,921.0,25.927,42.83,33.89,0,22.14
2022-04-05,95,11,36.4,38.2,20.8,13,3.72,855.0,25.772,42.69,33.8,0,21.71
2022-04-06,96,11,36.8,38.7,20.9,14,3.98,848.0,26.277,43.14,34.3,0,23.17
2022-04-07,97,11,37.3,39.3,21.4,15,3.16,845.0,27.118,44.01,34.95,0,25.63
2022-04-08,98,11,38.9,40.8,23.0,12,2.81,851.0,27.533,45.71,36.1,1,30.90
2022-04-09,99,11,39.8,41.6,22.4,11,2.12,845.0,28.126,46.66,36.77,2,33.93
2022-04-10,100,11,38.7,41.0,24.2,16,4.13,849.0,28.211,45.56,36.69,3,37.03
2022-04-11,101,12,40.7,41.4,24.5,12,4.15,909.0,28.564,47.94,38.02,4,41.92
2022-04-12,102,14,39.8,39.8,26.0,12,2.64,690.0,27.966,46.05,37.05,0,34.16
2022-04-13,103,10,36.7,38.9,23.8,18,1.66,716.0,27.837,43.31,34.71,0,28.50
2022-04-14,104,11,37.7,39.3,25.2,14,4.81,850.0,26.789,44.11,35.24,0,28.93
2022-04-15,105,12,37.8,38.9,24.0,15,4.57,909.0,27.261,44.58,35.5,0,28.85
2022-04-16,106,12,38.2,39.5,23.1,13,0.85,903.0,28.86,45.07,35.63,0,31.22
2022-04-17,107,12,39.4,40.6,24.0,11,2.28,916.0,27.886,46.50,36.36,1,33.40
2022-04-18,108,11,38.7,41.3,24.1,15,0.61,847.0,30.178,45.58,36.5,2,38.91
2022-04-19,109,12,41.0,41.8,25.2,13,5.51,892.0,28.853,48.44,38.68,3,42.23
2022-04-20,110,10,37.8,40.8,27.2,19,4.14,725.0,28.123,44.04,36.2,4,40.75
2022-04-21,111,15,36.0,36.7,26.3,17,5.32,640.0,25.951,41.09,33.79,0,25.91
2022-04-22,112,13,38.1,38.3,22.6,14,3.93,855.0,27.255,44.74,35.67,0,27.39
2022-04-23,113,13,39.0,39.2,23.8,10,4.0,904.0,26.715,45.64,35.71,0,28.43
2022-04-24,114,13,39.3,39.7,24.3,12,6.96,897.0,27.138,46.61,36.52,0,30.82
2022-04-25,115,13,40.2,40.5,25.1,11,5.09,859.0,27.644,47.02,37.19,1,34.92
2022-04-26,116,11,39.2,40.6,25.1,13,4.06,848.0,27.728,45.94,36.69,2,35.78
2022-04-27,117,12,40.4,41.2,23.9,10,4.14,916.0,27.687,47.37,37.11,3,37.15
2022-04-28,118,12,42.3,43.0,26.1,10,3.2,904.0,29.238,49.67,39.09,4,46.72
2022-04-29,119,12,43.2,43.5,27.1,8,5.94,876.0,28.547,50.70,39.36,5,49.08
2022-04-30,120,12,43.0,43.3,28.3,9,4.04,898.0,29.137,50.33,39.5,6,53.05
2022-05-01,121,13,40.7,41.4,26.4,22,3.86,868.0,31.381,48.54,41.1,7,54.38
2022-05-02,122,13,39.9,40.9,26.1,21,0.78,868.0,32.342,47.83,39.54,8,54.75
2022-05-03,123,11,37.5,39.4,26.8,30,0.61,820.0,32.604,45.73,38.59,0,44.19
2022-05-04,124,13,38.6,39.2,26.1,23,0.61,669.0,31.605,45.59,38.24,0,41.25
2022-05-05,125,12,35.5,38.2,23.5,33,1.84,870.0,30.119,43.64,36.13,0,33.22
2022-05-06,126,9,33.9,39.3,25.7,36,0.1,533.0,30.131,39.02,34.32,0,31.80
2022-05-07,127,10,36.4,39.9,26.1,27,0.95,711.0,30.201,43.69,36.04,0,36.41
2022-05-08,128,12,40.2,41.2,25.5,15,1.75,862.0,29.9,47.68,38.25,1,40.51
2022-05-09,129,13,40.1,40.2,27.4,22,1.7,857.0,31.701,48.23,40.17,2,48.91
2022-05-10,130,14,39.6,39.7,28.2,29,2.31,687.0,32.213,47.22,41.95,0,47.41
2022-05-11,131,12,39.6,41.2,27.8,28,0.73,831.0,33.688,48.03,41.55,1,51.83
2022-05-12,132,12,41.0,42.7,28.7,25,1.21,859.0,33.535,49.55,42.8,2,55.82
2022-05-13,133,10,36.9,43.7,27.8,40,0.51,704.0,33.782,45.46,41.0,3,53.28
2022-05-14,134,10,39.4,44.3,27.6,26,1.3,704.0,32.039,47.05,40.45,4,52.37
2022-05-15,135,12,44.6,45.4,29.6,11,5.97,878.0,30.682,52.88,42.1,5,58.63
2022-05-16,136,16,41.9,42.0,31.5,11,1.77,454.0,28.97,47.06,39.0,6,53.93
2022-05-17,137,11,37.4,39.1,28.0,31,2.69,804.0,30.848,45.06,38.73,0,41.84
2022-05-18,138,11,41.0,42.3,27.6,15,0.1,792.0,32.212,46.03,39.22,1,46.50
2022-05-19,139,11,40.4,43.5,27.1,21,0.67,808.0,32.808,48.11,40.28,2,50.61
2022-05-20,140,14,45.2,45.2,28.2,10,5.14,725.0,30.637,52.50,42.34,3,53.40
2022-05-21,141,11,40.6,40.6,29.4,17,1.84,816.0,30.63,48.16,39.29,4,52.18
2022-05-22,142,12,38.7,40.0,25.8,21,1.53,846.0,30.462,46.46,37.84,5,47.56
2022-05-23,143,14,31.3,31.5,22.0,49,7.82,753.0,27.431,36.64,32.92,0,20.14
2022-05-24,144,14,33.1,33.1,21.5,39,1.3,754.0,29.195,41.02,33.73,0,26.94
2022-05-25,145,11,31.5,33.3,23.1,49,0.85,731.0,29.642,40.05,33.25,0,28.19
2022-05-26,146,11,33.6,35.5,23.8,38,1.1,799.0,29.78,41.77,34.29,0,30.90
2022-05-27,147,13,37.5,38.2,25.7,35,4.03,806.0,31.307,44.76,40.3,0,40.39
2022-05-28,148,12,38.0,39.7,27.0,37,2.25,814.0,32.621,46.45,42.1,0,46.28
2022-05-29,149,12,38.3,40.6,26.3,34,2.64,856.0,32.26,46.60,41.48,1,46.33
2022-05-30,150,11,37.3,40.7,27.6,35,1.1,813.0,32.488,45.85,39.91,2,48.82
2022-05-31,151,12,38.2,39.7,25.6,27,2.58,874.0,30.877,46.17,38.81,0,39.93
2022-06-01,152,11,38.4,40.5,25.4,24,3.26,812.0,30.084,45.71,38.22,1,39.31
2022-06-02,153,12,40.6,41.5,28.4,19,3.18,863.0,30.708,48.35,39.91,2,48.20
2022-06-03,154,12,41.8,42.5,27.2,13,3.32,876.0,29.837,49.30,39.6,3,47.39
2022-06-04,155,12,42.5,43.4,26.9,11,2.3,879.0,30.024,49.95,39.66,4,49.55
2022-06-05,156,12,42.3,42.9,28.8,13,5.12,855.0,29.81,49.86,40.18,5,53.16
2022-06-06,157,12,41.2,42.4,28.4,16,3.65,876.0,30.23,48.83,39.77,6,54.25
2022-06-07,158,13,42.9,43.3,29.6,15,5.63,852.0,30.816,50.93,41.63,7,58.97
2022-06-08,159,12,41.5,42.6,31.8,16,6.96,886.0,29.96,49.79,40.16,8,58.55
2022-06-09,160,13,42.6,42.9,30.7,15,3.42,660.0,30.695,49.47,41.24,9,58.82
2022-06-10,161,12,41.9,42.1,30.5,22,5.43,826.0,31.998,49.90,43.03,10,62.03
2022-06-11,162,12,42.4,43.3,31.2,20,6.26,852.0,31.801,50.82,42.96,11,63.11
2022-06-12,163,12,41.9,42.7,30.0,19,5.38,786.0,31.171,49.56,41.78,12,59.17
2022-06-13,164,11,41.7,43.1,31.7,21,6.67,796.0,31.405,49.82,42.28,13,61.97
2022-06-14,165,11,38.1,38.5,31.0,32,7.08,573.0,30.556,44.18,40.33,0,44.75
2022-06-15,166,13,41.6,41.9,29.4,24,5.8,771.0,32.13,49.41,43.41,1,52.45
2022-06-16,167,12,39.0,39.0,30.6,33,2.21,791.0,32.729,47.30,42.46,0,51.43
2022-06-17,168,13,35.5,36.5,23.8,46,3.4,801.0,31.453,43.24,40.28,0,37.35
2022-06-18,169,14,34.5,34.5,24.9,48,2.71,740.0,30.945,42.35,38.8,0,36.48
2022-06-19,170,13,31.2,32.0,23.7,59,3.03,665.0,29.122,38.55,35.02,0,27.48
2022-06-20,171,15,32.5,32.6,22.7,50,1.8,643.0,29.61,40.32,35.3,0,28.62
2022-06-21,172,14,31.7,32.1,24.3,58,2.7,751.0,29.713,39.78,35.82,0,30.49
2022-06-22,173,14,34.3,34.5,24.1,49,0.92,741.0,32.08,43.26,38.71,0,38.31
2022-06-23,174,12,35.5,36.7,26.3,35,5.35,851.0,29.446,42.00,36.66,0,34.23
2022-06-24,175,13,37.1,37.4,24.3,27,4.83,871.0,29.421,43.97,37.08,0,33.43
2022-06-25,176,11,36.4,38.3,24.9,30,0.45,807.0,32.138,44.44,36.79,0,39.50
2022-06-26,177,13,38.7,39.2,28.6,34,2.66,791.0,32.483,46.79,42.28,0,48.20
2022-06-27,178,14,38.7,38.7,30.3,40,1.84,709.0,33.739,47.28,45.05,0,53.94
2022-06-28,179,14,41.0,41.0,28.1,31,3.5,743.0,33.518,48.93,45.64,1,54.04
2022-06-29,180,10,36.4,41.9,29.3,49,0.54,639.0,34.411,45.49,43.7,2,55.58
2022-06-30,181,12,30.6,31.3,26.4,69,1.62,459.0,29.786,38.78,36.27,0,32.52
2022-07-01,182,16,32.0,32.0,24.8,63,0.14,398.0,31.507,38.74,38.01,0,34.52
2022-07-02,183,14,34.9,35.0,26.1,52,2.9,727.0,31.773,42.99,41.23,0,40.81
2022-07-03,184,13,34.0,34.4,25.4,60,2.77,797.0,32.144,43.02,42.18,0,41.07
2022-07-04,185,14,35.2,35.2,25.9,55,0.54,692.0,34.321,44.96,43.29,0,47.58
2022-07-05,186,13,36.2,36.4,27.0,54,3.68,820.0,33.172,44.85,45.58,0,47.47
2022-07-06,187,17,35.8,35.8,28.6,53,3.61,261.0,31.627,41.03,43.99,0,43.06
2022-07-07,188,13,35.1,35.5,27.4,56,3.81,750.0,32.299,43.13,43.46,0,44.25
2022-07-08,189,13,36.6,36.9,29.0,48,3.29,793.0,32.742,44.88,43.75,0,48.32
2022-07-09,190,12,34.1,34.1,28.6,58,3.76,654.0,31.495,41.54,41.62,0,42.30
2022-07-10,191,13,31.9,33.2,27.2,69,0.81,679.0,32.347,42.10,39.76,0,41.99
2022-07-11,192,13,34.9,35.0,26.9,57,0.41,812.0,34.955,45.23,43.36,0,50.16
2022-07-12,193,12,35.0,35.0,28.3,56,2.09,675.0,32.597,43.88,43.19,0,46.31
2022-07-13,194,14,35.3,35.4,27.8,56,2.21,713.0,32.893,44.38,44.02,0,46.95
2022-07-14,195,11,34.7,34.7,28.1,55,3.42,709.0,31.823,42.55,41.96,0,43.19
2022-07-15,196,12,35.3,36.4,28.9,53,4.73,768.0,31.941,42.73,42.66,0,44.74
2022-07-16,197,11,33.6,33.6,27.9,61,3.6,713.0,31.535,41.56,41.49,0,41.52
2022-07-17,198,14,33.5,34.2,25.7,65,3.11,684.0,31.998,42.10,42.86,0,40.73
2022-07-18,199,11,34.4,35.5,25.9,63,1.71,767.0,33.314,44.62,44.67,0,45.95
2022-07-19,200,13,34.7,35.3,27.4,61,1.55,729.0,33.373,44.71,44.63,0,47.86
2022-07-20,201,12,33.4,33.4,26.6,67,4.65,759.0,31.943,41.50,43.42,0,41.45
2022-07-21,202,15,30.7,30.7,24.6,73,0.86,490.0,31.021,39.98,37.68,0,34.15
2022-07-22,203,14,31.3,31.3,25.1,69,2.41,641.0,30.52,39.96,38.1,0,33.92
2022-07-23,204,11,30.9,30.9,25.0,70,5.79,541.0,29.449,36.65,37.33,0,29.10
2022-07-24,205,13,33.3,33.3,25.7,63,5.35,753.0,31.26,40.60,41.46,0,37.73
2022-07-25,206,14,32.5,32.5,25.8,61,4.97,700.0,30.25,39.18,38.6,0,33.85
2022-07-26,207,13,30.9,31.5,25.3,70,5.05,749.0,29.841,37.97,37.33,0,31.15
2022-07-27,208,15,32.1,32.1,25.3,65,3.83,585.0,30.352,39.11,38.93,0,33.54
2022-07-28,209,14,31.7,31.7,25.0,67,0.6,597.0,32.084,41.33,38.53,0,37.91
2022-07-29,210,13,30.0,30.2,24.7,74,2.28,534.0,29.657,38.35,36.04,0,29.89
2022-07-30,211,14,31.2,31.3,25.4,68,2.1,457.0,30.03,39.02,37.52,0,32.45
2022-07-31,212,13,32.9,32.9,25.5,56,2.86,791.0,30.587,41.13,37.91,0,35.29
2022-08-01,213,11,31.0,31.5,25.2,71,2.9,734.0,30.465,39.75,37.9,0,33.71
2022-08-02,214,13,33.2,33.4,25.8,60,2.88,779.0,31.336,41.79,40.03,0,38.32
2022-08-03,215,12,32.0,32.9,26.5,70,1.34,773.0,32.162,42.47,40.41,0,41.33
2022-08-04,216,13,31.5,31.5,26.4,68,0.95,551.0,31.3,40.75,38.32,0,37.57
2022-08-05,217,15,30.7,31.0,24.6,71,1.92,569.0,30.221,39.47,37.09,0,32.04
2022-08-06,218,11,30.9,32.4,25.6,74,0.41,681.0,32.787,41.40,38.55,0,39.99
2022-08-07,219,14,30.7,30.7,25.2,75,3.04,425.0,29.992,37.99,38.28,0,31.69
2022-08-08,220,13,33.3,33.3,24.8,62,2.11,811.0,32.027,42.90,41.06,0,39.64
2022-08-09,221,13,33.5,33.5,27.4,66,4.42,764.0,31.964,41.67,43.29,0,42.50
2022-08-10,222,14,34.5,34.5,27.6,55,3.73,763.0,31.654,42.32,41.44,0,41.93
2022-08-11,223,17,28.5,28.7,26.6,84,2.86,191.0,28.216,34.30,34.15,0,25.76
2022-08-12,224,14,33.7,33.7,25.2,56,6.52,778.0,30.657,40.47,39.82,0,35.31
2022-08-13,225,13,33.1,33.2,26.3,60,5.03,784.0,30.794,40.28,39.77,0,36.69
2022-08-14,226,12,32.7,32.7,26.2,63,0.22,685.0,33.252,41.47,39.82,0,42.10
2022-08-15,227,12,31.0,31.0,25.6,64,4.87,791.0,29.342,37.89,35.88,0,29.96
2022-08-16,228,13,30.3,30.3,25.4,67,9.01,579.0,28.354,35.65,35.02,0,25.92
2022-08-17,229,14,32.0,32.0,25.2,63,4.94,736.0,30.076,38.86,38.01,0,32.37
2022-08-18,230,13,33.2,33.4,25.5,56,2.78,742.0,30.806,41.35,38.61,0,36.12
2022-08-19,231,14,34.0,34.0,26.6,55,4.59,708.0,30.955,40.91,40.18,0,37.95
2022-08-20,232,11,30.3,30.6,24.6,71,0.81,470.0,30.419,39.19,36.04,0,31.82
2022-08-21,233,14,33.1,33.5,25.6,61,0.5,682.0,33.23,42.94,40.14,0,42.54
2022-08-22,234,11,31.3,32.9,25.8,69,1.58,557.0,30.719,40.24,38.1,0,35.32
2022-08-23,235,13,33.1,33.1,25.9,54,8.77,790.0,29.675,39.83,37.72,0,33.02
2022-08-24,236,13,32.3,32.3,25.8,59,3.97,707.0,29.997,39.36,37.47,0,33.08
2022-08-25,237,13,33.3,33.6,25.1,52,1.9,780.0,30.818,42.00,37.52,0,35.74
2022-08-26,238,13,34.3,34.8,26.5,53,2.44,769.0,31.59,42.86,40.16,0,40.44
2022-08-27,239,13,34.9,35.0,27.6,46,5.24,758.0,30.517,41.41,38.97,0,38.20
2022-08-28,240,13,35.4,35.5,27.5,44,4.46,784.0,30.824,42.32,39.32,0,39.45
2022-08-29,241,12,34.1,34.8,27.2,47,0.98,730.0,31.515,42.77,37.62,0,40.10
2022-08-30,242,13,35.9,36.8,26.3,44,0.73,808.0,33.282,45.07,40.4,0,45.08
2022-08-31,243,13,36.4,36.8,27.7,46,2.67,770.0,32.418,44.73,42.36,0,45.57
2022-09-01,244,13,36.6,36.8,27.8,43,2.97,766.0,32.039,44.52,41.56,0,44.52
2022-09-02,245,10,33.7,36.7,27.4,52,1.43,658.0,31.224,42.19,38.4,0,39.66
2022-09-03,246,12,36.6,37.7,27.5,39,4.9,769.0,31.006,43.35,39.99,0,40.79
2022-09-04,247,12,36.0,36.9,27.7,40,4.4,850.0,30.84,43.16,39.14,0,40.26
2022-09-05,248,12,35.2,36.2,27.0,42,1.39,833.0,31.564,43.96,38.23,0,41.05
2022-09-06,249,12,36.4,37.4,27.1,36,2.28,777.0,31.003,44.25,38.56,0,40.44
2022-09-07,250,13,36.7,37.3,27.2,34,2.28,787.0,30.932,44.53,38.46,0,40.58
2022-09-08,251,14,36.5,36.6,26.6,38,1.17,732.0,32.049,44.76,39.43,0,42.53
2022-09-09,252,16,34.8,35.0,27.7,49,0.32,391.0,32.262,41.52,39.83,0,42.01
2022-09-10,253,13,34.0,34.3,24.8,55,2.28,734.0,31.58,42.63,40.18,0,38.27
2022-09-11,254,13,33.3,33.6,24.5,55,1.52,760.0,31.405,42.41,38.5,0,36.82
2022-09-12,255,12,34.4,35.1,26.9,49,4.61,748.0,30.571,41.13,38.93,0,37.28
2022-09-13,256,14,34.2,34.3,25.2,47,7.71,671.0,29.669,40.14,37.83,0,32.46
2022-09-14,257,13,29.7,30.5,25.2,71,6.67,637.0,28.469,35.34,34.54,0,25.50
2022-09-15,258,11,30.1,30.1,24.2,66,4.35,402.0,28.165,35.11,34.33,0,23.52
2022-09-16,259,12,30.9,30.9,23.4,62,3.77,650.0,28.999,37.69,35.13,0,26.32
2022-09-17,260,13,33.2,33.5,23.6,55,4.03,715.0,30.329,40.20,38.27,0,32.05
2022-09-18,261,14,33.2,33.2,23.3,56,3.13,694.0,30.623,40.84,38.61,0,32.84
2022-09-19,262,10,31.5,33.5,24.7,61,2.01,618.0,29.901,39.73,36.21,0,31.42
2022-09-20,263,13,31.9,32.0,23.9,64,1.61,741.0,31.103,41.39,38.08,0,34.65
2022-09-21,264,12,31.2,31.5,24.5,67,2.28,684.0,30.331,39.98,37.22,0,32.55
2022-09-22,265,11,26.4,26.8,23.6,87,4.39,431.0,26.826,32.13,26.88,0,15.41
2022-09-23,266,14,28.1,28.1,23.5,82,3.22,454.0,28.231,35.22,32.68,0,22.30
2022-09-24,267,13,27.0,27.0,23.4,83,5.46,415.0,26.871,31.67,30.03,0,16.06
2022-09-25,268,13,30.5,30.8,23.6,61,3.4,756.0,28.762,37.96,34.04,0,25.90
2022-09-26,269,12,30.6,31.0,22.6,69,3.47,752.0,29.739,38.61,36.27,0,27.88
2022-09-27,270,13,31.4,31.4,22.6,56,3.64,742.0,28.924,38.43,34.68,0,25.62
2022-09-28,271,12,31.7,32.1,22.9,57,2.16,783.0,29.86,40.32,35.55,0,29.42
2022-09-29,272,12,31.3,31.7,22.8,59,3.69,759.0,29.208,38.56,35.23,0,26.68
2022-09-30,273,12,31.6,31.9,23.0,55,3.55,790.0,29.08,38.90,34.83,0,26.77
2022-10-01,274,13,32.5,32.6,23.2,51,3.26,722.0,29.358,39.63,35.57,0,28.33
2022-10-02,275,11,32.0,33.1,22.8,54,3.28,729.0,29.292,39.25,35.37,0,27.39
2022-10-03,276,13,33.2,33.2,23.1,40,6.37,756.0,28.01,38.68,34.1,0,24.44
2022-10-04,277,13,32.7,32.7,23.1,48,4.06,749.0,29.009,39.23,35.16,0,27.11
2022-10-05,278,13,31.2,31.7,22.9,62,1.2,665.0,30.367,40.27,35.8,0,30.44
2022-10-06,279,13,30.6,30.7,23.1,55,3.2,643.0,28.009,37.31,32.93,0,23.00
2022-10-07,280,11,26.1,26.2,23.0,75,3.16,245.0,25.098,30.71,26.41,0,10.42
2022-10-08,281,14,23.0,23.6,21.5,95,4.12,120.0,23.454,25.48,23.42,0,2.75
2022-10-09,282,14,25.7,25.9,21.0,83,1.43,280.0,26.069,33.11,26.1,0,12.82
2022-10-10,283,13,27.3,27.7,21.3,72,0.54,552.0,28.433,36.53,29.57,0,20.71
2022-10-11,284,14,26.3,26.6,20.9,72,0.71,475.0,26.868,34.92,26.58,0,15.64
2022-10-12,285,13,27.9,28.3,20.0,64,1.75,709.0,27.195,36.58,29.75,0,18.48
2022-10-13,286,12,28.7,29.0,19.0,54,3.34,733.0,26.27,35.42,29.75,0,15.89
2022-10-14,287,12,28.9,29.4,19.0,50,3.98,747.0,25.86,34.94,29.53,0,14.69
2022-10-15,288,13,29.6,29.6,18.7,45,3.33,720.0,25.967,35.90,29.81,0,15.69
2022-10-16,289,12,29.3,29.9,18.2,50,1.2,732.0,27.356,37.64,30.06,0,19.66
2022-10-17,290,11,29.2,30.3,18.3,49,2.2,685.0,26.409,36.53,29.8,0,16.97
2022-10-18,291,11,29.1,30.4,18.3,46,2.18,688.0,25.963,36.29,29.32,0,15.78
2022-10-19,292,16,28.5,30.1,18.7,68,1.08,267.0,27.393,35.24,31.35,0,18.48
2022-10-20,293,13,30.0,30.3,18.6,46,0.45,688.0,28.701,38.18,30.45,0,22.74
2022-10-21,294,16,28.8,29.9,17.2,58,0.92,260.0,26.667,34.82,30.42,0,16.46
2022-10-22,295,12,28.4,29.0,18.1,49,3.28,711.0,25.388,34.79,28.81,0,13.42
2022-10-23,296,16,27.0,28.5,16.0,53,1.28,255.0,24.192,32.34,27.6,0,8.94
2022-10-24,297,12,28.6,29.4,16.6,44,3.62,714.0,24.879,34.47,28.56,0,12.14
2022-10-25,298,13,28.9,29.2,16.2,36,4.94,688.0,23.813,33.38,28.18,0,9.20
2022-10-26,299,16,28.1,29.8,16.9,58,0.99,242.0,25.888,33.88,29.37,0,13.91
2022-10-27,300,11,28.5,30.0,16.9,48,1.17,652.0,26.233,36.32,28.83,0,16.13
2022-10-28,301,13,29.7,29.9,17.0,43,0.81,650.0,27.106,37.35,29.69,0,18.84
2022-10-29,302,10,26.7,29.3,17.3,60,0.81,541.0,26.065,34.87,27.71,0,14.35
2022-10-30,303,12,28.9,29.5,16.7,41,2.39,675.0,25.04,35.58,28.59,0,13.25
2022-10-31,304,16,27.7,29.2,16.2,60,0.99,221.0,25.646,33.39,29.02,0,12.98
2022-11-01,305,13,30.0,30.1,17.3,43,2.31,630.0,26.209,36.66,30.05,0,16.78
2022-11-02,306,14,29.2,29.2,17.7,51,2.62,542.0,26.219,35.47,30.05,0,15.94
2022-11-03,307,11,28.5,30.4,18.0,51,3.76,614.0,25.449,34.03,29.14,0,13.11
2022-11-04,308,12,30.0,30.6,20.7,49,0.32,641.0,28.92,37.51,30.89,0,22.83
2022-11-05,309,13,29.7,29.9,19.5,55,3.24,604.0,27.106,36.03,31.39,0,18.52
2022-11-06,310,13,28.8,29.3,19.0,59,2.24,502.0,26.819,35.65,30.56,0,17.40
2022-11-07,311,12,30.2,30.4,18.3,44,0.92,631.0,27.467,37.78,30.44,0,20.12
2022-11-08,312,12,27.6,28.6,17.7,55,1.08,558.0,26.076,35.39,28.42,0,15.01
2022-11-09,313,11,26.4,27.0,16.4,53,0.14,575.0,25.897,32.69,26.44,0,12.19
2022-11-10,314,13,25.8,25.8,17.2,49,2.1,553.0,23.123,32.44,25.76,0,6.77
2022-11-11,315,12,25.6,26.2,15.5,46,4.79,626.0,22.117,29.77,25.51,0,2.94
2022-11-12,316,12,25.5,26.2,15.4,45,5.48,629.0,21.83,29.12,25.39,0,2.26
2022-11-13,317,13,26.4,26.5,14.8,43,5.33,591.0,22.351,29.94,26.31,0,3.51
2022-11-14,318,13,27.5,27.5,15.1,39,1.53,577.0,23.769,34.23,27.19,0,9.35
2022-11-15,319,13,26.3,26.5,15.3,44,0.32,522.0,24.583,32.92,26.22,0,9.88
2022-11-16,320,11,23.6,25.1,15.8,49,3.54,563.0,20.761,28.66,23.45,0,1.92
2022-11-17,321,12,23.6,24.3,13.4,43,5.73,612.0,19.874,26.60,23.37,0,0.44
2022-11-18,322,11,22.4,24.2,12.2,45,2.8,579.0,19.475,28.39,22.14,0,1.73
2022-11-19,323,13,23.9,24.1,11.6,38,2.66,582.0,20.063,29.76,23.62,0,2.71
2022-11-20,324,14,25.0,25.0,11.6,40,3.47,490.0,20.875,29.33,24.8,0,2.40
2022-11-21,325,13,25.1,25.4,12.4,37,4.32,580.0,20.616,29.06,24.87,0,2.21
2022-11-22,326,13,24.4,25.0,12.6,39,4.12,578.0,20.281,28.57,24.16,0,1.85
2022-11-23,327,12,24.0,24.9,11.7,35,4.94,616.0,19.401,27.49,23.68,0,1.07
2022-11-24,328,13,24.5,24.9,12.1,36,3.91,583.0,20.053,28.84,24.22,0,2.05
2022-11-25,329,12,24.1,24.7,11.1,38,1.75,597.0,20.629,31.02,23.83,0,3.63
2022-11-26,330,13,24.4,24.8,11.6,38,4.11,575.0,20.16,28.53,24.14,0,1.83
2022-11-27,331,13,24.3,24.6,11.1,41,2.7,573.0,20.727,30.13,24.08,0,2.98
2022-11-28,332,12,23.4,24.3,10.0,42,1.08,589.0,20.946,31.07,23.15,0,3.66
2022-11-29,333,13,23.8,24.0,10.3,42,1.88,561.0,20.68,30.55,23.57,0,3.29
2022-11-30,334,13,23.6,23.8,11.5,48,2.62,555.0,20.865,29.71,23.43,0,2.68
2022-12-01,335,13,23.3,23.5,11.1,47,3.09,559.0,20.373,28.82,23.11,0,2.03
2022-12-02,336,12,22.7,23.4,11.0,50,0.81,570.0,21.446,30.90,22.52,0,3.54
2022-12-03,337,12,23.1,23.7,11.0,49,0.41,566.0,22.45,31.15,22.92,0,4.57
2022-12-04,338,13,23.2,23.5,11.3,44,3.32,555.0,19.904,28.29,22.96,0,1.65
2022-12-05,339,13,22.1,22.3,10.4,46,1.78,554.0,19.639,29.27,21.83,0,2.36
2022-12-06,340,13,22.2,22.6,11.0,47,4.61,556.0,19.109,25.82,21.95,0,0.00
2022-12-07,341,13,22.6,23.0,11.3,45,5.85,555.0,19.109,25.04,22.35,0,0.00
2022-12-08,342,13,22.6,22.8,10.9,46,4.22,546.0,19.403,26.59,22.36,0,0.42
2022-12-09,343,14,23.5,23.5,10.7,48,2.18,464.0,20.719,29.52,23.33,0,2.54
2022-12-10,344,14,25.0,25.0,10.5,42,3.04,463.0,21.144,29.70,24.83,0,2.67
2022-12-11,345,13,24.7,25.2,11.5,48,2.83,549.0,21.779,30.48,24.59,0,3.24
2022-12-12,346,13,24.2,24.6,11.5,44,3.52,553.0,20.741,29.03,24.01,0,2.19
2022-12-13,347,13,24.1,24.4,11.3,36,5.42,554.0,19.452,26.80,23.8,0,0.58
2022-12-14,348,12,21.3,22.1,11.2,43,4.57,576.0,17.941,24.93,20.95,0,0.00
2022-12-15,349,13,21.4,21.6,9.0,38,4.75,556.0,17.447,24.54,20.99,0,0.00
2022-12-16,350,14,21.2,21.2,8.6,43,3.1,479.0,17.936,26.06,20.85,0,0.05
2022-12-17,351,14,21.7,21.7,8.3,44,2.27,476.0,18.699,27.70,21.39,0,1.22
2022-12-18,352,13,21.2,21.5,8.3,52,1.84,550.0,19.387,28.63,20.97,0,1.90
2022-12-19,353,13,21.1,21.4,8.9,54,2.37,541.0,19.255,27.86,20.89,0,1.34
2022-12-20,354,13,20.5,20.8,8.6,52,2.56,543.0,18.462,26.98,20.23,0,0.71
2022-12-21,355,13,20.2,20.5,7.6,51,2.52,553.0,18.129,26.80,19.9,0,0.58
2022-12-22,356,13,19.8,20.3,8.5,52,2.66,550.0,17.811,26.24,19.5,0,0.17
2022-12-23,357,14,18.9,18.9,7.7,50,1.36,474.0,17.2,26.66,18.53,0,0.48
2022-12-24,358,13,18.5,18.9,8.5,48,3.61,551.0,16.051,23.39,18.08,0,0.00
2022-12-25,359,13,16.6,17.1,6.5,58,3.72,558.0,15.17,21.71,16.21,0,0.00
2022-12-26,360,14,18.4,18.4,6.3,58,2.27,482.0,17.042,25.29,18.11,0,0.00
2022-12-27,361,14,18.8,18.8,7.1,54,4.65,477.0,16.563,21.76,18.47,0,0.00
2022-12-28,362,14,19.6,19.6,7.8,49,5.32,484.0,16.768,21.69,19.25,0,0.00
2022-12-29,363,15,20.2,20.2,9.4,51,0.28,266.0,18.721,25.89,19.9,0,0.00
2022-12-30,364,13,20.2,20.7,11.1,58,1.57,540.0,19.153,28.26,19.99,0,1.64
2022-12-31,365,13,18.8,19.0,9.6,60,4.81,561.0,17.212,22.44,18.55,0,0.00
2023-01-01,1,13,18.0,18.3,7.9,60,1.66,560.0,17.287,26.52,17.71,0,0.37
2023-01-02,2,12,17.5,18.2,6.3,58,0.67,571.0,17.676,27.29,17.16,0,0.93
2023-01-03,3,13,16.2,16.6,6.0,62,2.48,566.0,15.442,23.76,15.85,0,0.00
2023-01-04,4,14,16.4,16.5,5.4,63,2.36,507.0,15.625,23.73,16.07,0,0.00
2023-01-05,5,14,15.4,15.4,5.4,64,2.62,504.0,14.681,22.35,15.03,0,0.00
2023-01-06,6,14,13.9,14.1,4.8,67,1.72,502.0,13.831,22.79,13.5,0,0.00
2023-01-07,7,14,15.1,15.3,3.8,64,2.28,510.0,14.519,22.77,14.72,0,0.00
2023-01-08,8,14,16.8,17.1,5.7,66,2.55,510.0,16.191,23.88,16.53,0,0.00
2023-01-09,9,13,16.8,17.4,5.7,70,1.91,537.0,16.809,25.32,16.58,0,0.00
2023-01-10,10,14,18.1,18.4,7.5,67,3.89,514.0,17.211,22.93,17.91,0,0.00
2023-01-11,11,14,19.4,19.7,7.6,56,0.5,504.0,19.402,28.34,19.13,0,1.69
2023-01-12,12,14,20.1,20.1,9.8,64,3.41,477.0,18.852,25.30,19.97,0,0.00
2023-01-13,13,15,18.6,18.6,10.6,72,2.53,338.0,18.002,24.35,18.5,0,0.00
2023-01-14,14,13,16.7,17.0,8.0,53,4.74,606.0,14.765,20.37,16.25,0,0.00
2023-01-15,15,14,15.3,15.3,5.5,40,4.33,558.0,12.421,18.78,14.62,0,0.00
2023-01-16,16,13,15.3,15.5,3.7,44,3.61,622.0,12.986,20.71,14.67,0,0.00
2023-01-17,17,13,16.0,16.4,3.6,40,3.78,628.0,13.241,21.03,15.35,0,0.00
2023-01-18,18,14,16.6,16.6,3.2,40,2.76,556.0,13.868,22.90,15.98,0,0.00
2023-01-19,19,13,17.9,18.4,6.4,44,0.89,612.0,16.594,27.21,17.4,0,0.87
2023-01-20,20,12,18.5,19.7,9.7,57,2.64,571.0,17.118,25.42,18.2,0,0.00
2023-01-21,21,13,20.0,20.5,7.0,53,0.41,618.0,20.224,29.20,19.72,0,2.31
2023-01-22,22,12,20.8,21.7,8.1,47,2.61,620.0,18.39,27.53,20.48,0,1.10
2023-01-23,23,14,22.8,22.8,8.4,35,1.8,563.0,19.063,29.54,22.42,0,2.56
2023-01-24,24,14,21.2,21.2,13.1,65,4.96,308.0,19.417,22.97,21.14,0,0.00
2023-01-25,25,13,20.6,21.1,11.9,67,1.12,442.0,20.389,28.78,20.53,0,2.01
2023-01-26,26,13,18.8,19.0,9.9,57,4.11,643.0,17.188,23.89,18.51,0,0.00
2023-01-27,27,14,18.6,18.6,7.5,46,4.83,602.0,15.847,22.03,18.16,0,0.00
2023-01-28,28,14,20.7,20.7,6.5,46,3.05,604.0,18.048,26.66,20.36,0,0.48
2023-01-29,29,15,16.4,16.4,8.3,76,4.22,278.0,15.791,18.60,16.24,0,0.00
2023-01-30,30,15,16.2,16.2,10.4,73,2.67,300.0,15.653,21.38,15.99,0,0.00
2023-01-31,31,13,20.3,20.5,9.7,61,5.66,655.0,18.734,23.85,20.14,0,0.00
2023-02-01,32,14,19.9,19.9,9.4,52,5.46,616.0,17.509,23.00,19.6,0,0.00
2023-02-02,33,15,21.5,21.5,9.4,50,4.88,490.0,18.634,24.38,21.26,0,0.00
2023-02-03,34,14,22.4,22.4,9.6,45,3.78,617.0,19.318,27.36,22.14,0,0.99
2023-02-04,35,14,22.7,22.7,10.3,49,4.99,616.0,19.805,26.45,22.5,0,0.33
2023-02-05,36,12,22.3,23.3,11.0,50,3.67,690.0,19.882,28.03,22.1,0,1.47
2023-02-06,37,14,25.1,25.1,10.4,52,2.21,615.0,22.906,32.17,25.06,0,6.16
2023-02-07,38,13,22.9,23.4,13.1,54,4.39,690.0,20.693,27.93,22.78,0,1.40
2023-02-08,39,14,22.6,22.6,10.2,40,4.4,635.0,18.88,26.80,22.28,0,0.58
2023-02-09,40,16,25.1,25.8,10.0,45,1.8,334.0,21.615,30.29,24.97,0,3.10
2023-02-10,41,14,25.4,25.5,12.9,49,1.86,631.0,23.041,32.76,25.34,0,6.85
2023-02-11,42,12,24.7,25.9,13.3,57,2.82,703.0,23.021,31.80,24.71,0,6.12
2023-02-12,43,11,20.1,21.9,10.6,42,4.18,647.0,16.962,24.66,19.68,0,0.00
2023-02-13,44,14,20.8,21.0,9.8,26,7.76,672.0,15.446,22.09,20.21,0,0.00
2023-02-14,45,14,23.5,23.5,11.0,35,4.81,656.0,19.054,27.33,23.16,0,0.96
2023-02-15,46,14,25.5,25.7,12.8,39,5.68,665.0,21.152,29.02,25.31,0,2.18
2023-02-16,47,14,26.0,26.2,11.5,47,1.97,665.0,23.37,33.32,25.94,0,7.87
2023-02-17,48,13,26.2,26.7,13.3,53,0.14,731.0,26.251,33.19,26.23,0,13.22
2023-02-18,49,14,26.4,26.4,12.5,46,1.79,680.0,23.735,33.89,26.35,0,8.98
2023-02-19,50,13,27.4,27.9,14.8,43,1.06,735.0,24.966,35.45,27.34,0,12.55
2023-02-20,51,13,29.9,30.7,15.3,35,1.06,744.0,26.085,37.45,29.07,0,16.75
2023-02-21,52,14,28.9,29.1,15.1,42,3.45,691.0,24.889,34.74,28.69,0,12.40
2023-02-22,53,12,26.9,28.4,13.5,40,1.39,681.0,23.716,34.38,26.79,0,9.29
2023-02-23,54,13,27.0,27.4,14.0,33,5.16,780.0,21.885,31.54,26.54,0,4.00
2023-02-24,55,14,27.9,27.9,13.0,26,3.94,696.0,21.682,32.80,26.86,0,4.91
2023-02-25,56,13,28.1,28.4,13.4,34,2.15,771.0,23.686,35.17,27.37,0,9.94
2023-02-26,57,13,29.1,29.5,14.4,31,2.15,764.0,24.079,35.99,28.02,0,11.52
2023-02-27,58,11,27.5,29.8,15.6,45,1.75,683.0,24.622,34.95,27.56,0,11.63
2023-02-28,59,12,28.7,29.3,14.3,33,0.67,759.0,25.442,36.36,27.8,0,14.28
2023-03-01,60,14,29.6,29.7,15.7,29,2.67,706.0,23.879,35.73,28.32,0,11.07
2023-03-02,61,14,30.0,30.0,15.2,32,3.71,711.0,24.41,35.46,28.91,0,12.09
2023-03-03,62,13,30.3,30.6,16.8,33,4.3,774.0,24.793,35.73,29.29,0,13.16
2023-03-04,63,13,29.5,29.8,17.5,32,4.11,721.0,23.927,34.67,28.44,0,10.43
2023-03-05,64,13,29.4,29.6,16.3,31,5.16,796.0,23.629,34.28,28.28,0,9.53
2023-03-06,65,12,28.1,28.7,15.9,32,4.5,804.0,22.805,33.29,27.27,0,6.88
2023-03-07,66,11,27.3,28.7,15.8,32,2.39,723.0,22.544,33.88,26.7,0,6.72
2023-03-08,67,11,27.1,28.2,14.8,38,1.08,722.0,24.022,34.84,26.84,0,10.20
2023-03-09,68,12,27.0,27.5,15.9,38,1.94,689.0,23.225,34.02,26.77,0,8.11
2023-03-10,69,13,29.0,29.2,15.5,34,3.33,811.0,24.108,35.26,28.13,0,11.09
2023-03-11,70,11,28.6,30.0,16.2,35,1.46,738.0,24.59,35.99,27.85,0,12.43
2023-03-12,71,12,30.8,31.9,17.1,31,1.34,816.0,26.113,38.37,29.62,0,17.68
2023-03-13,72,11,30.4,32.1,17.5,36,1.91,723.0,25.952,37.50,29.69,0,16.77
2023-03-14,73,12,31.1,31.6,17.2,31,4.11,829.0,25.267,36.96,29.93,0,15.18
2023-03-15,74,11,29.9,32.3,17.2,36,0.5,762.0,27.354,37.76,29.16,0,19.41
2023-03-16,75,14,31.9,31.9,19.0,24,2.42,697.0,24.962,38.07,30.14,0,15.48
2023-03-17,76,13,28.1,28.5,19.5,39,1.34,765.0,24.857,35.91,27.68,0,12.81
2023-03-18,77,15,26.8,26.8,16.7,42,0.3,511.0,24.74,33.09,26.82,0,10.29
2023-03-19,78,13,24.7,25.2,15.2,64,1.7,722.0,24.248,33.50,24.8,0,9.66
2023-03-20,79,15,23.7,23.7,16.1,63,0.58,489.0,23.802,32.05,23.74,0,7.77
2023-03-21,80,13,22.2,23.1,14.6,69,2.2,790.0,22.237,31.20,22.24,0,4.20
2023-03-22,81,11,23.9,26.3,14.0,55,0.5,775.0,24.349,33.49,23.84,0,9.84
2023-03-23,82,12,27.5,28.0,15.5,39,3.76,857.0,23.465,33.70,27.19,0,8.40
2023-03-24,83,15,27.5,27.5,17.3,48,2.41,560.0,24.435,33.82,27.76,0,10.53
2023-03-25,84,14,26.3,26.3,17.4,59,1.2,714.0,25.591,35.12,26.41,0,13.37
2023-03-26,85,12,27.6,27.6,16.5,36,2.83,865.0,23.427,34.61,27.1,0,8.95
2023-03-27,86,13,26.6,26.8,15.5,42,4.54,868.0,22.914,32.23,26.51,0,6.23
2023-03-28,87,12,27.7,28.2,15.2,41,4.27,841.0,23.766,33.47,27.47,0,8.90
2023-03-29,88,12,30.1,30.8,16.7,38,1.55,847.0,26.448,38.09,29.58,0,18.10
2023-03-30,89,12,30.2,30.8,17.5,39,1.84,863.0,26.51,38.15,29.8,0,18.33
2023-03-31,90,12,23.5,24.2,17.0,62,0.58,664.0,24.106,32.87,23.51,0,8.94
2023-04-01,91,13,25.3,25.7,15.1,57,0.5,815.0,25.962,35.01,25.34,0,13.99
2023-04-02,92,12,27.6,28.3,15.9,50,3.89,849.0,24.855,34.07,28.01,0,11.60
2023-04-03,93,12,29.9,31.3,16.4,42,1.27,878.0,27.124,38.39,29.81,0,19.67
2023-04-04,94,14,27.9,28.0,17.2,47,3.69,794.0,24.734,34.19,28.09,0,11.48
2023-04-05,95,11,27.9,30.2,16.3,40,3.75,834.0,23.91,34.05,27.58,0,9.64
2023-04-06,96,13,31.0,31.3,16.7,26,3.76,884.0,24.507,37.20,29.41,0,13.72
2023-04-07,97,13,31.1,31.3,17.4,19,4.16,918.0,23.232,37.07,29.13,0,11.12
2023-04-08,98,12,31.0,31.8,17.1,20,3.61,926.0,23.492,37.33,29.08,0,11.78
2023-04-09,99,9,28.5,33.1,18.0,33,0.63,538.0,24.684,34.99,27.64,0,11.80
2023-04-10,100,10,31.0,33.3,19.7,24,1.46,713.0,24.777,37.67,29.28,0,14.52
2023-04-11,101,13,34.9,35.9,19.4,18,5.55,901.0,25.672,41.00,32.72,0,19.90
2023-04-12,102,12,36.2,36.4,23.1,17,6.1,880.0,26.323,42.52,34.01,0,23.99
2023-04-13,103,10,34.1,37.2,22.2,24,3.31,720.0,26.49,40.11,32.51,0,20.96
2023-04-14,104,12,37.0,37.3,21.8,15,3.76,910.0,26.834,43.77,34.63,0,24.80
2023-04-15,105,10,37.4,39.1,22.0,15,2.2,725.0,27.326,43.82,35.06,0,25.93
2023-04-16,106,12,38.6,39.2,22.7,16,4.62,893.0,28.103,45.56,36.58,0,30.04
2023-04-17,107,11,38.2,39.1,24.4,18,3.54,833.0,28.468,45.14,36.49,0,32.37
2023-04-18,108,12,39.1,39.1,25.5,16,3.16,885.0,28.797,46.41,37.17,0,35.44
2023-04-19,109,12,36.2,37.3,25.1,22,1.33,842.0,28.887,43.67,34.75,0,32.27
2023-04-20,110,12,33.9,34.7,23.3,27,3.4,881.0,27.126,40.70,32.68,0,23.93
2023-04-21,111,12,34.8,35.2,22.4,19,1.39,895.0,27.182,42.11,32.72,0,24.02
2023-04-22,112,10,32.6,35.1,20.8,23,2.31,713.0,25.402,38.91,30.77,0,17.16
2023-04-23,113,13,33.9,33.9,20.9,14,4.2,783.0,24.006,39.40,31.47,0,15.13
2023-04-24,114,11,31.6,31.9,20.0,22,2.94,798.0,24.345,37.86,29.72,0,14.00
2023-04-25,115,13,32.9,33.2,20.6,22,2.09,803.0,25.705,39.72,30.99,0,18.39
2023-04-26,116,11,34.1,35.6,22.1,20,1.08,744.0,26.848,40.76,32.07,0,21.82
2023-04-27,117,11,34.6,35.8,23.6,21,1.17,637.0,27.099,40.85,32.72,0,24.35
2023-04-28,118,15,33.4,33.5,22.4,23,1.22,595.0,26.414,39.50,31.61,0,20.27
2023-04-29,119,12,33.3,33.3,21.8,29,2.56,880.0,27.261,40.60,32.23,0,22.43
2023-04-30,120,13,30.0,30.4,21.2,37,0.28,568.0,27.074,36.06,29.36,0,17.72
2023-05-01,121,14,27.8,27.8,19.8,52,1.53,715.0,25.923,35.96,28.4,0,15.12
2023-05-02,122,13,28.0,28.0,19.3,55,2.43,753.0,26.058,35.72,28.92,0,15.40
2023-05-03,123,13,28.2,28.2,19.9,54,2.55,723.0,26.029,35.61,29.08,0,15.33
2023-05-04,124,13,29.3,29.7,18.7,49,0.86,766.0,27.739,37.89,29.93,0,20.52
2023-05-05,125,13,29.3,30.8,20.6,49,1.02,758.0,27.495,37.79,29.93,0,19.98
2023-05-06,126,12,34.5,35.4,20.7,28,2.26,868.0,28.174,42.01,33.6,0,25.68
2023-05-07,127,11,35.8,36.1,22.0,23,2.5,778.0,27.984,42.71,34.42,0,26.13
2023-05-08,128,15,36.5,36.6,21.9,17,0.5,613.0,28.654,42.27,34.34,0,27.05
2023-05-09,129,11,35.3,37.1,21.4,18,3.23,846.0,26.353,41.86,33.15,0,21.97
2023-05-10,130,14,36.3,36.5,21.9,10,6.19,818.0,24.362,42.06,33.11,0,18.33
2023-05-11,131,10,35.4,38.9,22.1,17,1.14,727.0,27.049,41.81,33.15,0,23.36
2023-05-12,132,13,41.5,41.7,23.1,10,4.04,867.0,28.416,48.51,38.25,1,35.51
2023-05-13,133,13,41.1,41.5,25.1,13,3.51,861.0,29.255,48.38,38.79,2,41.20
2023-05-14,134,13,40.5,40.5,26.5,14,2.0,786.0,29.539,47.59,38.36,3,44.31
2023-05-15,135,10,37.9,40.5,25.2,18,0.81,704.0,29.573,44.47,36.13,4,41.44
2023-05-16,136,11,37.7,38.6,26.8,23,5.61,721.0,28.752,43.88,36.95,0,34.97
2023-05-17,137,13,40.8,40.9,26.0,14,4.39,775.0,29.039,47.66,38.71,1,39.63
2023-05-18,138,12,36.4,38.0,23.9,25,0.3,853.0,31.302,43.38,35.59,0,35.53
2023-05-19,139,13,37.0,37.9,25.9,23,5.68,852.0,28.357,43.57,35.99,0,32.59
2023-05-20,140,13,39.1,40.0,24.8,18,5.97,854.0,28.768,46.21,37.62,1,36.26
2023-05-21,141,10,38.4,42.4,25.4,21,1.02,702.0,30.393,45.40,37.43,2,41.05
2023-05-22,142,12,42.1,42.1,29.8,18,6.62,858.0,30.99,50.47,41.69,3,54.22
2023-05-23,143,11,41.4,43.6,30.0,23,5.73,792.0,31.767,49.17,42.63,4,57.00
2023-05-24,144,11,36.4,37.7,26.3,32,3.51,778.0,29.919,43.35,37.34,0,36.35
2023-05-25,145,14,33.8,33.9,23.4,40,2.45,749.0,29.28,41.20,35.09,0,29.38
2023-05-26,146,12,32.6,34.5,22.7,39,0.58,832.0,30.074,41.04,32.97,0,29.15
2023-05-27,147,15,33.8,33.8,21.0,36,2.56,636.0,28.417,40.34,34.17,0,25.15
2023-05-28,148,11,31.5,33.8,24.0,53,0.63,797.0,30.757,40.76,34.15,0,32.20
2023-05-29,149,12,34.1,34.1,22.5,44,2.41,823.0,30.275,42.18,36.71,0,31.51
2023-05-30,150,11,32.4,34.1,22.7,46,0.1,784.0,31.146,39.22,34.13,0,30.30
2023-05-31,151,13,29.9,30.9,21.6,51,3.21,743.0,27.053,36.76,31.06,0,18.83
2023-06-01,152,13,33.2,33.6,19.9,38,2.57,827.0,28.548,40.68,33.67,0,25.45
2023-06-02,153,14,33.0,33.0,22.0,37,2.78,754.0,28.028,39.91,33.17,0,23.73
2023-06-03,154,13,34.5,34.9,22.7,35,3.0,843.0,29.068,41.81,35.03,0,28.57
2023-06-04,155,13,36.2,36.2,23.9,32,3.47,804.0,29.801,43.25,37.0,0,33.13
2023-06-05,156,13,36.9,37.1,25.1,28,4.09,798.0,29.489,43.64,37.04,0,34.24
2023-06-06,157,11,37.5,38.8,24.1,25,2.66,794.0,29.733,44.83,37.16,0,34.43
2023-06-07,158,11,37.4,38.4,25.0,24,3.3,788.0,29.237,44.36,36.77,0,34.06
2023-06-08,159,12,38.8,39.3,25.1,23,4.02,802.0,29.987,45.87,38.53,0,37.34
2023-06-09,160,12,40.1,40.8,26.0,24,4.77,823.0,31.144,47.55,40.88,1,44.33
2023-06-10,161,12,40.4,40.4,26.5,26,4.9,810.0,31.798,47.96,42.16,2,48.59
2023-06-11,162,14,39.2,39.2,28.2,31,6.07,714.0,31.57,46.15,42.02,0,45.45
2023-06-12,163,13,40.4,41.0,29.0,29,7.13,799.0,32.161,48.45,43.46,1,51.37
2023-06-13,164,12,41.1,41.9,30.2,25,8.23,824.0,31.792,49.95,42.97,2,54.63
2023-06-14,165,12,40.2,40.5,30.7,27,7.67,842.0,31.575,48.50,42.22,3,55.15
2023-06-15,166,15,37.4,37.4,30.3,36,6.17,600.0,30.8,43.34,40.48,0,43.85
2023-06-16,167,13,38.7,38.7,27.4,32,5.45,773.0,31.497,45.74,41.46,0,43.88
2023-06-17,168,14,39.1,39.3,26.3,32,2.34,694.0,32.392,46.83,42.24,0,45.36
2023-06-18,169,13,37.4,38.7,28.4,41,2.78,733.0,32.428,45.34,42.51,0,46.90
2023-06-19,170,15,32.3,32.3,27.4,60,2.94,504.0,29.983,39.20,37.78,0,34.92
2023-06-20,171,14,35.7,36.5,26.1,47,2.98,733.0,31.78,43.54,41.13,0,41.19
2023-06-21,172,16,34.0,35.6,25.7,62,0.85,374.0,32.486,42.30,43.03,0,41.86
2023-06-22,173,14,34.0,36.1,27.1,64,0.14,609.0,34.33,42.50,43.92,0,47.45
2023-06-23,174,15,35.3,35.4,26.1,58,0.71,508.0,33.845,44.41,44.97,0,47.14
2023-06-24,175,14,34.3,34.5,27.7,62,1.0,582.0,33.253,43.87,43.91,0,47.11
2023-06-25,176,15,32.0,32.3,25.8,65,0.63,448.0,31.558,40.62,38.66,0,37.38
2023-06-26,177,13,32.4,32.8,25.1,62,1.0,718.0,31.834,42.07,38.69,0,38.15
2023-06-27,178,11,31.9,33.6,25.2,72,1.0,734.0,32.559,42.61,40.85,0,40.83
2023-06-28,179,14,34.0,34.0,26.0,61,3.04,695.0,32.016,42.45,42.6,0,41.27
2023-06-29,180,14,32.4,32.4,25.8,64,3.65,642.0,30.649,39.85,39.38,0,35.38
2023-06-30,181,14,33.9,33.9,25.3,60,0.95,699.0,33.003,43.70,41.9,0,42.96
2023-07-01,182,12,33.5,33.7,24.6,59,2.41,813.0,31.714,42.62,40.44,0,38.39
2023-07-02,183,14,35.0,35.3,25.9,53,2.39,739.0,32.194,43.65,41.89,0,42.09
2023-07-03,184,14,35.8,36.6,27.1,53,2.15,727.0,33.0,44.82,43.99,0,46.64
2023-07-04,185,13,36.3,36.7,26.1,53,1.7,820.0,33.875,46.20,45.36,0,48.64
2023-07-05,186,15,33.6,33.6,24.4,60,2.22,619.0,31.647,42.10,41.09,0,37.89
2023-07-06,187,13,33.1,33.1,25.3,59,2.65,753.0,31.151,41.64,39.41,0,37.05
2023-07-07,188,14,32.8,33.3,24.9,65,2.6,624.0,31.379,41.27,40.84,0,37.28
2023-07-08,189,15,29.6,29.6,26.1,79,3.86,417.0,29.191,36.08,36.21,0,29.08
2023-07-09,190,14,30.8,30.8,25.1,74,3.45,595.0,30.225,38.60,38.26,0,32.44
2023-07-10,191,13,30.6,31.0,25.8,77,0.81,538.0,31.576,40.61,38.6,0,37.39
2023-07-11,192,14,32.9,33.3,25.2,62,1.14,699.0,32.096,42.54,39.98,0,39.58
2023-07-12,193,14,33.5,33.5,25.7,65,2.2,724.0,32.376,43.05,42.86,0,42.13
2023-07-13,194,14,33.0,33.2,26.0,67,0.98,673.0,32.901,43.21,42.21,0,43.34
2023-07-14,195,13,33.3,33.8,25.7,61,0.91,745.0,32.741,43.27,40.67,0,42.16
2023-07-15,196,11,32.3,33.3,26.0,71,0.71,682.0,33.14,42.95,41.69,0,43.41
2023-07-16,197,14,32.7,32.9,25.2,67,1.21,695.0,32.423,42.78,41.32,0,40.87
2023-07-17,198,15,33.1,33.3,26.3,65,0.41,575.0,33.482,42.68,41.69,0,44.22
2023-07-18,199,13,31.5,31.7,25.4,73,2.33,554.0,31.011,40.28,40.0,0,36.14
2023-07-19,200,14,33.0,33.0,26.3,64,3.56,766.0,31.43,41.31,41.01,0,39.10
2023-07-20,201,13,34.7,35.2,26.9,59,1.1,832.0,33.75,45.17,43.71,0,47.97
2023-07-21,202,11,34.6,35.6,26.5,62,2.94,775.0,32.862,43.86,44.81,0,45.29
2023-07-22,203,13,33.8,34.3,27.2,65,5.48,663.0,31.83,41.13,43.76,0,41.80
2023-07-23,204,13,34.1,34.2,28.3,63,4.88,775.0,32.106,42.04,43.77,0,44.27
2023-07-24,205,14,34.1,34.1,27.4,63,3.36,673.0,32.237,42.47,43.77,0,43.77
2023-07-25,206,14,33.8,34.1,25.6,65,1.98,605.0,32.518,43.07,43.76,0,42.63
2023-07-26,207,13,29.3,29.7,25.6,77,2.27,380.0,28.944,36.82,34.89,0,28.06
2023-07-27,208,14,31.6,31.7,26.3,74,1.14,474.0,31.656,41.05,40.66,0,39.20
2023-07-28,209,12,32.2,32.9,26.3,69,1.53,781.0,32.103,42.52,40.63,0,41.11
2023-07-29,210,11,30.9,31.4,24.7,71,2.69,645.0,30.276,39.40,37.63,0,32.41
2023-07-30,211,13,32.8,33.1,25.0,62,2.86,774.0,31.204,41.46,39.72,0,36.78
2023-07-31,212,13,33.6,33.6,25.1,64,2.91,811.0,32.24,42.86,42.73,0,40.99
2023-08-01,213,12,33.9,34.6,26.9,62,3.83,833.0,32.069,42.45,42.74,0,42.48
2023-08-02,214,13,34.9,35.1,27.3,60,3.91,811.0,32.701,43.52,44.75,0,45.65
2023-08-03,215,13,33.8,34.1,26.5,64,4.47,822.0,32.079,42.10,43.32,0,41.99
2023-08-04,216,13,30.5,31.7,26.0,81,0.85,514.0,31.778,40.83,39.56,0,38.52
2023-08-05,217,13,32.9,33.7,26.3,68,2.86,771.0,32.005,42.21,42.32,0,41.33
2023-08-06,218,14,34.8,34.8,26.0,57,5.18,745.0,31.914,42.17,43.09,0,41.06
2023-08-07,219,14,34.0,34.2,27.2,55,4.62,739.0,30.995,41.04,40.18,0,38.82
2023-08-08,220,14,34.4,34.4,26.9,54,4.75,707.0,31.164,41.29,40.79,0,39.20
2023-08-09,221,14,34.4,34.5,27.4,54,3.26,687.0,31.419,42.07,40.79,0,40.83
2023-08-10,222,13,34.0,34.0,27.3,54,2.65,749.0,31.337,42.32,39.81,0,40.37
2023-08-11,223,12,34.4,34.6,27.2,50,3.49,773.0,30.966,41.97,39.28,0,39.10
2023-08-12,224,12,34.8,35.3,28.2,48,4.63,861.0,30.943,42.08,39.46,0,40.38
2023-08-13,225,14,35.6,35.6,27.6,47,3.18,720.0,31.614,43.22,40.9,0,42.30
2023-08-14,226,13,33.1,33.5,26.8,53,3.47,683.0,30.047,40.15,37.4,0,34.89
2023-08-15,227,13,34.3,34.7,25.8,54,1.68,797.0,32.155,43.62,40.54,0,41.38
2023-08-16,228,13,35.7,36.0,25.6,49,3.72,813.0,32.004,43.60,41.95,0,41.37
2023-08-17,229,12,35.7,36.0,27.8,44,5.11,848.0,31.071,42.77,39.96,0,40.84
2023-08-18,230,12,35.9,36.1,28.3,45,2.88,852.0,31.889,44.24,40.79,0,44.34
2023-08-19,231,14,33.8,34.1,26.2,61,2.31,742.0,32.156,42.99,42.04,0,41.95
2023-08-20,232,14,35.8,35.8,27.8,50,3.68,747.0,32.144,43.55,42.63,0,44.42
2023-08-21,233,14,35.8,36.3,28.0,56,0.51,694.0,35.099,45.93,45.44,0,53.00
2023-08-22,234,13,35.4,35.4,27.4,62,1.48,587.0,33.88,45.22,47.3,0,50.17
2023-08-23,235,12,29.9,29.9,25.6,81,0.63,299.0,30.705,38.74,37.64,0,33.80
2023-08-24,236,13,32.9,33.3,24.8,57,4.0,672.0,30.245,39.78,38.24,0,32.98
2023-08-25,237,12,33.4,33.9,25.7,54,3.72,729.0,30.468,40.65,38.4,0,35.13
2023-08-26,238,14,34.3,34.3,27.3,47,3.82,705.0,30.282,41.08,38.04,0,36.83
2023-08-27,239,14,34.7,34.8,27.1,45,4.9,691.0,30.149,40.86,38.21,0,36.25
2023-08-28,240,13,34.8,34.8,26.3,49,4.8,835.0,31.02,41.97,39.83,0,38.37
2023-08-29,241,13,34.9,35.0,25.8,45,3.77,784.0,30.662,42.10,38.62,0,36.75
2023-08-30,242,13,36.1,36.4,26.6,40,3.89,820.0,30.986,43.39,39.34,0,39.49
2023-08-31,243,14,36.4,36.4,25.7,41,3.8,726.0,31.283,43.45,40.33,0,39.41
2023-09-01,244,13,37.3,37.3,26.7,36,4.56,809.0,31.216,44.38,40.28,0,41.11
2023-09-02,245,13,37.1,37.2,27.3,35,6.26,853.0,30.693,44.09,39.53,0,40.33
2023-09-03,246,13,36.3,36.7,26.3,36,6.1,851.0,30.198,43.04,38.38,0,37.04
2023-09-04,247,13,37.2,37.3,25.6,32,5.02,857.0,30.412,44.17,38.71,0,37.57
2023-09-05,248,11,34.4,36.2,26.5,58,2.55,756.0,32.268,43.34,42.43,0,42.91
2023-09-06,249,13,36.2,36.2,24.3,42,2.44,820.0,31.806,44.53,40.29,0,39.53
2023-09-07,250,12,37.4,38.4,27.0,36,1.42,825.0,32.458,46.03,40.48,0,45.07
2023-09-08,251,14,36.6,36.6,25.5,41,2.96,719.0,31.651,44.15,40.75,0,40.54
2023-09-09,252,13,32.4,32.4,25.4,57,6.96,696.0,29.441,38.34,37.08,0,30.69
2023-09-10,253,13,30.0,30.0,24.2,72,3.71,518.0,29.05,36.70,35.53,0,26.79
2023-09-11,254,12,31.6,32.1,23.9,63,3.72,756.0,29.948,39.20,37.03,0,30.49
2023-09-12,255,15,33.4,33.4,24.4,55,1.44,566.0,31.115,41.62,38.74,0,35.66
2023-09-13,256,13,33.4,33.7,26.4,63,1.32,754.0,32.639,43.45,41.74,0,43.32
2023-09-14,257,12,33.7,34.1,26.7,63,2.31,708.0,32.246,42.92,42.59,0,42.86
2023-09-15,258,15,32.0,32.0,25.5,70,1.53,530.0,31.462,41.15,40.41,0,37.89
2023-09-16,259,10,31.5,31.5,26.4,70,5.62,481.0,29.941,37.23,38.97,0,32.70
2023-09-17,260,12,31.7,31.7,25.2,69,6.25,747.0,30.338,38.63,39.2,0,33.14
2023-09-18,261,13,31.7,31.7,24.7,63,5.59,727.0,29.696,38.16,37.27,0,30.29
2023-09-19,262,13,33.0,33.1,24.6,57,3.0,761.0,30.713,41.09,38.47,0,34.66
2023-09-20,263,12,32.9,33.1,25.5,61,0.54,752.0,33.142,43.00,39.62,0,42.10
2023-09-21,264,11,31.7,33.5,26.0,73,0.36,647.0,33.329,41.94,40.6,0,42.64
2023-09-22,265,13,33.2,33.3,25.3,61,1.49,748.0,32.059,42.84,40.41,0,40.00
2023-09-23,266,13,32.8,32.8,25.6,64,0.91,735.0,32.61,42.91,40.46,0,41.47
2023-09-24,267,13,32.6,32.8,25.3,57,3.47,750.0,30.203,40.16,37.54,0,33.49
2023-09-25,268,11,32.1,32.9,24.6,60,0.72,722.0,31.761,41.67,37.31,0,36.62
2023-09-26,269,10,31.2,32.9,24.9,63,0.58,616.0,31.261,40.43,36.08,0,34.68
2023-09-27,270,12,32.7,33.3,23.3,48,3.88,809.0,29.133,39.62,35.16,0,27.86
2023-09-28,271,12,32.5,33.1,20.6,43,2.56,819.0,28.657,40.14,33.63,0,25.25
2023-09-29,272,10,30.5,33.2,20.4,53,1.41,648.0,28.434,38.58,32.36,0,23.23
2023-09-30,273,12,33.8,34.8,22.8,43,3.72,799.0,29.435,40.72,35.87,0,28.91
2023-10-01,274,11,32.1,34.6,21.3,51,2.38,750.0,29.322,40.01,34.8,0,26.85
2023-10-02,275,12,33.2,33.8,20.2,32,4.44,805.0,27.088,39.14,32.56,0,21.17
2023-10-03,276,12,33.2,33.9,20.0,29,5.14,809.0,26.472,38.80,32.1,0,19.59
2023-10-04,277,14,33.9,33.9,18.9,32,5.86,681.0,27.304,38.97,33.51,0,21.81
2023-10-05,278,12,33.2,34.3,19.9,34,4.47,797.0,27.398,39.15,32.9,0,21.89
2023-10-06,279,13,35.0,35.3,19.9,30,3.62,764.0,28.346,41.45,34.67,0,26.00
2023-10-07,280,14,35.0,35.0,21.6,44,3.71,647.0,30.402,41.54,38.49,0,31.37
2023-10-08,281,14,35.3,35.3,24.1,39,3.92,643.0,29.857,41.47,37.47,0,32.36
2023-10-09,282,11,34.1,35.2,24.6,42,3.8,707.0,29.395,40.54,36.14,0,30.91
2023-10-10,283,13,33.4,33.5,24.4,43,2.73,632.0,29.062,40.14,35.15,0,29.38
2023-10-11,284,11,31.8,33.7,21.2,44,3.74,721.0,27.69,38.01,32.72,0,21.55
2023-10-12,285,13,33.0,33.2,18.9,32,3.79,734.0,26.941,38.92,32.3,0,20.63
2023-10-13,286,12,34.2,34.7,20.3,32,2.69,739.0,28.243,41.03,33.93,0,25.23
2023-10-14,287,10,32.8,35.0,21.6,42,1.32,583.0,28.954,40.02,33.9,0,25.83
2023-10-15,288,12,33.1,33.7,22.3,36,1.53,724.0,28.49,40.59,33.13,0,25.43
2023-10-16,289,9,28.7,29.0,19.8,54,2.9,412.0,25.768,33.99,29.75,0,13.91
2023-10-17,290,13,28.7,28.7,18.2,46,1.33,662.0,26.049,36.37,28.86,0,15.83
2023-10-18,291,14,29.0,29.0,17.1,41,3.72,592.0,24.622,34.02,28.7,0,11.38
2023-10-19,292,13,28.3,28.6,17.0,40,3.22,693.0,24.164,34.24,27.93,0,10.39
2023-10-20,293,12,28.2,29.1,17.0,42,2.0,720.0,24.809,35.48,27.99,0,12.52
2023-10-21,294,11,28.2,29.7,16.7,45,1.06,670.0,25.758,36.00,28.23,0,14.78
2023-10-22,295,11,28.7,30.4,17.1,40,0.81,652.0,25.844,36.18,28.31,0,15.10
2023-10-23,296,13,29.5,29.7,17.6,40,3.04,668.0,25.211,35.55,29.13,0,13.75
2023-10-24,297,12,29.7,30.5,17.7,40,3.05,697.0,25.433,35.91,29.35,0,14.51
2023-10-25,298,12,29.9,30.6,17.1,37,3.55,697.0,25.068,35.58,29.26,0,13.55
2023-10-26,299,12,29.6,30.5,16.9,36,3.47,700.0,24.693,35.29,28.85,0,12.49
2023-10-27,300,12,29.9,30.4,16.6,29,2.51,706.0,24.181,36.16,28.59,0,12.05
2023-10-28,301,12,29.6,30.0,18.6,34,1.3,636.0,25.19,36.46,28.68,0,14.21
2023-10-29,302,12,30.6,31.4,17.8,36,0.81,666.0,26.967,37.88,29.92,0,19.05
2023-10-30,303,12,30.9,31.7,17.6,43,0.28,663.0,29.019,37.89,31.23,0,23.42
2023-10-31,304,12,30.3,31.1,18.5,45,0.85,660.0,27.863,38.13,30.71,0,21.22
2023-11-01,305,11,28.9,30.5,18.8,48,1.17,617.0,26.504,36.54,29.3,0,16.97
2023-11-02,306,12,29.7,30.3,19.0,44,2.48,649.0,26.05,36.35,29.81,0,16.17
2023-11-03,307,11,28.3,28.5,17.8,49,2.89,608.0,25.22,34.51,28.7,0,12.86
2023-11-04,308,12,28.7,29.6,15.9,46,2.24,646.0,25.501,35.60,28.86,0,14.24
2023-11-05,309,10,27.4,29.6,16.8,45,1.3,516.0,24.432,34.22,27.47,0,10.71
2023-11-06,310,12,28.8,29.5,15.2,37,0.76,650.0,25.605,36.10,28.17,0,14.54
2023-11-07,311,11,28.6,30.1,16.3,41,1.61,595.0,24.977,35.45,28.29,0,12.93
2023-11-08,312,12,28.5,29.5,16.8,45,1.7,629.0,25.421,35.69,28.54,0,14.04
2023-11-09,313,12,28.6,29.2,16.9,47,2.24,625.0,25.493,35.44,28.84,0,14.10
2023-11-10,314,11,26.4,26.4,16.1,52,3.23,535.0,23.628,31.86,26.43,0,7.31
2023-11-11,315,12,24.6,25.3,14.9,52,3.22,616.0,22.146,30.51,24.54,0,3.53
2023-11-12,316,13,25.0,25.1,13.9,48,3.02,597.0,22.089,30.86,24.9,0,3.68
2023-11-13,317,13,25.5,25.6,13.2,46,1.62,589.0,22.832,32.68,25.4,0,6.40
2023-11-14,318,11,24.0,25.2,14.1,52,1.58,476.0,21.882,30.90,23.91,0,3.54
2023-11-15,319,13,25.5,25.7,13.1,44,2.48,591.0,22.229,31.76,25.38,0,4.59
2023-11-16,320,12,25.4,26.2,13.0,48,0.92,606.0,23.613,33.27,25.32,0,8.30
2023-11-17,321,11,25.5,26.8,14.3,54,1.28,557.0,23.866,33.17,25.51,0,8.70
2023-11-18,322,11,25.1,26.2,14.6,51,0.45,552.0,24.414,33.07,25.05,0,9.67
2023-11-19,323,10,23.8,25.7,13.9,55,0.8,447.0,22.577,31.27,23.74,0,4.90
2023-11-20,324,13,25.5,25.5,13.4,42,2.62,570.0,21.91,31.39,25.35,0,3.90
2023-11-21,325,11,23.9,25.2,13.5,52,2.55,556.0,21.578,30.26,23.8,0,3.08
2023-11-22,326,13,24.6,24.8,13.1,43,3.76,575.0,20.974,29.28,24.42,0,2.37
2023-11-23,327,13,24.5,24.8,11.3,44,0.45,573.0,23.185,32.31,24.33,0,6.80
2023-11-24,328,11,23.8,25.1,13.4,49,0.36,547.0,23.009,31.36,23.66,0,5.77
2023-11-25,329,13,25.2,25.3,12.4,41,1.86,566.0,21.81,31.83,25.02,0,4.21
2023-11-26,330,12,24.8,25.5,14.2,45,2.08,478.0,21.621,30.83,24.66,0,3.49
2023-11-27,331,12,22.4,24.0,15.7,64,2.72,391.0,20.972,27.93,22.38,0,1.39
2023-11-28,332,15,20.6,20.6,15.1,72,1.22,275.0,20.205,27.46,20.6,0,1.06
2023-11-29,333,12,24.2,24.4,13.4,53,2.19,536.0,22.035,30.89,24.13,0,3.60
2023-11-30,334,12,21.3,21.7,14.1,68,2.7,433.0,20.409,27.39,21.28,0,1.00
2023-12-01,335,13,24.0,24.2,13.8,58,2.14,519.0,22.346,30.89,23.98,0,4.18
2023-12-02,336,12,23.8,24.2,13.2,55,1.91,554.0,22.032,31.04,23.74,0,3.70
2023-12-03,337,13,24.4,24.5,12.2,45,1.9,534.0,21.471,31.02,24.24,0,3.63
2023-12-04,338,13,22.8,22.9,13.7,46,2.85,462.0,19.684,27.92,22.57,0,1.38
2023-12-05,339,13,23.1,23.2,11.5,44,3.18,546.0,19.83,28.31,22.86,0,1.67
2023-12-06,340,13,23.3,23.6,11.7,47,1.3,552.0,21.105,30.80,23.11,0,3.47
2023-12-07,341,12,23.2,24.1,11.6,55,2.47,555.0,21.269,29.81,23.11,0,2.75
2023-12-08,342,13,23.5,23.8,11.4,47,2.77,547.0,20.61,29.33,23.32,0,2.41
2023-12-09,343,13,23.2,23.4,10.7,43,3.5,552.0,19.752,28.01,22.95,0,1.45
2023-12-10,344,13,22.3,22.5,10.8,41,5.01,555.0,18.514,25.31,21.98,0,0.00
2023-12-11,345,12,21.4,22.3,9.1,47,1.08,563.0,19.631,29.47,21.11,0,2.51
2023-12-12,346,14,22.8,22.8,9.3,44,0.67,456.0,20.76,30.03,22.54,0,2.91
2023-12-13,347,12,21.9,22.8,10.4,49,1.3,557.0,20.07,29.73,21.66,0,2.69
2023-12-14,348,13,21.9,22.1,9.7,41,4.47,550.0,18.23,25.43,21.56,0,0.00
2023-12-15,349,13,21.8,22.1,7.5,39,1.84,550.0,18.603,28.68,21.43,0,1.94
2023-12-16,350,13,22.2,22.3,7.7,41,3.16,539.0,18.709,27.32,21.87,0,0.95
2023-12-17,351,13,22.5,22.6,9.5,40,3.4,541.0,18.814,27.28,22.17,0,0.92
2023-12-18,352,13,21.2,21.5,9.1,40,5.52,550.0,17.383,23.53,20.81,0,0.00
2023-12-19,353,14,21.5,21.5,8.6,40,4.65,482.0,17.634,24.25,21.13,0,0.00
2023-12-20,354,13,20.1,20.4,7.9,46,3.11,522.0,17.344,25.43,19.73,0,0.00
2023-12-21,355,13,21.2,21.6,8.1,47,3.47,548.0,18.394,26.19,20.9,0,0.13
2023-12-22,356,15,21.5,21.5,7.1,44,0.5,349.0,19.512,28.25,21.18,0,1.62
2023-12-23,357,13,21.7,22.1,11.1,48,1.33,536.0,19.713,29.36,21.44,0,2.43
2023-12-24,358,11,20.6,22.9,9.7,58,0.42,496.0,20.782,29.13,20.41,0,2.26
2023-12-25,359,14,22.9,22.9,10.7,48,2.55,473.0,20.085,28.56,22.7,0,1.85
2023-12-26,360,13,22.3,22.7,9.5,47,1.49,506.0,19.964,29.47,22.06,0,2.50
2023-12-27,361,13,21.2,21.7,8.5,53,1.92,548.0,19.442,28.55,20.98,0,1.84
2023-12-28,362,14,20.9,20.9,9.7,55,1.64,483.0,19.338,28.26,20.69,0,1.63
2023-12-29,363,14,20.1,20.2,8.3,62,0.41,465.0,20.558,28.64,19.94,0,1.91
2023-12-30,364,12,17.7,19.0,9.0,72,0.22,478.0,19.203,26.04,17.55,0,0.03
2023-12-31,365,14,18.7,18.7,7.6,59,0.64,482.0,18.629,27.62,18.43,0,1.17
2024-01-01,1,14,16.1,16.2,5.9,62,1.78,482.0,15.433,24.22,15.74,0,0.00
2024-01-02,2,14,15.2,15.3,4.6,63,1.12,486.0,15.102,24.54,14.81,0,0.00
2024-01-03,3,12,14.7,15.9,4.8,69,0.22,469.0,16.067,23.44,14.36,0,0.00
2024-01-04,4,13,17.6,17.9,5.2,60,0.81,544.0,17.62,27.10,17.29,0,0.80
2024-01-05,5,12,16.6,17.3,7.3,67,1.0,532.0,16.987,26.29,16.33,0,0.21
2024-01-06,6,14,16.8,16.9,6.3,58,1.21,457.0,16.032,25.29,16.43,0,0.00
2024-01-07,7,14,17.4,17.5,6.1,58,1.17,504.0,16.753,26.19,17.05,0,0.14
2024-01-08,8,14,18.4,18.4,5.5,63,0.86,501.0,18.419,27.48,18.17,0,1.07
2024-01-09,9,14,18.0,18.0,6.2,63,3.62,497.0,16.795,22.98,17.75,0,0.00
2024-01-10,10,14,15.7,15.8,4.6,62,3.98,526.0,14.553,20.22,15.32,0,0.00
2024-01-11,11,14,15.3,15.5,5.6,68,2.84,518.0,14.868,22.09,14.98,0,0.00
2024-01-12,12,14,17.3,17.4,5.6,57,2.73,531.0,15.906,23.88,16.94,0,0.00
2024-01-13,13,14,17.9,18.1,5.9,51,0.78,431.0,16.798,26.18,17.49,0,0.13
2024-01-14,14,14,17.7,18.0,4.8,54,1.92,541.0,16.325,25.54,17.32,0,0.00
2024-01-15,15,14,15.9,16.1,5.0,57,2.2,549.0,14.825,23.70,15.47,0,0.00
2024-01-16,16,14,17.2,17.5,3.9,55,1.0,551.0,16.613,26.48,16.81,0,0.34
2024-01-17,17,14,17.7,17.8,4.0,55,1.94,548.0,16.417,25.60,17.33,0,0.00
2024-01-18,18,14,17.4,17.5,6.0,65,1.0,493.0,17.463,26.55,17.15,0,0.40
2024-01-19,19,13,16.1,16.8,6.3,70,1.17,567.0,16.683,26.04,15.85,0,0.03
2024-01-20,20,14,15.9,16.1,5.1,65,1.0,517.0,16.123,25.56,15.57,0,0.00
2024-01-21,21,14,15.7,16.1,5.2,65,3.57,557.0,14.92,21.32,15.36,0,0.00
2024-01-22,22,14,16.4,16.9,5.0,58,0.61,565.0,16.762,26.50,16.0,0,0.36
2024-01-23,23,14,17.0,17.3,4.9,68,1.52,543.0,17.056,26.05,16.77,0,0.04
2024-01-24,24,14,18.1,18.2,6.4,52,1.64,560.0,16.701,26.36,17.71,0,0.26
2024-01-25,25,14,17.2,17.5,5.6,63,0.57,514.0,17.829,26.94,16.91,0,0.68
2024-01-26,26,13,17.6,18.5,6.0,65,0.99,638.0,18.07,27.73,17.36,0,1.25
2024-01-27,27,14,20.6,20.6,6.9,46,4.66,578.0,17.612,24.19,20.26,0,0.00
2024-01-28,28,13,20.1,20.3,7.0,56,2.42,511.0,18.445,26.74,19.86,0,0.53
2024-01-29,29,15,21.3,21.3,9.5,61,1.0,445.0,20.616,29.24,21.19,0,2.34
2024-01-30,30,14,20.3,20.5,10.0,65,0.98,574.0,20.448,29.48,20.19,0,2.52
2024-01-31,31,14,20.2,20.2,9.9,69,1.61,384.0,19.706,27.51,20.14,0,1.09
2024-02-01,32,14,21.1,21.2,12.2,64,2.36,460.0,20.012,27.71,21.02,0,1.23
2024-02-02,33,13,19.0,19.3,8.5,56,3.86,678.0,17.386,24.65,18.71,0,0.00
2024-02-03,34,13,20.5,20.7,8.2,47,1.43,649.0,18.745,28.96,20.17,0,2.14
2024-02-04,35,12,20.5,20.7,12.9,70,2.4,434.0,19.914,27.15,20.47,0,0.83
2024-02-05,36,13,19.5,19.8,10.3,61,2.33,660.0,18.675,27.53,19.3,0,1.10
2024-02-06,37,12,17.8,18.7,7.5,48,3.58,696.0,15.678,23.80,17.34,0,0.00
2024-02-07,38,13,18.4,18.4,7.9,44,6.0,691.0,15.474,21.03,17.92,0,0.00
2024-02-08,39,13,18.9,19.1,8.2,46,7.6,724.0,15.993,20.63,18.47,0,0.00
2024-02-09,40,13,20.1,20.5,8.1,46,2.52,715.0,17.875,27.60,19.73,0,1.15
2024-02-10,41,11,16.8,19.7,7.2,81,1.1,535.0,18.219,26.89,16.73,0,0.64
2024-02-11,42,13,21.1,21.5,8.1,49,2.38,717.0,19.116,28.77,20.82,0,2.00
2024-02-12,43,13,21.4,21.5,7.7,48,1.46,672.0,19.678,29.83,21.12,0,2.77
2024-02-13,44,12,20.7,21.2,8.5,50,0.73,618.0,19.916,29.66,20.42,0,2.64
2024-02-14,45,14,22.7,22.7,9.6,46,3.47,656.0,19.818,28.33,22.46,0,1.68
2024-02-15,46,14,23.6,23.6,9.7,41,4.03,666.0,19.974,28.46,23.34,0,1.78
2024-02-16,47,12,23.2,24.5,8.6,37,2.75,743.0,19.611,29.94,22.87,0,2.85
2024-02-17,48,14,24.6,24.6,9.7,29,4.05,687.0,19.389,29.30,24.24,0,2.38
2024-02-18,49,14,27.1,27.1,10.0,30,3.3,662.0,21.71,32.43,26.48,0,4.65
2024-02-19,50,14,26.8,26.8,14.7,44,7.53,656.0,22.704,30.03,26.91,0,4.24
2024-02-20,51,12,25.6,27.3,15.3,48,2.2,728.0,23.143,33.09,25.53,0,7.28
2024-02-21,52,11,23.8,25.9,12.2,39,2.2,672.0,20.43,30.78,23.53,0,3.45
2024-02-22,53,11,21.8,24.0,10.9,42,3.33,684.0,18.684,27.70,21.47,0,1.23
2024-02-23,54,13,22.6,22.8,8.5,26,4.11,779.0,17.484,27.76,22.1,0,1.27
2024-02-24,55,13,23.4,23.4,9.3,23,1.82,767.0,18.439,30.98,22.9,0,3.60
2024-02-25,56,13,24.7,25.0,10.5,19,1.28,779.0,19.262,32.39,24.21,0,4.61
2024-02-26,57,13,24.6,24.6,11.1,25,2.2,605.0,19.18,30.72,24.18,0,3.41
2024-02-27,58,14,24.5,24.5,14.1,27,2.82,682.0,19.314,30.48,24.11,0,3.23
2024-02-28,59,14,24.0,24.0,11.4,33,5.74,718.0,19.202,27.47,23.66,0,1.06
2024-02-29,60,14,26.2,26.3,12.0,29,3.14,729.0,20.977,32.05,25.92,0,4.37
2024-03-01,61,14,25.7,26.5,13.9,44,2.11,556.0,22.468,32.12,25.59,0,5.31
2024-03-02,62,13,24.7,24.7,17.3,54,8.46,711.0,21.935,27.88,24.67,0,1.36
2024-03-03,63,13,22.2,22.7,13.4,47,1.3,802.0,20.709,31.30,21.95,0,3.83
2024-03-04,64,13,21.7,21.7,11.1,24,3.88,827.0,16.614,27.42,21.13,0,1.03
2024-03-05,65,14,20.9,20.9,8.9,34,4.25,740.0,16.95,25.79,20.42,0,0.00
2024-03-06,66,15,21.1,21.1,9.2,38,3.23,622.0,17.572,26.67,20.68,0,0.49
2024-03-07,67,13,23.9,24.2,10.1,32,3.58,812.0,19.485,29.88,23.54,0,2.80
2024-03-08,68,13,25.2,25.4,11.3,31,4.5,827.0,20.276,30.31,24.89,0,3.12
2024-03-09,69,13,24.8,25.2,11.8,32,4.75,841.0,20.049,29.77,24.49,0,2.73
2024-03-10,70,14,26.6,26.6,12.0,28,2.75,754.0,21.319,32.93,26.32,0,5.00
2024-03-11,71,13,29.2,29.5,14.8,28,1.84,819.0,23.961,36.44,27.93,0,11.59
2024-03-12,72,14,29.1,29.1,13.9,29,3.76,750.0,23.252,34.57,27.9,0,8.89
2024-03-13,73,12,28.8,29.4,13.9,29,2.63,828.0,23.442,35.57,27.66,0,9.88
2024-03-14,74,13,29.2,29.2,14.1,26,3.45,843.0,23.066,35.31,27.83,0,9.04
2024-03-15,75,13,27.1,27.2,14.3,23,4.66,858.0,20.661,32.24,26.24,0,4.51
2024-03-16,76,14,27.6,27.6,12.7,25,2.32,776.0,21.87,34.28,26.62,0,5.98
2024-03-17,77,14,28.8,28.8,11.8,23,2.39,766.0,22.451,35.26,27.4,0,7.69
2024-03-18,78,14,28.5,28.5,13.0,25,3.18,797.0,22.338,34.56,27.25,0,6.91
2024-03-19,79,11,27.7,29.8,13.6,29,1.43,788.0,23.102,35.15,26.84,0,8.69
2024-03-20,80,14,32.0,32.0,14.2,19,2.15,794.0,24.346,38.56,29.93,0,14.59
2024-03-21,81,15,29.2,29.2,16.9,36,2.13,636.0,24.649,35.66,28.46,0,12.52
2024-03-22,82,14,32.2,32.4,17.8,28,1.43,778.0,26.618,39.43,30.82,0,19.85
2024-03-23,83,11,31.6,33.8,18.1,31,3.98,800.0,25.668,37.47,30.48,0,16.51
2024-03-24,84,10,29.7,31.0,18.6,34,4.11,565.0,24.141,34.07,28.78,0,10.53
2024-03-25,85,13,32.4,32.8,16.6,29,4.69,866.0,25.958,38.27,31.16,0,17.89
2024-03-26,86,13,33.4,33.6,18.5,21,3.35,795.0,25.438,39.54,31.42,0,17.92
2024-03-27,87,12,35.3,36.4,21.6,22,0.51,817.0,29.498,42.50,33.65,0,28.56
2024-03-28,88,12,35.2,37.0,21.9,28,1.17,844.0,29.46,43.02,34.55,0,29.19
2024-03-29,89,13,35.9,36.5,20.9,28,2.22,811.0,29.24,43.37,35.54,0,29.40
2024-03-30,90,12,33.6,35.2,22.8,30,1.04,868.0,28.71,41.53,32.76,0,26.96
2024-03-31,91,11,31.8,34.4,20.0,37,2.69,808.0,27.119,38.89,31.51,0,20.66
2024-04-01,92,12,30.8,31.3,18.7,23,4.92,865.0,23.564,36.20,29.04,0,11.08
2024-04-02,93,12,31.9,32.9,17.1,22,5.41,868.0,24.175,37.31,30.0,0,13.39
2024-04-03,94,12,34.4,35.9,21.8,14,0.76,704.0,26.008,40.25,31.94,0,19.70
2024-04-04,95,12,36.0,36.4,20.5,14,2.95,881.0,26.004,42.66,33.49,0,22.01
2024-04-05,96,12,35.5,35.6,21.2,14,5.53,816.0,25.02,41.22,32.99,0,18.92
2024-04-06,97,14,35.0,35.0,19.6,12,5.3,819.0,24.142,40.54,32.26,0,16.50
2024-04-07,98,13,35.3,35.4,17.5,9,4.82,915.0,23.66,41.16,32.03,0,15.96
2024-04-08,99,11,35.2,36.8,19.0,12,2.05,851.0,25.182,41.69,32.45,0,19.37
2024-04-09,100,11,35.2,37.8,19.9,13,0.32,787.0,27.354,40.61,32.64,0,22.76
2024-04-10,101,11,36.1,38.6,19.8,18,0.92,836.0,28.359,43.11,34.03,0,26.98
2024-04-11,102,15,38.0,38.0,22.2,10,0.41,670.0,28.082,43.02,34.73,0,26.89
2024-04-12,103,14,38.8,38.8,21.8,11,2.12,779.0,27.295,45.22,35.75,0,27.14
2024-04-13,104,10,35.8,38.5,25.3,22,1.61,710.0,28.078,42.59,34.26,0,30.01
2024-04-14,105,15,33.7,33.8,22.8,28,2.1,641.0,27.17,40.10,32.58,0,22.96
2024-04-15,106,11,34.1,36.3,22.3,32,0.92,800.0,29.477,41.92,33.79,0,28.50
2024-04-16,107,13,35.6,35.7,23.5,22,5.28,888.0,27.134,41.94,34.01,0,25.57
2024-04-17,108,12,34.4,35.3,22.2,17,5.59,917.0,25.071,40.42,32.12,0,18.36
2024-04-18,109,13,37.5,37.8,23.7,17,3.83,878.0,27.676,44.34,35.47,0,29.10
2024-04-19,110,14,37.7,38.3,24.6,21,3.67,749.0,28.654,44.26,36.49,0,32.32
2024-04-20,111,13,36.7,36.7,22.3,19,5.36,826.0,27.222,42.96,34.86,0,25.38
2024-04-21,112,13,36.6,36.6,23.6,16,4.2,823.0,26.585,42.86,34.32,0,25.43
2024-04-22,113,13,37.0,37.0,24.5,17,4.9,853.0,27.061,43.41,34.9,0,27.99
2024-04-23,114,12,37.6,38.0,22.6,13,2.75,894.0,26.982,44.50,35.01,0,26.45
2024-04-24,115,10,33.8,36.9,21.0,23,1.33,724.0,26.944,40.57,32.05,0,21.74
2024-04-25,116,13,37.8,38.3,21.5,13,5.66,902.0,26.514,44.42,35.22,0,24.89
2024-04-26,117,12,38.9,39.2,23.4,13,2.55,861.0,27.95,45.90,36.37,0,30.73
2024-04-27,118,11,36.7,37.9,26.0,19,4.36,818.0,27.37,43.06,34.86,0,30.06
2024-04-28,119,12,37.0,37.5,22.7,16,2.52,877.0,27.427,44.06,34.76,0,27.00
2024-04-29,120,12,37.3,38.1,23.6,17,2.36,894.0,28.006,44.60,35.24,0,29.71
2024-04-30,121,12,35.3,36.2,23.3,14,3.75,923.0,25.329,41.78,32.8,0,21.36
2024-05-01,122,13,32.6,32.7,20.5,12,6.3,912.0,22.399,38.10,30.15,0,10.66
2024-05-02,123,14,34.9,35.0,19.3,16,5.4,820.0,25.111,40.58,32.55,0,18.47
2024-05-03,124,14,38.1,38.1,20.7,11,6.28,795.0,25.913,44.31,35.05,0,23.61
2024-05-04,125,13,40.5,40.6,26.5,10,4.41,890.0,27.67,47.38,37.21,1,36.86
2024-05-05,126,13,40.8,40.9,25.0,12,4.31,878.0,28.563,47.92,38.13,2,39.20
2024-05-06,127,13,40.4,40.6,26.0,14,5.56,840.0,28.653,47.54,38.24,3,41.97
2024-05-07,128,12,40.6,41.4,26.2,14,1.0,819.0,30.494,47.62,38.47,4,47.49
2024-05-08,129,12,37.8,39.7,27.0,32,4.08,864.0,31.091,45.23,39.78,0,41.65
2024-05-09,130,14,39.1,39.6,26.2,25,1.33,766.0,31.691,46.91,39.61,0,43.00
2024-05-10,131,14,39.5,39.5,26.0,28,1.2,764.0,32.774,47.62,41.37,0,45.98
2024-05-11,132,11,34.8,38.8,26.0,34,0.57,720.0,30.875,42.53,35.26,0,36.44
2024-05-12,133,14,37.2,37.8,27.5,26,1.35,635.0,30.056,44.14,36.97,0,38.44
2024-05-13,134,10,37.1,40.3,27.2,32,1.79,690.0,30.965,44.63,38.53,1,42.41
2024-05-14,135,11,38.6,40.7,24.6,16,1.97,818.0,28.778,45.74,36.58,2,36.99
2024-05-15,136,10,38.8,42.3,25.4,16,1.2,707.0,29.246,45.39,36.81,3,40.31
2024-05-16,137,13,42.5,42.7,26.5,10,3.11,863.0,29.344,49.74,39.31,4,47.51
2024-05-17,138,11,42.5,44.0,28.1,13,2.97,818.0,30.359,49.91,40.42,5,53.50
2024-05-18,139,9,39.7,44.0,27.1,21,0.61,541.0,31.589,45.94,39.25,6,53.02
2024-05-19,140,11,42.3,44.9,27.7,14,2.44,818.0,30.722,49.82,40.51,7,55.35
2024-05-20,141,12,42.5,43.6,29.1,14,2.66,837.0,30.817,50.13,40.75,8,57.48
2024-05-21,142,13,41.3,42.6,29.1,23,1.48,845.0,33.027,49.67,42.46,9,61.96
2024-05-22,143,12,40.8,41.1,29.8,28,4.96,843.0,32.593,48.71,43.77,10,61.75
2024-05-23,144,15,41.0,41.1,30.5,22,0.81,567.0,32.586,47.74,41.57,11,61.03
2024-05-24,145,13,40.3,40.9,30.4,27,2.35,772.0,32.506,48.34,42.4,12,61.51
2024-05-25,146,10,39.8,44.4,30.6,30,2.2,667.0,32.587,47.47,42.75,13,61.40
2024-05-26,147,15,46.0,46.0,29.5,10,4.69,652.0,31.158,52.96,43.2,14,61.54
2024-05-27,148,10,41.8,45.7,30.2,22,2.24,706.0,32.471,49.49,42.86,15,62.21
2024-05-28,149,13,44.7,45.8,28.9,9,3.02,881.0,30.555,52.27,41.41,16,58.54
2024-05-29,150,11,43.1,45.7,31.1,20,2.91,818.0,32.919,51.31,44.07,17,65.87
2024-05-30,151,11,43.3,45.8,33.0,17,5.24,818.0,31.735,51.36,43.0,18,65.49
2024-05-31,152,12,43.9,45.9,28.5,11,5.03,883.0,30.32,51.73,41.25,19,57.18
2024-06-01,153,10,42.4,44.0,31.3,17,4.6,707.0,30.996,49.61,41.72,20,60.37
2024-06-02,154,12,41.4,41.4,30.5,20,0.78,848.0,33.208,49.34,41.42,21,63.31
2024-06-03,155,10,39.5,44.4,29.6,27,4.69,694.0,31.153,46.29,40.98,22,56.01
2024-06-04,156,10,40.8,43.1,30.9,16,0.85,694.0,31.138,47.47,39.26,23,57.71
2024-06-05,157,11,41.7,41.7,30.2,21,6.16,793.0,31.456,49.62,42.28,24,60.17
2024-06-06,158,14,40.5,40.8,28.2,20,3.52,774.0,30.665,47.83,40.09,25,54.24
2024-06-07,159,12,40.7,42.2,28.9,21,5.55,852.0,30.822,48.38,40.73,26,55.98
2024-06-08,160,14,40.2,40.2,28.3,18,6.72,757.0,29.407,47.46,39.06,27,51.33
2024-06-09,161,13,41.8,42.2,28.3,13,5.19,856.0,29.437,49.24,39.6,28,52.87
2024-06-10,162,14,43.0,43.0,27.9,13,5.86,777.0,30.121,50.62,41.01,29,55.21
2024-06-11,163,12,42.1,43.2,28.9,15,3.62,844.0,30.565,49.70,40.6,30,56.41
2024-06-12,164,13,43.9,44.1,28.8,11,4.74,858.0,30.334,51.56,41.25,31,57.44
2024-06-13,165,12,43.8,44.9,29.6,15,6.19,851.0,31.415,52.31,42.82,32,61.54
2024-06-14,166,12,42.0,43.4,32.8,24,8.24,782.0,32.231,51.08,44.11,33,66.40
2024-06-15,167,12,42.4,43.3,32.2,21,7.02,855.0,31.987,51.21,43.4,34,65.08
2024-06-16,168,11,42.0,44.1,32.8,25,6.66,787.0,32.612,50.36,44.59,35,66.78
2024-06-17,169,12,43.4,44.0,33.7,22,7.24,807.0,32.955,52.61,45.58,36,70.47
2024-06-18,170,13,43.5,44.2,34.5,24,7.28,803.0,33.533,52.86,46.86,37,72.57
2024-06-19,171,14,41.3,41.3,33.7,29,4.0,646.0,33.093,48.61,45.24,38,67.72
2024-06-20,172,15,39.3,39.3,25.5,33,1.49,616.0,33.019,47.03,43.07,0,46.07
2024-06-21,173,14,38.0,38.3,25.4,37,2.64,731.0,32.324,45.86,42.1,0,43.43
2024-06-22,174,11,36.8,38.5,29.9,41,1.7,738.0,32.388,45.22,41.18,0,47.99
2024-06-23,175,13,38.9,39.5,30.2,39,3.01,774.0,33.398,47.16,45.03,0,53.08
2024-06-24,176,14,39.3,39.5,31.0,37,1.39,716.0,34.051,47.92,44.96,0,55.78
2024-06-25,177,15,35.8,36.6,29.8,52,1.08,517.0,33.063,44.21,43.53,0,49.30
2024-06-26,178,14,34.3,34.3,26.8,59,3.8,564.0,31.647,41.44,42.58,0,40.77
2024-06-27,179,17,29.6,30.4,25.4,78,3.14,209.0,28.681,35.07,35.96,0,26.47
2024-06-28,180,16,30.4,30.6,25.6,71,1.0,278.0,29.627,37.89,36.3,0,30.65
2024-06-29,181,11,32.5,32.9,26.5,68,1.71,663.0,31.908,42.14,41.13,0,40.88
2024-06-30,182,14,34.4,34.8,26.8,60,1.88,680.0,32.668,43.72,43.3,0,44.61
2024-07-01,183,14,33.7,34.1,25.9,66,1.9,550.0,32.46,42.84,43.9,0,42.76
2024-07-02,184,16,33.6,33.6,26.4,68,1.99,398.0,32.197,42.03,44.5,0,42.48
2024-07-03,185,10,32.4,32.9,26.0,70,0.95,459.0,32.106,41.65,41.6,0,40.49
2024-07-04,186,13,31.2,31.6,25.5,68,2.83,649.0,30.191,39.39,37.52,0,33.14
2024-07-05,187,13,30.4,30.4,26.2,73,2.16,452.0,29.788,38.40,36.85,0,32.23
2024-07-06,188,13,32.6,33.0,26.0,65,1.77,690.0,31.674,42.02,40.28,0,39.45
2024-07-07,189,12,32.8,33.5,25.6,60,1.0,729.0,31.992,42.42,39.01,0,39.40
2024-07-08,190,14,33.2,33.2,25.3,58,2.02,651.0,31.178,41.70,39.31,0,37.11
2024-07-09,191,16,32.3,32.4,26.2,70,0.14,464.0,32.881,40.32,41.3,0,41.12
2024-07-10,192,14,33.7,34.1,26.5,66,0.95,711.0,33.58,44.24,43.9,0,46.59
2024-07-11,193,12,35.8,36.4,26.8,60,3.33,789.0,33.639,45.14,47.5,0,49.04
2024-07-12,194,15,35.3,35.3,27.0,58,1.06,558.0,33.543,44.55,44.97,0,47.72
2024-07-13,195,13,34.3,34.3,25.2,56,2.21,831.0,32.189,43.60,41.33,0,41.02
2024-07-14,196,13,34.4,34.9,27.0,57,0.14,757.0,34.323,42.69,42.01,0,46.75
2024-07-15,197,14,32.9,33.2,25.5,67,3.31,704.0,31.652,41.42,41.91,0,39.00
2024-07-16,198,13,34.2,34.3,25.6,64,3.31,786.0,32.649,43.29,44.53,0,43.33
2024-07-17,199,14,34.7,34.7,28.2,63,2.98,704.0,32.95,43.79,45.6,0,47.68
2024-07-18,200,11,34.4,34.7,27.7,62,1.97,741.0,32.993,44.19,44.21,0,46.95
2024-07-19,201,14,34.3,34.4,27.3,61,2.11,694.0,32.617,43.60,43.46,0,45.07
2024-07-20,202,15,35.1,35.1,27.1,57,1.75,610.0,32.851,44.05,43.92,0,45.77
2024-07-21,203,14,34.6,34.8,27.2,64,3.47,714.0,32.871,43.45,45.77,0,46.19
2024-07-22,204,15,34.3,34.6,27.8,62,1.14,517.0,32.933,43.45,43.91,0,46.31
2024-07-23,205,13,34.0,34.8,27.0,65,0.67,781.0,34.408,44.99,44.38,0,49.46
2024-07-24,206,16,33.7,33.7,26.4,65,1.39,495.0,32.485,42.76,43.46,0,43.17
2024-07-25,207,12,33.9,34.7,27.2,66,0.92,801.0,34.034,44.95,44.53,0,49.00
2024-07-26,208,13,31.9,33.0,27.4,70,1.65,537.0,31.315,40.97,40.12,0,39.59
2024-07-27,209,11,34.0,34.0,28.0,65,1.57,679.0,33.09,44.02,44.38,0,47.43
2024-07-28,210,15,35.0,35.1,28.6,62,3.3,617.0,32.872,43.44,46.03,0,47.91
2024-07-29,211,13,35.7,35.7,28.3,57,4.24,742.0,32.887,43.84,45.64,0,47.73
2024-07-30,212,12,36.2,36.4,29.0,56,3.41,719.0,33.351,44.82,46.61,0,50.49
2024-07-31,213,13,36.5,37.1,26.5,58,0.5,854.0,36.53,48.01,48.61,0,56.63
2024-08-01,214,14,31.2,31.2,25.5,70,1.53,613.0,30.9,40.54,38.14,0,35.54
2024-08-02,215,14,32.2,32.2,25.5,68,4.36,545.0,30.639,38.98,40.26,0,34.71
2024-08-03,216,13,32.4,32.4,26.0,69,5.44,664.0,30.983,39.47,41.22,0,36.66
2024-08-04,217,14,33.5,33.5,26.9,57,6.41,713.0,30.529,39.98,39.69,0,36.65
2024-08-05,218,13,32.4,32.6,26.4,62,6.8,824.0,30.221,39.32,38.69,0,34.63
2024-08-06,219,16,31.8,31.8,26.4,63,3.86,410.0,29.504,37.50,37.51,0,31.52
2024-08-07,220,15,30.0,30.1,25.5,74,0.45,431.0,30.988,39.05,36.04,0,33.85
2024-08-08,221,13,31.5,31.5,25.5,69,2.7,590.0,30.516,39.70,38.64,0,34.39
2024-08-09,222,13,31.8,31.8,25.3,71,1.92,677.0,31.501,41.44,40.18,0,37.85
2024-08-10,223,13,31.1,31.3,24.9,71,1.49,624.0,30.968,40.60,38.18,0,35.03
2024-08-11,224,14,30.9,30.9,25.6,74,1.93,478.0,30.528,39.52,38.55,0,34.37
2024-08-12,225,14,30.0,30.0,25.6,77,1.03,541.0,30.737,39.71,36.83,0,34.27
2024-08-13,226,12,30.5,30.8,25.2,78,3.67,670.0,30.449,38.79,38.61,0,33.25
2024-08-14,227,12,30.7,30.7,25.9,76,2.8,459.0,30.23,38.54,38.59,0,33.47
2024-08-15,228,15,32.0,32.2,25.9,75,1.42,610.0,32.292,42.28,42.31,0,41.45
2024-08-16,229,13,32.3,32.3,25.5,68,3.66,825.0,31.305,40.94,40.55,0,37.49
2024-08-17,230,12,31.2,31.9,25.7,73,0.51,608.0,32.548,41.48,39.11,0,39.92
2024-08-18,231,13,32.7,32.7,26.2,67,3.45,745.0,31.495,41.21,41.32,0,39.15
2024-08-19,232,12,32.2,32.7,26.2,69,2.69,829.0,31.608,41.76,40.63,0,39.50
2024-08-20,233,13,31.5,31.6,26.4,74,0.14,679.0,33.357,40.66,40.35,0,42.14
2024-08-21,234,13,31.7,32.0,25.1,72,0.92,764.0,32.549,42.52,40.24,0,40.40
2024-08-22,235,13,32.5,32.8,24.7,73,0.64,787.0,34.005,44.02,43.13,0,44.84
2024-08-23,236,15,30.4,30.7,24.9,72,1.06,412.0,30.165,38.92,36.57,0,31.70
2024-08-24,237,14,31.5,31.5,25.3,71,1.84,668.0,31.237,41.06,39.31,0,36.76
2024-08-25,238,12,32.1,32.2,24.9,67,5.64,790.0,30.615,39.34,39.62,0,33.98
2024-08-26,239,13,31.6,31.6,26.0,69,5.25,661.0,30.243,38.36,38.92,0,33.60
2024-08-27,240,13,31.2,31.2,24.3,70,6.0,702.0,29.943,37.83,38.14,0,30.38
2024-08-28,241,15,30.3,30.3,24.2,73,2.19,511.0,29.818,38.59,36.58,0,29.99
2024-08-29,242,15,30.8,30.9,24.4,69,3.04,528.0,29.64,38.14,36.78,0,29.64
2024-08-30,243,12,31.3,31.3,25.0,74,1.08,725.0,32.089,41.95,39.74,0,38.82
2024-08-31,244,14,33.3,33.3,25.6,60,3.25,727.0,31.239,41.38,40.29,0,37.71
2024-09-01,245,13,33.4,33.5,25.9,59,2.41,789.0,31.58,42.39,40.18,0,39.39
2024-09-02,246,15,31.5,31.5,25.1,71,2.14,459.0,30.643,39.70,39.31,0,34.41
2024-09-03,247,14,31.5,31.6,25.4,72,2.06,665.0,31.235,40.97,39.65,0,36.93
2024-09-04,248,13,30.3,30.8,24.4,73,0.85,641.0,31.098,40.30,36.58,0,33.87
2024-09-05,249,13,31.4,31.6,24.8,64,0.41,756.0,32.383,41.33,36.84,0,37.61
2024-09-06,250,12,30.6,30.6,24.2,71,2.58,630.0,29.997,39.04,36.82,0,30.74
2024-09-07,251,12,30.1,30.4,24.1,73,1.0,680.0,30.811,40.16,36.05,0,32.68
2024-09-08,252,12,31.0,31.3,24.4,74,1.58,706.0,31.325,41.12,38.85,0,35.74
2024-09-09,253,13,32.6,32.7,25.2,61,1.91,756.0,31.252,41.82,38.85,0,37.04
2024-09-10,254,13,30.7,30.7,24.9,78,0.22,682.0,33.032,40.62,39.23,0,39.33
2024-09-11,255,12,31.7,31.7,25.0,73,2.97,782.0,31.416,41.05,40.6,0,37.22
2024-09-12,256,0,27.2,27.2,23.9,89,4.79,0.0,26.165,26.67,31.46,0,12.22
2024-09-13,257,11,30.0,30.0,23.3,75,3.85,674.0,29.615,37.66,36.3,0,27.78
2024-09-14,258,13,29.9,29.9,22.6,69,4.55,717.0,28.81,36.70,34.56,0,24.10
2024-09-15,259,13,31.0,31.2,22.5,62,5.28,797.0,29.059,37.57,35.35,0,25.38
2024-09-16,260,14,32.1,32.1,23.7,53,4.46,705.0,28.98,38.34,35.31,0,27.18
2024-09-17,261,13,31.3,31.5,23.9,61,2.59,667.0,29.587,39.23,35.76,0,29.36
2024-09-18,262,10,27.7,27.7,22.8,77,4.2,380.0,27.02,32.84,30.96,0,16.83
2024-09-19,263,13,29.4,29.8,22.8,75,4.37,670.0,28.938,36.43,34.7,0,24.44
2024-09-20,264,12,30.8,31.1,24.0,63,3.23,773.0,29.343,38.70,35.17,0,28.41
2024-09-21,265,10,30.0,31.6,24.8,71,0.81,569.0,30.445,39.39,35.28,0,31.97
2024-09-22,266,13,32.8,33.1,25.3,62,1.75,711.0,31.559,42.08,39.72,0,38.25
2024-09-23,267,13,33.2,33.3,25.1,62,2.24,778.0,31.814,42.52,40.79,0,39.22
2024-09-24,268,13,33.3,33.6,25.2,59,0.2,764.0,33.581,41.98,39.92,0,41.96
2024-09-25,269,12,33.0,33.0,26.4,63,3.17,745.0,31.374,41.43,40.63,0,39.05
2024-09-26,270,12,30.8,31.4,25.3,71,2.21,619.0,30.299,39.59,37.36,0,33.20
2024-09-27,271,13,30.8,30.9,24.8,65,2.56,736.0,29.716,39.30,35.68,0,30.68
2024-09-28,272,14,30.5,30.5,23.1,63,2.6,506.0,28.75,37.56,34.5,0,25.17
2024-09-29,273,14,30.7,30.7,22.6,64,2.61,543.0,29.126,38.08,35.19,0,25.93
2024-09-30,274,14,32.7,32.7,23.5,54,4.18,599.0,29.534,38.80,36.84,0,28.89
2024-10-01,275,14,33.1,33.2,24.0,58,4.07,665.0,30.53,40.05,39.06,0,33.08
2024-10-02,276,12,33.8,34.6,24.7,52,4.76,787.0,30.465,40.68,38.63,0,34.07
2024-10-03,277,14,33.9,33.9,24.5,47,3.33,674.0,29.983,40.77,37.21,0,32.46
2024-10-04,278,14,33.5,33.5,23.8,51,3.12,662.0,30.197,40.66,37.63,0,32.13
2024-10-05,279,13,33.3,33.6,24.2,51,3.82,739.0,29.98,40.27,37.21,0,31.75
2024-10-06,280,12,32.8,33.6,23.7,49,2.41,764.0,29.705,40.73,35.62,0,30.38
2024-10-07,281,13,32.2,32.4,21.9,49,2.5,733.0,29.077,39.81,34.49,0,26.13
2024-10-08,282,12,31.9,32.5,22.2,50,2.3,738.0,29.023,39.72,34.18,0,26.08
2024-10-09,283,13,32.0,32.2,20.6,45,2.95,726.0,28.206,38.94,33.24,0,23.39
2024-10-10,284,12,31.6,32.3,21.0,41,3.62,751.0,27.172,37.87,31.88,0,20.16
2024-10-11,285,13,31.6,31.7,19.1,36,3.82,734.0,26.379,37.43,31.11,0,18.06
2024-10-12,286,12,31.2,32.0,19.1,40,2.74,757.0,26.931,38.10,31.17,0,19.60
2024-10-13,287,10,29.5,32.1,19.7,45,0.63,594.0,27.348,37.04,29.68,0,19.07
2024-10-14,288,11,30.2,31.8,20.5,42,1.23,696.0,27.026,37.87,30.17,0,19.25
2024-10-15,289,13,31.6,31.9,19.4,39,3.47,709.0,26.856,37.68,31.55,0,19.30
2024-10-16,290,11,30.9,32.4,19.6,41,1.3,687.0,27.419,38.46,30.93,0,20.70
2024-10-17,291,13,32.3,32.8,20.6,41,0.5,688.0,29.908,40.22,32.91,0,27.41
2024-10-18,292,13,33.1,33.4,20.1,36,0.56,691.0,29.69,40.68,33.13,0,27.41
2024-10-19,293,12,32.6,33.7,21.0,41,0.16,714.0,30.4,39.00,33.37,0,27.62
2024-10-20,294,14,33.0,33.0,20.2,37,0.74,574.0,29.016,39.98,33.17,0,25.65
2024-10-21,295,12,31.1,32.3,20.0,51,0.4,698.0,30.355,39.53,32.99,0,27.78
2024-10-22,296,13,31.3,31.5,20.1,42,2.21,671.0,27.336,38.30,31.63,0,20.69
2024-10-23,297,12,31.7,32.1,20.1,40,4.73,696.0,26.831,36.96,31.85,0,18.85
2024-10-24,298,13,32.2,32.6,20.2,42,3.51,668.0,27.729,38.28,32.95,0,21.90
2024-10-25,299,12,31.2,32.1,19.1,45,4.45,695.0,27.122,36.75,32.0,0,19.30
2024-10-26,300,13,31.3,31.6,19.0,42,3.45,660.0,26.94,37.25,31.63,0,19.18
2024-10-27,301,13,30.9,31.1,20.4,49,1.75,649.0,28.081,38.52,32.26,0,22.49
2024-10-28,302,13,31.2,31.4,21.0,47,2.33,645.0,27.819,38.26,32.36,0,21.84
2024-10-29,303,13,32.5,32.9,20.6,46,1.45,637.0,29.28,40.20,34.31,0,26.73
2024-10-30,304,13,33.9,34.3,21.3,39,2.1,636.0,29.142,40.93,35.01,0,27.25
2024-10-31,305,12,32.0,32.8,20.8,43,4.94,660.0,27.431,37.17,32.84,0,20.50
2024-11-01,306,11,30.2,32.0,19.3,39,4.37,639.0,25.359,35.07,29.8,0,13.94
2024-11-02,307,12,31.2,31.7,17.7,36,2.08,657.0,26.422,37.89,30.62,0,18.29
2024-11-03,308,10,28.6,31.3,18.2,42,0.16,519.0,26.348,33.99,28.38,0,14.50
2024-11-04,309,13,30.1,30.4,17.5,39,1.71,622.0,26.016,36.95,29.69,0,16.49
2024-11-05,310,14,29.4,29.4,18.1,50,0.86,518.0,27.261,36.76,30.19,0,18.89
2024-11-06,311,12,29.4,30.2,18.1,44,0.99,634.0,26.681,36.96,29.45,0,17.67
2024-11-07,312,12,29.5,30.1,19.0,47,1.48,627.0,26.693,36.97,29.93,0,17.88
2024-11-08,313,13,30.1,30.3,19.0,45,0.87,596.0,27.478,37.58,30.45,0,19.99
2024-11-09,314,13,30.3,30.6,19.7,45,1.87,588.0,26.836,37.21,30.71,0,18.61
2024-11-10,315,13,29.9,30.2,19.3,47,1.65,589.0,26.855,37.07,30.46,0,18.45
2024-11-11,316,13,29.6,29.8,18.5,48,1.24,582.0,26.979,37.03,30.19,0,18.56
2024-11-12,317,11,29.3,31.2,19.0,49,1.81,577.0,26.453,36.38,29.93,0,17.00
2024-11-13,318,11,28.0,30.0,18.8,45,2.02,580.0,24.711,34.66,28.03,0,11.76
2024-11-14,319,11,28.1,30.0,19.0,41,0.49,565.0,25.854,35.31,27.82,0,14.31
2024-11-15,320,10,26.2,29.0,18.7,46,1.31,465.0,23.337,32.79,26.14,0,7.43
2024-11-16,321,12,28.1,28.8,17.6,37,2.44,600.0,23.655,34.12,27.55,0,9.20
2024-11-17,322,12,27.7,28.5,18.0,41,1.74,595.0,24.118,34.47,27.47,0,10.29
2024-11-18,323,13,26.1,26.4,15.9,37,1.91,578.0,22.104,32.53,25.92,0,4.91
2024-11-19,324,11,24.1,25.9,14.2,39,1.84,565.0,20.627,30.77,23.84,0,3.45
2024-11-20,325,13,25.8,25.9,13.6,28,2.28,585.0,20.511,31.66,25.48,0,4.09
2024-11-21,326,13,25.5,25.8,13.6,31,2.12,580.0,20.729,31.59,25.21,0,4.04
2024-11-22,327,13,26.1,26.3,14.0,34,1.94,568.0,21.682,32.33,25.88,0,4.57
2024-11-23,328,13,27.3,27.5,14.1,27,1.45,563.0,21.95,33.49,26.5,0,5.41
2024-11-24,329,14,27.7,27.7,15.7,28,2.8,477.0,21.682,32.29,26.8,0,4.54
2024-11-25,330,14,25.9,25.9,15.1,38,3.02,479.0,21.485,30.59,25.72,0,3.32
2024-11-26,331,13,25.5,25.6,13.9,33,2.79,565.0,20.739,30.87,25.23,0,3.51
2024-11-27,332,12,25.1,26.0,13.6,33,1.49,588.0,21.0,31.88,24.81,0,4.25
2024-11-28,333,12,24.5,25.5,12.8,32,1.23,591.0,20.57,31.53,24.17,0,4.00
2024-11-29,334,13,24.2,24.6,12.5,38,0.73,556.0,21.545,31.56,23.93,0,4.02
2024-11-30,335,13,24.6,24.9,12.4,35,1.84,550.0,20.544,30.98,24.31,0,3.60
2024-12-01,336,14,24.8,24.8,14.0,38,1.94,463.0,20.829,30.58,24.56,0,3.31
2024-12-02,337,14,25.8,25.8,13.3,32,1.89,468.0,20.954,31.36,25.54,0,3.87
2024-12-03,338,13,26.3,26.5,13.5,31,2.54,547.0,21.178,31.72,26.05,0,4.13
2024-12-04,339,13,25.5,25.6,15.2,35,3.76,552.0,20.754,29.79,25.26,0,2.74
2024-12-05,340,13,23.5,23.6,12.0,25,3.35,569.0,17.89,28.18,23.03,0,1.57
2024-12-06,341,13,23.4,23.5,11.3,34,3.3,558.0,18.953,28.23,23.04,0,1.61
2024-12-07,342,11,21.2,23.1,9.7,33,0.15,537.0,18.969,27.12,20.72,0,0.81
2024-12-08,343,14,22.3,22.3,11.0,36,3.26,457.0,18.062,26.52,21.91,0,0.38
2024-12-09,344,13,19.8,20.2,10.4,47,0.1,541.0,19.202,26.34,19.43,0,0.25
2024-12-10,345,11,17.5,20.1,9.8,51,2.4,528.0,15.673,24.40,17.07,0,0.00
2024-12-11,346,14,20.2,20.2,8.2,30,2.91,486.0,15.757,25.14,19.63,0,0.00
2024-12-12,347,13,20.2,20.5,7.7,31,2.7,564.0,16.082,26.07,19.64,0,0.05
2024-12-13,348,14,20.6,20.6,9.2,29,4.08,491.0,15.757,23.85,20.04,0,0.00
2024-12-14,349,14,20.7,20.7,8.6,29,2.91,483.0,16.05,25.56,20.14,0,0.00
2024-12-15,350,13,20.5,21.1,7.3,28,0.99,568.0,16.94,28.35,19.92,0,1.69
2024-12-16,351,14,20.9,21.0,7.0,38,0.9,483.0,18.233,28.36,20.47,0,1.70
2024-12-17,352,13,20.1,20.6,7.7,48,0.82,556.0,18.856,28.65,19.76,0,1.92
2024-12-18,353,13,20.4,20.9,7.6,38,0.49,565.0,18.828,28.88,19.94,0,2.08
2024-12-19,354,14,20.8,20.8,8.0,33,1.98,475.0,16.857,26.97,20.3,0,0.70
2024-12-20,355,13,22.6,23.2,10.2,33,0.95,543.0,19.246,29.90,22.19,0,2.82
2024-12-21,356,13,21.8,22.1,9.2,34,1.64,551.0,18.157,28.77,21.36,0,2.00
2024-12-22,357,13,22.2,22.5,10.5,35,1.04,553.0,19.069,29.66,21.79,0,2.64
2024-12-23,358,13,17.6,17.6,11.6,57,2.46,313.0,15.743,22.65,17.25,0,0.00
2024-12-24,359,14,18.7,18.7,11.4,58,1.64,362.0,17.255,25.47,18.42,0,0.00
2024-12-25,360,13,20.2,20.6,10.8,51,1.69,538.0,18.434,27.84,19.9,0,1.33
2024-12-26,361,13,22.2,22.6,9.9,41,0.52,544.0,20.546,30.15,21.87,0,3.00
2024-12-27,362,12,17.1,17.1,13.8,81,3.01,229.0,16.903,21.12,17.04,0,0.00
2024-12-28,363,14,17.9,18.1,12.3,79,1.8,227.0,17.779,23.93,17.85,0,0.00
2024-12-29,364,13,17.8,18.3,10.6,70,2.35,542.0,17.6,25.53,17.63,0,0.00
2024-12-30,365,14,17.9,18.1,9.6,70,2.15,488.0,17.646,25.54,17.74,0,0.00
2024-12-31,366,13,15.5,16.1,7.5,74,1.07,497.0,16.324,25.31,15.27,0,0.00
2025-01-01,1,14,16.6,16.8,7.7,71,1.87,490.0,16.607,24.89,16.38,0,0.00
2025-01-02,2,14,18.2,18.2,8.5,65,2.34,482.0,17.431,25.26,17.99,0,0.00
2025-01-03,3,14,19.4,19.6,8.6,62,1.12,463.0,18.879,27.70,19.21,0,1.23
2025-01-04,4,14,21.0,21.1,8.4,69,1.0,508.0,21.258,29.81,20.98,0,2.75
2025-01-05,5,14,17.9,18.1,9.2,71,1.55,505.0,18.046,26.61,17.75,0,0.44
2025-01-06,6,12,16.8,18.0,8.8,77,0.65,566.0,18.599,27.45,16.67,0,1.05
2025-01-07,7,14,17.5,17.5,10.2,69,2.84,474.0,16.945,23.85,17.3,0,0.00
2025-01-08,8,14,18.4,18.4,8.7,52,3.09,519.0,16.367,24.03,18.03,0,0.00
2025-01-09,9,14,18.7,18.7,8.0,56,0.67,520.0,18.442,27.76,18.39,0,1.27
2025-01-10,10,13,17.5,17.9,7.9,66,1.35,591.0,17.598,26.96,17.26,0,0.69
2025-01-11,11,13,16.8,16.8,8.0,73,0.0,395.0,18.075,24.00,16.62,0,0.00
2025-01-12,12,12,17.4,18.0,9.8,77,0.59,511.0,19.116,27.60,17.3,0,1.15
2025-01-13,13,14,18.9,19.0,9.2,65,1.82,522.0,18.385,26.98,18.72,0,0.71
2025-01-14,14,13,17.6,18.2,8.7,67,0.88,599.0,18.269,27.66,17.38,0,1.20
2025-01-15,15,14,18.3,18.4,9.1,67,1.47,519.0,18.174,27.00,18.12,0,0.72
2025-01-16,16,14,18.0,18.0,11.1,63,0.85,429.0,17.822,26.61,17.75,0,0.44
2025-01-17,17,13,18.5,18.9,9.2,62,2.01,617.0,17.875,26.90,18.26,0,0.65
2025-01-18,18,13,17.1,17.8,7.8,69,0.83,633.0,18.128,27.63,16.88,0,1.17
2025-01-19,19,14,21.1,21.3,8.9,65,1.27,534.0,20.819,29.63,21.03,0,2.62
2025-01-20,20,14,21.9,21.9,11.7,66,2.84,548.0,20.998,28.52,21.88,0,1.82
2025-01-21,21,13,21.4,21.9,11.1,58,2.25,620.0,20.115,28.97,21.25,0,2.14
2025-01-22,22,13,22.3,22.8,10.4,49,0.71,617.0,21.291,30.88,22.08,0,3.52
2025-01-23,23,12,20.8,21.9,11.7,55,2.13,627.0,19.344,28.52,20.59,0,1.82
2025-01-24,24,13,20.6,20.9,10.4,45,3.22,648.0,17.897,26.58,20.25,0,0.42
2025-01-25,25,14,20.8,20.8,9.0,40,2.99,599.0,17.539,26.63,20.39,0,0.46
2025-01-26,26,14,21.0,21.0,8.2,38,2.33,604.0,17.716,27.72,20.57,0,1.24
2025-01-27,27,13,20.9,21.5,7.8,34,2.45,672.0,17.289,27.82,20.42,0,1.31
2025-01-28,28,14,22.9,22.9,8.0,26,1.77,611.0,18.156,29.76,22.41,0,2.72
2025-01-29,29,14,24.0,24.0,10.2,31,2.66,599.0,19.328,29.77,23.63,0,2.72
2025-01-30,30,14,24.7,24.8,11.3,35,1.59,593.0,20.863,31.56,24.42,0,4.01
2025-01-31,31,12,24.4,26.3,12.1,43,0.85,660.0,22.411,32.50,24.21,0,5.47
2025-02-01,32,13,25.3,25.5,12.7,34,2.05,652.0,21.134,32.00,25.04,0,4.33
2025-02-02,33,12,22.8,23.6,13.7,45,2.3,656.0,20.143,29.88,22.56,0,2.80
2025-02-03,34,15,22.8,22.8,10.8,35,1.5,489.0,19.046,29.33,22.42,0,2.41
2025-02-04,35,14,22.9,22.9,13.0,51,0.3,441.0,21.986,29.68,22.74,0,2.66
2025-02-05,36,13,21.2,21.4,11.9,37,3.08,701.0,17.726,27.46,20.77,0,1.05
2025-02-06,37,12,20.7,21.1,11.4,31,4.24,708.0,16.402,25.35,20.17,0,0.00
2025-02-07,38,13,20.6,20.8,10.6,35,4.49,712.0,16.721,25.03,20.11,0,0.00
2025-02-08,39,14,23.3,23.3,11.1,30,3.5,642.0,18.482,28.37,22.88,0,1.71
2025-02-09,40,14,25.2,25.2,10.8,26,2.04,649.0,19.965,31.68,24.83,0,4.10
2025-02-10,41,12,26.2,27.2,11.7,24,1.55,700.0,20.849,33.15,25.85,0,5.17
2025-02-11,42,12,26.2,27.9,12.3,37,1.15,702.0,22.997,33.85,26.02,0,7.55
2025-02-12,43,13,25.3,25.3,13.6,25,4.42,730.0,19.396,29.87,24.92,0,2.79
2025-02-13,44,13,23.2,23.6,13.7,32,4.23,742.0,18.66,28.08,22.81,0,1.50
2025-02-14,45,14,24.6,24.6,12.3,27,3.86,664.0,19.115,29.33,24.21,0,2.40
2025-02-15,46,12,25.6,25.6,13.0,27,2.28,719.0,20.467,32.24,25.26,0,4.50
2025-02-16,47,12,25.8,26.6,13.5,30,0.52,692.0,22.78,33.42,25.51,0,6.83
2025-02-17,48,13,28.1,28.8,16.2,21,0.27,721.0,23.538,34.05,26.84,0,8.72
2025-02-18,49,14,26.3,26.4,16.8,29,2.17,676.0,21.29,32.78,26.02,0,4.90
2025-02-19,50,14,27.0,27.0,14.2,25,2.04,608.0,21.183,33.03,26.24,0,5.08
2025-02-20,51,13,22.9,23.7,15.1,53,4.39,680.0,20.578,27.84,22.76,0,1.33
2025-02-21,52,13,24.6,25.1,13.7,47,0.71,746.0,23.512,33.39,24.47,0,8.19
2025-02-22,53,12,23.0,23.9,13.5,43,2.84,744.0,20.079,29.83,22.74,0,2.77
2025-02-23,54,14,25.1,25.1,13.3,37,2.11,700.0,21.407,32.13,24.87,0,4.43
2025-02-24,55,12,25.7,26.9,13.3,30,1.73,767.0,21.338,33.13,25.4,0,5.15
2025-02-25,56,12,27.1,28.1,14.4,27,1.06,748.0,22.581,34.49,26.37,0,7.23
2025-02-26,57,13,29.8,30.1,17.9,33,1.62,741.0,25.21,37.00,28.79,0,14.67
2025-02-27,58,14,23.4,23.4,19.1,62,3.33,522.0,21.858,29.01,23.41,0,2.17
2025-02-28,59,15,23.3,23.4,18.2,65,2.82,555.0,22.241,29.93,23.34,0,3.29
2025-03-01,60,15,24.1,24.1,15.5,66,0.82,514.0,24.146,32.59,24.19,0,8.81
2025-03-02,61,10,21.3,24.6,15.4,63,1.75,584.0,20.638,29.51,21.22,0,2.53
2025-03-03,62,14,26.9,26.9,12.8,37,1.98,727.0,23.065,34.05,26.65,0,7.83
2025-03-04,63,12,24.0,24.4,15.6,47,3.15,776.0,21.359,30.70,23.84,0,3.40
2025-03-05,64,14,22.8,22.8,12.6,27,6.29,766.0,17.447,25.98,22.32,0,0.00
2025-03-06,65,14,26.3,26.6,12.8,24,3.61,766.0,20.259,31.81,25.96,0,4.20
2025-03-07,66,14,28.4,28.4,12.5,21,2.47,751.0,21.727,34.69,27.05,0,6.30
2025-03-08,67,14,30.1,30.1,14.6,20,3.3,762.0,22.628,35.81,28.32,0,8.76
2025-03-09,68,14,31.8,31.8,16.8,21,2.14,747.0,24.516,38.23,29.85,0,14.65
2025-03-10,69,14,31.6,31.7,19.0,28,2.93,738.0,25.332,37.78,30.17,0,15.98
2025-03-11,70,12,33.6,34.4,19.5,23,0.35,808.0,28.524,40.24,31.83,0,24.40
2025-03-12,71,13,32.8,32.9,19.8,25,3.07,810.0,25.849,39.25,31.16,0,18.39
2025-03-13,72,13,31.2,32.0,21.0,32,0.92,833.0,27.127,39.01,30.14,0,20.25
2025-03-14,73,11,30.7,33.2,19.0,37,1.61,763.0,26.612,38.23,30.15,0,18.72
2025-03-15,74,14,30.3,30.3,19.0,38,2.4,696.0,25.882,37.00,29.8,0,16.32
2025-03-16,75,12,29.0,29.9,18.0,32,0.8,835.0,25.488,36.91,27.99,0,14.83
2025-03-17,76,14,28.3,28.3,17.6,29,3.88,745.0,22.56,33.60,27.27,0,6.64
2025-03-18,77,13,29.6,29.9,17.1,24,3.15,860.0,23.157,35.98,28.06,0,9.79
2025-03-19,78,13,32.1,32.3,17.7,18,2.62,863.0,24.132,38.71,29.98,0,14.32
2025-03-20,79,9,27.5,33.0,19.1,35,0.39,465.0,24.265,33.49,26.98,0,9.69
2025-03-21,80,11,30.0,32.0,19.4,24,2.82,794.0,23.474,36.31,28.39,0,10.75
2025-03-22,81,11,30.5,31.3,18.0,23,2.92,786.0,23.649,36.69,28.77,0,11.49
2025-03-23,82,14,32.6,32.7,18.5,18,1.8,795.0,24.778,39.25,30.44,0,16.09
2025-03-24,83,13,33.5,33.9,20.0,17,1.59,870.0,25.52,40.47,31.24,0,18.68
2025-03-25,84,13,35.8,36.4,20.9,15,1.08,871.0,27.241,42.66,33.38,0,24.31
2025-03-26,85,13,37.6,37.9,21.8,12,1.5,874.0,27.306,44.37,34.78,0,26.18
2025-03-27,86,12,35.6,36.2,24.1,19,3.27,873.0,26.847,42.36,33.59,0,25.88
2025-03-28,87,11,29.7,31.0,21.8,19,3.22,836.0,22.261,35.79,27.97,0,7.93
2025-03-29,88,15,28.9,28.9,16.2,19,4.09,605.0,21.089,33.10,27.36,0,5.26
2025-03-30,89,14,31.5,31.5,17.5,14,3.41,829.0,22.48,37.35,29.35,0,9.98
2025-03-31,90,14,33.9,33.9,17.6,12,3.15,826.0,23.785,39.88,31.27,0,14.99
2025-04-01,91,13,33.1,33.3,19.0,12,3.71,913.0,23.19,39.19,30.57,0,13.10
2025-04-02,92,13,35.4,35.7,18.6,10,2.45,905.0,24.644,41.86,32.28,0,18.41
2025-04-03,93,12,36.3,37.4,20.4,9,1.09,909.0,25.927,42.57,32.94,0,21.59
2025-04-04,94,13,36.9,37.0,21.7,10,2.56,894.0,25.637,43.42,33.68,0,21.94
2025-04-05,95,13,34.8,35.2,22.0,16,3.78,899.0,25.429,41.20,32.45,0,19.48
2025-04-06,96,13,37.6,38.1,22.0,12,2.0,900.0,27.025,44.52,34.78,0,25.76
2025-04-07,97,13,39.3,39.9,24.4,13,1.17,885.0,29.175,46.36,36.8,0,34.70
2025-04-08,98,14,39.9,39.9,25.2,13,1.77,803.0,28.953,46.83,37.45,0,35.80
2025-04-09,99,14,40.7,40.7,26.1,14,0.05,750.0,31.556,45.39,38.59,1,42.82
2025-04-10,100,12,38.9,38.9,26.6,18,1.2,873.0,30.224,46.48,37.37,0,39.55
2025-04-11,101,13,34.2,34.2,22.5,33,3.19,874.0,28.475,41.38,34.13,0,26.58
2025-04-12,102,14,34.8,34.8,20.5,24,0.92,783.0,28.535,42.00,33.34,0,26.26
2025-04-13,103,15,35.2,35.3,21.1,21,0.25,647.0,28.844,40.47,33.4,0,25.76
2025-04-14,104,14,35.3,35.6,22.3,25,1.21,801.0,28.825,42.72,34.13,0,27.97
2025-04-15,105,14,36.5,36.6,24.7,24,1.66,748.0,29.107,43.70,35.52,0,32.53
2025-04-16,106,13,37.5,38.2,25.6,22,0.67,799.0,30.745,44.86,36.44,0,37.85
2025-04-17,107,12,39.2,40.5,26.2,19,2.18,889.0,30.043,47.00,38.0,1,41.02
2025-04-18,108,13,39.5,40.8,25.7,24,0.99,874.0,32.404,47.74,39.92,2,47.81
2025-04-19,109,12,38.0,39.9,27.4,26,3.08,876.0,30.341,45.67,38.19,0,40.43
2025-04-20,110,11,37.9,40.0,27.0,24,2.06,830.0,30.154,45.61,37.49,1,40.97
2025-04-21,111,10,36.6,40.4,26.3,20,1.46,720.0,28.383,43.39,34.91,2,35.91
2025-04-22,112,14,39.5,39.5,24.6,6,3.06,851.0,25.773,45.54,35.3,0,27.36
2025-04-23,113,10,35.6,39.2,23.8,15,2.3,752.0,25.995,41.90,33.17,0,23.42
2025-04-24,114,12,39.7,40.4,24.4,6,1.9,936.0,26.534,46.12,35.48,1,30.72
2025-04-25,115,11,39.7,41.6,25.3,7,1.52,876.0,27.066,45.96,35.69,2,34.40
2025-04-26,116,13,41.4,41.5,26.0,7,3.72,867.0,27.287,47.98,37.29,3,39.36
2025-04-27,117,12,39.8,40.8,28.3,8,1.01,867.0,28.01,45.98,36.01,4,43.15
2025-04-28,118,14,40.7,41.1,26.5,9,0.68,808.0,29.422,46.74,37.14,5,46.35
2025-04-29,119,15,37.5,37.5,25.0,22,1.1,645.0,29.685,44.20,36.44,0,34.67
2025-04-30,120,13,36.5,36.8,26.3,26,1.87,803.0,29.499,44.04,35.95,0,35.54
2025-05-01,121,14,37.6,37.6,25.9,19,0.6,737.0,30.11,44.35,35.95,0,36.45
2025-05-02,122,15,28.2,28.6,21.7,63,2.17,610.0,26.961,35.94,30.12,0,17.71
2025-05-03,123,13,35.4,35.4,24.0,29,1.32,842.0,29.655,43.29,35.04,0,32.27
2025-05-04,124,11,34.8,34.8,24.4,35,0.66,797.0,31.038,42.96,35.51,0,35.29
2025-05-05,125,14,35.6,35.6,24.2,28,0.76,652.0,29.869,42.56,35.11,0,32.41
2025-05-06,126,13,33.5,34.4,22.2,38,2.3,726.0,28.735,40.73,34.14,0,26.25
2025-05-07,127,13,33.2,33.3,23.7,38,2.93,742.0,28.285,40.03,33.67,0,26.47
2025-05-08,128,15,31.9,32.4,23.9,48,1.26,508.0,28.828,39.06,33.72,0,27.05
2025-05-09,129,13,36.3,37.1,25.1,31,1.75,817.0,30.39,44.24,36.89,0,36.32
2025-05-10,130,12,37.1,37.1,26.6,30,1.32,809.0,31.177,45.17,37.92,0,40.61
2025-05-11,131,13,37.2,38.2,25.1,29,2.11,825.0,30.577,45.07,37.79,0,37.60
2025-05-12,132,13,39.2,39.6,25.5,19,3.13,838.0,29.606,46.55,38.0,0,37.39
2025-05-13,133,13,41.0,41.3,28.1,15,3.7,827.0,29.704,48.28,39.22,1,43.97
2025-05-14,134,12,40.3,41.2,28.5,16,3.31,867.0,29.629,47.75,38.63,2,45.36
2025-05-15,135,12,40.8,41.9,29.7,15,3.25,874.0,29.738,48.30,38.98,3,49.17
2025-05-16,136,12,41.8,42.7,28.8,15,4.78,868.0,30.145,49.42,40.22,4,51.82
2025-05-17,137,12,41.5,42.8,29.2,19,3.85,856.0,31.222,49.32,41.2,5,56.28
2025-05-18,138,13,41.4,42.1,29.5,21,3.64,841.0,31.693,49.29,41.81,6,59.39
2025-05-19,139,13,40.8,42.0,28.2,27,0.98,825.0,34.021,49.33,43.31,7,62.86
2025-05-20,140,11,39.0,42.6,28.0,31,0.68,801.0,33.823,47.48,41.63,8,60.29
2025-05-21,141,14,42.2,43.0,29.8,21,0.94,748.0,33.583,49.95,43.08,9,64.26
2025-05-22,142,14,36.8,37.0,25.0,36,2.59,750.0,31.176,44.43,39.31,0,38.73
2025-05-23,143,14,38.1,38.2,26.4,35,2.98,753.0,31.99,45.77,41.49,0,43.67
2025-05-24,144,13,37.7,37.7,28.5,39,3.68,747.0,32.147,45.14,42.31,0,46.27
2025-05-25,145,13,30.4,31.2,23.0,58,0.76,723.0,29.876,39.54,33.18,0,28.12
2025-05-26,146,15,35.7,35.7,24.1,39,0.7,616.0,31.854,43.42,38.22,0,37.82
2025-05-27,147,14,35.8,36.1,26.2,41,0.7,741.0,32.617,44.35,39.09,0,42.71
2025-05-28,148,13,38.7,39.5,27.4,36,0.54,788.0,34.822,47.61,43.16,0,52.14
2025-05-29,149,12,39.0,40.1,27.6,32,1.26,750.0,33.066,47.30,42.04,1,50.08
2025-05-30,150,16,36.1,36.1,27.1,34,0.68,435.0,30.803,42.38,37.41,0,38.28
2025-05-31,151,12,39.1,39.7,26.1,27,1.12,832.0,32.476,47.38,40.3,0,44.96
2025-06-01,152,13,37.3,37.3,26.4,27,2.1,800.0,30.224,44.95,37.39,0,38.22
2025-06-02,153,11,35.3,37.1,24.1,38,0.63,791.0,32.007,43.76,37.17,0,37.96
2025-06-03,154,10,33.3,34.6,25.8,34,0.73,621.0,28.961,40.34,33.04,0,30.19
2025-06-04,155,13,36.4,36.4,24.5,29,0.3,802.0,31.935,43.53,36.53,0,37.89
2025-06-05,156,12,35.6,37.2,24.4,28,0.68,850.0,30.569,43.51,35.11,0,34.65
2025-06-06,157,10,35.6,37.8,25.9,29,0.6,681.0,30.468,42.80,35.33,0,35.78
2025-06-07,158,13,41.2,41.2,28.0,22,2.15,773.0,32.162,49.11,41.89,1,50.09
2025-06-08,159,12,41.8,42.8,29.6,23,2.16,819.0,32.96,50.11,43.3,2,56.38
2025-06-09,160,13,43.3,43.7,30.0,17,3.34,850.0,32.147,51.38,43.0,3,57.79
2025-06-10,161,12,42.2,43.1,30.1,17,3.47,863.0,31.3,50.10,41.44,4,56.46
2025-06-11,162,14,43.6,43.6,30.1,19,2.44,770.0,33.113,51.63,44.38,5,63.75
2025-06-12,163,15,43.1,43.1,31.1,25,1.07,603.0,34.766,50.72,46.66,6,69.90
2025-06-13,164,14,39.8,41.1,31.3,39,1.66,671.0,34.547,48.44,47.19,7,68.27
2025-06-14,165,12,40.8,42.9,30.6,33,0.87,820.0,35.41,49.91,46.26,8,69.79
2025-06-15,166,13,37.5,37.9,29.6,43,2.89,795.0,32.902,45.85,43.64,0,49.99
2025-06-16,167,13,31.5,32.0,24.8,73,2.06,595.0,31.202,40.74,40.0,0,36.13
2025-06-17,168,13,33.2,33.7,25.2,67,1.36,770.0,32.93,43.71,42.81,0,43.05
2025-06-18,169,13,32.8,33.2,24.0,64,0.67,766.0,33.119,43.18,40.46,0,40.75
2025-06-19,170,12,32.0,32.7,27.0,68,2.44,665.0,31.105,40.87,39.69,0,38.49
2025-06-20,171,11,31.2,31.7,25.5,75,2.33,562.0,30.961,40.14,39.78,0,35.98
2025-06-21,172,15,34.7,34.7,26.2,57,1.08,598.0,32.948,43.82,42.81,0,44.33
2025-06-22,173,11,34.0,34.0,28.0,60,0.92,633.0,32.961,43.52,42.18,0,46.00
2025-06-23,174,10,33.6,35.7,27.8,62,0.45,599.0,33.675,43.27,41.89,0,46.84
2025-06-24,175,14,36.0,36.1,27.3,53,0.51,717.0,34.948,45.90,44.53,0,51.54
2025-06-25,176,16,32.1,32.1,26.5,68,2.72,356.0,30.457,39.00,39.97,0,35.44
2025-06-26,177,13,34.3,34.5,26.0,60,2.89,771.0,32.341,43.22,43.02,0,42.60
2025-06-27,178,13,33.4,33.7,27.7,64,1.68,748.0,32.48,43.30,42.15,0,44.58
2025-06-28,179,13,35.3,35.8,25.6,54,0.9,753.0,33.724,45.09,43.11,0,46.13
2025-06-29,180,13,33.1,33.4,26.1,62,1.31,575.0,31.825,42.08,40.52,0,39.98
2025-06-30,181,12,31.5,31.7,25.4,72,0.5,677.0,32.984,42.11,39.65,0,41.06
2025-07-01,182,13,32.4,33.2,25.0,64,1.96,759.0,31.402,41.83,39.38,0,37.30
2025-07-02,183,15,33.2,33.2,26.9,66,2.01,599.0,32.046,42.30,42.39,0,42.19
2025-07-03,184,14,33.5,33.5,26.6,62,1.86,683.0,32.094,42.77,41.61,0,41.98
2025-07-04,185,14,34.2,34.2,26.7,61,0.45,684.0,34.406,44.39,43.17,0,48.22
2025-07-05,186,12,34.5,35.2,26.5,61,0.45,784.0,35.009,45.28,44.04,0,50.09
2025-07-06,187,13,35.4,35.7,26.7,54,0.25,776.0,34.906,44.46,43.37,0,49.28
2025-07-07,188,14,33.0,33.2,25.9,66,0.63,757.0,33.611,43.66,41.8,0,44.75
2025-07-08,189,12,33.7,34.0,27.1,63,2.5,745.0,32.24,42.94,42.59,0,43.32
2025-07-09,190,10,31.7,31.7,27.0,70,1.05,555.0,31.619,41.20,39.54,0,39.65
2025-07-10,191,16,29.6,29.6,25.6,76,1.44,455.0,29.679,38.33,35.47,0,30.76
2025-07-11,192,15,31.6,31.6,25.6,66,0.32,624.0,32.361,40.70,37.95,0,38.46
2025-07-12,193,13,33.2,33.5,26.5,64,0.27,822.0,34.278,43.12,41.58,0,46.23
2025-07-13,194,14,32.5,32.5,26.3,69,2.25,684.0,31.804,41.91,41.51,0,40.43
2025-07-14,195,13,30.5,30.5,25.8,74,4.46,656.0,29.852,37.69,37.41,0,31.58
2025-07-15,196,14,32.1,32.2,25.6,63,4.29,723.0,30.255,39.29,38.26,0,33.58
2025-07-16,197,12,32.3,32.3,25.3,65,2.08,734.0,31.319,41.59,39.46,0,37.35
2025-07-17,198,16,31.1,31.1,26.8,67,2.48,483.0,29.756,38.61,36.97,0,33.06
2025-07-18,199,13,31.6,31.6,26.4,69,4.31,775.0,30.55,39.38,38.92,0,35.38
2025-07-19,200,12,32.0,32.2,25.8,61,3.5,761.0,30.143,39.75,37.38,0,33.60
2025-07-20,201,13,33.9,34.3,26.1,55,2.41,827.0,31.599,42.82,39.94,0,39.88
2025-07-21,202,14,31.3,31.5,26.6,66,0.67,394.0,30.742,39.49,37.18,0,35.41
2025-07-22,203,12,33.9,34.8,26.0,55,0.32,812.0,33.777,43.23,39.94,0,44.17
2025-07-23,204,12,32.7,33.2,27.0,65,1.35,741.0,32.167,42.68,40.56,0,42.13
2025-07-24,205,14,35.4,35.5,25.4,51,2.11,732.0,32.39,44.13,42.06,0,42.29
2025-07-25,206,14,36.3,36.3,26.6,48,2.57,719.0,32.568,44.62,42.99,0,44.72
2025-07-26,207,15,35.3,35.4,26.9,53,0.68,644.0,33.666,44.52,42.66,0,46.96
2025-07-27,208,14,36.2,36.3,28.8,49,1.96,735.0,32.908,45.07,43.19,0,48.33
2025-07-28,209,15,36.6,36.6,28.1,49,0.28,590.0,34.672,44.70,44.22,0,50.96
2025-07-29,210,14,32.9,32.9,27.2,68,0.67,639.0,33.317,43.19,42.32,0,45.56
2025-07-30,211,16,30.5,31.6,26.2,79,1.45,497.0,30.976,40.08,38.92,0,36.46
2025-07-31,212,17,31.5,31.5,25.3,69,0.4,220.0,30.831,38.64,38.64,0,33.99
2025-08-01,213,13,32.0,32.0,25.5,70,0.99,778.0,32.547,42.70,40.41,0,41.06
2025-08-02,214,13,32.2,32.4,26.0,68,2.84,722.0,31.265,41.04,40.26,0,37.97
2025-08-03,215,14,33.1,33.1,26.8,66,2.43,695.0,31.972,42.29,42.1,0,41.82
2025-08-04,216,16,31.0,31.0,26.2,75,2.1,288.0,30.164,38.36,39.17,0,33.78
2025-08-05,217,10,30.1,30.1,26.9,73,1.43,369.0,29.595,38.11,36.05,0,32.18
2025-08-06,218,15,32.1,32.1,26.3,67,1.05,552.0,31.647,41.36,39.62,0,39.03
2025-08-07,219,14,33.9,33.9,26.0,56,3.27,758.0,31.335,41.93,40.31,0,38.75
2025-08-08,220,13,32.8,33.1,26.4,61,2.31,511.0,30.765,40.51,39.36,0,36.77
2025-08-09,221,14,30.2,30.5,26.1,74,0.83,534.0,30.827,39.73,36.58,0,34.93
2025-08-10,222,13,31.9,32.1,25.9,72,0.94,780.0,32.751,42.85,40.85,0,42.18
2025-08-11,223,13,33.6,33.9,26.6,63,2.82,703.0,31.965,42.34,42.31,0,41.69
2025-08-12,224,14,33.0,33.3,26.3,63,1.77,766.0,31.965,42.68,40.63,0,40.96
2025-08-13,225,14,33.4,33.4,26.9,59,2.2,570.0,31.243,41.49,40.18,0,39.27
2025-08-14,226,12,29.6,29.6,26.3,80,1.58,529.0,30.211,39.06,36.46,0,33.48
2025-08-15,227,13,31.5,31.7,25.3,72,0.0,690.0,33.171,40.37,39.65,0,40.04
2025-08-16,228,15,31.2,31.2,26.4,73,0.61,452.0,31.758,40.54,39.11,0,38.57
2025-08-17,229,11,32.0,32.0,27.3,74,2.4,656.0,31.782,41.56,41.92,0,41.45
2025-08-18,230,12,31.4,31.8,27.2,74,2.62,795.0,31.375,41.13,40.04,0,39.56
2025-08-19,231,10,31.9,31.9,26.6,72,2.2,645.0,31.517,41.29,40.85,0,39.54
2025-08-20,232,14,32.6,32.7,26.8,62,3.05,708.0,30.851,40.73,39.2,0,37.50
2025-08-21,233,14,33.6,33.6,25.6,58,2.09,693.0,31.599,42.36,40.31,0,39.10
2025-08-22,234,12,34.1,34.2,25.3,57,1.12,776.0,32.79,43.89,41.21,0,42.44
2025-08-23,235,12,32.6,32.6,25.6,63,1.78,735.0,31.523,42.01,39.55,0,38.42
2025-08-24,236,13,30.8,31.1,25.7,75,1.53,641.0,31.133,40.70,38.58,0,36.49
2025-08-25,237,11,28.8,29.0,24.4,80,4.03,509.0,28.668,35.50,34.19,0,24.93
2025-08-26,238,13,29.9,29.9,25.1,77,3.19,436.0,29.428,37.04,36.55,0,29.17
2025-08-27,239,14,32.5,32.6,25.2,69,1.63,727.0,32.207,42.62,41.51,0,40.41
2025-08-28,240,15,32.4,32.4,25.3,73,0.9,555.0,32.797,42.62,42.81,0,42.13
2025-08-29,241,13,31.3,31.3,25.0,75,2.04,588.0,31.225,40.68,40.09,0,36.40
2025-08-30,242,13,31.5,31.8,26.0,68,1.81,663.0,30.904,40.75,38.32,0,36.35
2025-08-31,243,14,30.0,30.0,24.5,79,1.66,516.0,30.418,39.34,37.39,0,32.32
2025-09-01,244,12,29.2,29.2,24.0,77,2.08,595.0,29.412,38.15,34.63,0,27.95
2025-09-02,245,12,26.6,27.0,23.8,84,3.01,367.0,26.816,33.16,27.05,0,16.39
2025-09-03,246,11,29.2,29.4,24.1,81,1.49,673.0,30.321,39.46,35.54,0,31.07
2025-09-04,247,13,31.4,31.4,24.2,69,0.89,744.0,31.92,41.72,38.37,0,36.89
2025-09-05,248,12,31.0,31.0,25.2,72,3.89,759.0,30.371,39.09,38.21,0,33.17
2025-09-06,249,12,31.2,31.2,24.5,72,3.32,764.0,30.7,39.86,38.78,0,33.75
2025-09-07,250,14,31.9,31.9,24.8,70,2.2,695.0,31.389,41.30,40.12,0,36.94
2025-09-08,251,12,31.4,32.0,25.2,71,1.1,795.0,31.993,42.04,39.02,0,38.67
2025-09-09,252,13,32.4,32.4,25.8,64,2.44,746.0,31.166,41.37,39.38,0,37.45
2025-09-10,253,12,32.7,33.2,25.6,59,4.12,801.0,30.478,40.21,38.42,0,34.72
2025-09-11,254,12,32.5,32.8,24.7,55,3.91,737.0,29.745,39.49,36.7,0,31.13
2025-09-12,255,12,33.0,33.5,24.6,52,2.72,772.0,30.181,40.97,36.88,0,32.97
2025-09-13,256,12,35.0,35.3,26.3,42,2.32,782.0,30.738,42.98,37.83,0,37.82
2025-09-14,257,13,36.2,36.5,27.0,39,2.68,727.0,31.085,43.73,39.19,0,40.34
2025-09-15,258,12,36.3,36.4,27.3,38,3.15,820.0,31.019,43.94,39.04,0,40.65
2025-09-16,259,13,36.8,36.8,27.3,37,2.3,782.0,31.513,44.81,39.67,0,42.45
2025-09-17,260,12,36.2,36.4,26.7,40,1.46,748.0,31.892,44.56,39.55,0,42.24
2025-09-18,261,10,33.3,34.9,25.1,52,0.76,637.0,31.546,41.90,37.52,0,37.04
2025-09-19,262,14,35.4,35.5,26.8,41,2.41,643.0,30.644,42.66,38.29,0,38.16
2025-09-20,263,13,36.2,36.2,26.8,37,3.57,699.0,30.472,42.95,38.52,0,38.13
2025-09-21,264,13,36.3,36.4,25.4,35,3.83,743.0,30.235,43.04,38.06,0,35.95
2025-09-22,265,12,36.4,36.9,26.1,34,3.91,813.0,30.235,43.41,37.93,0,36.98
2025-09-23,266,13,36.7,36.7,26.1,33,4.49,748.0,30.109,43.21,38.15,0,36.68
2025-09-24,267,13,36.0,36.1,25.8,33,4.18,801.0,29.651,42.69,36.95,0,34.64
2025-09-25,268,13,36.1,36.2,25.9,34,3.63,794.0,30.015,43.09,37.41,0,35.91
2025-09-26,269,13,36.9,37.0,25.8,31,3.65,800.0,30.155,43.96,37.88,0,36.85
2025-09-27,270,13,38.6,38.7,27.2,33,1.3,755.0,32.893,46.92,41.67,0,47.21
2025-09-28,271,13,36.3,36.5,28.3,42,3.31,720.0,31.453,43.64,40.5,0,42.97
2025-09-29,272,13,36.1,36.3,27.8,40,1.68,698.0,31.549,44.11,39.34,0,42.47
2025-09-30,273,14,34.4,34.8,24.4,45,0.36,459.0,31.63,41.24,37.6,0,35.94
2025-10-01,274,12,32.1,33.5,24.5,58,0.47,745.0,32.238,41.75,36.71,0,37.24
2025-10-02,275,10,31.7,32.4,24.4,56,1.61,606.0,29.667,39.80,35.29,0,30.33
2025-10-03,276,13,33.2,33.6,25.0,49,1.31,662.0,30.476,41.42,36.4,0,34.15
2025-10-04,277,11,33.3,34.6,26.3,45,2.64,720.0,29.445,40.66,35.49,0,32.82
2025-10-05,278,13,33.4,33.9,23.7,42,1.52,684.0,29.57,41.13,34.9,0,30.15
2025-10-06,279,11,29.2,29.2,22.3,52,2.57,179.0,25.406,32.72,30.19,0,12.83
2025-10-07,280,13,28.2,28.5,20.7,65,1.22,661.0,27.863,37.14,30.37,0,20.37
2025-10-08,281,12,25.7,25.7,20.4,70,0.11,588.0,27.071,33.11,25.93,0,14.72
2025-10-09,282,12,27.5,28.2,20.6,58,2.37,704.0,25.867,35.19,28.56,0,14.52
2025-10-10,283,12,27.8,28.5,19.4,51,1.32,748.0,26.044,36.21,28.31,0,15.50
2025-10-11,284,13,28.8,29.0,19.2,47,1.67,657.0,26.013,36.28,29.07,0,15.78
2025-10-12,285,12,30.1,30.7,20.5,42,1.93,750.0,26.568,37.62,30.05,0,18.16
2025-10-13,286,13,31.5,31.7,20.4,34,1.04,725.0,27.27,38.92,30.72,0,20.67
2025-10-14,287,13,31.9,32.0,21.1,29,1.41,726.0,26.446,38.94,30.59,0,19.08
2025-10-15,288,13,31.8,31.9,21.2,28,1.5,715.0,26.102,38.69,30.38,0,18.17
2025-10-16,289,13,31.5,31.7,20.2,32,1.54,714.0,26.481,38.58,30.48,0,18.85
2025-10-17,290,13,32.1,32.3,20.4,36,1.58,700.0,27.55,39.36,31.75,0,21.90
2025-10-18,291,13,32.9,33.2,21.6,31,0.42,664.0,28.944,39.82,32.02,0,24.97
2025-10-19,292,13,33.3,33.6,23.0,32,0.35,649.0,29.393,39.91,32.69,0,27.29
2025-10-20,293,12,32.8,33.1,22.8,31,1.96,666.0,27.061,39.47,31.89,0,22.04
2025-10-21,294,10,30.1,30.4,22.7,43,1.37,545.0,26.588,36.95,30.18,0,18.57
2025-10-22,295,11,30.8,32.1,23.5,46,1.88,631.0,27.498,38.03,31.58,0,22.53
2025-10-23,296,10,29.2,31.8,21.2,42,1.6,563.0,25.563,35.93,29.01,0,14.65
2025-10-24,297,12,31.6,32.2,20.2,24,1.04,706.0,25.632,38.30,29.84,0,16.80
2025-10-25,298,12,31.2,31.7,19.7,27,0.71,700.0,26.323,38.08,29.68,0,17.89
2025-10-26,299,12,30.7,31.6,18.9,28,0.75,703.0,26.016,37.67,29.27,0,16.86
2025-10-27,300,12,30.3,30.3,20.3,34,1.8,571.0,25.309,36.55,29.38,0,14.76
2025-10-28,301,11,25.4,26.6,21.3,58,0.97,293.0,23.619,31.61,25.45,0,7.11
2025-10-29,302,13,29.2,29.2,20.2,47,1.7,622.0,26.276,36.48,29.55,0,16.60
2025-10-30,303,11,27.3,27.3,22.6,65,1.35,307.0,25.923,33.86,28.9,0,14.49
2025-10-31,304,13,29.9,30.3,21.4,51,1.1,560.0,27.687,37.49,31.06,0,20.55
2025-11-01,305,10,28.4,30.9,20.8,48,1.55,527.0,25.547,35.29,28.71,0,14.04
2025-11-02,306,11,27.6,29.4,19.3,50,2.45,627.0,24.88,34.37,28.01,0,11.86
2025-11-03,307,13,29.9,30.5,17.9,35,3.01,648.0,24.831,35.68,29.07,0,13.11
2025-11-04,308,12,28.7,28.7,18.9,42,1.15,632.0,25.632,36.07,28.48,0,14.68
2025-11-05,309,11,28.1,29.5,18.9,55,1.49,614.0,26.341,35.95,29.05,0,16.15
2025-11-06,310,13,25.9,26.1,15.8,29,2.67,648.0,20.725,31.78,25.6,0,4.17
2025-11-07,311,12,26.1,27.3,14.8,32,2.58,669.0,21.371,32.26,25.85,0,4.52
2025-11-08,312,13,26.6,26.8,13.9,23,2.82,644.0,20.339,32.14,26.26,0,4.44
2025-11-09,313,13,26.7,26.8,14.1,26,2.38,633.0,21.01,32.64,26.09,0,4.80
2025-11-10,314,12,26.1,27.0,13.9,28,2.0,655.0,21.017,32.60,25.8,0,4.77
2025-11-11,315,13,27.1,27.4,13.7,25,2.75,623.0,21.038,32.60,26.3,0,4.77
2025-11-12,316,13,27.3,27.5,14.0,26,3.56,614.0,21.138,32.02,26.46,0,4.35
2025-11-13,317,12,25.2,26.3,13.2,33,2.62,640.0,20.681,31.23,24.92,0,3.78
2025-11-14,318,13,25.7,26.0,13.3,28,2.62,608.0,20.359,31.38,25.38,0,3.88
2025-11-15,319,13,26.1,26.6,12.8,28,2.45,608.0,20.743,31.92,25.8,0,4.27
2025-11-16,320,13,26.5,26.8,12.3,26,3.16,603.0,20.561,31.53,26.19,0,3.99
2025-11-17,321,13,25.7,26.0,12.3,29,1.81,594.0,20.793,32.07,25.39,0,4.38
2025-11-18,322,13,25.6,25.8,13.5,34,2.11,585.0,21.223,31.82,25.35,0,4.20
2025-11-19,323,13,25.9,26.0,13.3,38,1.49,576.0,22.284,32.71,25.72,0,5.38
2025-11-20,324,13,26.0,26.1,14.1,41,1.35,571.0,22.823,33.00,25.86,0,6.61
2025-11-21,325,13,26.1,26.2,14.5,38,0.98,567.0,22.87,33.13,25.93,0,6.80
2025-11-22,326,12,25.7,26.2,14.1,32,1.68,600.0,21.285,32.30,25.43,0,4.55
2025-11-23,327,11,24.0,25.9,13.2,39,0.74,556.0,21.473,31.43,23.74,0,3.92
2025-11-24,328,12,24.2,25.0,12.2,36,1.28,595.0,20.781,31.41,23.91,0,3.91
2025-11-25,329,13,23.8,24.0,11.4,35,2.32,570.0,19.709,29.89,23.47,0,2.81
2025-11-26,330,13,23.6,23.9,11.2,32,1.0,576.0,20.002,30.84,23.23,0,3.50
2025-11-27,331,14,24.4,24.4,12.6,29,0.58,483.0,20.626,30.96,24.03,0,3.58
2025-11-28,332,14,25.2,25.2,11.5,30,1.95,415.0,20.027,30.30,24.88,0,3.11
2025-11-29,333,14,25.9,25.9,13.7,32,3.2,466.0,20.645,30.11,25.64,0,2.97
2025-11-30,334,13,23.6,23.6,11.7,31,3.46,509.0,18.627,27.82,23.21,0,1.31
2025-12-01,335,13,24.1,24.3,10.0,26,1.66,565.0,19.083,30.56,23.67,0,3.29
2025-12-02,336,13,24.9,25.2,12.7,45,0.92,543.0,22.651,32.30,24.76,0,5.78
2025-12-03,337,13,22.6,22.9,10.3,30,2.48,570.0,18.039,28.51,22.15,0,1.81
2025-12-04,338,13,21.6,21.9,9.8,34,2.92,563.0,17.53,27.07,21.15,0,0.77
2025-12-05,339,14,21.8,21.8,8.6,31,1.54,475.0,17.676,28.26,21.32,0,1.63
2025-12-06,340,14,23.6,23.6,10.2,32,3.31,474.0,18.713,27.76,23.23,0,1.27
2025-12-07,341,14,24.1,24.1,10.7,35,2.67,468.0,19.639,29.05,23.79,0,2.21
2025-12-08,342,13,24.9,25.2,12.1,32,2.82,552.0,20.071,30.15,24.59,0,2.99
2025-12-09,343,13,24.1,24.5,11.6,33,3.2,557.0,19.442,29.00,23.76,0,2.17
2025-12-10,344,13,23.7,24.1,11.8,36,2.12,551.0,19.778,29.93,23.38,0,2.84
2025-12-11,345,13,24.4,24.7,10.8,34,2.56,547.0,19.969,29.99,24.09,0,2.88
2025-12-12,346,13,23.9,24.4,10.4,35,0.92,547.0,20.632,31.05,23.58,0,3.64
2025-12-13,347,13,24.0,24.5,12.7,40,0.4,543.0,22.182,31.27,23.75,0,4.15
2025-12-14,348,13,23.7,24.2,11.2,43,0.11,503.0,22.104,29.19,23.47,0,2.50
2025-12-15,349,14,23.3,23.3,10.5,46,2.05,473.0,20.398,29.47,23.09,0,2.51
2025-12-16,350,14,23.3,23.3,11.6,45,3.08,474.0,19.994,28.16,23.08,0,1.56
2025-12-17,351,14,23.8,23.8,11.4,45,2.43,472.0,20.602,29.44,23.61,0,2.48
2025-12-18,352,14,22.5,22.5,11.6,47,1.94,433.0,19.735,28.61,22.27,0,1.89
2025-12-19,353,13,21.3,21.9,11.2,48,2.15,547.0,18.947,28.15,21.02,0,1.55
2025-12-20,354,14,21.8,21.8,9.5,48,0.3,445.0,20.709,28.64,21.54,0,1.91
2025-12-21,355,14,20.2,20.4,10.7,57,0.95,414.0,19.177,27.94,19.98,0,1.40
2025-12-22,356,13,19.9,21.3,11.4,63,0.75,529.0,20.069,28.97,19.75,0,2.15
2025-12-23,357,13,22.4,23.1,11.6,57,2.33,544.0,20.756,29.25,22.29,0,2.35
2025-12-24,358,13,21.0,21.1,11.6,41,3.28,559.0,17.673,26.15,20.61,0,0.11
2025-12-25,359,13,20.7,21.0,9.3,40,1.87,559.0,17.76,27.82,20.28,0,1.31
2025-12-26,360,13,20.7,21.1,9.9,39,2.1,555.0,17.548,27.46,20.27,0,1.06
2025-12-27,361,14,20.5,20.5,9.7,51,1.88,436.0,18.364,27.09,20.22,0,0.79
2025-12-28,362,14,20.5,20.5,9.4,50,1.63,489.0,18.522,27.77,20.21,0,1.28
2025-12-29,363,13,18.9,19.9,10.6,53,1.52,551.0,17.566,27.13,18.56,0,0.82
2025-12-30,364,14,20.4,20.4,9.7,46,2.0,491.0,17.881,27.09,20.05,0,0.79
2025-12-31,365,13,18.9,19.4,9.1,64,1.78,531.0,18.34,27.06,18.71,0,0.76
2026-01-01,1,14,16.9,16.9,10.5,77,0.91,232.0,17.109,24.22,16.78,0,0
2026-01-02,2,14,17.5,17.5,11.1,55,2.55,473.0,15.849,23.84,17.12,0,0
2026-01-03,3,13,16.6,17.1,10.7,59,1.46,386.0,15.558,24.2,16.23,0,0
2026-01-04,4,15,17.1,17.1,8.5,55,1.65,318.0,15.389,23.53,16.7,0,0
2026-01-05,5,14,17.2,17.2,8.5,60,1.54,494.0,16.449,25.54,16.87,0,0
2026-01-06,6,14,17.0,17.1,8.5,61,2.12,497.0,16.084,24.52,16.67,0,0
2026-01-07,7,14,15.3,15.4,7.9,69,1.52,502.0,15.419,24.37,14.99,0,0
2026-01-08,8,15,14.4,14.4,7.5,67,0.92,391.0,14.547,23.48,14.02,0,0
2026-01-09,9,13,16.5,17.3,7.5,59,0.05,536.0,17.23,24.14,16.12,0,0
2026-01-10,10,14,17.1,17.1,6.6,54,2.1,520.0,15.654,24.59,16.69,0,0
2026-01-11,11,14,16.4,16.4,6.0,45,2.6,540.0,14.138,23.01,15.84,0,0
2026-01-12,12,16,16.6,17.2,4.9,47,0.57,247.0,14.818,23.44,16.07,0,0
2026-01-13,13,14,18.5,18.5,5.0,48,2.33,537.0,16.352,25.37,18.08,0,0
2026-01-14,14,14,17.4,17.4,5.6,42,2.28,553.0,14.89,24.46,16.85,0,0
2026-01-15,15,14,17.8,17.9,5.8,42,2.59,544.0,15.12,24.22,17.27,0,0
2026-01-16,16,14,20.5,20.5,6.1,33,1.17,536.0,17.237,28.08,19.98,0,1.5
2026-01-17,17,14,22.5,22.6,7.8,39,0.3,518.0,20.674,29.31,22.16,0,2.39
2026-01-18,18,13,21.5,22.0,8.1,49,1.66,595.0,19.563,29.27,21.24,0,2.36
2026-01-19,19,12,23.6,25.1,10.7,29,0.25,606.0,20.739,30.01,23.19,0,2.9
2026-01-20,20,12,23.5,24.3,10.2,36,2.2,614.0,19.708,30.07,23.17,0,2.94
2026-01-21,21,13,23.0,23.2,9.7,36,2.41,623.0,19.22,29.44,22.65,0,2.48
2026-01-22,22,13,24.6,25.0,10.0,34,1.19,627.0,21.034,31.92,24.3,0,4.28
2026-01-23,23,14,17.5,17.5,12.9,75,4.93,417.0,16.984,20.21,17.38,0,0
2026-01-24,24,14,16.4,16.4,9.0,46,2.87,559.0,14.184,22.69,15.85,0,0
2026-01-25,25,14,16.4,16.5,6.4,53,2.26,586.0,15.013,24.18,15.94,0,0
2026-01-26,26,14,18.7,18.8,6.2,55,0.4,582.0,19.089,28.02,18.38,0,1.46
2026-01-27,27,14,19.7,19.7,11.1,72,3.68,481.0,19.135,24.86,19.65,0,0
2026-01-28,28,13,17.7,18.4,11.7,70,1.08,465.0,18.001,26.69,17.53,0,0.49
2026-01-29,29,14,18.3,18.4,10.4,66,2.09,574.0,17.903,26.46,18.1,0,0.33
2026-01-30,30,14,19.5,19.5,8.5,59,1.46,596.0,18.8,28.22,19.27,0,1.6
2026-01-31,31,15,19.9,19.9,9.2,63,1.86,461.0,18.983,27.27,19.75,0,0.91
2026-02-01,32,15,20.8,20.8,12.4,66,1.19,448.0,20.449,28.89,20.73,0,2.09
2026-02-02,33,14,19.5,19.7,12.7,69,1.91,535.0,19.288,27.64,19.4,0,1.18
2026-02-03,34,12,17.9,19.6,10.4,74,1.19,651.0,18.926,28.17,17.79,0,1.57
2026-02-04,35,13,19.9,20.2,10.7,56,2.43,681.0,18.598,27.68,19.65,0,1.21
2026-02-05,36,13,20.9,21.3,10.6,48,2.92,694.0,18.618,27.67,20.6,0,1.21
2026-02-06,37,14,22.6,22.6,10.8,45,3.83,626.0,19.5,27.56,22.35,0,1.13
2026-02-07,38,13,23.3,23.6,12.5,47,3.6,688.0,20.482,28.99,23.11,0,2.16
2026-02-08,39,14,22.8,22.8,11.4,36,3.11,648.0,18.885,28.54,22.44,0,1.83
2026-02-09,40,14,24.0,24.0,10.5,36,1.73,605.0,20.335,30.94,23.7,0,3.57
2026-02-10,41,15,27.2,27.2,11.6,26,0.85,502.0,22.099,33.2,26.4,0,5.39
2026-02-11,42,13,27.0,27.1,14.6,32,2.81,704.0,22.114,33.09,26.5,0,5.34
2026-02-12,43,12,24.0,25.1,13.0,35,3.32,719.0,19.857,29.82,23.68,0,2.76
2026-02-13,44,14,25.4,25.5,12.7,29,2.01,629.0,20.524,31.84,25.08,0,4.22
2026-02-14,45,13,26.4,26.9,12.5,28,2.64,730.0,21.15,32.71,26.11,0,4.85
2026-02-15,46,13,27.7,28.1,13.5,30,3.35,733.0,22.313,33.39,26.88,0,5.93
2026-02-16,47,12,29.0,30.3,13.1,23,0.45,730.0,24.627,35.97,27.55,0,12.37
2026-02-17,48,13,28.8,29.2,15.9,27,2.27,738.0,23.112,35.33,27.56,0,9.05
2026-02-18,49,12,22.3,23.9,16.1,52,1.48,513.0,20.492,29.73,22.12,0,2.7
2026-02-19,50,12,25.8,26.3,13.9,37,0.4,725.0,24.012,33.65,25.6,0,9.33
2026-02-20,51,12,27.0,27.9,15.0,36,1.52,734.0,23.309,34.48,26.67,0,8.6
2026-02-21,52,13,27.0,27.2,14.8,40,2.93,746.0,23.203,33.47,26.86,0,7.67
2026-02-22,53,12,27.9,28.4,14.7,25,2.11,758.0,22.171,34.63,26.82,0,6.56
2026-02-23,54,10,25.2,29.4,14.8,41,0.25,542.0,23.34,31.48,25.02,0,6.49
2026-02-24,55,12,28.5,29.6,15.9,28,1.41,768.0,23.581,35.75,27.37,0,10.17
2026-02-25,56,12,28.3,29.0,14.9,21,2.67,785.0,21.635,34.62,26.98,0,6.22
2026-02-26,57,11,27.4,29.7,15.5,32,2.78,701.0,22.453,33.5,26.76,0,6.27
2026-02-27,58,12,30.3,30.8,16.0,19,2.3,780.0,22.945,36.72,28.45,0,10.07
2026-02-28,59,10,28.8,31.9,21.3,28,0.56,568.0,24.442,35.18,27.61,0,11.47
2026-03-01,60,14,30.6,30.6,17.2,22,4.67,725.0,23.069,35.36,28.81,0,9.45
2026-03-02,61,14,30.8,30.8,17.2,23,4.76,727.0,23.401,35.57,29.04,0,10.32
2026-03-03,62,14,31.4,31.4,17.7,24,4.99,738.0,24.043,36.24,29.65,0,12.24
2026-03-04,63,14,33.2,33.2,18.3,27,4.61,731.0,26.089,38.56,31.84,0,18.59
2026-03-05,64,15,33.8,34.0,20.9,31,4.51,600.0,27.104,38.76,33.19,0,21.16
2026-03-06,65,12,33.0,34.5,19.5,30,2.15,806.0,27.235,40.22,32.0,0,22.02
2026-03-07,66,12,33.6,35.3,20.1,30,0.81,808.0,28.915,41.28,32.76,0,26.24
2026-03-08,67,12,35.1,35.8,20.8,22,2.3,809.0,27.353,42.07,33.41,0,24.11
2026-03-09,68,12,34.0,35.5,20.7,31,2.78,802.0,27.982,40.99,33.46,0,24.53
2026-03-10,69,11,31.9,35.5,22.4,42,0.68,736.0,29.382,40.03,32.49,0,26.59
2026-03-11,70,11,34.2,36.3,20.5,21,3.15,754.0,26.052,40.35,32.27,0,19.98
2026-03-12,71,11,33.9,35.9,21.2,18,3.94,759.0,24.985,39.54,31.7,0,17.17
2026-03-13,72,12,32.1,32.5,21.7,25,3.03,760.0,25.217,38.26,30.42,0,16.2
2026-03-14,73,15,33.1,33.1,20.1,19,2.8,592.0,24.582,38.37,30.97,0,15.29
2026-03-15,74,13,27.3,27.3,18.2,41,3.83,821.0,23.478,33.32,27.14,0,8.13
2026-03-16,75,13,30.3,30.8,17.4,30,4.59,846.0,24.378,35.83,29.04,0,12.35
2026-03-17,76,13,30.8,31.5,17.4,30,1.39,831.0,25.941,38.37,29.53,0,17.32
2026-03-18,77,12,31.5,32.2,19.3,29,0.63,834.0,27.455,39.16,30.16,0,20.99
2026-03-19,78,10,27.1,27.1,18.3,46,0.8,642.0,25.173,34.97,27.27,0,12.57
2026-03-20,79,15,20.5,20.6,16.4,72,1.01,455.0,20.88,29.14,20.49,0,2.26
2026-03-21,80,12,23.9,25.5,14.8,59,1.53,851.0,23.376,33.3,23.89,0,7.87
2026-03-22,81,14,27.0,27.1,16.2,46,2.98,764.0,23.948,33.75,27.18,0,9.35
2026-03-23,82,15,26.9,26.9,17.9,48,0.63,623.0,25.488,34.87,27.21,0,13.08
2026-03-24,83,11,28.1,29.7,18.1,45,2.61,786.0,24.961,35.3,28.13,0,12.73
2026-03-25,84,12,30.2,31.5,17.7,32,2.21,873.0,25.314,37.61,29.1,0,15.43
2026-03-26,85,12,34.5,34.8,21.0,21,2.38,832.0,26.675,41.42,32.6,0,22.05
2026-03-27,86,13,28.9,29.3,22.1,37,1.28,693.0,25.169,36.25,28.26,0,13.97
2026-03-28,87,13,32.7,33.0,20.8,28,2.2,833.0,26.667,39.89,31.38,0,20.48
2026-03-29,88,13,34.4,35.0,22.8,31,1.67,797.0,28.82,42.01,34.02,0,27.99
2026-03-30,89,12,34.7,34.7,21.7,21,2.41,831.0,26.817,41.62,32.83,0,22.55
2026-03-31,90,11,33.4,35.0,21.3,23,0.35,776.0,28.265,39.89,31.61,0,23.58
2026-04-01,91,12,32.6,33.1,19.6,29,1.49,815.0,27.148,40.07,31.39,0,21.51
2026-04-02,92,10,32.2,34.3,21.7,35,0.76,668.0,28.269,39.48,31.73,0,23.34
2026-04-03,93,13,31.3,32.1,22.3,37,1.92,773.0,26.959,38.73,30.87,0,20.35
2026-04-04,94,13,29.9,30.3,21.2,37,0.81,797.0,26.858,37.88,29.26,0,18.6
2026-04-05,95,11,28.9,29.3,19.8,34,1.61,770.0,24.662,36.31,28.04,0,12.86
2026-04-06,96,9,27.1,31.7,20.8,41,0.71,514.0,24.322,33.97,26.99,0,10.14
2026-04-07,97,12,28.4,28.8,18.0,35,4.09,643.0,23.314,33.13,27.68,0,7.88
2026-04-08,98,12,24.4,25.5,17.0,55,0.35,767.0,24.935,33.31,24.37,0,10.82
2026-04-09,99,11,26.2,28.7,16.1,46,0.47,829.0,25.718,35.27,26.14,0,13.72
2026-04-10,100,13,30.4,31.2,17.8,25,4.91,896.0,23.643,35.92,28.79,0,10.94
2026-04-11,101,12,32.6,32.9,21.7,23,3.29,831.0,25.28,38.92,30.77,0,16.93
2026-04-12,102,13,33.9,34.2,23.0,20,3.55,898.0,25.718,40.44,31.86,0,20.42
2026-04-13,103,12,33.3,34.6,21.8,19,3.67,916.0,25.033,39.74,31.17,0,17.21
2026-04-14,104,13,37.3,37.5,23.0,13,3.1,893.0,26.647,44.07,34.7,0,25.86
2026-04-15,105,12,38.0,38.7,23.7,11,3.3,920.0,26.528,44.75,34.95,0,27.03
2026-04-16,106,11,37.4,39.9,26.2,14,1.32,847.0,27.844,44.24,34.93,0,32.06
2026-04-17,107,13,39.8,40.2,26.3,12,2.44,732.0,28.112,46.27,37.05,1,36.61
2026-04-18,108,12,39.0,40.2,25.0,16,2.75,898.0,28.875,46.44,37.05,2,38.32
2026-04-19,109,10,36.8,40.1,26.0,22,1.69,710.0,28.816,43.71,35.52,3,38.5
2026-04-20,110,12,39.2,39.6,26.7,13,3.32,870.0,27.934,46.16,36.69,0,34.86
2026-04-21,111,13,38.6,38.6,26.0,13,5.26,898.0,27.148,45.37,36.05,0,31.75
2026-04-22,112,14,40.3,40.3,26.0,11,4.52,819.0,27.754,46.94,37.29,1,36.16
2026-04-23,113,14,41.2,41.2,27.9,11,2.3,810.0,28.979,48.14,38.24,2,43.57
2026-04-24,114,13,42.0,42.0,27.5,13,2.61,862.0,30.187,49.54,39.83,3,48.66
2026-04-25,115,12,41.9,42.3,29.1,13,3.26,803.0,29.815,49.11,39.71,4,51.13
2026-04-26,116,13,41.6,41.6,28.8,16,4.3,784.0,30.263,48.87,40.29,5,53.34
2026-04-27,117,13,42.1,42.2,28.6,14,3.58,870.0,30.301,49.72,40.26,6,55.45
2026-04-28,118,14,37.1,37.1,29.7,24,0.67,610.0,30.32,43.67,36.34,0,40.94
2026-04-29,119,14,37.0,37.1,27.0,21,0.59,745.0,30.166,43.94,35.58,0,37.4
2026-04-30,120,10,35.5,37.7,25.4,28,2.35,639.0,28.54,42.02,34.97,0,30.85
2026-05-01,121,14,35.6,36.6,23.1,32,1.05,778.0,30.507,43.49,36.04,0,33.34
2026-05-02,122,11,35.7,36.1,26.3,31,2.01,818.0,29.744,43.44,35.95,0,35.57
2026-05-03,123,10,34.1,34.8,25.8,38,2.15,653.0,29.174,41.15,35.1,0,31.94
2026-05-04,124,14,29.8,29.8,21.0,40,3.11,790.0,25.656,36.43,29.46,0,15.35
2026-05-05,125,11,29.4,30.5,22.6,50,1.21,711.0,27.387,37.64,30.19,0,20.47
2026-05-06,126,13,33.7,34.7,21.9,26,1.46,821.0,27.544,41.09,32.3,0,23.34
2026-05-07,127,11,30.1,30.5,23.0,43,4.83,813.0,25.992,35.72,30.18,0,16.91
2026-05-08,128,14,34.4,34.4,22.1,30,2.97,768.0,28.024,41.13,33.83,0,24.97
2026-05-09,129,13,35.3,35.5,24.8,30,1.97,817.0,29.251,42.93,35.11,0,32.21
2026-05-10,130,13,36.7,37.3,26.3,28,1.79,804.0,30.107,44.43,36.73,0,37.26
2026-05-11,131,16,37.7,37.7,27.3,27,0.32,452.0,31.37,43.19,38.01,0,40.39
2026-05-12,132,13,38.6,38.8,27.9,27,3.64,842.0,30.836,46.09,39.46,0,42.72
2026-05-13,133,15,38.7,39.1,26.7,25,0.83,656.0,31.674,45.86,38.98,0,42.56
2026-05-14,134,12,38.7,39.4,25.9,22,0.6,879.0,32.08,46.58,38.1,0,42.59
2026-05-15,135,11,38.1,40.0,28.6,21,2.51,828.0,29.432,45.51,37.02,1,41.22
2026-05-16,136,11,39.2,40.4,29.0,20,2.15,828.0,30.202,46.82,38.26,2,46.22
2026-05-17,137,14,41.2,41.3,29.9,20,5.05,764.0,30.912,48.55,41.12,3,52.59
2026-05-18,138,13,41.8,43.3,30.0,21,4.19,871.0,31.929,49.85,42.44,4,57.72
2026-05-19,139,14,44.4,44.4,31.1,10,3.95,809.0,30.393,51.74,41.45,5,58.77
2026-05-20,140,11,42.2,43.6,32.1,18,3.17,838.0,31.628,50.11,41.83,6,62.9
2026-05-21,141,13,42.2,42.8,33.2,17,4.63,869.0,31.065,50.08,41.44,7,62.96
2026-05-22,142,12,41.6,42.0,32.0,16,3.16,898.0,30.693,49.48,40.29,8,59.99
2026-05-23,143,10,39.6,41.3,31.6,20,3.18,720.0,29.965,46.55,38.81,9,55.48
2026-05-24,144,11,41.3,42.3,30.0,17,3.88,843.0,30.493,48.86,40.22,10,56.81
2026-05-25,145,12,42.5,43.0,32.8,16,2.79,894.0,31.481,50.57,41.48,11,63.64
2026-05-26,146,10,39.2,42.6,31.8,18,2.92,742.0,29.255,46.1,37.75,12,53.65
2026-05-27,147,13,42.8,43.4,31.4,12,4.14,893.0,30.058,50.44,40.38,13,58.81
2026-05-28,148,13,40.4,40.4,28.7,30,2.94,856.0,33.145,48.82,43.92,14,61.65
2026-05-29,149,11,33.5,33.8,26.0,50,4.26,809.0,30.044,40.5,37.32,0,34.17
2026-05-30,150,13,35.5,35.5,24.0,37,2.91,815.0,30.232,43.03,37.23,0,33.99
2026-05-31,151,14,33.0,33.1,23.3,41,1.31,719.0,29.316,40.88,34.0,0,28.68
2026-06-01,152,15,33.0,33.1,24.6,40,1.6,566.0,28.609,39.88,33.78,0,28.07
2026-06-02,153,13,36.2,36.5,24.4,28,1.97,754.0,29.501,43.56,35.98,0,32.99
2026-06-03,154,13,37.3,38.5,29.1,31,1.9,823.0,31.146,45.38,38.56,0,43.86
2026-06-04,155,12,39.5,39.5,28.1,22,1.1,812.0,31.66,47.29,39.27,0,45.31
2026-06-05,156,17,34.7,34.7,25.1,42,0.96,288.0,29.994,40.36,37.26,0,32.9
2026-06-06,157,10,37.0,40.3,28.5,35,0.94,704.0,32.171,45.0,39.35,1,46.78
2026-06-07,158,13,39.8,40.4,28.9,26,1.53,850.0,32.485,48.19,41.12,2,52.47
2026-06-08,159,11,40.0,42.1,29.9,25,2.99,833.0,31.699,47.92,41.08,3,53.61
2026-06-09,160,10,39.4,43.0,31.6,31,2.74,717.0,32.349,47.08,42.4,4,58.37
2026-06-10,161,10,38.8,43.6,31.3,35,3.67,708.0,32.339,46.11,42.92,5,59.16
2026-06-11,162,15,36.8,36.8,27.4,45,3.54,646.0,32.177,44.02,42.88,0,44.44
2026-06-12,163,16,32.6,32.6,23.3,53,1.86,471.0,29.666,39.67,36.33,0,29.34
2026-06-13,164,13,32.3,33.7,24.8,51,0.71,875.0,31.251,41.8,35.18,0,35.2
2026-06-14,165,10,33.0,36.8,26.0,58,0.66,698.0,32.405,42.47,38.81,0,40.61
2026-06-15,166,13,36.3,36.3,26.5,36,2.8,818.0,30.792,44.02,38.38,0,39.1
2026-06-16,167,16,32.3,32.3,25.2,44,1.24,504.0,28.65,39.2,33.52,0,28.25
2026-06-17,168,12,35.3,37.3,24.7,36,0.76,870.0,31.605,43.92,36.6,0,37.8
2026-06-18,169,12,38.9,39.4,29.5,28,2.44,855.0,31.679,47.04,40.31,0,47.18
2026-06-19,170,11,37.2,38.1,28.2,34,2.09,795.0,31.456,45.26,39.37,0,43.61
2026-06-20,171,13,37.6,38.1,30.7,34,3.65,838.0,31.344,45.14,40.12,0,46.51
2026-06-21,172,15,38.1,38.5,30.1,29,2.96,600.0,30.604,44.68,39.28,0,43.76
2026-06-22,173,12,36.6,36.7,28.5,32,3.19,785.0,30.179,43.8,37.67,0,39.86
2026-06-23,174,11,38.7,38.7,30.3,28,3.24,803.0,31.166,46.24,39.97,0,46.44
2026-06-24,175,14,37.6,38.1,28.6,29,1.88,795.0,30.971,45.48,38.44,0,42.98
2026-06-25,176,13,38.5,39.0,30.2,31,1.74,856.0,32.303,47.01,40.7,0,49.3
2026-06-26,177,14,40.7,40.7,29.8,29,0.68,719.0,34.602,48.89,44.04,1,57.44
2026-06-27,178,11,39.6,40.1,26.8,32,0.64,804.0,34.619,48.31,43.23,2,54.92
2026-06-28,179,11,40.4,41.9,29.5,32,1.03,784.0,34.565,49.15,44.88,3,60.86
2026-06-29,180,14,41.7,41.7,32.1,29,3.76,774.0,33.67,49.79,46.05,4,64.77
2026-06-30,181,15,38.6,39.5,28.9,38,1.61,527.0,33.036,46.09,43.86,0,49.68
2026-07-01,182,15,32.7,32.7,26.9,62,2.2,529.0,30.871,40.67,39.46,0,37.7
2026-07-02,183,16,31.2,31.5,25.9,64,1.6,462.0,29.806,39.08,36.36,0,32.22
2026-07-03,184,15,34.3,34.5,27.0,54,0.67,361.0,31.931,41.68,40.54,0,40.96
2026-07-04,185,13,35.7,36.5,29.2,51,0.6,629.0,33.88,44.75,42.82,0,50.27
2026-07-05,186,12,33.9,34.5,28.8,64,0.46,738.0,34.659,44.67,43.62,0,51.51
2026-07-06,187,13,36.1,36.7,26.8,48,0.11,845.0,34.916,44.02,42.5,0,48.78
2026-07-07,188,12,32.5,32.8,26.5,70,0.38,613.0,33.635,42.58,41.91,0,44.75
2026-07-08,189,14,29.3,29.3,26.1,78,2.3,354.0,28.973,36.7,35.12,0,28.71
2026-07-09,190,16,28.9,29.2,25.0,77,2.88,368.0,28.373,35.59,33.85,0,25.01
2026-07-10,191,13,32.5,33.0,25.5,66,2.92,826.0,31.463,41.63,40.37,0,38.22
2026-07-11,192,14,34.3,34.3,27.4,57,1.82,740.0,32.347,43.57,41.74,0,44.02
2026-07-12,193,13,35.0,35.0,28.7,55,2.66,827.0,32.511,44.05,42.75,0,46.57
2026-07-13,194,13,35.7,35.8,28.4,48,1.65,794.0,32.613,44.79,41.54,0,46.49
2026-07-14,195,14,36.2,36.2,26.1,45,2.14,778.0,32.317,44.77,41.47,0,43.21
2026-07-15,196,11,35.4,36.3,25.4,48,2.45,824.0,31.989,44.04,40.83,0,41.01
2026-07-16,197,14,37.3,37.3,29.8,40,3.47,800.0,32.095,45.05,41.86,0,47.46
2026-07-17,198,14,37.2,37.4,30.7,40,3.02,740.0,32.032,44.9,41.64,0,48.2
2026-07-18,199,13,36.0,36.3,31.0,47,3.31,616.0,31.762,43.13,41.83,0,46.83
2026-07-19,200,15,34.9,36.6,29.8,55,1.21,375.0,32.113,42.46,42.48,0,45.85
2026-07-20,201,10,29.5,31.7,26.5,86,0.16,273.0,31.023,37.65,37.76,0,34.71
2026-07-21,202,13,29.5,29.9,25.7,86,2.01,382.0,30.166,38.38,37.76,0,32.69
2026-07-22,203,14,31.8,31.8,25.8,67,3.18,753.0,30.725,40.25,38.8,0,35.6
2026-07-23,204,14,32.2,32.2,26.1,64,3.7,741.0,30.609,40.01,38.85,0,35.58
2026-07-24,205,12,31.0,31.0,25.8,73,3.37,734.0,30.559,39.51,38.53,0,34.65
2026-07-25,206,13,32.1,32.3,27.4,64,2.97,746.0,30.707,40.51,38.59,0,37.54
2026-07-26,207,13,33.5,33.7,27.3,62,1.2,791.0,32.807,43.7,41.61,0,44.82
2026-07-27,208,11,34.3,35.3,29.2,55,0.4,737.0,33.908,43.82,40.93,0,48.94
2026-07-28,209,17,31.0,31.0,26.1,72,1.05,106.0,29.439,37.0,38.21,0,30.95
2026-07-29,210,12,31.7,32.5,26.3,73,0.32,709.0,33.537,42.03,40.6,0,43.45
2026-07-30,211,14,32.8,33.2,25.5,64,1.28,673.0,32.048,42.42,40.46,0,39.93
2026-07-31,212,14,32.5,32.5,27.9,63,3.41,721.0,30.807,40.46,39.29,0,38.53
2026-08-01,213,12,32.1,32.4,26.7,69,3.15,770.0,31.275,40.96,40.34,0,38.76
2026-08-02,214,12,33.7,33.7,26.6,59,2.04,793.0,32.03,43.09,40.96,0,41.85
2026-08-03,215,13,33.4,33.4,26.9,67,1.68,745.0,32.832,43.66,43.42,0,45.04
2026-08-04,216,10,29.5,29.5,26.3,83,0.5,393.0,31.181,39.19,36.94,0,35.58
2026-08-05,217,11,31.3,32.5,26.2,71,1.35,741.0,31.529,41.51,38.74,0,38.47
2026-08-06,218,12,27.7,27.8,26.7,80,1.1,298.0,27.978,35.58,31.36,0,25.31
2026-08-07,219,15,29.1,29.1,25.4,80,3.07,363.0,28.829,35.9,35.02,0,27.0
2026-08-08,220,15,32.1,32.1,24.6,68,2.29,663.0,31.252,41.12,39.97,0,36.26
2026-08-09,221,15,33.8,33.8,25.1,62,0.61,661.0,33.644,43.79,42.46,0,44.21
2026-08-10,222,12,33.2,33.2,26.5,64,1.52,828.0,32.564,43.5,41.58,0,43.27
2026-08-11,223,11,30.4,30.4,26.7,81,0.62,385.0,31.574,40.04,39.23,0,38.26
2026-08-12,224,14,34.2,34.4,27.2,61,0.22,755.0,34.638,43.49,43.17,0,48.59
2026-08-13,225,12,33.6,33.6,26.4,65,0.6,804.0,34.265,44.58,43.16,0,47.74
2026-08-14,226,13,30.9,30.9,27.0,80,0.47,447.0,32.532,41.09,40.54,0,41.67
2026-08-15,227,14,32.2,32.5,26.5,73,1.14,686.0,32.682,42.85,42.16,0,43.24
2026-08-16,228,13,33.3,33.3,26.2,64,1.77,685.0,32.202,42.81,41.86,0,41.84
2026-08-17,229,12,33.0,33.0,27.3,64,2.57,843.0,31.846,42.47,41.01,0,41.89
2026-08-18,230,14,33.0,33.1,25.5,62,1.4,727.0,32.018,42.65,40.25,0,39.96
2026-08-19,231,15,33.2,33.2,26.9,58,0.49,608.0,32.736,42.36,39.31,0,42.39
2026-08-20,232,14,33.0,33.2,26.8,61,1.07,642.0,32.0,42.32,39.88,0,41.07
2026-08-21,233,13,33.6,33.6,27.1,59,2.69,779.0,31.645,42.37,40.7,0,41.09
2026-08-22,234,14,33.3,33.3,25.0,61,2.23,625.0,31.499,41.83,40.67,0,37.96
2026-08-23,235,15,32.7,32.7,24.7,64,2.51,631.0,31.209,41.15,40.18,0,36.39
2026-08-24,236,10,30.8,31.7,24.6,74,0.82,567.0,31.517,40.67,38.26,0,35.8
2026-08-25,237,16,32.4,32.6,26.2,63,0.43,437.0,32.048,40.83,39.03,0,39.06
2026-08-26,238,14,32.1,32.3,26.1,71,0.65,598.0,32.815,42.29,41.08,0,42.21
2026-08-27,239,10,31.9,34.4,27.4,76,0.11,575.0,33.599,41.03,42.38,0,44.79
2026-08-28,240,13,33.9,34.2,26.2,54,2.97,775.0,31.187,42.06,39.57,0,38.53
2026-08-29,241,13,34.7,34.9,27.8,52,2.84,849.0,31.81,43.33,40.74,0,42.92
2026-08-30,242,11,33.2,34.0,27.9,56,2.77,716.0,30.765,41.23,38.61,0,38.76
2026-08-31,243,13,34.4,34.4,27.8,48,2.27,729.0,30.998,42.5,38.58,0,39.99
2026-09-01,244,13,34.3,34.3,27.3,49,1.1,716.0,31.794,43.07,38.71,0,41.37
2026-09-02,245,10,31.7,32.5,26.1,62,0.61,598.0,31.484,40.82,36.97,0,37.11
2026-09-03,246,11,31.2,31.8,25.6,69,1.95,738.0,30.81,40.71,37.83,0,35.49
2026-09-04,247,12,29.1,30.2,25.8,81,0.85,500.0,30.371,38.88,35.25,0,32.62
2026-09-05,248,11,27.9,27.9,25.1,87,1.6,387.0,28.878,36.75,33.04,0,26.62
2026-09-06,249,10,26.1,27.6,24.1,91,1.67,256.0,27.051,33.81,26.62,0,17.63
2026-09-07,250,13,32.4,32.4,24.3,58,1.18,787.0,31.307,41.92,37.39,0,35.63
2026-09-08,251,14,32.4,32.4,25.2,62,2.98,661.0,30.602,40.31,38.69,0,34.66
2026-09-09,252,13,33.4,33.5,26.4,52,3.27,771.0,30.38,41.02,37.74,0,35.8
2026-09-10,253,13,34.3,34.4,26.6,48,3.08,792.0,30.738,42.07,38.37,0,37.71
