date,doy,peak_hour,tmax_peak,tmax_daily,tmin,rh_peak,wind_peak,solar_peak,wbgt_peak,utci_peak,hi_peak,run_days,htsi
2013-01-01,1,14,20.2,20.2,6.6,44,1.0,556.0,18.333,28.44,19.81,0,1.76
2013-01-02,2,12,20.2,20.9,8.6,49,1.03,666.0,19.076,29.28,19.88,0,2.37
2013-01-03,3,14,17.7,17.7,5.4,46,2.6,576.0,15.451,24.46,17.21,0,0.00
2013-01-04,4,13,17.6,17.9,5.3,47,1.8,653.0,15.933,26.21,17.12,0,0.15
2013-01-05,5,13,17.6,18.0,4.8,43,1.66,672.0,15.699,26.43,17.07,0,0.31
2013-01-06,6,13,17.1,17.5,4.3,44,2.06,677.0,15.146,25.49,16.56,0,0.00
2013-01-07,7,14,16.5,16.5,4.2,40,3.96,593.0,13.584,20.94,15.88,0,0.00
2013-01-08,8,14,17.3,17.5,5.4,45,5.12,588.0,14.544,20.09,16.78,0,0.00
2013-01-09,9,14,18.8,19.0,5.5,40,4.37,581.0,15.495,22.54,18.29,0,0.00
2013-01-10,10,14,20.2,20.2,8.6,44,4.68,589.0,17.077,23.76,19.81,0,0.00
2013-01-11,11,14,19.4,19.5,7.3,44,4.12,595.0,16.466,23.72,18.97,0,0.00
2013-01-12,12,14,20.9,21.0,6.3,47,0.58,577.0,19.979,29.55,20.59,0,2.57
2013-01-13,13,14,23.7,23.8,9.2,48,0.61,575.0,22.511,31.79,23.54,0,5.14
2013-01-14,14,13,23.4,23.7,10.7,55,1.84,651.0,21.911,31.33,23.32,0,3.85
2013-01-15,15,14,23.6,23.6,11.6,47,1.84,485.0,20.888,30.11,23.42,0,2.97
2013-01-16,16,14,25.5,25.5,12.1,49,1.53,555.0,23.142,32.70,25.44,0,7.00
2013-01-17,17,14,25.2,25.9,13.2,54,1.44,509.0,23.354,32.47,25.19,0,7.23
2013-01-18,18,14,24.6,24.6,16.2,59,3.45,542.0,22.688,30.10,24.63,0,4.26
2013-01-19,19,12,19.3,19.8,10.9,57,3.04,713.0,17.999,26.45,19.04,0,0.32
2013-01-20,20,14,19.2,19.2,9.1,49,3.4,624.0,16.943,24.96,18.83,0,0.00
2013-01-21,21,14,18.7,18.7,7.6,52,2.16,624.0,17.136,26.54,18.34,0,0.39
2013-01-22,22,12,17.5,18.3,6.2,57,0.5,731.0,18.52,28.45,17.15,0,1.77
2013-01-23,23,14,18.3,18.3,6.0,53,1.92,636.0,16.993,26.67,17.93,0,0.49
2013-01-24,24,14,19.6,19.7,7.1,55,2.83,609.0,17.969,26.31,19.33,0,0.23
2013-01-25,25,14,20.3,20.3,7.8,49,3.69,641.0,17.899,25.70,19.98,0,0.00
2013-01-26,26,14,20.4,20.4,7.4,43,3.61,651.0,17.439,25.80,20.01,0,0.00
2013-01-27,27,14,20.5,20.5,7.8,42,3.67,654.0,17.42,25.80,20.1,0,0.00
2013-01-28,28,12,19.1,19.7,6.4,50,1.14,641.0,17.997,28.22,18.74,0,1.60
2013-01-29,29,14,21.7,21.8,7.5,51,1.3,644.0,20.303,30.18,21.48,0,3.02
2013-01-30,30,12,21.4,22.3,8.5,57,0.42,746.0,22.31,31.23,21.24,0,4.36
2013-01-31,31,13,22.5,22.8,9.4,50,1.36,735.0,21.085,31.26,22.31,0,3.80
2013-02-01,32,13,22.6,22.9,10.1,47,0.82,739.0,21.506,31.64,22.37,0,4.08
2013-02-02,33,12,21.9,22.7,11.3,53,0.14,625.0,21.979,28.86,21.71,0,2.06
2013-02-03,34,11,22.1,23.8,10.3,57,0.36,690.0,22.772,31.15,21.98,0,5.18
2013-02-04,35,13,23.8,24.0,14.3,49,4.21,506.0,20.722,27.69,23.66,0,1.22
2013-02-05,36,16,20.9,20.9,15.3,64,5.72,307.0,18.977,21.76,20.81,0,0.00
2013-02-06,37,14,22.5,22.5,14.6,71,1.55,424.0,22.221,30.13,22.58,0,3.40
2013-02-07,38,13,20.0,20.4,11.7,54,3.26,780.0,18.42,27.05,19.73,0,0.76
2013-02-08,39,13,20.0,20.3,9.1,51,3.71,787.0,18.043,26.35,19.69,0,0.25
2013-02-09,40,14,21.7,21.8,9.5,53,1.8,698.0,20.28,30.06,21.5,0,2.93
2013-02-10,41,12,21.0,21.9,8.6,57,0.85,794.0,21.128,31.06,20.82,0,3.65
2013-02-11,42,14,22.5,22.5,9.0,47,2.58,708.0,20.08,29.63,22.27,0,2.62
2013-02-12,43,14,23.1,23.2,11.0,53,2.44,641.0,21.158,30.20,22.97,0,3.04
2013-02-13,44,13,23.5,23.8,10.6,46,3.35,803.0,20.795,30.09,23.3,0,2.95
2013-02-14,45,14,24.9,24.9,10.4,42,2.91,711.0,21.558,31.32,24.72,0,3.84
2013-02-15,46,14,19.6,19.6,12.0,63,4.35,575.0,18.31,24.12,19.43,0,0.00
2013-02-16,47,16,17.5,17.5,14.0,92,5.46,183.0,17.825,17.44,17.6,0,0.00
2013-02-17,48,12,20.0,20.9,13.1,74,0.94,742.0,21.453,30.66,19.99,0,3.36
2013-02-18,49,12,20.7,21.4,11.1,60,3.29,743.0,19.549,27.67,20.55,0,1.21
2013-02-19,50,13,21.8,22.1,11.4,55,2.34,748.0,20.406,29.83,21.64,0,2.77
2013-02-20,51,13,22.0,22.3,11.3,55,3.37,767.0,20.295,28.75,21.85,0,1.99
2013-02-21,52,14,23.7,23.8,11.5,52,2.06,728.0,21.924,31.65,23.59,0,4.08
2013-02-22,53,14,25.0,25.1,11.5,51,0.61,727.0,24.474,33.90,24.94,0,10.38
2013-02-23,54,11,22.7,22.7,12.9,62,1.04,540.0,22.259,31.12,22.67,0,4.19
2013-02-24,55,11,21.6,22.1,13.8,68,2.72,713.0,21.241,29.49,21.6,0,2.52
2013-02-25,56,13,24.3,24.6,11.8,56,2.31,823.0,22.944,32.58,24.27,0,6.53
2013-02-26,57,14,25.0,25.0,12.8,51,1.26,754.0,23.578,33.64,24.94,0,8.50
2013-02-27,58,14,27.0,27.0,12.5,51,1.3,699.0,25.227,35.20,27.48,0,12.92
2013-02-28,59,13,26.6,26.6,16.1,34,7.25,866.0,21.548,30.73,26.4,0,3.41
2013-03-01,60,14,24.0,24.1,13.1,44,5.74,779.0,20.565,28.10,23.8,0,1.52
2013-03-02,61,14,24.0,24.2,11.8,53,3.23,774.0,21.968,30.83,23.92,0,3.48
2013-03-03,62,14,26.0,26.1,12.5,48,3.58,777.0,23.151,32.26,25.95,0,6.69
2013-03-04,63,13,26.6,27.0,13.3,48,2.47,867.0,24.17,34.46,26.58,0,10.21
2013-03-05,64,13,27.4,27.9,13.1,48,1.72,869.0,25.276,35.93,27.67,0,13.61
2013-03-06,65,13,28.6,29.0,14.4,42,2.66,869.0,25.144,36.02,28.38,0,13.69
2013-03-07,66,13,28.7,29.0,14.8,42,2.14,868.0,25.45,36.57,28.48,0,14.70
2013-03-08,67,13,28.9,29.1,13.8,37,3.07,878.0,24.618,35.80,28.26,0,12.49
2013-03-09,68,13,29.8,30.1,14.7,32,4.24,889.0,24.393,35.74,28.71,0,12.19
2013-03-10,69,14,32.2,32.3,14.2,26,0.95,784.0,26.784,39.41,30.62,0,20.07
2013-03-11,70,12,30.4,31.7,17.4,38,0.82,897.0,27.657,38.89,29.92,0,21.08
2013-03-12,71,13,31.0,31.3,16.9,34,3.62,875.0,25.822,37.49,30.14,0,16.69
2013-03-13,72,12,30.6,31.5,15.5,35,1.81,902.0,26.37,38.54,29.81,0,18.36
2013-03-14,73,14,32.2,32.4,18.0,32,3.64,693.0,26.239,37.88,31.3,0,18.19
2013-03-15,74,10,28.7,31.8,17.4,44,1.58,701.0,25.703,36.30,28.66,0,15.05
2013-03-16,75,12,29.8,30.8,16.2,29,2.31,923.0,24.552,37.24,28.5,0,13.50
2013-03-17,76,13,30.3,30.5,17.7,30,5.16,867.0,24.314,35.65,29.04,0,12.10
2013-03-18,77,13,30.3,30.6,16.7,28,7.41,918.0,23.786,35.44,28.89,0,10.90
2013-03-19,78,14,31.4,31.4,19.0,36,5.22,802.0,26.066,36.76,30.86,0,16.89
2013-03-20,79,12,31.5,32.5,17.9,36,2.56,905.0,26.919,39.05,30.98,0,20.20
2013-03-21,80,11,32.1,34.0,19.0,35,4.09,857.0,26.777,38.38,31.6,0,19.67
2013-03-22,81,12,31.9,33.0,18.8,28,5.54,945.0,25.343,37.72,30.49,0,16.08
2013-03-23,82,14,34.0,34.0,17.8,24,0.6,813.0,28.599,41.26,32.39,0,25.49
2013-03-24,83,14,34.0,34.0,20.7,30,1.61,804.0,28.368,41.55,33.29,0,25.60
2013-03-25,84,12,33.2,33.5,20.7,28,5.19,935.0,26.448,39.33,31.97,0,19.88
2013-03-26,85,14,30.8,30.8,17.9,27,5.46,716.0,23.993,35.30,29.29,0,11.33
2013-03-27,86,14,32.0,32.0,18.2,25,4.7,774.0,24.801,37.27,30.32,0,14.66
2013-03-28,87,13,32.1,32.4,20.8,37,3.78,722.0,26.946,38.01,31.91,0,19.85
2013-03-29,88,12,32.0,32.5,18.4,37,1.9,931.0,27.859,40.19,31.77,0,23.09
2013-03-30,89,12,30.5,31.1,18.0,38,4.51,943.0,25.883,36.77,30.03,0,16.24
2013-03-31,90,12,30.7,31.4,18.7,36,4.42,947.0,25.789,37.01,30.03,0,16.23
2013-04-01,91,12,32.6,33.5,18.9,31,3.65,958.0,26.799,39.53,31.65,0,20.57
2013-04-02,92,12,34.3,35.3,18.1,25,0.61,957.0,29.392,42.29,32.88,0,27.92
2013-04-03,93,13,34.2,34.6,21.2,26,0.5,926.0,29.771,42.17,32.9,0,28.55
2013-04-04,94,13,33.8,33.9,20.5,24,7.21,944.0,25.949,39.97,32.16,0,19.47
2013-04-05,95,14,33.1,33.1,21.0,18,8.01,867.0,23.996,38.82,30.91,0,14.48
2013-04-06,96,13,33.8,34.1,20.5,17,7.22,972.0,24.487,40.04,31.53,0,16.52
2013-04-07,97,14,37.1,37.1,21.1,17,6.74,857.0,26.906,43.71,35.02,0,25.04
2013-04-08,98,12,37.4,38.2,21.9,18,4.88,984.0,27.786,44.52,35.53,0,27.48
2013-04-09,99,13,38.6,38.7,24.8,17,4.62,928.0,28.417,45.77,36.78,0,33.30
2013-04-10,100,13,38.1,38.4,25.1,17,3.2,884.0,28.299,45.27,36.18,0,32.85
2013-04-11,101,12,37.3,37.5,22.4,19,3.14,963.0,28.326,44.80,35.58,0,29.18
2013-04-12,102,12,37.6,38.0,21.9,17,2.06,979.0,28.521,45.35,35.59,0,29.49
2013-04-13,103,12,38.0,38.4,24.2,17,3.76,981.0,28.212,45.40,36.06,0,31.68
2013-04-14,104,11,37.3,37.5,23.5,15,0.63,931.0,29.306,44.39,34.95,0,31.79
2013-04-15,105,12,36.1,36.6,20.9,21,4.54,969.0,27.532,43.02,34.46,0,25.51
2013-04-16,106,12,37.0,37.8,22.0,19,3.98,986.0,27.904,44.26,35.22,0,27.40
2013-04-17,107,12,37.2,39.0,22.2,20,1.33,997.0,29.524,45.27,35.64,0,31.58
2013-04-18,108,11,35.1,37.8,20.8,28,0.9,954.0,29.983,43.39,34.41,0,30.40
2013-04-19,109,12,34.7,34.8,22.4,23,0.82,728.0,28.267,41.54,33.08,0,25.79
2013-04-20,110,11,33.4,33.4,20.3,27,2.3,699.0,26.774,39.91,32.07,0,20.95
2013-04-21,111,11,29.2,29.2,20.6,54,3.93,815.0,26.717,35.84,30.46,0,17.31
2013-04-22,112,15,30.5,30.5,18.6,36,2.33,678.0,25.761,37.08,29.81,0,16.15
2013-04-23,113,14,32.8,32.8,19.4,33,0.51,775.0,29.365,40.56,32.2,0,26.36
2013-04-24,114,12,34.0,34.5,22.0,32,0.32,875.0,30.699,41.53,33.65,0,30.12
2013-04-25,115,12,37.4,38.0,23.2,25,2.83,973.0,29.875,45.41,37.01,0,34.02
2013-04-26,116,12,36.9,37.8,23.7,30,0.64,962.0,32.402,45.65,37.59,0,39.76
2013-04-27,117,12,37.9,38.9,23.6,22,4.9,994.0,29.137,45.34,36.98,0,33.03
2013-04-28,118,13,39.4,39.4,25.1,19,6.84,951.0,29.269,47.29,38.26,0,36.91
2013-04-29,119,12,39.1,40.2,24.4,17,4.66,988.0,28.864,46.64,37.39,1,36.20
2013-04-30,120,12,40.3,41.1,25.8,20,2.66,979.0,31.083,48.67,39.81,2,46.06
2013-05-01,121,13,40.8,40.8,27.3,14,5.9,946.0,29.031,48.58,38.71,3,45.13
2013-05-02,122,12,39.3,39.6,25.6,9,5.36,1008.0,26.466,46.32,35.76,0,30.57
2013-05-03,123,12,38.4,39.0,23.6,11,6.57,1029.0,26.363,45.76,35.35,0,27.49
2013-05-04,124,12,39.4,40.1,22.1,12,2.79,1017.0,28.153,46.98,36.63,1,32.14
2013-05-05,125,14,40.6,40.6,24.4,13,1.39,871.0,29.875,47.85,38.23,2,40.97
2013-05-06,126,13,38.1,38.7,26.5,30,1.96,942.0,31.798,46.76,39.62,0,43.45
2013-05-07,127,12,37.0,39.1,26.2,38,0.28,973.0,34.536,45.64,40.43,0,47.76
2013-05-08,128,12,40.1,41.6,24.9,16,4.34,1018.0,29.441,47.97,38.38,1,39.21
2013-05-09,129,13,41.5,42.0,26.6,15,4.05,966.0,30.189,49.45,39.84,2,45.88
2013-05-10,130,12,40.2,41.4,27.0,18,2.21,935.0,30.611,48.28,39.06,3,47.68
2013-05-11,131,12,40.2,41.2,27.0,19,3.2,996.0,30.587,48.42,39.35,4,49.50
2013-05-12,132,12,38.3,39.2,23.9,22,0.2,954.0,32.457,44.96,37.54,0,39.59
2013-05-13,133,13,37.1,37.4,25.3,26,3.04,942.0,29.724,44.88,36.82,0,35.73
2013-05-14,134,13,39.2,39.2,24.5,19,4.9,950.0,29.373,46.70,38.0,0,35.89
2013-05-15,135,13,39.8,40.0,24.6,18,3.98,936.0,29.733,47.45,38.53,1,39.09
2013-05-16,136,11,38.5,39.7,26.2,22,0.98,963.0,31.364,46.76,37.82,0,41.61
2013-05-17,137,11,38.3,40.2,24.7,29,0.73,926.0,33.061,47.02,39.63,1,45.59
2013-05-18,138,12,39.0,41.0,25.2,29,1.42,987.0,32.815,48.07,40.86,2,48.59
2013-05-19,139,12,38.4,40.7,27.6,37,1.48,977.0,33.732,47.96,42.96,3,55.49
2013-05-20,140,13,39.7,40.8,28.4,35,1.14,943.0,34.762,49.30,44.86,4,61.71
2013-05-21,141,15,40.0,40.1,26.6,34,0.36,693.0,35.537,48.07,45.02,5,61.92
2013-05-22,142,12,39.7,42.2,29.0,36,1.56,968.0,34.585,49.41,45.36,6,65.67
2013-05-23,143,12,38.8,41.3,27.8,35,1.81,980.0,33.478,48.18,42.92,7,60.39
2013-05-24,144,15,39.5,39.5,27.2,37,0.64,687.0,35.127,48.15,45.41,0,53.71
2013-05-25,145,12,38.6,39.5,29.8,42,0.81,951.0,35.538,48.80,45.83,0,58.15
2013-05-26,146,12,39.8,41.1,30.8,39,0.58,905.0,36.505,49.84,47.19,1,64.06
2013-05-27,147,11,38.7,41.9,30.1,41,0.81,922.0,35.394,48.69,45.56,2,61.37
2013-05-28,148,12,38.3,40.3,28.6,37,0.57,895.0,34.867,47.71,42.74,3,58.54
2013-05-29,149,12,38.9,40.6,28.3,34,0.7,924.0,34.579,48.21,42.69,4,59.65
2013-05-30,150,14,39.3,39.6,28.0,30,0.41,828.0,34.605,47.72,41.8,0,52.00
2013-05-31,151,13,36.7,37.1,26.3,37,0.95,841.0,32.577,45.46,39.47,0,43.69
2013-06-01,152,11,29.0,29.0,25.8,56,4.53,364.0,25.909,32.65,30.45,0,17.91
2013-06-02,153,14,33.8,33.8,24.2,51,0.92,611.0,31.557,42.20,38.29,0,36.52
2013-06-03,154,15,33.6,33.6,25.2,55,0.94,589.0,31.812,42.23,39.21,0,38.53
2013-06-04,155,11,33.7,34.3,26.8,59,2.01,761.0,31.986,42.97,40.96,0,41.91
2013-06-05,156,13,35.9,36.1,27.2,52,1.25,899.0,33.899,46.13,43.79,0,49.33
2013-06-06,157,13,36.6,36.6,28.0,49,2.8,738.0,32.938,45.05,44.22,0,47.82
2013-06-07,158,15,33.4,33.7,25.8,58,2.06,501.0,31.021,41.12,39.81,0,37.16
2013-06-08,159,14,35.2,35.4,27.1,56,0.57,694.0,34.378,45.08,43.74,0,49.34
2013-06-09,160,14,36.6,36.9,27.1,50,0.5,762.0,35.244,46.53,44.7,0,52.38
2013-06-10,161,14,37.4,37.4,28.5,46,0.5,697.0,35.167,46.72,44.82,0,54.05
2013-06-11,162,11,33.4,34.3,26.8,61,4.51,638.0,31.063,40.35,40.94,0,38.27
2013-06-12,163,14,37.1,37.1,26.5,46,3.35,757.0,32.82,45.15,44.07,0,45.87
2013-06-13,164,13,36.5,36.7,29.1,42,6.21,761.0,31.217,43.24,40.93,0,43.33
2013-06-14,165,15,36.6,36.6,28.9,41,6.91,650.0,30.935,42.88,40.75,0,42.23
2013-06-15,166,14,31.3,31.3,27.3,62,8.61,612.0,28.79,36.90,36.03,0,30.24
2013-06-16,167,13,29.5,29.5,25.2,72,7.17,341.0,27.89,33.29,34.29,0,22.84
2013-06-17,168,9,28.5,28.5,25.7,76,5.72,266.0,27.298,31.92,32.66,0,20.70
2013-06-18,169,10,28.6,28.6,25.2,84,0.86,435.0,29.967,38.19,34.44,0,30.35
2013-06-19,170,12,31.0,31.7,24.9,66,2.86,751.0,29.944,39.42,36.43,0,31.59
2013-06-20,171,13,33.3,33.6,24.7,56,2.51,806.0,31.101,41.98,38.85,0,36.29
2013-06-21,172,12,35.1,35.6,25.7,52,0.64,902.0,34.156,45.39,41.73,0,46.76
2013-06-22,173,12,34.5,34.5,27.5,61,3.52,823.0,32.562,43.37,44.04,0,45.25
2013-06-23,174,15,34.2,34.5,26.9,60,0.36,506.0,33.64,42.92,42.73,0,45.78
2013-06-24,175,13,32.5,33.3,26.1,73,2.6,708.0,32.174,42.22,43.13,0,41.71
2013-06-25,176,13,33.3,33.7,27.5,67,3.41,754.0,32.086,42.14,43.11,0,43.12
2013-06-26,177,12,32.6,32.6,27.4,64,3.51,736.0,31.019,40.67,39.91,0,38.74
2013-06-27,178,13,27.2,27.2,25.9,92,3.14,266.0,27.915,33.75,32.02,0,23.19
2013-06-28,179,15,26.8,26.9,25.6,94,3.31,83.0,27.056,31.09,31.22,0,18.99
2013-06-29,180,14,31.5,31.5,25.6,70,2.06,442.0,30.518,39.55,38.97,0,34.53
2013-06-30,181,14,26.2,26.2,25.3,93,3.28,155.0,26.658,31.16,26.75,0,16.38
2013-07-01,182,13,28.0,28.0,24.5,79,3.01,271.0,27.435,33.73,31.95,0,20.61
2013-07-02,183,14,31.8,31.8,25.0,67,3.3,555.0,30.354,39.17,38.8,0,33.18
2013-07-03,184,11,32.3,32.6,26.8,70,5.1,805.0,31.242,40.19,41.3,0,38.63
2013-07-04,185,12,31.8,32.7,26.6,68,4.88,731.0,30.47,39.04,39.14,0,35.30
2013-07-05,186,13,32.2,32.3,26.5,63,3.98,732.0,30.42,39.68,38.51,0,35.31
2013-07-06,187,11,31.0,31.0,25.4,63,2.73,636.0,29.438,38.74,35.62,0,30.43
2013-07-07,188,16,30.4,30.7,26.3,82,1.94,377.0,30.642,39.19,39.55,0,35.53
2013-07-08,189,15,30.4,30.4,25.2,74,0.54,343.0,30.794,38.93,37.13,0,33.46
2013-07-09,190,16,29.7,29.7,25.3,76,1.78,391.0,29.428,37.77,35.74,0,29.63
2013-07-10,191,12,30.7,30.7,25.4,73,3.41,604.0,30.044,38.45,37.68,0,32.13
2013-07-11,192,14,29.0,29.0,25.2,79,3.13,391.0,28.681,35.80,34.53,0,26.24
2013-07-12,193,15,32.2,32.2,26.4,69,3.92,572.0,30.871,39.53,40.63,0,36.73
2013-07-13,194,12,31.0,31.0,27.0,71,4.12,455.0,29.71,37.25,37.9,0,32.58
2013-07-14,195,14,32.3,32.3,26.3,69,1.89,661.0,31.731,41.83,40.92,0,40.01
2013-07-15,196,12,32.6,32.6,26.0,69,3.69,806.0,31.67,41.37,41.81,0,39.54
2013-07-16,197,14,33.4,33.4,27.2,65,2.02,589.0,32.089,42.40,42.56,0,42.76
2013-07-17,198,13,33.3,33.3,27.3,65,3.01,777.0,31.993,42.33,42.27,0,42.53
2013-07-18,199,10,32.1,32.1,27.0,69,0.92,602.0,32.165,41.92,40.34,0,41.50
2013-07-19,200,12,30.4,30.4,26.1,77,1.14,392.0,30.577,39.29,38.0,0,34.67
2013-07-20,201,15,31.0,31.0,25.5,73,3.24,437.0,30.046,38.08,38.53,0,32.30
2013-07-21,202,15,32.5,32.5,25.5,67,0.57,485.0,32.52,41.75,40.75,0,40.45
2013-07-22,203,13,29.9,30.0,25.7,82,2.6,371.0,29.939,37.77,37.92,0,31.88
2013-07-23,204,14,33.4,33.4,26.5,61,4.8,753.0,31.188,40.75,40.94,0,38.44
2013-07-24,205,12,33.0,33.0,27.7,67,4.39,813.0,31.685,41.28,42.21,0,41.64
2013-07-25,206,15,32.8,32.8,26.8,65,1.5,530.0,31.658,41.66,40.84,0,40.30
2013-07-26,207,15,32.9,32.9,26.0,65,1.68,594.0,31.799,42.01,41.12,0,39.99
2013-07-27,208,13,31.8,32.2,25.8,70,4.4,653.0,30.656,39.14,39.83,0,35.05
2013-07-28,209,14,31.0,31.0,26.8,68,6.2,480.0,29.185,36.17,37.01,0,30.24
2013-07-29,210,14,31.3,31.3,25.7,67,4.32,524.0,29.642,37.54,37.48,0,30.99
2013-07-30,211,11,32.5,33.2,26.2,66,1.82,760.0,31.81,42.28,40.37,0,40.16
2013-07-31,212,11,31.1,32.2,27.8,79,3.37,616.0,31.112,39.79,40.85,0,39.09
2013-08-01,213,13,31.5,31.5,27.2,63,6.76,673.0,29.313,37.43,36.78,0,31.77
2013-08-02,214,14,31.4,31.4,26.4,68,6.1,571.0,29.713,37.27,38.05,0,31.95
2013-08-03,215,13,32.5,32.8,26.5,68,4.12,790.0,31.346,40.74,41.13,0,38.80
2013-08-04,216,11,32.1,33.4,26.4,70,1.27,747.0,32.263,42.53,40.7,0,41.56
2013-08-05,217,15,30.4,30.4,25.6,78,0.8,384.0,30.987,39.55,38.3,0,35.17
2013-08-06,218,13,31.6,31.6,25.2,69,1.97,737.0,31.178,41.20,38.92,0,36.48
2013-08-07,219,12,29.9,30.8,26.0,81,2.4,487.0,30.161,38.57,37.64,0,33.12
2013-08-08,220,12,30.8,31.4,25.6,78,1.41,742.0,31.769,41.61,39.54,0,38.59
2013-08-09,221,14,30.5,30.5,25.3,77,3.81,563.0,30.134,38.02,38.3,0,32.10
2013-08-10,222,15,30.3,30.3,25.7,73,4.96,524.0,29.271,36.33,36.58,0,29.07
2013-08-11,223,12,29.8,29.8,25.8,75,4.79,628.0,29.194,36.47,35.76,0,28.84
2013-08-12,224,14,31.2,31.5,25.5,73,3.09,629.0,30.643,39.54,39.11,0,34.70
2013-08-13,225,13,30.8,30.9,25.2,73,3.49,477.0,29.887,37.82,37.96,0,31.25
2013-08-14,226,13,32.1,32.2,25.1,70,1.77,773.0,31.947,42.29,40.7,0,39.27
2013-08-15,227,13,30.9,31.3,25.1,79,1.14,665.0,32.037,41.71,40.2,0,38.84
2013-08-16,228,14,31.0,31.3,25.1,72,1.3,489.0,30.777,39.99,38.21,0,34.47
2013-08-17,229,12,31.4,31.8,25.5,70,0.71,755.0,32.374,41.98,38.69,0,39.57
2013-08-18,230,16,29.8,29.8,24.8,75,1.8,409.0,29.458,37.90,35.76,0,29.21
2013-08-19,231,15,32.1,32.1,24.7,67,3.42,599.0,30.691,39.71,39.62,0,34.16
2013-08-20,232,12,32.2,32.2,25.7,68,3.24,716.0,31.143,40.67,40.26,0,37.11
2013-08-21,233,10,31.3,31.8,26.3,69,1.41,545.0,30.798,40.30,38.1,0,36.09
2013-08-22,234,16,28.9,28.9,26.4,76,4.85,277.0,27.78,33.05,33.65,0,23.62
2013-08-23,235,14,32.0,32.2,25.5,68,4.12,629.0,30.627,39.29,39.69,0,34.70
2013-08-24,236,13,32.3,32.3,26.3,65,3.62,777.0,30.894,40.46,39.46,0,36.90
2013-08-25,237,12,32.2,33.2,26.1,75,0.32,758.0,34.399,43.22,42.97,0,46.58
2013-08-26,238,13,32.4,32.4,26.5,72,0.64,703.0,33.556,43.36,42.4,0,45.34
2013-08-27,239,11,29.9,29.9,25.6,80,1.63,476.0,30.342,39.12,37.36,0,33.29
2013-08-28,240,11,28.1,28.2,24.7,81,0.73,296.0,28.803,36.36,32.51,0,25.53
2013-08-29,241,14,29.0,29.2,24.8,79,3.58,384.0,28.584,35.31,34.53,0,25.23
2013-08-30,242,14,30.6,30.6,25.2,73,2.42,385.0,29.735,37.99,37.4,0,30.87
2013-08-31,243,11,28.8,28.8,24.6,82,1.5,459.0,29.505,37.91,34.61,0,28.64
2013-09-01,244,12,30.9,31.5,25.2,78,2.1,756.0,31.474,41.23,39.86,0,37.41
2013-09-02,245,12,32.3,32.7,26.3,71,3.04,786.0,31.75,41.63,41.69,0,40.18
2013-09-03,246,11,32.1,32.6,26.4,65,3.18,812.0,30.87,40.72,38.93,0,36.95
2013-09-04,247,13,32.9,33.0,25.9,60,5.21,871.0,30.696,40.31,39.26,0,35.87
2013-09-05,248,13,32.5,32.7,25.9,61,5.31,861.0,30.418,39.77,38.6,0,34.71
2013-09-06,249,13,32.6,32.7,25.4,58,4.6,808.0,30.186,39.74,37.86,0,33.39
2013-09-07,250,12,32.5,32.9,25.5,61,2.43,860.0,31.101,41.72,38.6,0,36.94
2013-09-08,251,12,31.5,31.9,24.7,63,1.17,750.0,30.994,41.14,36.78,0,34.71
2013-09-09,252,12,31.4,32.1,24.6,67,0.98,820.0,31.75,41.81,37.74,0,36.86
2013-09-10,253,12,31.2,31.8,23.4,72,0.3,745.0,33.064,41.29,38.78,0,37.96
2013-09-11,254,12,31.3,31.9,24.5,66,1.1,780.0,31.298,41.35,37.18,0,35.35
2013-09-12,255,13,31.1,31.3,24.3,72,2.8,640.0,30.536,39.63,38.49,0,32.93
2013-09-13,256,13,33.1,33.1,25.2,62,1.17,795.0,32.474,43.22,40.52,0,40.98
2013-09-14,257,12,32.8,32.9,25.6,67,0.92,764.0,33.023,43.39,41.62,0,43.02
2013-09-15,258,13,32.1,32.1,24.9,69,1.53,715.0,31.87,42.10,40.34,0,38.62
2013-09-16,259,13,31.7,31.8,23.9,65,1.53,746.0,31.097,41.31,37.89,0,34.51
2013-09-17,260,13,32.3,32.5,24.0,57,0.78,703.0,31.418,41.51,36.86,0,34.99
2013-09-18,261,12,32.7,32.9,23.9,56,1.26,840.0,31.37,42.29,37.45,0,35.57
2013-09-19,262,13,33.3,33.4,25.0,64,1.51,753.0,32.512,43.31,41.86,0,41.39
2013-09-20,263,11,31.0,31.0,25.4,71,6.13,625.0,29.745,37.24,37.9,0,30.77
2013-09-21,264,15,30.7,30.7,26.7,65,5.51,437.0,28.554,35.43,35.45,0,27.81
2013-09-22,265,15,32.0,32.0,26.5,62,3.42,473.0,29.776,38.41,37.69,0,32.88
2013-09-23,266,14,32.5,32.5,25.7,62,3.31,654.0,30.6,40.12,38.94,0,35.20
2013-09-24,267,13,32.9,32.9,26.0,62,2.92,692.0,31.141,41.16,39.98,0,37.71
2013-09-25,268,12,31.8,31.8,24.9,68,1.04,611.0,31.649,41.40,39.14,0,37.25
2013-09-26,269,12,30.8,30.8,24.3,71,1.24,722.0,31.107,40.87,37.36,0,34.48
2013-09-27,270,11,31.0,31.9,25.0,71,3.49,747.0,30.33,39.27,37.9,0,32.87
2013-09-28,271,12,31.7,32.0,24.7,69,2.72,786.0,31.052,40.87,39.2,0,35.53
2013-09-29,272,12,30.4,31.4,24.6,75,0.71,646.0,31.658,40.73,37.42,0,35.79
2013-09-30,273,13,30.2,30.2,24.8,69,3.26,727.0,29.371,38.19,35.28,0,29.07
2013-10-01,274,11,28.7,28.7,24.5,69,5.43,629.0,27.419,34.20,31.92,0,20.91
2013-10-02,275,13,29.7,29.7,24.2,63,6.86,563.0,27.468,34.35,32.84,0,21.10
2013-10-03,276,12,26.3,26.5,23.5,79,5.16,405.0,25.804,30.59,26.67,0,12.25
2013-10-04,277,13,25.4,25.4,22.7,90,4.8,198.0,25.564,28.66,25.87,0,9.47
2013-10-05,278,15,26.0,26.1,23.1,85,0.71,215.0,26.792,33.55,26.44,0,15.79
2013-10-06,279,13,28.9,28.9,22.9,72,2.21,585.0,28.522,37.19,32.88,0,23.64
2013-10-07,280,14,29.3,29.3,23.6,69,2.56,491.0,28.265,36.54,33.19,0,23.62
2013-10-08,281,12,30.1,30.4,23.3,65,3.2,638.0,28.696,37.38,34.1,0,25.02
2013-10-09,282,12,30.3,30.3,22.5,60,4.0,737.0,28.3,37.06,33.41,0,22.86
2013-10-10,283,13,30.7,30.7,21.8,59,3.41,698.0,28.62,37.78,33.99,0,23.61
2013-10-11,284,9,26.7,27.5,23.4,81,2.06,322.0,26.737,33.80,29.16,0,17.02
2013-10-12,285,12,30.4,30.8,22.3,67,1.58,754.0,30.08,39.93,35.26,0,28.74
2013-10-13,286,11,29.9,29.9,23.4,66,5.5,688.0,28.304,35.82,33.88,0,23.19
2013-10-14,287,13,28.6,28.6,22.4,64,5.51,286.0,26.177,31.44,30.94,0,13.75
2013-10-15,288,11,26.3,26.3,21.3,72,2.01,453.0,25.816,33.71,26.58,0,12.78
2013-10-16,289,11,27.1,27.8,20.8,74,0.71,595.0,28.227,36.59,29.39,0,20.30
2013-10-17,290,12,28.8,29.2,20.4,72,1.53,698.0,29.018,38.26,32.65,0,24.21
2013-10-18,291,14,29.8,29.8,21.5,66,0.89,525.0,29.464,38.43,33.67,0,25.56
2013-10-19,292,13,28.9,28.9,22.5,72,1.61,603.0,28.85,37.84,32.88,0,24.26
2013-10-20,293,10,27.3,29.8,20.8,75,0.3,599.0,29.148,36.31,29.88,0,22.02
2013-10-21,294,12,29.7,29.9,18.7,47,2.22,782.0,26.781,37.40,30.19,0,18.45
2013-10-22,295,11,29.3,30.0,20.0,48,0.64,758.0,28.017,37.88,29.8,0,20.99
2013-10-23,296,13,29.1,29.1,19.0,52,2.26,718.0,26.717,36.70,30.05,0,17.77
2013-10-24,297,12,28.8,29.1,20.0,58,3.04,728.0,26.891,36.02,30.42,0,17.75
2013-10-25,298,12,29.3,29.5,19.5,54,1.65,754.0,27.522,37.72,30.61,0,20.24
2013-10-26,299,13,28.6,28.6,21.0,60,3.1,639.0,26.761,35.41,30.37,0,17.04
2013-10-27,300,11,27.8,28.5,19.8,61,0.5,635.0,28.138,36.74,29.26,0,20.19
2013-10-28,301,12,29.2,29.6,19.9,44,3.99,768.0,25.414,35.09,29.22,0,13.84
2013-10-29,302,12,29.5,29.9,17.5,39,3.55,770.0,25.116,35.59,29.03,0,13.57
2013-10-30,303,12,29.4,30.1,16.8,45,1.5,760.0,26.63,37.40,29.56,0,17.93
2013-10-31,304,12,30.2,30.5,17.0,46,2.51,748.0,26.922,37.47,30.72,0,18.96
2013-11-01,305,12,29.5,29.6,18.4,49,2.53,687.0,26.556,36.56,30.2,0,17.42
2013-11-02,306,11,28.8,28.9,19.3,51,1.08,684.0,27.034,37.02,29.52,0,18.41
2013-11-03,307,12,27.5,27.8,17.6,42,2.95,754.0,23.897,34.07,27.37,0,9.55
2013-11-04,308,13,26.9,27.1,13.4,37,2.06,712.0,22.997,33.91,26.65,0,7.59
2013-11-05,309,13,26.7,26.8,14.0,37,0.32,705.0,24.719,33.87,26.52,0,10.82
2013-11-06,310,12,26.2,26.6,15.3,43,0.51,747.0,24.979,34.68,26.1,0,11.89
2013-11-07,311,13,26.2,26.3,15.0,49,0.57,638.0,25.162,34.40,26.18,0,12.04
2013-11-08,312,11,24.8,24.8,17.0,57,1.71,519.0,23.171,32.06,24.81,0,6.59
2013-11-09,313,13,26.6,26.7,14.3,44,1.97,672.0,23.567,33.79,26.53,0,8.58
2013-11-10,314,12,26.4,26.8,14.4,35,4.0,741.0,21.782,31.63,26.2,0,4.06
2013-11-11,315,12,25.6,26.0,14.1,37,3.22,739.0,21.527,31.65,25.39,0,4.08
2013-11-12,316,13,25.4,25.4,12.9,38,1.58,680.0,22.033,32.79,25.19,0,4.97
2013-11-13,317,13,25.7,25.8,12.1,36,2.06,680.0,21.779,32.58,25.48,0,4.75
2013-11-14,318,13,25.9,26.0,12.5,40,0.63,677.0,23.823,33.83,25.75,0,9.10
2013-11-15,319,13,26.1,26.2,13.4,41,0.71,672.0,23.937,33.99,25.97,0,9.43
2013-11-16,320,13,26.2,26.3,12.7,40,0.58,671.0,24.185,34.08,26.06,0,9.96
2013-11-17,321,13,26.1,26.3,13.2,37,3.04,675.0,21.896,31.97,25.92,0,4.31
2013-11-18,322,13,26.4,26.7,12.9,32,3.27,679.0,21.443,31.91,26.17,0,4.27
2013-11-19,323,13,25.9,26.2,12.1,34,2.77,678.0,21.424,31.98,25.67,0,4.32
2013-11-20,324,13,25.9,26.1,10.9,34,2.64,669.0,21.449,32.07,25.67,0,4.38
2013-11-21,325,13,25.7,25.8,12.9,34,1.51,662.0,21.793,32.86,25.46,0,4.95
2013-11-22,326,14,25.5,25.5,13.8,40,0.3,544.0,23.49,32.00,25.33,0,7.15
2013-11-23,327,13,25.7,25.9,11.2,37,2.0,655.0,21.882,32.53,25.5,0,4.72
2013-11-24,328,13,26.3,26.5,13.0,41,2.85,644.0,22.563,32.34,26.18,0,5.64
2013-11-25,329,13,26.8,27.1,12.9,38,4.46,644.0,22.283,31.19,26.63,0,4.28
2013-11-26,330,13,25.9,26.2,13.8,38,4.72,654.0,21.483,30.05,25.72,0,2.93
2013-11-27,331,13,26.0,26.2,12.1,40,1.56,646.0,22.734,33.24,25.85,0,6.62
2013-11-28,332,13,26.5,26.7,12.5,48,1.33,525.0,23.984,33.56,26.48,0,9.21
2013-11-29,333,13,26.5,26.6,14.3,49,2.38,616.0,23.777,33.22,26.49,0,8.57
2013-11-30,334,13,25.4,25.7,12.4,36,3.58,652.0,21.003,30.54,25.17,0,3.28
2013-12-01,335,12,24.9,25.7,11.2,38,2.08,684.0,21.338,31.93,24.67,0,4.28
2013-12-02,336,12,24.7,25.3,10.9,37,0.76,686.0,22.19,32.67,24.45,0,5.18
2013-12-03,337,12,24.7,25.4,11.0,36,1.32,679.0,21.377,32.29,24.43,0,4.55
2013-12-04,338,13,25.6,25.8,11.3,33,3.84,642.0,20.72,30.34,25.34,0,3.13
2013-12-05,339,13,24.7,24.9,11.6,38,3.05,642.0,20.755,30.44,24.46,0,3.20
2013-12-06,340,13,23.6,23.9,10.9,41,1.94,636.0,20.527,30.74,23.34,0,3.42
2013-12-07,341,13,23.8,24.0,9.7,42,1.63,630.0,20.968,31.22,23.57,0,3.77
2013-12-08,342,12,23.7,24.6,10.4,47,0.67,662.0,22.55,32.21,23.53,0,5.52
2013-12-09,343,12,23.9,24.6,11.1,49,1.32,664.0,22.114,32.06,23.76,0,4.59
2013-12-10,344,13,24.3,24.4,10.7,42,3.14,629.0,20.827,29.99,24.09,0,2.88
2013-12-11,345,13,24.4,24.7,11.5,37,3.68,638.0,20.225,29.37,24.13,0,2.43
2013-12-12,346,14,24.9,24.9,12.2,34,6.22,532.0,19.771,27.01,24.62,0,0.73
2013-12-13,347,13,22.4,22.8,12.5,38,4.68,638.0,18.449,26.25,22.04,0,0.18
2013-12-14,348,13,22.3,22.5,9.4,43,0.5,624.0,21.182,30.82,22.0,0,3.48
2013-12-15,349,13,22.5,22.8,9.6,47,0.22,623.0,21.911,29.72,22.27,0,2.69
2013-12-16,350,12,22.4,23.0,10.9,51,0.41,652.0,22.328,31.18,22.21,0,4.36
2013-12-17,351,11,21.8,22.1,11.3,51,0.94,570.0,20.56,30.11,21.58,0,2.97
2013-12-18,352,12,22.1,22.5,12.0,51,0.5,499.0,21.373,30.20,21.9,0,3.04
2013-12-19,353,13,22.2,22.4,11.9,52,2.16,454.0,19.939,28.44,22.02,0,1.76
2013-12-20,354,13,22.4,22.6,13.3,54,2.14,601.0,20.653,29.73,22.25,0,2.70
2013-12-21,355,12,22.1,22.6,13.2,55,4.06,552.0,19.892,26.64,21.95,0,0.46
2013-12-22,356,15,22.6,22.6,15.2,53,1.71,275.0,20.066,27.85,22.45,0,1.33
2013-12-23,357,11,21.9,22.5,12.3,54,2.43,594.0,20.074,28.86,21.73,0,2.06
2013-12-24,358,13,20.4,20.7,10.8,48,3.8,640.0,17.87,25.60,20.07,0,0.00
2013-12-25,359,14,20.8,20.8,9.7,42,4.21,548.0,17.407,24.62,20.42,0,0.00
2013-12-26,360,14,21.9,21.9,9.7,35,4.07,519.0,17.582,25.53,21.48,0,0.00
2013-12-27,361,13,21.9,21.9,9.3,28,3.1,579.0,17.059,27.10,21.39,0,0.80
2013-12-28,362,13,19.7,20.1,11.9,49,1.7,441.0,17.548,26.60,19.35,0,0.43
2013-12-29,363,13,21.4,21.6,8.4,37,2.52,656.0,17.987,28.12,20.98,0,1.53
2013-12-30,364,15,20.7,20.7,5.8,45,0.71,396.0,18.721,27.90,20.35,0,1.37
2013-12-31,365,11,18.9,18.9,12.2,52,3.61,505.0,16.687,23.56,18.55,0,0.00
2014-01-01,1,13,20.0,20.5,11.4,63,3.48,477.0,18.655,25.06,19.85,0,0.00
2014-01-02,2,14,19.6,19.6,9.4,46,4.41,572.0,16.749,23.42,19.21,0,0.00
2014-01-03,3,14,18.9,18.9,7.4,46,2.88,575.0,16.436,25.07,18.47,0,0.00
2014-01-04,4,13,20.0,20.3,7.3,47,0.61,623.0,19.257,29.15,19.64,0,2.27
2014-01-05,5,14,20.9,20.9,10.2,58,3.04,433.0,19.035,26.05,20.73,0,0.04
2014-01-06,6,13,20.2,20.4,9.8,46,3.71,664.0,17.556,25.63,19.84,0,0.00
2014-01-07,7,13,18.8,19.3,7.8,46,3.5,671.0,16.367,24.65,18.37,0,0.00
2014-01-08,8,14,19.6,19.6,6.1,46,1.61,571.0,17.547,27.50,19.21,0,1.08
2014-01-09,9,11,17.3,17.3,7.0,59,1.0,469.0,16.798,26.07,16.96,0,0.05
2014-01-10,10,14,19.8,20.0,7.8,63,1.08,535.0,19.586,28.63,19.64,0,1.90
2014-01-11,11,11,16.8,17.2,10.5,79,2.79,272.0,16.612,21.67,16.7,0,0.00
2014-01-12,12,14,16.8,17.1,9.9,76,1.12,364.0,17.277,25.26,16.66,0,0.00
2014-01-13,13,11,18.2,18.2,9.3,64,0.28,617.0,19.527,27.43,17.97,0,1.03
2014-01-14,14,14,18.0,18.0,11.4,63,0.8,392.0,17.753,26.35,17.75,0,0.25
2014-01-15,15,15,19.4,19.5,12.8,57,1.58,337.0,17.765,25.89,19.14,0,0.00
2014-01-16,16,14,21.0,21.0,10.1,58,0.42,507.0,21.195,29.53,20.83,0,2.55
2014-01-17,17,11,20.6,20.6,12.7,59,4.78,622.0,18.893,24.82,20.43,0,0.00
2014-01-18,18,12,17.9,17.9,12.6,68,8.3,415.0,16.523,17.13,17.71,0,0.00
2014-01-19,19,12,19.2,20.4,9.3,65,0.51,558.0,20.182,28.92,19.04,0,2.11
2014-01-20,20,13,19.3,19.8,9.1,64,0.82,678.0,19.924,29.41,19.13,0,2.47
2014-01-21,21,13,18.5,19.1,9.8,70,0.73,399.0,18.937,27.17,18.37,0,0.84
2014-01-22,22,12,19.0,19.6,12.3,69,0.42,588.0,20.606,28.96,18.88,0,2.14
2014-01-23,23,14,21.5,21.5,12.9,58,2.62,600.0,20.04,28.43,21.36,0,1.76
2014-01-24,24,13,21.0,21.2,12.2,61,4.18,605.0,19.513,25.94,20.87,0,0.00
2014-01-25,25,13,19.7,19.8,10.2,55,4.59,718.0,17.871,24.57,19.43,0,0.00
2014-01-26,26,14,19.7,19.8,9.8,60,2.86,548.0,18.386,26.12,19.5,0,0.09
2014-01-27,27,14,21.1,21.3,10.7,59,3.07,632.0,19.696,27.66,20.95,0,1.20
2014-01-28,28,14,21.3,21.5,10.8,59,2.53,650.0,20.074,28.72,21.16,0,1.97
2014-01-29,29,13,21.3,21.6,9.2,56,0.45,699.0,21.97,31.02,21.12,0,3.63
2014-01-30,30,13,20.8,21.0,9.1,55,1.97,665.0,19.493,28.96,20.59,0,2.14
2014-01-31,31,12,20.4,21.3,9.3,60,0.1,638.0,21.304,27.90,20.23,0,1.37
2014-02-01,32,13,20.5,21.1,10.6,58,0.6,570.0,20.589,29.63,20.31,0,2.62
2014-02-02,33,14,21.3,21.3,9.9,59,2.44,628.0,20.063,28.71,21.16,0,1.96
2014-02-03,34,14,23.4,23.5,11.8,54,4.1,662.0,21.156,28.61,23.3,0,1.89
2014-02-04,35,13,25.9,26.2,13.2,50,5.54,739.0,22.898,30.37,25.88,0,4.85
2014-02-05,36,12,24.5,25.0,13.7,46,4.56,749.0,21.356,29.49,24.35,0,2.52
2014-02-06,37,14,25.3,25.3,12.9,46,3.98,663.0,22.039,30.42,25.19,0,3.26
2014-02-07,38,15,25.2,25.2,13.5,51,0.76,513.0,23.707,32.77,25.15,0,8.12
2014-02-08,39,12,23.9,24.3,13.0,59,3.32,680.0,22.311,30.36,23.89,0,3.74
2014-02-09,40,14,21.0,21.0,11.2,41,5.03,702.0,17.6,24.89,20.61,0,0.00
2014-02-10,41,14,20.3,20.3,8.4,38,3.31,714.0,17.02,26.41,19.84,0,0.30
2014-02-11,42,13,21.3,21.5,11.4,34,3.7,757.0,17.423,26.99,20.84,0,0.71
2014-02-12,43,13,21.4,21.6,9.2,32,4.66,808.0,17.172,26.18,20.92,0,0.13
2014-02-13,44,13,20.8,20.8,6.8,40,1.35,630.0,18.327,28.94,20.39,0,2.13
2014-02-14,45,13,18.2,18.4,12.1,69,5.06,485.0,17.26,21.19,18.04,0,0.00
2014-02-15,46,15,20.5,20.5,12.0,67,1.4,525.0,20.316,29.00,20.43,0,2.17
2014-02-16,47,13,19.3,19.9,10.8,55,3.94,767.0,17.693,25.35,19.01,0,0.00
2014-02-17,48,13,20.2,20.5,9.0,48,6.24,815.0,17.583,23.79,19.86,0,0.00
2014-02-18,49,14,20.5,20.7,9.3,50,2.98,730.0,18.495,27.50,20.21,0,1.08
2014-02-19,50,14,21.4,21.5,7.8,52,0.5,694.0,21.517,30.91,21.18,0,3.55
2014-02-20,51,13,22.4,22.8,9.6,49,1.24,818.0,21.184,31.67,22.19,0,4.09
2014-02-21,52,11,21.8,21.9,10.9,51,1.35,590.0,20.223,29.89,21.58,0,2.81
2014-02-22,53,14,21.4,21.5,14.6,66,2.31,436.0,20.437,27.97,21.36,0,1.42
2014-02-23,54,11,21.4,22.6,12.8,68,1.12,706.0,21.946,31.19,21.39,0,3.75
2014-02-24,55,13,24.0,24.3,12.8,53,3.14,810.0,22.049,31.12,23.92,0,3.79
2014-02-25,56,15,23.9,23.9,11.6,42,0.8,571.0,21.679,31.54,23.67,0,4.00
2014-02-26,57,14,24.4,24.4,14.0,52,1.49,563.0,22.517,31.92,24.33,0,5.25
2014-02-27,58,14,21.8,21.8,16.1,75,0.92,540.0,22.752,31.09,21.9,0,5.10
2014-02-28,59,15,20.9,21.0,15.7,76,3.13,278.0,20.279,25.32,20.97,0,0.00
2014-03-01,60,14,22.2,22.7,15.2,64,0.42,368.0,22.291,29.80,22.17,0,3.30
2014-03-02,61,12,20.8,21.6,14.4,76,2.55,571.0,20.986,28.48,20.86,0,1.79
2014-03-03,62,13,22.8,23.0,11.7,50,2.93,859.0,20.793,30.37,22.62,0,3.16
2014-03-04,63,13,22.4,22.4,11.2,50,1.66,656.0,20.609,30.45,22.2,0,3.21
2014-03-05,64,13,24.5,24.6,11.3,50,2.73,847.0,22.374,32.15,24.41,0,5.14
2014-03-06,65,13,25.8,25.8,11.9,41,4.48,862.0,22.097,31.37,25.65,0,4.06
2014-03-07,66,13,24.6,24.7,12.9,40,4.3,872.0,20.981,30.31,24.38,0,3.11
2014-03-08,67,13,25.2,25.5,11.5,40,3.7,883.0,21.645,31.57,25.01,0,4.03
2014-03-09,68,13,26.0,26.3,12.0,43,3.59,878.0,22.72,32.56,25.89,0,6.10
2014-03-10,69,12,26.5,27.4,13.9,48,0.7,875.0,25.685,35.72,26.48,0,13.98
2014-03-11,70,12,26.7,27.0,13.0,47,1.81,876.0,24.488,35.17,26.99,0,11.32
2014-03-12,71,13,27.8,28.1,15.0,50,1.2,851.0,26.267,36.69,28.23,0,16.24
2014-03-13,72,13,27.4,27.5,15.5,39,4.39,890.0,23.294,33.22,27.11,0,7.70
2014-03-14,73,14,26.8,26.8,13.7,35,3.06,816.0,22.463,33.33,26.5,0,6.17
2014-03-15,74,13,27.5,27.9,12.3,37,2.32,909.0,23.743,35.21,27.08,0,9.97
2014-03-16,75,14,29.2,29.2,13.7,37,2.96,802.0,24.791,35.85,28.54,0,12.96
2014-03-17,76,13,30.4,31.0,15.8,41,2.21,887.0,26.803,38.30,30.29,0,19.18
2014-03-18,77,13,32.6,32.9,17.7,37,3.34,883.0,27.723,39.65,32.6,0,22.75
2014-03-19,78,11,28.5,29.9,16.7,40,3.22,878.0,24.631,35.37,28.12,0,12.15
2014-03-20,79,13,29.0,29.3,15.4,26,5.69,898.0,22.57,34.03,27.67,0,7.13
2014-03-21,80,13,29.8,30.2,15.3,30,1.65,865.0,24.978,37.42,28.57,0,14.46
2014-03-22,81,15,30.7,30.7,16.1,31,0.45,555.0,26.724,37.11,29.52,0,17.88
2014-03-23,82,14,31.6,31.6,15.8,30,0.63,811.0,27.64,39.23,30.37,0,21.46
2014-03-24,83,13,30.9,31.1,18.5,38,1.93,817.0,26.837,38.56,30.51,0,19.51
2014-03-25,84,13,31.9,32.2,18.1,39,1.1,893.0,28.67,40.41,31.96,0,24.85
2014-03-26,85,11,32.6,34.0,19.1,34,1.51,820.0,27.965,40.38,32.09,0,23.54
2014-03-27,86,14,34.9,34.9,20.8,27,3.83,801.0,27.72,41.28,33.96,0,24.43
2014-03-28,87,12,34.1,34.9,21.0,27,4.83,917.0,27.037,40.43,32.93,0,22.14
2014-03-29,88,13,35.2,35.2,21.4,25,5.36,895.0,27.433,41.52,34.0,0,24.08
2014-03-30,89,13,33.9,34.0,21.7,20,7.08,928.0,25.202,39.98,31.86,0,17.95
2014-03-31,90,12,31.0,31.6,19.7,22,6.04,929.0,23.456,36.39,29.17,0,11.06
2014-04-01,91,14,32.9,32.9,18.1,19,5.97,859.0,24.257,38.34,30.78,0,14.58
2014-04-02,92,13,34.7,35.0,17.8,21,4.8,932.0,26.344,41.09,32.83,0,21.27
2014-04-03,93,12,33.2,34.0,20.1,26,2.22,959.0,26.917,40.87,31.72,0,21.78
2014-04-04,94,13,32.7,33.3,18.9,23,4.37,953.0,25.282,39.01,30.87,0,17.04
2014-04-05,95,13,34.6,35.0,21.4,25,6.02,939.0,26.914,40.90,33.25,0,22.37
2014-04-06,96,13,35.7,36.4,19.7,27,3.42,930.0,28.657,43.01,35.04,0,27.85
2014-04-07,97,13,36.7,36.9,21.1,30,1.41,918.0,30.986,45.16,37.26,0,34.63
2014-04-08,98,12,35.0,35.5,22.0,27,5.19,965.0,27.771,41.65,34.09,0,24.84
2014-04-09,99,14,34.2,34.2,20.5,16,5.54,879.0,24.641,39.99,31.86,0,16.90
2014-04-10,100,12,34.1,34.9,19.6,13,5.29,1019.0,24.01,40.40,31.61,0,15.91
2014-04-11,101,14,35.6,35.6,18.8,15,5.26,862.0,25.453,41.60,33.17,0,20.09
2014-04-12,102,12,36.3,36.7,19.4,15,3.45,994.0,26.509,43.39,33.89,0,23.64
2014-04-13,103,13,36.6,36.7,19.9,16,2.02,956.0,27.492,44.04,34.32,0,26.13
2014-04-14,104,13,35.4,35.7,22.0,20,4.39,879.0,26.674,41.78,33.5,0,22.65
2014-04-15,105,13,36.6,36.9,19.8,20,1.03,952.0,29.319,44.37,34.91,0,30.04
2014-04-16,106,11,36.6,36.6,22.9,22,4.3,931.0,28.144,43.57,35.26,0,28.42
2014-04-17,107,12,36.1,36.7,21.7,23,2.9,977.0,28.394,43.75,34.8,0,27.80
2014-04-18,108,11,35.9,35.9,22.9,24,3.64,924.0,28.153,43.01,34.73,0,27.83
2014-04-19,109,12,32.3,32.7,21.4,41,3.69,956.0,28.063,39.55,32.91,0,23.44
2014-04-20,110,12,34.3,35.0,21.4,23,4.39,996.0,26.603,41.06,32.61,0,21.66
2014-04-21,111,13,34.9,35.2,20.3,20,5.12,969.0,26.274,41.39,32.93,0,21.40
2014-04-22,112,12,36.5,37.0,20.6,16,5.28,1008.0,26.56,43.38,34.22,0,23.85
2014-04-23,113,12,36.9,37.3,23.2,21,6.24,985.0,27.919,44.00,35.45,0,28.72
2014-04-24,114,14,37.2,37.2,23.7,22,5.89,856.0,28.273,43.83,36.04,0,30.07
2014-04-25,115,12,38.3,38.9,23.6,16,5.83,1004.0,27.825,45.67,36.23,0,30.51
2014-04-26,116,13,40.3,40.3,24.5,15,5.07,967.0,29.107,47.95,38.37,1,38.09
2014-04-27,117,12,39.2,39.7,25.1,18,2.64,986.0,29.739,47.23,37.75,0,37.57
2014-04-28,118,12,38.7,39.3,24.2,15,3.96,1017.0,28.195,46.22,36.5,0,32.40
2014-04-29,119,12,40.1,40.8,23.3,14,4.13,1009.0,28.89,47.80,37.9,1,36.00
2014-04-30,120,10,38.0,41.6,23.9,19,0.73,852.0,30.435,45.35,36.45,2,38.97
2014-05-01,121,11,40.5,42.2,24.4,16,0.7,963.0,31.881,48.27,38.88,3,46.97
2014-05-02,122,13,39.7,40.3,23.9,26,2.92,954.0,31.885,48.14,40.95,4,48.74
2014-05-03,123,14,37.9,37.9,26.2,27,0.51,842.0,32.698,46.03,38.32,0,43.79
2014-05-04,124,12,36.6,37.4,25.6,33,0.71,968.0,32.542,45.58,37.97,0,42.34
2014-05-05,125,11,34.9,34.9,25.2,40,3.19,922.0,30.266,42.77,37.03,0,35.19
2014-05-06,126,14,35.1,35.2,25.1,37,0.45,773.0,32.144,43.42,36.53,0,38.91
2014-05-07,127,11,35.7,37.8,25.2,35,2.55,933.0,30.387,43.89,37.01,0,36.22
2014-05-08,128,13,39.6,40.0,26.1,21,6.57,913.0,29.911,47.38,39.11,1,41.34
2014-05-09,129,12,40.5,40.9,27.8,15,5.69,986.0,29.185,48.37,38.61,2,44.15
2014-05-10,130,12,40.1,40.8,24.0,17,2.98,996.0,30.046,48.19,38.64,3,42.89
2014-05-11,131,11,39.2,40.5,25.8,16,2.01,966.0,29.466,47.06,37.29,4,44.24
2014-05-12,132,13,38.5,38.5,26.3,23,5.41,915.0,29.662,45.79,38.09,0,37.91
2014-05-13,133,14,38.2,38.2,25.4,24,4.16,844.0,29.764,45.30,37.93,0,36.64
2014-05-14,134,12,37.1,37.2,24.7,25,6.71,965.0,28.872,44.34,36.58,0,32.94
2014-05-15,135,13,37.4,37.4,25.0,24,6.99,943.0,28.847,44.70,36.77,0,33.57
2014-05-16,136,13,38.4,38.6,25.6,20,5.08,965.0,28.992,45.77,37.18,0,35.48
2014-05-17,137,13,39.6,39.8,25.6,20,5.01,949.0,29.915,47.26,38.81,0,38.90
2014-05-18,138,11,38.6,40.0,27.1,20,7.05,961.0,28.889,46.34,37.45,1,39.20
2014-05-19,139,15,40.5,40.7,27.6,13,7.03,722.0,28.108,47.54,38.12,2,41.10
2014-05-20,140,13,41.0,41.1,27.4,15,7.34,969.0,29.344,49.56,39.22,3,46.73
2014-05-21,141,13,40.3,40.3,26.6,16,7.12,965.0,29.131,48.55,38.63,4,46.11
2014-05-22,142,12,40.3,40.9,27.1,15,7.12,1009.0,28.889,48.66,38.37,5,47.90
2014-05-23,143,11,40.4,42.0,25.5,20,1.25,949.0,31.996,48.75,39.95,6,54.21
2014-05-24,144,12,40.7,41.8,30.3,21,0.81,970.0,33.153,49.18,40.73,7,62.60
2014-05-25,145,12,37.2,38.6,27.8,36,0.7,877.0,33.371,46.17,40.09,0,47.68
2014-05-26,146,13,34.9,35.3,24.9,47,2.57,895.0,31.469,43.56,39.32,0,38.53
2014-05-27,147,12,34.9,35.2,25.8,45,2.41,902.0,31.259,43.55,38.62,0,38.92
2014-05-28,148,11,36.2,38.0,25.7,38,1.61,927.0,31.812,45.14,38.85,0,41.08
2014-05-29,149,12,40.3,42.0,25.9,25,1.7,977.0,32.777,49.22,41.59,1,48.77
2014-05-30,150,14,39.8,40.1,27.7,33,0.22,833.0,35.623,47.53,44.11,2,57.63
2014-05-31,151,14,39.1,39.3,29.1,38,1.03,746.0,34.479,48.00,44.99,0,54.43
2014-06-01,152,11,36.3,36.5,27.1,46,2.81,901.0,32.493,45.09,42.12,0,45.18
2014-06-02,153,12,37.6,38.9,28.0,39,0.32,944.0,35.138,46.61,42.09,0,52.32
2014-06-03,154,11,39.5,41.5,27.8,27,2.79,920.0,31.931,47.86,40.98,1,48.18
2014-06-04,155,11,40.4,42.3,25.0,19,0.58,949.0,32.907,48.47,39.63,2,48.37
2014-06-05,156,10,39.5,43.2,27.0,23,0.32,838.0,33.297,46.77,39.59,3,51.86
2014-06-06,157,10,39.4,44.2,26.5,27,0.5,834.0,33.93,47.74,40.81,4,55.29
2014-06-07,158,11,40.0,44.0,28.5,34,0.57,923.0,35.849,49.57,45.02,5,65.80
2014-06-08,159,13,41.0,43.1,30.2,35,0.85,922.0,36.241,50.83,47.83,6,72.15
2014-06-09,160,12,40.5,43.1,30.2,37,0.85,939.0,36.224,50.53,47.78,7,71.88
2014-06-10,161,12,41.0,43.5,29.0,35,0.54,952.0,37.058,51.05,47.83,8,72.45
2014-06-11,162,12,41.0,43.2,27.1,25,4.07,967.0,32.417,49.45,42.8,9,58.44
2014-06-12,163,13,41.3,41.6,30.7,28,7.03,881.0,32.793,50.02,44.74,10,64.49
2014-06-13,164,11,39.2,39.8,30.3,32,8.01,898.0,31.797,47.60,42.44,0,49.53
2014-06-14,165,15,38.3,39.5,27.5,38,5.19,622.0,32.057,44.80,43.19,0,45.02
2014-06-15,166,15,37.5,37.5,25.9,40,3.32,627.0,32.023,44.55,42.3,0,42.57
2014-06-16,167,11,34.6,37.4,26.8,53,0.67,751.0,33.359,44.17,40.89,0,45.35
2014-06-17,168,13,35.6,35.6,28.4,54,3.13,609.0,32.411,43.38,43.91,0,45.97
2014-06-18,169,11,33.2,33.3,26.9,60,2.48,754.0,31.43,42.01,40.03,0,39.94
2014-06-19,170,13,34.2,34.7,27.2,61,0.81,678.0,33.555,44.18,43.17,0,47.04
2014-06-20,171,11,37.6,38.6,27.1,45,1.7,849.0,33.934,47.11,44.84,0,50.38
2014-06-21,172,13,39.2,39.6,30.6,40,4.39,868.0,33.647,47.48,46.26,0,54.71
2014-06-22,173,10,36.2,39.7,27.1,49,0.82,789.0,34.065,45.85,43.19,0,49.10
2014-06-23,174,13,40.4,40.6,29.6,31,5.38,834.0,32.811,48.28,44.4,1,53.52
2014-06-24,175,12,38.0,38.9,29.8,37,5.05,749.0,31.828,44.97,42.1,0,46.98
2014-06-25,176,12,38.8,38.8,29.8,36,2.91,829.0,32.908,47.10,43.37,0,51.03
2014-06-26,177,11,36.8,38.9,28.6,46,0.42,854.0,35.274,46.58,43.33,0,53.71
2014-06-27,178,12,38.1,38.7,29.5,43,0.91,877.0,34.916,47.94,45.1,0,55.73
2014-06-28,179,12,38.3,39.0,28.8,44,0.28,838.0,36.247,47.38,46.11,0,57.40
2014-06-29,180,13,38.8,38.9,29.8,39,2.57,859.0,33.597,47.64,44.79,0,53.26
2014-06-30,181,11,38.2,38.2,28.6,42,1.75,865.0,33.987,47.61,44.84,0,52.58
2014-07-01,182,14,36.0,36.5,27.9,50,0.42,706.0,34.674,45.34,43.14,0,50.80
2014-07-02,183,14,35.1,35.5,27.3,51,1.33,709.0,32.553,44.11,41.32,0,44.52
2014-07-03,184,13,36.8,37.5,28.7,47,2.5,751.0,32.95,45.37,43.79,0,48.73
2014-07-04,185,16,35.8,35.8,27.5,48,1.48,417.0,31.924,42.98,41.77,0,42.92
2014-07-05,186,12,30.6,30.6,26.0,69,2.33,510.0,29.613,38.46,36.27,0,31.49
2014-07-06,187,17,26.5,26.5,25.7,93,2.64,72.0,26.666,31.15,27.07,0,16.88
2014-07-07,188,16,28.7,28.7,25.3,79,2.72,257.0,28.127,34.83,33.72,0,24.30
2014-07-08,189,11,33.1,34.4,24.7,64,1.14,860.0,32.891,43.74,41.29,0,41.85
2014-07-09,190,11,35.2,36.6,27.4,58,1.32,873.0,33.939,45.79,44.68,0,49.72
2014-07-10,191,15,36.0,36.0,28.0,57,0.82,659.0,34.64,46.01,46.53,0,52.59
2014-07-11,192,11,34.0,34.0,28.8,65,2.72,786.0,32.757,43.60,44.38,0,47.43
2014-07-12,193,13,32.8,33.4,28.4,71,1.71,673.0,32.56,42.98,43.26,0,45.73
2014-07-13,194,14,33.3,33.6,27.5,68,2.21,643.0,32.382,42.75,43.55,0,44.28
2014-07-14,195,13,32.9,32.9,27.7,68,2.61,533.0,31.643,41.28,42.32,0,41.60
2014-07-15,196,13,33.5,33.5,28.1,63,4.95,752.0,31.502,41.03,42.02,0,41.51
2014-07-16,197,13,30.3,30.7,27.5,71,6.5,613.0,29.024,36.10,36.04,0,30.34
2014-07-17,198,13,32.3,32.3,26.8,68,4.16,715.0,31.038,40.09,40.55,0,37.89
2014-07-18,199,15,27.4,27.6,25.9,93,0.76,137.0,28.472,35.25,32.81,0,25.62
2014-07-19,200,12,30.3,30.7,26.0,80,4.54,581.0,30.172,37.61,38.6,0,32.80
2014-07-20,201,15,31.1,31.1,25.6,75,0.8,301.0,31.015,39.54,39.47,0,35.65
2014-07-21,202,14,32.5,32.5,26.2,72,1.98,586.0,32.063,42.04,42.72,0,41.34
2014-07-22,203,14,31.6,31.6,27.2,68,5.51,592.0,29.996,37.82,38.59,0,34.02
2014-07-23,204,14,31.5,31.5,26.8,62,7.3,618.0,29.077,37.08,36.5,0,30.50
2014-07-24,205,10,30.3,30.9,26.3,63,5.3,731.0,28.428,36.42,34.08,0,27.32
2014-07-25,206,15,31.3,31.3,25.2,66,2.91,585.0,29.917,38.94,37.18,0,31.82
2014-07-26,207,15,32.7,32.8,26.1,68,0.71,529.0,32.708,42.32,41.72,0,42.27
2014-07-27,208,12,32.3,32.9,26.2,70,3.21,729.0,31.497,41.11,41.3,0,39.07
2014-07-28,209,12,32.3,32.9,26.6,68,2.44,694.0,31.444,41.41,40.55,0,39.37
2014-07-29,210,13,33.1,33.1,26.0,63,2.42,744.0,31.707,42.19,40.9,0,39.87
2014-07-30,211,12,31.6,31.6,27.2,71,2.82,556.0,30.737,39.75,39.6,0,37.19
2014-07-31,212,12,31.7,31.7,27.5,71,3.51,671.0,30.87,39.85,39.89,0,37.97
2014-08-01,213,13,32.7,32.7,27.4,67,2.9,613.0,31.41,41.04,41.32,0,40.27
2014-08-02,214,13,32.8,33.2,26.5,67,0.2,551.0,33.347,41.38,41.62,0,43.23
2014-08-03,215,15,30.1,30.1,25.8,75,0.45,329.0,30.733,38.58,36.57,0,33.58
2014-08-04,216,13,29.9,30.2,26.1,80,3.34,578.0,29.992,38.01,37.36,0,32.41
2014-08-05,217,11,31.7,32.0,26.3,71,4.47,769.0,30.834,39.59,39.89,0,36.32
2014-08-06,218,13,30.1,30.6,27.4,75,7.56,577.0,29.13,35.90,36.57,0,30.48
2014-08-07,219,13,28.7,28.7,25.7,72,5.46,493.0,27.523,33.63,32.43,0,22.28
2014-08-08,220,15,30.5,30.5,26.1,70,3.1,434.0,29.26,37.23,36.29,0,30.06
2014-08-09,221,14,31.2,31.4,25.9,72,0.41,407.0,31.817,40.05,38.78,0,37.62
2014-08-10,222,13,30.1,30.1,26.0,79,1.39,482.0,30.587,39.50,37.69,0,34.61
2014-08-11,223,13,32.3,32.3,25.6,68,2.33,560.0,31.22,40.84,40.55,0,37.37
2014-08-12,224,13,32.4,32.4,26.0,72,0.22,697.0,34.055,42.26,42.4,0,44.91
2014-08-13,225,12,32.3,32.3,25.9,71,4.05,649.0,31.299,40.19,41.69,0,37.83
2014-08-14,226,11,31.7,31.7,27.3,66,5.9,757.0,30.047,38.46,38.21,0,34.56
2014-08-15,227,14,31.1,31.1,27.1,67,3.36,449.0,29.472,37.59,36.97,0,32.15
2014-08-16,228,11,30.9,31.2,26.0,71,2.6,814.0,30.603,40.26,37.63,0,35.17
2014-08-17,229,13,32.2,32.2,26.1,61,3.67,773.0,30.309,39.92,37.86,0,34.57
2014-08-18,230,10,32.0,33.1,25.8,63,2.45,749.0,30.674,40.77,38.01,0,35.58
2014-08-19,231,10,32.5,33.7,26.4,63,2.26,752.0,31.224,41.58,39.29,0,38.38
2014-08-20,232,11,34.0,34.7,26.3,60,2.89,850.0,32.19,43.15,42.18,0,42.30
2014-08-21,233,13,34.5,34.7,26.3,55,3.6,875.0,31.85,42.90,41.44,0,41.20
2014-08-22,234,12,34.7,35.1,26.0,54,3.13,894.0,32.056,43.49,41.54,0,41.70
2014-08-23,235,10,33.8,35.4,25.3,56,2.2,756.0,31.6,42.63,40.06,0,38.85
2014-08-24,236,12,35.0,35.7,25.6,51,3.8,910.0,31.771,43.22,41.07,0,40.33
2014-08-25,237,12,35.4,36.0,26.0,51,3.91,913.0,32.112,43.70,42.06,0,42.15
2014-08-26,238,13,35.6,35.9,26.6,51,3.22,886.0,32.429,44.29,42.56,0,44.07
2014-08-27,239,13,33.9,34.0,26.4,61,1.46,856.0,32.956,44.24,42.32,0,44.70
2014-08-28,240,12,31.3,31.5,26.2,71,2.85,690.0,30.69,39.99,38.74,0,35.79
2014-08-29,241,14,32.9,32.9,25.3,63,2.51,713.0,31.43,41.71,40.36,0,37.98
2014-08-30,242,14,33.8,33.8,26.5,58,2.51,693.0,31.616,42.28,40.83,0,40.32
2014-08-31,243,13,33.6,33.7,27.3,63,4.54,816.0,31.749,41.64,42.31,0,41.59
2014-09-01,244,11,29.8,29.8,26.2,72,7.4,594.0,28.554,35.28,35.02,0,26.97
2014-09-02,245,11,29.6,29.7,26.6,70,8.08,517.0,27.993,34.41,34.08,0,25.40
2014-09-03,246,14,31.8,31.8,26.1,63,5.24,633.0,29.7,37.96,37.51,0,31.88
2014-09-04,247,10,30.1,31.1,25.4,76,2.83,609.0,29.945,38.52,36.85,0,31.68
2014-09-05,248,13,30.8,30.9,24.5,78,1.53,646.0,31.469,41.08,39.54,0,36.36
2014-09-06,249,13,32.2,32.2,24.9,65,0.6,684.0,32.597,42.18,39.19,0,39.62
2014-09-07,250,13,32.2,32.2,26.0,70,3.35,735.0,31.376,40.88,41.0,0,38.33
2014-09-08,251,13,31.6,31.6,26.5,73,4.63,692.0,30.825,39.22,40.3,0,36.42
2014-09-09,252,10,30.6,31.7,26.1,79,3.51,669.0,30.686,39.18,39.24,0,35.27
2014-09-10,253,13,30.3,30.3,25.8,74,2.69,513.0,29.772,38.21,36.85,0,31.60
2014-09-11,254,12,29.7,29.7,24.9,77,2.33,551.0,29.707,38.30,35.99,0,30.17
2014-09-12,255,10,26.3,26.8,24.3,93,2.18,218.0,27.16,33.33,26.86,0,17.72
2014-09-13,256,15,26.6,26.6,24.0,82,4.66,294.0,26.216,30.72,27.03,0,13.71
2014-09-14,257,12,31.2,31.7,23.5,67,2.18,799.0,30.586,40.59,37.22,0,32.31
2014-09-15,258,11,30.5,30.8,23.7,74,1.52,773.0,31.028,40.82,37.41,0,33.62
2014-09-16,259,12,30.6,31.2,24.2,76,1.1,804.0,31.795,41.59,38.29,0,36.53
2014-09-17,260,9,29.9,32.5,24.4,76,0.81,554.0,30.843,39.68,36.29,0,32.84
2014-09-18,261,12,32.6,33.1,24.0,60,2.82,810.0,30.848,41.21,38.51,0,34.31
2014-09-19,262,12,33.0,33.4,25.9,59,1.17,772.0,31.962,42.68,39.16,0,39.94
2014-09-20,263,15,31.1,31.1,25.4,71,0.61,445.0,31.415,40.13,38.18,0,36.12
2014-09-21,264,12,30.9,31.9,24.4,68,0.51,664.0,31.892,40.85,36.75,0,35.84
2014-09-22,265,11,32.9,33.2,25.3,58,3.67,793.0,30.623,40.66,38.57,0,35.03
2014-09-23,266,13,32.5,32.6,24.6,55,4.5,828.0,29.766,39.53,36.7,0,31.08
2014-09-24,267,13,32.6,32.8,24.4,54,3.62,832.0,29.916,40.18,36.62,0,31.58
2014-09-25,268,12,32.7,33.3,23.7,52,3.3,864.0,29.88,40.55,36.25,0,30.82
2014-09-26,269,12,32.4,33.0,24.5,52,3.35,854.0,29.579,40.11,35.64,0,30.63
2014-09-27,270,13,32.9,32.9,24.0,50,3.6,699.0,29.471,39.67,36.09,0,29.70
2014-09-28,271,12,33.1,33.8,23.9,50,2.8,835.0,30.086,41.16,36.49,0,31.97
2014-09-29,272,12,33.1,33.4,23.3,48,2.73,814.0,29.808,40.99,35.92,0,30.41
2014-09-30,273,13,32.3,32.3,23.6,53,1.43,720.0,30.219,40.93,35.71,0,31.42
2014-10-01,274,13,30.2,30.4,23.1,65,0.14,711.0,31.224,38.19,34.32,0,30.23
2014-10-02,275,11,30.8,31.7,22.3,63,0.91,744.0,30.641,40.43,35.17,0,30.13
2014-10-03,276,12,31.6,31.9,22.5,53,1.43,757.0,29.662,40.31,34.34,0,28.12
2014-10-04,277,12,31.4,31.8,23.1,56,0.41,733.0,31.361,40.49,34.68,0,32.29
2014-10-05,278,13,32.5,32.5,23.8,55,1.33,671.0,30.624,41.15,36.7,0,32.94
2014-10-06,279,15,32.7,32.8,23.8,50,0.51,483.0,30.746,40.26,35.69,0,32.15
2014-10-07,280,12,32.8,32.9,23.5,56,1.58,734.0,30.977,41.74,37.68,0,34.05
2014-10-08,281,13,33.4,33.4,23.5,49,0.5,718.0,32.086,42.27,36.81,0,36.21
2014-10-09,282,12,33.4,33.8,23.5,46,1.64,770.0,30.237,41.77,35.94,0,32.02
2014-10-10,283,12,33.7,34.0,22.6,31,3.64,829.0,27.535,40.24,33.06,0,23.69
2014-10-11,284,12,32.8,33.4,18.6,32,1.48,839.0,27.873,40.57,32.04,0,23.49
2014-10-12,285,13,32.7,32.7,20.6,34,3.03,785.0,27.28,39.40,32.22,0,21.60
2014-10-13,286,11,29.1,29.1,21.8,64,5.67,429.0,26.909,33.10,31.86,0,16.21
2014-10-14,287,14,22.8,22.8,20.2,93,4.53,100.0,22.968,24.23,23.18,0,1.83
2014-10-15,288,11,26.4,26.4,19.2,65,2.44,707.0,25.567,34.38,26.6,0,12.79
2014-10-16,289,13,28.7,28.8,19.4,59,3.47,679.0,26.721,35.31,30.4,0,16.91
2014-10-17,290,12,28.8,29.2,19.1,46,2.77,779.0,25.639,35.89,28.97,0,14.75
2014-10-18,291,13,29.4,29.4,16.5,42,2.58,764.0,25.699,36.43,29.23,0,15.35
2014-10-19,292,12,29.2,29.4,16.8,45,3.88,800.0,25.611,35.38,29.32,0,14.46
2014-10-20,293,12,29.1,29.5,16.8,46,1.25,792.0,26.77,37.45,29.32,0,18.14
2014-10-21,294,11,28.9,29.7,18.5,52,0.41,751.0,28.655,37.60,29.77,0,21.98
2014-10-22,295,10,28.3,29.2,19.1,58,0.7,639.0,27.808,36.93,29.66,0,19.86
2014-10-23,296,10,27.6,29.3,20.4,61,0.42,640.0,28.108,36.42,28.97,0,19.79
2014-10-24,297,13,29.0,29.2,18.3,51,0.76,634.0,27.516,37.11,29.78,0,19.48
2014-10-25,298,12,29.1,29.4,18.1,50,1.7,718.0,26.759,37.05,29.79,0,18.01
2014-10-26,299,12,28.5,28.5,18.5,60,1.53,649.0,27.326,36.84,30.21,0,19.08
2014-10-27,300,12,28.6,29.0,18.7,53,1.6,740.0,26.771,36.90,29.49,0,17.81
2014-10-28,301,13,28.8,28.8,18.1,50,1.36,602.0,26.459,36.37,29.4,0,16.81
2014-10-29,302,12,30.5,31.0,19.0,46,2.1,738.0,27.34,38.08,31.14,0,20.35
2014-10-30,303,10,28.6,29.8,20.6,56,0.5,627.0,28.294,37.15,29.85,0,21.00
2014-10-31,304,11,29.7,29.9,19.3,49,1.8,717.0,27.116,37.54,30.47,0,19.29
2014-11-01,305,13,29.3,29.3,18.1,37,4.62,680.0,24.33,34.03,28.64,0,10.81
2014-11-02,306,12,28.3,28.8,16.8,35,4.19,759.0,23.388,33.58,27.59,0,8.31
2014-11-03,307,12,28.9,29.5,14.9,35,4.08,761.0,23.922,34.33,28.11,0,10.06
2014-11-04,308,13,29.7,29.8,16.2,36,4.86,695.0,24.518,34.39,28.95,0,11.54
2014-11-05,309,13,30.4,30.4,17.3,40,4.94,680.0,25.647,35.22,30.16,0,14.73
2014-11-06,310,13,28.9,29.0,17.7,39,3.33,696.0,24.531,34.75,28.42,0,11.63
2014-11-07,311,13,29.6,29.7,15.8,39,1.92,685.0,25.604,36.63,29.14,0,15.28
2014-11-08,312,13,30.0,30.2,17.7,45,1.7,676.0,26.852,37.48,30.32,0,18.69
2014-11-09,313,11,29.6,30.9,17.8,48,1.0,697.0,27.515,37.74,30.19,0,20.09
2014-11-10,314,12,30.8,31.2,17.9,36,4.38,725.0,25.577,36.10,30.15,0,15.22
2014-11-11,315,13,30.0,30.0,16.8,32,4.41,669.0,24.215,34.74,28.91,0,11.21
2014-11-12,316,12,29.1,29.6,16.4,28,4.61,738.0,22.92,33.88,27.85,0,7.75
2014-11-13,317,13,28.1,28.2,14.9,25,4.74,693.0,21.543,32.40,26.96,0,4.62
2014-11-14,318,13,27.7,27.8,14.2,28,4.98,661.0,21.606,31.66,26.8,0,4.09
2014-11-15,319,13,26.4,26.5,13.0,26,4.03,665.0,20.402,30.98,26.09,0,3.60
2014-11-16,320,12,26.0,26.8,12.6,31,2.66,697.0,21.177,32.21,25.73,0,4.49
2014-11-17,321,13,26.8,26.9,11.7,30,3.22,680.0,21.512,32.31,26.3,0,4.56
2014-11-18,322,13,26.9,27.0,11.4,33,2.44,672.0,22.233,33.20,26.48,0,5.64
2014-11-19,323,13,26.7,26.8,11.4,31,2.86,671.0,21.651,32.54,26.27,0,4.72
2014-11-20,324,13,26.8,26.9,12.8,34,2.77,663.0,22.158,32.77,26.46,0,5.19
2014-11-21,325,12,26.5,27.2,12.2,35,2.97,707.0,22.055,32.55,26.31,0,4.84
2014-11-22,326,13,26.9,26.9,12.4,30,3.11,660.0,21.588,32.40,26.36,0,4.62
2014-11-23,327,12,26.6,27.2,11.6,33,3.14,703.0,21.82,32.40,26.39,0,4.62
2014-11-24,328,13,26.5,26.6,11.8,30,3.66,661.0,21.131,31.48,26.24,0,3.95
2014-11-25,329,13,25.5,25.6,10.2,33,3.28,659.0,20.784,30.92,25.23,0,3.55
2014-11-26,330,13,25.7,26.0,12.3,31,4.18,650.0,20.488,30.11,25.42,0,2.97
2014-11-27,331,13,25.9,26.1,12.4,38,0.99,634.0,22.869,33.34,25.72,0,6.94
2014-11-28,332,12,26.6,27.4,15.1,42,2.44,671.0,23.129,33.25,26.51,0,7.37
2014-11-29,333,13,28.6,28.8,13.8,42,3.53,623.0,24.494,33.98,28.38,0,10.98
2014-11-30,334,13,29.4,29.6,17.2,39,4.83,627.0,24.579,33.78,28.93,0,11.21
2014-12-01,335,14,27.7,27.7,15.6,30,4.44,541.0,21.79,31.33,26.88,0,3.85
2014-12-02,336,14,25.4,25.4,14.0,35,3.9,522.0,20.591,29.34,25.15,0,2.41
2014-12-03,337,13,25.0,25.3,12.7,35,4.12,642.0,20.417,29.49,24.73,0,2.52
2014-12-04,338,13,25.1,25.4,11.4,43,0.89,632.0,22.892,32.92,24.94,0,6.68
2014-12-05,339,11,24.1,25.1,11.7,46,0.36,641.0,23.293,32.00,23.93,0,6.78
2014-12-06,340,13,25.3,25.5,11.1,38,3.58,637.0,21.139,30.41,25.09,0,3.18
2014-12-07,341,13,24.7,24.9,11.7,37,3.11,612.0,20.565,30.15,24.45,0,3.00
2014-12-08,342,12,23.6,24.5,10.8,35,2.83,615.0,19.465,29.40,23.26,0,2.46
2014-12-09,343,13,24.7,24.8,9.6,37,2.0,635.0,20.983,31.51,24.45,0,3.98
2014-12-10,344,12,24.0,24.5,10.8,44,3.86,661.0,20.683,29.12,23.8,0,2.25
2014-12-11,345,13,22.1,22.3,9.9,29,2.95,658.0,17.529,28.02,21.61,0,1.46
2014-12-12,346,13,21.9,22.1,7.1,33,0.32,646.0,19.952,29.54,21.45,0,2.56
2014-12-13,347,14,18.1,18.2,13.5,64,4.5,372.0,16.598,20.62,17.87,0,0.00
2014-12-14,348,15,18.7,18.7,13.6,63,3.62,277.0,16.971,21.59,18.49,0,0.00
2014-12-15,349,12,19.3,19.4,11.5,68,0.61,421.0,19.804,28.03,19.18,0,1.47
2014-12-16,350,11,17.5,18.6,9.9,70,2.88,528.0,17.128,24.25,17.32,0,0.00
2014-12-17,351,14,20.5,20.5,9.9,52,3.93,535.0,18.137,24.92,20.23,0,0.00
2014-12-18,352,14,19.9,19.9,8.8,52,2.65,537.0,17.879,26.25,19.6,0,0.18
2014-12-19,353,13,19.3,19.5,8.4,59,1.24,615.0,18.83,28.43,19.06,0,1.75
2014-12-20,354,13,17.9,18.3,8.0,67,3.05,527.0,17.214,24.22,17.7,0,0.00
2014-12-21,355,13,17.8,18.2,6.4,61,0.5,638.0,18.833,28.24,17.51,0,1.62
2014-12-22,356,11,15.9,17.2,5.5,70,0.64,592.0,17.279,26.69,15.64,0,0.50
2014-12-23,357,14,17.5,17.6,5.6,61,0.71,550.0,17.788,27.21,17.2,0,0.87
2014-12-24,358,14,18.3,18.4,5.3,55,2.0,546.0,16.936,26.00,17.96,0,0.00
2014-12-25,359,13,19.5,19.8,6.4,51,3.05,641.0,17.512,25.96,19.17,0,0.00
2014-12-26,360,13,17.7,18.1,8.2,55,4.16,649.0,16.005,22.67,17.33,0,0.00
2014-12-27,361,14,18.0,18.0,7.0,54,2.78,553.0,16.323,24.50,17.63,0,0.00
2014-12-28,362,13,16.4,17.1,5.2,66,1.7,584.0,16.319,25.51,16.11,0,0.00
2014-12-29,363,13,16.6,17.3,5.7,75,0.57,545.0,18.346,27.16,16.44,0,0.84
2014-12-30,364,11,14.4,16.4,7.9,85,1.14,482.0,16.003,24.60,14.26,0,0.00
2014-12-31,365,14,20.1,20.1,7.1,54,2.6,477.0,18.133,26.14,19.84,0,0.10
2015-01-01,1,14,20.6,20.6,12.9,69,2.82,272.0,19.405,25.07,20.56,0,0.00
2015-01-02,2,15,19.6,19.8,14.4,81,2.8,180.0,19.214,23.49,19.67,0,0.00
2015-01-03,3,14,19.7,19.7,15.3,82,1.8,142.0,19.443,24.67,19.78,0,0.00
2015-01-04,4,13,20.6,20.7,14.2,64,3.9,420.0,19.123,24.64,20.49,0,0.00
2015-01-05,5,13,19.8,20.2,11.3,54,6.59,658.0,17.543,22.24,19.52,0,0.00
2015-01-06,6,14,19.8,20.0,10.2,58,3.62,557.0,18.144,25.05,19.58,0,0.00
2015-01-07,7,10,17.9,20.2,11.5,70,0.36,416.0,18.97,26.57,17.74,0,0.41
2015-01-08,8,12,18.6,19.2,13.1,64,1.84,448.0,17.827,26.08,18.39,0,0.06
2015-01-09,9,14,19.7,19.7,8.8,60,2.52,569.0,18.526,26.79,19.5,0,0.57
2015-01-10,10,14,18.6,18.6,10.1,61,3.16,520.0,17.322,24.43,18.35,0,0.00
2015-01-11,11,13,16.7,17.1,6.8,70,1.04,585.0,17.43,26.80,16.48,0,0.58
2015-01-12,12,13,17.4,17.9,7.2,62,1.33,689.0,17.421,27.39,17.11,0,1.00
2015-01-13,13,12,16.7,18.6,6.3,75,0.6,642.0,18.692,27.85,16.54,0,1.34
2015-01-14,14,14,18.5,18.5,6.9,60,4.02,488.0,16.92,22.67,18.24,0,0.00
2015-01-15,15,11,19.1,20.4,8.4,66,0.71,641.0,19.994,29.22,18.94,0,2.32
2015-01-16,16,11,19.1,19.1,8.8,63,1.32,637.0,18.982,28.47,18.91,0,1.78
2015-01-17,17,11,18.7,19.4,9.2,64,2.37,643.0,18.141,26.77,18.5,0,0.55
2015-01-18,18,14,19.6,19.6,9.4,59,2.33,552.0,18.372,26.83,19.38,0,0.60
2015-01-19,19,11,18.3,18.6,8.8,63,2.47,649.0,17.656,26.26,18.07,0,0.18
2015-01-20,20,11,17.7,18.1,6.1,66,0.45,664.0,19.388,28.50,17.47,0,1.80
2015-01-21,21,14,19.1,19.4,5.9,63,2.5,572.0,18.244,26.41,18.91,0,0.30
2015-01-22,22,10,17.4,19.7,8.7,69,0.6,487.0,18.351,27.08,17.2,0,0.78
2015-01-23,23,14,20.6,20.6,8.8,56,2.75,589.0,18.963,27.26,20.39,0,0.91
2015-01-24,24,12,20.5,20.9,12.5,59,3.81,496.0,18.736,25.07,20.32,0,0.00
2015-01-25,25,13,19.4,19.6,10.7,57,2.22,662.0,18.274,27.47,19.14,0,1.06
2015-01-26,26,12,18.5,19.0,12.3,70,0.41,422.0,19.567,27.37,18.37,0,0.99
2015-01-27,27,12,21.0,21.4,12.7,60,2.91,640.0,19.753,27.89,20.86,0,1.36
2015-01-28,28,12,19.0,19.4,11.3,52,2.8,639.0,17.215,25.91,18.66,0,0.00
2015-01-29,29,14,18.7,18.7,9.4,50,3.11,637.0,16.676,25.07,18.32,0,0.00
2015-01-30,30,12,19.0,19.9,8.8,47,4.41,759.0,16.595,24.10,18.59,0,0.00
2015-01-31,31,14,19.6,19.9,8.2,45,3.51,649.0,16.945,25.22,19.2,0,0.00
2015-02-01,32,13,20.7,21.1,7.5,50,0.32,730.0,20.954,29.69,20.42,0,2.67
2015-02-02,33,14,22.6,22.6,10.2,51,3.98,643.0,20.117,27.70,22.42,0,1.22
2015-02-03,34,14,24.6,24.6,13.5,54,2.38,607.0,22.583,31.54,24.56,0,5.10
2015-02-04,35,13,23.0,23.2,12.4,60,4.13,727.0,21.479,28.79,22.96,0,2.01
2015-02-05,36,13,21.0,21.3,11.4,54,2.98,738.0,19.342,28.14,20.78,0,1.55
2015-02-06,37,13,21.1,21.6,9.0,50,1.41,768.0,19.853,30.25,20.84,0,3.07
2015-02-07,38,14,23.0,23.1,9.5,47,2.64,614.0,20.333,29.46,22.79,0,2.50
2015-02-08,39,14,21.0,21.0,12.0,69,2.64,339.0,20.003,26.42,20.98,0,0.31
2015-02-09,40,12,23.4,24.3,11.9,52,2.66,768.0,21.482,30.88,23.28,0,3.52
2015-02-10,41,13,24.0,24.3,11.0,37,3.76,785.0,20.097,29.74,23.71,0,2.70
2015-02-11,42,14,23.5,23.5,9.6,37,3.69,701.0,19.554,28.85,23.19,0,2.06
2015-02-12,43,13,23.9,24.2,10.4,43,2.78,760.0,20.917,30.82,23.68,0,3.48
2015-02-13,44,14,23.6,23.6,11.2,40,3.85,704.0,19.956,28.86,23.33,0,2.07
2015-02-14,45,13,25.5,26.2,10.9,42,1.26,773.0,23.055,33.76,25.35,0,7.60
2015-02-15,46,14,25.7,25.7,14.5,48,2.33,696.0,23.119,32.88,25.64,0,7.08
2015-02-16,47,13,25.7,25.9,14.5,46,2.73,773.0,22.885,32.77,25.61,0,6.56
2015-02-17,48,14,27.0,27.0,14.4,48,3.2,678.0,23.979,33.16,27.3,0,9.02
2015-02-18,49,15,26.3,26.5,16.2,52,1.3,493.0,24.191,33.41,26.32,0,9.49
2015-02-19,50,13,26.9,27.2,14.2,48,1.2,755.0,25.014,35.28,27.21,0,12.47
2015-02-20,51,12,29.1,29.8,14.9,47,0.92,800.0,27.306,37.70,29.43,0,19.37
2015-02-21,52,13,29.6,30.0,14.5,40,4.32,799.0,25.222,35.28,29.24,0,13.62
2015-02-22,53,14,27.4,27.6,16.2,46,3.1,722.0,24.2,33.83,27.53,0,10.00
2015-02-23,54,14,28.2,28.2,15.5,48,1.06,709.0,26.22,36.37,28.49,0,16.02
2015-02-24,55,12,28.2,29.5,17.7,52,0.73,820.0,27.475,37.30,28.87,0,19.20
2015-02-25,56,14,30.5,30.5,17.5,45,2.56,691.0,26.939,37.41,30.99,0,19.06
2015-02-26,57,14,26.0,26.0,18.7,57,4.04,472.0,23.538,30.40,26.07,0,6.08
2015-02-27,58,11,25.6,27.5,15.8,51,0.5,678.0,25.168,34.24,25.57,0,11.94
2015-02-28,59,13,28.5,28.9,17.0,42,1.1,776.0,25.856,36.62,28.28,0,15.43
2015-03-01,60,0,21.7,21.7,16.7,71,2.01,0.0,19.106,21.02,21.74,0,0.00
2015-03-02,61,14,22.5,22.5,16.5,67,6.73,360.0,20.791,23.69,22.53,0,0.00
2015-03-03,62,12,22.0,22.7,16.3,75,1.34,717.0,22.977,31.91,22.11,0,6.12
2015-03-04,63,11,21.4,22.7,13.4,55,4.4,776.0,19.543,26.90,21.22,0,0.65
2015-03-05,64,13,23.5,23.7,11.8,40,4.41,877.0,20.011,29.11,23.23,0,2.25
2015-03-06,65,13,25.7,25.8,11.4,41,4.73,862.0,21.966,31.05,25.55,0,3.65
2015-03-07,66,14,26.7,26.7,13.8,45,3.6,770.0,23.412,32.80,26.89,0,7.58
2015-03-08,67,13,26.9,27.2,15.1,46,1.73,817.0,24.489,35.10,27.1,0,11.31
2015-03-09,68,13,29.2,29.5,16.1,42,1.91,845.0,25.968,37.15,29.01,0,16.30
2015-03-10,69,13,25.5,25.8,14.0,35,4.02,906.0,21.249,31.54,25.26,0,4.00
2015-03-11,70,14,26.3,26.4,11.7,39,3.09,809.0,22.526,32.90,26.15,0,5.97
2015-03-12,71,13,27.5,27.9,12.3,37,3.18,856.0,23.352,34.17,27.08,0,8.48
2015-03-13,72,12,29.4,29.5,15.3,36,3.96,854.0,24.647,35.45,28.66,0,12.44
2015-03-14,73,12,28.3,28.7,16.7,50,2.75,841.0,25.784,35.87,28.79,0,14.94
2015-03-15,74,14,25.5,25.5,18.4,58,2.86,711.0,23.865,32.64,25.56,0,8.32
2015-03-16,75,14,25.5,25.7,16.2,62,0.85,678.0,25.492,34.58,25.61,0,12.79
2015-03-17,76,12,27.7,28.1,16.8,49,4.03,889.0,24.854,34.20,28.04,0,11.70
2015-03-18,77,13,26.5,26.7,17.1,45,5.38,894.0,23.084,31.75,26.44,0,6.20
2015-03-19,78,14,27.5,27.5,15.4,40,3.72,815.0,23.541,33.57,27.25,0,8.47
2015-03-20,79,13,28.5,28.8,14.1,34,3.91,917.0,23.698,34.76,27.7,0,9.79
2015-03-21,80,13,30.5,31.0,14.1,33,3.33,903.0,25.364,37.25,29.5,0,15.41
2015-03-22,81,14,32.4,32.4,17.7,32,5.07,804.0,26.315,37.91,31.54,0,18.44
2015-03-23,82,13,31.8,32.2,17.6,31,3.96,911.0,25.995,38.23,30.7,0,17.75
2015-03-24,83,13,32.4,32.8,16.5,34,1.44,910.0,28.03,40.58,31.83,0,23.72
2015-03-25,84,13,34.0,34.1,18.2,30,1.89,907.0,28.381,41.90,33.29,0,25.87
2015-03-26,85,14,34.8,34.8,19.8,30,0.85,751.0,29.697,42.32,34.39,0,29.08
2015-03-27,86,13,34.4,35.2,21.5,35,0.3,812.0,31.344,41.84,34.87,0,32.02
2015-03-28,87,12,33.5,35.2,21.2,35,0.54,938.0,30.645,42.18,33.51,0,30.44
2015-03-29,88,12,33.7,34.5,19.9,35,3.0,729.0,28.204,40.35,33.81,0,24.61
2015-03-30,89,11,26.7,26.7,19.8,62,1.56,669.0,25.891,35.19,27.84,0,14.30
2015-03-31,90,14,30.4,30.6,18.1,44,0.89,770.0,28.048,38.69,30.7,0,21.97
2015-04-01,91,12,32.0,33.0,18.9,39,2.45,918.0,27.856,39.88,32.1,0,22.98
2015-04-02,92,14,35.8,36.0,19.6,28,3.51,807.0,28.727,42.59,35.4,0,27.81
2015-04-03,93,12,34.3,34.3,21.8,32,2.3,941.0,28.819,42.28,34.08,0,27.27
2015-04-04,94,15,30.7,30.7,19.8,35,1.91,553.0,25.703,36.84,29.92,0,15.91
2015-04-05,95,13,31.6,32.0,17.9,34,1.7,876.0,27.091,39.48,30.84,0,20.78
2015-04-06,96,13,32.8,33.2,18.4,25,2.14,945.0,26.426,40.37,31.16,0,20.29
2015-04-07,97,14,32.4,33.2,18.7,29,0.89,587.0,27.037,38.83,31.16,0,20.33
2015-04-08,98,12,33.6,34.4,18.8,24,2.69,925.0,26.604,40.83,31.94,0,21.24
2015-04-09,99,12,33.9,34.7,20.4,19,6.2,991.0,25.152,40.16,31.77,0,17.95
2015-04-10,100,12,35.2,36.3,20.3,19,4.53,990.0,26.409,41.94,33.15,0,22.13
2015-04-11,101,13,37.0,37.3,19.5,18,2.52,944.0,28.043,44.50,35.06,0,27.77
2015-04-12,102,13,32.1,32.1,24.8,34,5.67,828.0,26.329,37.53,31.45,0,21.43
2015-04-13,103,13,29.6,29.6,21.4,50,4.08,722.0,26.434,35.52,30.47,0,16.55
2015-04-14,104,16,28.8,30.0,20.3,55,0.3,398.0,27.609,35.23,30.01,0,18.38
2015-04-15,105,11,29.1,29.1,20.9,57,1.75,846.0,27.803,38.04,30.75,0,21.05
2015-04-16,106,13,31.6,32.0,20.7,44,0.58,889.0,30.063,40.60,32.42,0,27.79
2015-04-17,107,13,32.5,33.0,21.9,37,5.15,841.0,27.218,38.33,32.46,0,20.79
2015-04-18,108,12,35.9,36.8,21.1,32,2.94,969.0,29.949,43.89,36.52,0,31.48
2015-04-19,109,13,36.8,37.9,22.3,36,1.04,936.0,32.58,45.89,39.31,0,39.28
2015-04-20,110,13,35.9,36.7,26.0,44,2.39,912.0,32.02,44.75,40.4,0,42.12
2015-04-21,111,12,37.6,39.8,23.0,37,2.41,968.0,32.463,46.53,41.27,0,41.07
2015-04-22,112,12,38.6,39.1,24.3,16,5.25,1003.0,28.134,46.00,36.58,0,32.28
2015-04-23,113,12,38.4,39.1,21.8,14,1.9,881.0,28.221,45.58,36.0,0,29.24
2015-04-24,114,14,38.4,38.4,21.7,20,0.89,803.0,30.58,45.74,37.18,0,34.25
2015-04-25,115,11,32.4,32.4,23.0,47,7.28,927.0,28.398,38.74,34.37,0,25.20
2015-04-26,116,14,31.5,31.7,21.6,44,4.9,736.0,27.243,37.02,32.26,0,19.82
2015-04-27,117,14,33.0,33.1,23.3,42,2.72,685.0,28.667,39.89,34.23,0,26.83
2015-04-28,118,13,33.7,34.3,23.1,45,3.16,759.0,29.708,40.93,36.23,0,30.06
2015-04-29,119,13,33.8,34.1,23.3,42,1.75,916.0,30.226,42.52,35.6,0,32.19
2015-04-30,120,13,34.3,34.9,23.1,42,0.76,836.0,31.589,43.13,36.5,0,35.30
2015-05-01,121,14,36.9,36.9,25.0,34,1.46,843.0,31.688,45.35,38.82,0,40.18
2015-05-02,122,10,34.8,37.1,24.7,32,0.2,846.0,31.282,41.52,34.81,0,34.80
2015-05-03,123,13,37.9,38.4,20.7,18,1.77,939.0,29.111,45.65,36.13,0,31.02
2015-05-04,124,12,38.8,39.5,21.5,15,2.75,1005.0,28.608,46.55,36.62,0,30.90
2015-05-05,125,12,39.4,40.1,23.0,15,2.24,1006.0,29.276,47.33,37.31,1,35.82
2015-05-06,126,12,40.1,41.1,24.0,19,2.0,990.0,31.0,48.50,39.21,2,43.46
2015-05-07,127,13,38.8,39.6,23.3,23,0.28,960.0,33.098,46.22,38.53,0,41.37
2015-05-08,128,13,38.0,39.2,26.1,35,0.5,946.0,34.631,47.41,41.28,0,49.42
2015-05-09,129,14,38.6,39.1,27.0,34,0.71,753.0,33.859,47.07,42.08,0,49.06
2015-05-10,130,12,38.7,41.2,25.1,34,2.05,978.0,33.063,47.88,42.28,1,47.67
2015-05-11,131,13,39.4,40.5,25.0,27,1.33,949.0,32.742,48.23,40.81,2,48.32
2015-05-12,132,14,35.3,36.8,27.4,42,0.42,819.0,33.241,44.18,38.43,0,44.91
2015-05-13,133,13,36.2,36.4,26.9,41,1.51,893.0,32.304,45.28,39.91,0,43.90
2015-05-14,134,12,37.0,37.3,26.6,40,3.2,928.0,32.097,45.38,41.21,0,43.72
2015-05-15,135,12,37.7,37.8,26.9,33,3.73,936.0,31.368,45.60,39.95,0,42.39
2015-05-16,136,11,35.8,36.0,25.9,30,1.84,855.0,29.808,43.73,35.86,0,35.40
2015-05-17,137,14,37.7,37.7,24.9,30,0.36,842.0,33.322,45.64,38.93,0,43.39
2015-05-18,138,12,37.9,39.2,27.7,33,0.51,920.0,34.078,46.97,40.32,0,49.57
2015-05-19,139,14,39.6,39.8,28.4,36,0.76,833.0,35.184,48.85,45.14,0,55.62
2015-05-20,140,13,39.7,40.3,26.9,24,5.66,954.0,30.856,47.59,40.23,1,44.63
2015-05-21,141,12,41.7,42.2,26.7,15,5.6,997.0,30.102,49.95,40.09,2,46.29
2015-05-22,142,12,42.1,42.7,27.7,17,4.08,994.0,31.259,50.47,41.31,3,52.14
2015-05-23,143,12,42.9,43.7,27.2,14,4.41,970.0,30.844,51.10,41.25,4,52.87
2015-05-24,144,12,42.2,43.9,27.1,17,3.1,988.0,31.586,50.66,41.44,5,55.58
2015-05-25,145,12,41.0,43.1,27.4,22,0.51,987.0,34.467,49.70,41.57,6,62.39
2015-05-26,146,13,41.5,42.6,29.8,32,1.7,932.0,35.172,51.06,47.27,7,69.62
2015-05-27,147,13,40.2,40.8,27.4,33,0.14,888.0,36.123,47.62,44.96,8,65.27
2015-05-28,148,10,38.4,41.9,27.4,26,0.85,854.0,32.125,46.55,38.82,9,54.66
2015-05-29,149,12,42.0,43.1,27.2,18,3.69,975.0,31.534,50.38,41.54,10,57.09
2015-05-30,150,12,40.9,42.3,27.8,25,2.68,966.0,32.734,49.68,42.62,11,59.96
2015-05-31,151,10,38.5,42.3,27.3,28,0.32,840.0,33.58,46.14,39.63,12,57.30
2015-06-01,152,14,40.9,41.0,25.8,18,2.42,820.0,30.859,48.59,40.0,13,52.32
2015-06-02,153,15,40.1,40.2,26.7,22,0.1,666.0,32.985,45.42,40.17,14,55.16
2015-06-03,154,13,40.9,41.1,27.5,23,1.63,898.0,32.699,49.43,41.8,15,59.06
2015-06-04,155,13,38.6,40.6,28.7,30,1.06,747.0,32.549,46.65,40.51,16,57.69
2015-06-05,156,12,39.0,40.4,28.1,33,2.42,917.0,32.851,47.76,42.46,17,59.08
2015-06-06,157,12,41.0,41.5,28.9,20,5.24,942.0,30.957,49.07,40.83,18,56.77
2015-06-07,158,12,40.9,42.0,28.7,20,3.57,967.0,31.243,49.15,40.68,19,57.08
2015-06-08,159,12,42.8,43.9,28.4,19,3.51,864.0,32.315,51.00,43.14,20,61.01
2015-06-09,160,13,44.5,44.6,30.1,16,6.26,925.0,32.333,53.66,44.25,21,65.37
2015-06-10,161,13,42.8,42.9,32.6,19,6.91,922.0,31.848,51.89,43.14,22,65.67
2015-06-11,162,13,41.3,41.6,32.7,25,5.15,849.0,32.312,49.29,43.33,23,64.86
2015-06-12,163,12,40.2,41.1,31.4,30,4.12,901.0,32.744,48.37,43.53,24,63.57
2015-06-13,164,11,39.2,39.2,30.1,33,2.42,843.0,32.898,47.69,42.87,0,51.60
2015-06-14,165,14,36.8,37.1,25.3,42,1.13,739.0,33.009,45.53,41.59,0,44.18
2015-06-15,166,15,37.0,37.0,25.8,41,0.14,624.0,33.935,43.56,41.62,0,45.10
2015-06-16,167,14,37.4,37.4,27.8,41,1.3,759.0,33.253,46.20,42.51,0,48.39
2015-06-17,168,13,37.1,37.1,28.9,42,1.89,824.0,32.863,45.98,42.26,0,48.67
2015-06-18,169,14,38.1,38.3,28.1,39,1.25,756.0,33.573,46.87,43.19,0,50.07
2015-06-19,170,14,38.3,38.3,27.9,43,4.74,717.0,33.085,45.73,45.59,0,48.99
2015-06-20,171,14,38.9,38.9,30.3,38,4.93,784.0,32.841,46.43,44.53,0,51.44
2015-06-21,172,14,39.2,39.2,31.2,36,6.0,771.0,32.587,46.65,44.24,0,52.06
2015-06-22,173,11,37.0,37.6,30.5,41,5.63,861.0,31.692,44.30,41.62,0,46.88
2015-06-23,174,13,38.6,38.8,29.3,38,3.01,859.0,33.103,47.07,43.86,0,50.98
2015-06-24,175,12,36.0,37.5,27.6,47,0.1,730.0,34.322,43.35,41.83,0,47.86
2015-06-25,176,13,31.7,32.1,26.3,60,3.71,402.0,29.063,37.17,36.38,0,29.92
2015-06-26,177,15,33.6,33.6,25.7,52,3.91,604.0,30.15,40.00,38.18,0,33.98
2015-06-27,178,14,34.9,35.3,26.1,53,4.39,699.0,31.532,42.00,41.64,0,39.79
2015-06-28,179,14,29.5,29.5,25.6,79,0.5,192.0,29.751,37.09,35.92,0,30.17
2015-06-29,180,11,28.2,28.2,25.2,78,4.31,337.0,27.502,33.16,32.28,0,21.26
2015-06-30,181,15,28.0,28.1,25.0,79,2.43,281.0,27.58,34.46,31.95,0,21.99
2015-07-01,182,14,32.1,32.1,25.2,60,3.01,588.0,29.943,39.35,37.31,0,32.22
2015-07-02,183,13,33.8,34.0,26.1,62,2.2,827.0,32.48,43.56,42.46,0,43.02
2015-07-03,184,14,35.2,35.2,27.9,57,4.27,743.0,32.423,43.10,44.2,0,45.32
2015-07-04,185,12,35.3,35.6,29.2,52,5.1,914.0,31.939,43.14,42.23,0,45.22
2015-07-05,186,14,36.9,36.9,27.3,48,2.28,737.0,33.248,45.68,44.52,0,48.16
2015-07-06,187,11,29.7,29.7,26.2,79,1.17,398.0,30.108,38.61,36.5,0,32.86
2015-07-07,188,14,28.7,29.3,25.9,80,1.63,286.0,28.625,36.27,33.92,0,27.06
2015-07-08,189,12,31.8,32.3,25.3,72,3.14,711.0,31.235,40.61,40.54,0,36.88
2015-07-09,190,14,32.2,32.2,26.2,67,0.32,427.0,32.287,40.52,39.9,0,39.62
2015-07-10,191,11,31.2,31.6,26.0,68,5.9,670.0,29.686,37.53,37.52,0,31.42
2015-07-11,192,13,28.9,28.9,24.7,74,7.61,263.0,27.356,31.90,33.25,0,19.85
2015-07-12,193,14,29.3,29.8,25.2,79,1.2,487.0,29.962,38.63,35.35,0,31.00
2015-07-13,194,11,31.5,32.8,25.6,74,2.24,742.0,31.526,41.39,40.35,0,38.28
2015-07-14,195,11,33.0,33.6,27.0,70,3.34,821.0,32.274,42.41,43.47,0,43.22
2015-07-15,196,11,33.0,33.9,28.4,68,4.4,749.0,31.71,41.11,42.62,0,42.53
2015-07-16,197,11,28.8,29.9,25.8,81,2.16,169.0,28.249,34.91,34.4,0,25.42
2015-07-17,198,14,29.8,29.8,25.3,73,2.9,326.0,28.707,36.06,35.26,0,26.86
2015-07-18,199,14,31.3,31.3,25.4,72,3.58,548.0,30.372,38.72,39.07,0,33.46
2015-07-19,200,14,32.8,32.8,26.2,69,3.77,720.0,31.712,41.22,42.42,0,39.97
2015-07-20,201,11,31.1,32.1,26.3,76,4.2,685.0,30.735,39.07,39.81,0,35.73
2015-07-21,202,12,31.4,32.2,26.9,72,4.3,716.0,30.612,39.14,39.36,0,36.08
2015-07-22,203,15,32.0,32.0,26.6,68,4.02,506.0,30.433,38.71,39.69,0,35.20
2015-07-23,204,16,30.8,30.8,26.6,69,4.46,374.0,29.093,36.03,36.78,0,29.65
2015-07-24,205,14,31.7,31.7,25.2,70,4.43,556.0,30.4,38.49,39.54,0,33.29
2015-07-25,206,12,31.2,31.2,25.3,72,4.47,773.0,30.474,39.01,38.78,0,33.63
2015-07-26,207,14,32.6,32.6,25.1,63,3.63,788.0,30.953,40.72,39.55,0,35.83
2015-07-27,208,12,32.1,32.2,25.3,59,3.05,811.0,30.193,40.31,37.0,0,33.38
2015-07-28,209,13,31.8,31.8,25.8,61,4.2,534.0,29.45,37.83,36.91,0,30.74
2015-07-29,210,12,31.7,32.4,25.9,58,4.52,931.0,29.532,39.15,35.82,0,31.56
2015-07-30,211,14,32.1,32.1,26.3,64,4.4,604.0,30.171,38.73,38.59,0,33.96
2015-07-31,212,13,32.1,32.1,26.2,64,3.28,711.0,30.565,40.08,38.59,0,35.56
2015-08-01,213,12,29.6,29.6,25.4,75,0.72,512.0,30.453,39.03,35.23,0,32.40
2015-08-02,214,14,32.1,32.1,25.4,66,1.1,666.0,31.779,41.81,39.27,0,38.42
2015-08-03,215,14,32.5,32.5,25.7,62,2.09,713.0,31.107,41.44,38.94,0,37.12
2015-08-04,216,13,32.5,32.5,27.3,62,4.72,705.0,30.414,39.41,38.94,0,36.21
2015-08-05,217,13,32.3,32.6,26.8,60,3.68,806.0,30.329,40.11,37.78,0,35.53
2015-08-06,218,12,32.2,32.2,25.3,58,2.8,756.0,30.151,40.32,36.93,0,33.28
2015-08-07,219,14,29.3,29.3,26.2,78,2.8,347.0,28.831,36.14,35.12,0,28.15
2015-08-08,220,14,31.6,31.8,25.3,70,0.58,529.0,32.145,41.17,39.26,0,38.53
2015-08-09,221,11,31.4,32.3,25.9,74,0.81,718.0,32.536,42.21,40.04,0,41.01
2015-08-10,222,13,33.3,33.3,25.9,68,1.56,645.0,32.718,43.27,43.55,0,43.43
2015-08-11,223,13,28.3,29.1,26.2,85,2.98,340.0,28.523,35.27,33.76,0,26.43
2015-08-12,224,13,32.7,32.7,25.1,67,2.2,612.0,31.639,41.65,41.32,0,38.45
2015-08-13,225,12,32.5,32.6,27.3,72,3.63,719.0,31.799,41.25,42.72,0,41.55
2015-08-14,226,12,33.1,33.3,27.3,68,2.56,870.0,32.461,43.18,42.93,0,44.28
2015-08-15,227,16,30.6,30.9,26.1,76,0.4,322.0,31.288,39.13,38.29,0,36.01
2015-08-16,228,13,30.4,30.8,25.8,81,0.42,657.0,32.976,41.52,39.23,0,40.93
2015-08-17,229,15,31.2,31.2,25.8,71,1.86,495.0,30.555,39.75,38.46,0,34.79
2015-08-18,230,12,29.1,29.7,25.5,80,0.57,380.0,30.275,38.19,35.02,0,31.50
2015-08-19,231,13,31.9,32.3,25.9,71,5.72,639.0,30.667,38.74,40.48,0,35.14
2015-08-20,232,13,32.2,32.3,26.4,66,4.8,722.0,30.617,39.41,39.54,0,35.76
2015-08-21,233,14,32.1,32.1,26.4,64,4.0,724.0,30.428,39.58,38.59,0,35.17
2015-08-22,234,15,30.4,30.4,24.3,72,2.77,520.0,29.643,38.11,36.57,0,29.43
2015-08-23,235,12,31.6,31.6,24.5,68,2.41,774.0,30.936,40.87,38.59,0,34.85
2015-08-24,236,14,31.5,31.5,24.9,74,3.58,648.0,30.96,39.73,40.35,0,35.19
2015-08-25,237,13,33.0,33.0,26.3,63,4.37,729.0,31.093,40.50,40.63,0,37.73
2015-08-26,238,13,33.4,33.4,26.7,69,2.5,764.0,32.707,43.34,44.31,0,44.67
2015-08-27,239,13,29.0,29.6,26.0,82,1.58,358.0,29.372,37.45,35.18,0,29.90
2015-08-28,240,14,31.3,31.3,25.5,72,1.63,533.0,30.968,40.39,39.07,0,35.91
2015-08-29,241,11,31.1,32.9,25.7,77,0.7,794.0,32.985,42.58,40.15,0,41.93
2015-08-30,242,14,33.7,33.7,26.4,62,3.18,709.0,31.845,42.10,42.17,0,41.00
2015-08-31,243,13,34.0,34.1,27.0,64,4.22,772.0,32.241,42.32,43.92,0,43.26
2015-09-01,244,11,33.1,33.8,26.2,61,5.1,866.0,31.014,40.69,40.14,0,37.43
2015-09-02,245,12,33.5,33.9,25.6,55,3.61,911.0,30.983,41.74,38.97,0,36.99
2015-09-03,246,12,33.6,34.0,24.6,54,2.14,877.0,31.402,42.78,38.86,0,37.32
2015-09-04,247,11,33.4,34.3,24.6,56,2.0,773.0,31.359,42.36,39.09,0,37.02
2015-09-05,248,12,34.3,34.7,24.7,47,3.93,889.0,30.53,41.85,38.04,0,34.82
2015-09-06,249,12,34.5,34.7,25.1,46,4.51,893.0,30.456,41.74,38.12,0,35.10
2015-09-07,250,12,33.9,34.6,24.0,50,3.58,870.0,30.638,41.71,38.17,0,34.15
2015-09-08,251,12,34.1,34.5,24.0,49,4.59,899.0,30.511,41.42,38.27,0,33.74
2015-09-09,252,12,33.9,34.6,24.2,50,4.32,900.0,30.518,41.37,38.17,0,33.91
2015-09-10,253,13,33.9,34.1,23.0,49,3.06,852.0,30.616,41.93,37.85,0,32.99
2015-09-11,254,13,33.0,33.0,26.2,69,1.5,755.0,32.831,43.53,43.04,0,43.99
2015-09-12,255,13,32.0,32.0,26.5,71,4.32,667.0,30.995,39.66,40.78,0,37.23
2015-09-13,256,14,32.9,32.9,26.4,64,0.3,604.0,33.28,41.93,40.73,0,43.05
2015-09-14,257,12,33.3,33.3,26.3,66,1.22,738.0,32.962,43.66,42.69,0,44.32
2015-09-15,258,14,32.2,32.2,25.9,68,2.24,626.0,31.294,41.12,40.26,0,37.96
2015-09-16,259,13,32.5,32.8,25.3,64,3.45,721.0,30.916,40.52,39.64,0,35.88
2015-09-17,260,13,32.2,32.3,26.0,68,5.2,716.0,30.783,39.40,40.26,0,35.87
2015-09-18,261,11,32.4,33.2,26.8,66,5.04,758.0,30.82,39.74,40.09,0,37.05
2015-09-19,262,13,34.0,34.0,26.6,57,2.78,752.0,31.686,42.51,40.96,0,40.78
2015-09-20,263,13,34.1,34.1,26.6,61,2.04,775.0,32.618,43.75,42.88,0,44.15
2015-09-21,264,15,31.5,31.8,25.9,65,0.64,345.0,30.666,39.31,37.38,0,34.39
2015-09-22,265,12,32.4,32.4,25.1,61,1.24,605.0,31.184,41.29,38.35,0,36.23
2015-09-23,266,11,31.7,32.4,26.6,63,5.04,617.0,29.608,37.83,37.27,0,32.10
2015-09-24,267,12,32.4,33.0,24.9,52,6.83,833.0,28.992,38.61,35.64,0,28.91
2015-09-25,268,11,31.7,32.9,22.5,45,4.22,844.0,27.82,38.19,32.76,0,22.53
2015-09-26,269,11,32.3,32.9,21.9,45,2.21,832.0,28.925,40.35,33.74,0,25.96
2015-09-27,270,10,31.9,33.0,22.3,49,1.04,716.0,29.705,40.34,33.95,0,27.85
2015-09-28,271,11,32.8,33.9,21.9,46,2.53,796.0,29.31,40.58,34.84,0,27.26
2015-09-29,272,11,32.5,33.3,21.7,47,0.51,823.0,31.299,41.57,34.55,0,31.62
2015-09-30,273,12,33.4,34.0,22.9,49,0.1,769.0,32.398,40.58,36.81,0,34.87
2015-10-01,274,11,33.8,34.9,25.3,48,0.4,777.0,32.646,42.69,37.32,0,39.85
2015-10-02,275,10,32.9,35.0,23.3,48,0.67,683.0,30.959,41.35,35.54,0,32.70
2015-10-03,276,13,34.4,34.6,19.7,32,4.77,821.0,28.059,40.53,34.22,0,24.63
2015-10-04,277,10,32.5,35.0,21.1,43,0.41,715.0,30.6,40.54,33.63,0,29.21
2015-10-05,278,12,33.7,34.6,22.4,44,1.08,830.0,30.848,42.48,35.95,0,32.41
2015-10-06,279,10,32.6,34.5,24.6,49,0.41,700.0,31.456,41.08,35.23,0,34.85
2015-10-07,280,11,33.4,34.3,22.7,41,0.45,801.0,31.375,41.98,34.66,0,32.92
2015-10-08,281,12,33.6,34.1,22.7,39,1.12,799.0,29.91,41.84,34.52,0,30.00
2015-10-09,282,12,34.1,34.9,22.4,39,4.16,786.0,28.992,40.56,35.35,0,27.29
2015-10-10,283,11,34.5,35.8,21.9,36,1.8,777.0,29.62,42.28,35.27,0,29.23
2015-10-11,284,13,34.9,35.1,21.6,37,0.22,689.0,31.701,41.55,36.19,0,32.97
2015-10-12,285,12,31.9,32.0,23.7,50,4.2,758.0,28.539,38.32,34.18,0,25.91
2015-10-13,286,13,31.9,31.9,23.3,51,1.36,690.0,29.59,40.22,34.42,0,28.88
2015-10-14,287,12,32.3,32.6,23.1,52,2.72,705.0,29.43,39.82,35.44,0,28.44
2015-10-15,288,13,31.8,31.8,23.9,52,1.8,680.0,29.312,39.85,34.47,0,28.81
2015-10-16,289,13,31.6,31.6,21.8,52,0.81,637.0,29.922,39.94,34.1,0,27.67
2015-10-17,290,12,32.2,32.9,21.8,46,1.66,693.0,28.997,40.03,33.79,0,25.88
2015-10-18,291,10,31.3,33.4,22.2,50,0.3,666.0,30.301,38.99,33.12,0,27.57
2015-10-19,292,11,32.2,33.5,21.6,48,0.36,759.0,31.156,40.58,34.25,0,30.52
2015-10-20,293,11,33.4,34.1,22.0,43,2.3,746.0,29.424,41.02,35.15,0,27.90
2015-10-21,294,12,34.2,34.7,21.1,34,3.49,771.0,28.405,40.77,34.34,0,25.50
2015-10-22,295,13,33.4,33.5,20.5,31,4.22,732.0,27.022,39.10,32.66,0,21.05
2015-10-23,296,13,32.6,32.6,18.7,26,4.85,750.0,25.411,37.82,31.05,0,16.48
2015-10-24,297,12,32.0,32.6,18.4,30,1.93,788.0,26.484,39.17,30.82,0,19.41
2015-10-25,298,13,32.4,32.4,19.3,35,1.53,704.0,27.696,39.67,31.99,0,22.49
2015-10-26,299,13,32.0,32.1,21.7,43,1.08,697.0,28.897,39.90,32.84,0,25.24
2015-10-27,300,12,31.3,32.0,19.3,38,1.48,767.0,27.373,39.00,31.01,0,21.03
2015-10-28,301,12,25.4,26.9,19.4,62,1.84,509.0,24.156,32.73,25.51,0,8.93
2015-10-29,302,13,24.8,24.8,18.1,61,3.0,635.0,23.352,31.50,24.86,0,6.53
2015-10-30,303,13,26.2,26.3,16.7,49,1.53,627.0,23.941,33.78,26.18,0,9.28
2015-10-31,304,12,28.2,29.0,18.2,48,1.9,746.0,25.651,36.00,28.49,0,14.67
2015-11-01,305,13,30.1,30.2,17.5,45,1.62,645.0,26.921,37.48,30.45,0,18.87
2015-11-02,306,13,29.6,29.7,18.8,49,1.14,592.0,27.218,37.20,30.33,0,19.18
2015-11-03,307,11,29.4,30.1,18.7,47,1.8,645.0,26.45,36.74,29.8,0,17.20
2015-11-04,308,11,29.8,29.8,18.8,42,3.26,702.0,25.741,35.95,29.69,0,15.25
2015-11-05,309,11,29.6,30.4,19.1,47,2.06,676.0,26.563,36.91,30.06,0,17.63
2015-11-06,310,11,29.3,30.2,18.2,45,1.3,705.0,26.581,37.15,29.44,0,17.61
2015-11-07,311,12,30.1,30.5,17.6,40,1.21,720.0,26.743,37.77,29.81,0,18.51
2015-11-08,312,14,30.3,30.3,18.7,42,0.73,550.0,27.332,37.36,30.3,0,19.50
2015-11-09,313,12,29.3,29.9,19.6,49,0.61,667.0,27.942,37.51,29.93,0,20.63
2015-11-10,314,10,27.9,30.3,18.4,49,0.8,594.0,26.105,35.65,28.25,0,15.19
2015-11-11,315,12,30.5,30.7,18.3,32,4.96,616.0,24.472,34.71,29.4,0,11.85
2015-11-12,316,12,28.3,29.2,16.2,37,2.72,725.0,23.965,34.76,27.72,0,10.30
2015-11-13,317,13,29.1,29.3,16.7,38,3.28,662.0,24.523,34.79,28.53,0,11.68
2015-11-14,318,12,29.6,30.3,17.6,43,3.49,697.0,25.634,35.55,29.57,0,14.72
2015-11-15,319,13,30.4,30.5,17.3,38,3.45,658.0,25.597,36.04,29.92,0,15.13
2015-11-16,320,13,31.1,31.1,17.2,35,4.27,651.0,25.59,36.09,30.37,0,15.32
2015-11-17,321,13,29.8,29.8,19.2,34,3.61,591.0,24.361,34.72,28.88,0,11.46
2015-11-18,322,13,27.8,27.9,14.7,29,2.11,673.0,22.546,34.22,26.91,0,6.97
2015-11-19,323,12,27.4,27.9,13.8,36,0.61,703.0,24.732,35.08,26.95,0,11.72
2015-11-20,324,12,27.4,27.9,14.8,39,0.95,699.0,24.511,35.10,27.11,0,11.36
2015-11-21,325,12,27.1,27.6,14.3,41,0.2,696.0,25.541,33.63,26.99,0,12.20
2015-11-22,326,11,26.9,27.6,15.5,42,0.8,650.0,24.537,34.60,26.89,0,11.01
2015-11-23,327,12,27.3,27.9,15.8,45,0.7,684.0,25.529,35.36,27.38,0,13.57
2015-11-24,328,12,27.3,28.0,16.0,44,2.11,664.0,24.105,34.30,27.32,0,10.09
2015-11-25,329,13,27.7,27.8,15.0,31,3.52,628.0,22.245,32.67,26.93,0,5.28
2015-11-26,330,12,26.3,27.3,13.2,35,1.65,670.0,22.359,33.38,26.1,0,6.01
2015-11-27,331,12,27.1,27.3,15.3,41,2.45,623.0,23.347,33.42,26.99,0,7.90
2015-11-28,332,13,27.8,27.8,19.5,43,4.21,486.0,23.556,31.69,27.69,0,7.31
2015-11-29,333,15,28.6,28.8,19.4,51,0.76,294.0,25.977,34.46,29.26,0,14.47
2015-11-30,334,11,28.5,30.0,19.6,55,0.81,614.0,27.39,36.75,29.59,0,18.91
2015-12-01,335,13,29.8,29.9,18.8,50,4.11,571.0,26.367,34.93,30.76,0,16.09
2015-12-02,336,12,26.2,26.4,18.5,60,2.28,602.0,24.715,33.51,26.32,0,10.55
2015-12-03,337,13,26.9,26.9,17.7,42,3.28,627.0,23.067,32.44,26.89,0,6.67
2015-12-04,338,13,25.1,25.3,14.6,43,2.53,617.0,21.796,31.43,24.94,0,3.92
2015-12-05,339,12,24.7,25.3,14.0,49,1.7,661.0,22.563,32.43,24.6,0,5.71
2015-12-06,340,12,24.6,24.8,15.5,51,1.12,580.0,22.926,32.44,24.52,0,6.40
2015-12-07,341,11,24.6,25.6,14.7,51,0.78,609.0,23.429,32.81,24.52,0,7.62
2015-12-08,342,11,24.0,24.8,14.2,53,1.39,618.0,22.46,32.02,23.92,0,5.21
2015-12-09,343,13,24.9,24.9,13.4,50,1.21,574.0,22.992,32.56,24.83,0,6.61
2015-12-10,344,13,25.9,26.2,15.3,48,0.85,610.0,24.167,33.78,25.85,0,9.71
2015-12-11,345,14,25.9,25.9,17.2,49,5.06,458.0,22.414,28.90,25.86,0,2.88
2015-12-12,346,11,23.1,23.6,12.8,57,2.31,606.0,21.536,30.33,23.03,0,3.13
2015-12-13,347,13,21.1,21.2,11.1,44,1.81,635.0,18.714,28.84,20.76,0,2.05
2015-12-14,348,11,20.0,20.3,11.5,48,3.45,629.0,17.566,25.65,19.65,0,0.00
2015-12-15,349,13,20.5,20.7,9.7,39,3.69,641.0,17.09,25.61,20.06,0,0.00
2015-12-16,350,13,20.6,20.8,8.0,42,0.28,636.0,19.766,28.54,20.21,0,1.83
2015-12-17,351,13,20.9,21.0,8.0,44,1.2,637.0,18.964,29.33,20.55,0,2.41
2015-12-18,352,13,21.3,21.5,8.8,40,3.67,636.0,17.883,26.40,20.91,0,0.29
2015-12-19,353,13,21.0,21.3,8.4,38,2.42,642.0,17.759,27.85,20.57,0,1.33
2015-12-20,354,12,20.2,20.7,9.3,40,0.45,669.0,19.328,29.44,19.76,0,2.48
2015-12-21,355,13,20.0,20.2,7.4,41,0.76,638.0,18.425,28.92,19.56,0,2.11
2015-12-22,356,13,20.7,20.8,7.2,40,1.61,635.0,18.071,28.62,20.28,0,1.90
2015-12-23,357,13,20.2,20.4,7.2,42,1.5,636.0,17.91,28.41,19.79,0,1.74
2015-12-24,358,13,20.9,21.1,8.6,40,3.31,631.0,17.605,26.48,20.5,0,0.35
2015-12-25,359,13,20.2,20.5,8.8,35,3.54,643.0,16.45,25.46,19.69,0,0.00
2015-12-26,360,14,20.7,20.8,8.1,33,3.1,544.0,16.578,25.83,20.19,0,0.00
2015-12-27,361,14,22.2,22.2,9.3,36,3.67,537.0,18.052,26.49,21.81,0,0.36
2015-12-28,362,14,23.7,23.8,10.6,40,3.99,535.0,19.736,27.72,23.43,0,1.24
2015-12-29,363,14,24.2,24.2,11.8,35,4.22,550.0,19.568,27.95,23.89,0,1.41
2015-12-30,364,13,23.1,23.5,9.5,46,1.35,633.0,20.983,31.04,22.88,0,3.64
2015-12-31,365,12,23.0,24.2,10.2,52,0.41,659.0,22.997,31.76,22.86,0,6.04
2016-01-01,1,13,23.0,23.3,10.6,50,0.14,639.0,22.724,29.71,22.83,0,4.05
2016-01-02,2,12,22.7,23.7,9.2,44,2.02,671.0,20.098,30.18,22.44,0,3.02
2016-01-03,3,14,22.8,22.8,9.2,36,2.47,562.0,18.907,28.79,22.44,0,2.02
2016-01-04,4,13,22.6,22.8,10.4,44,0.58,642.0,21.395,31.14,22.33,0,3.71
2016-01-05,5,13,23.8,24.1,11.1,44,2.05,638.0,20.988,30.92,23.59,0,3.55
2016-01-06,6,14,25.3,25.3,11.3,46,0.51,548.0,23.87,32.95,25.19,0,8.55
2016-01-07,7,14,25.8,25.8,12.6,48,0.42,550.0,24.705,33.37,25.74,0,10.43
2016-01-08,8,11,24.3,25.6,13.6,56,2.97,610.0,22.341,30.65,24.27,0,4.00
2016-01-09,9,12,22.9,23.4,13.6,38,6.28,690.0,18.759,25.80,22.57,0,0.00
2016-01-10,10,13,22.6,22.9,10.2,39,3.34,668.0,19.029,28.26,22.27,0,1.63
2016-01-11,11,13,22.9,23.1,11.4,44,2.33,659.0,20.12,29.92,22.65,0,2.83
2016-01-12,12,12,22.6,23.3,11.5,47,1.49,685.0,20.657,30.84,22.37,0,3.49
2016-01-13,13,12,23.2,24.2,11.3,48,0.6,679.0,22.416,31.99,23.01,0,5.11
2016-01-14,14,12,23.7,24.0,13.5,52,1.43,687.0,22.213,32.06,23.59,0,4.78
2016-01-15,15,13,23.4,23.5,11.6,48,3.66,673.0,20.64,28.96,23.22,0,2.14
2016-01-16,16,13,20.2,20.6,10.0,45,4.37,694.0,17.385,24.90,19.83,0,0.00
2016-01-17,17,11,18.1,19.4,9.1,48,0.5,660.0,18.058,28.16,17.66,0,1.56
2016-01-18,18,14,20.7,20.8,7.8,53,2.42,590.0,18.879,27.72,20.45,0,1.24
2016-01-19,19,12,15.1,15.1,10.0,85,2.9,315.0,15.526,20.47,14.99,0,0.00
2016-01-20,20,11,16.6,18.2,10.2,62,1.27,656.0,16.647,26.63,16.27,0,0.46
2016-01-21,21,13,18.5,18.7,9.0,54,3.55,660.0,16.786,24.46,18.16,0,0.00
2016-01-22,22,14,18.0,18.1,7.2,49,2.91,627.0,15.992,24.66,17.57,0,0.00
2016-01-23,23,13,19.1,19.5,5.9,53,2.65,709.0,17.57,26.71,18.77,0,0.51
2016-01-24,24,12,20.1,21.1,8.1,54,1.22,716.0,19.375,29.50,19.84,0,2.53
2016-01-25,25,13,21.0,21.4,9.9,50,1.9,716.0,19.337,29.33,20.73,0,2.41
2016-01-26,26,14,20.9,21.0,8.5,50,0.4,590.0,20.657,29.54,20.63,0,2.56
2016-01-27,27,13,21.5,21.9,8.5,50,0.42,705.0,21.594,30.79,21.26,0,3.46
2016-01-28,28,12,22.3,23.6,10.4,55,1.43,720.0,21.311,31.16,22.16,0,3.73
2016-01-29,29,11,21.7,23.8,10.8,60,0.63,662.0,22.113,31.21,21.6,0,3.98
2016-01-30,30,14,26.7,26.7,12.0,51,3.47,619.0,23.888,32.38,27.2,0,8.25
2016-01-31,31,13,26.2,26.7,14.6,49,3.89,714.0,23.28,31.86,26.18,0,6.65
2016-02-01,32,12,23.6,24.8,14.4,42,3.08,625.0,20.221,29.37,23.36,0,2.43
2016-02-02,33,14,23.4,23.4,13.0,37,3.53,661.0,19.437,28.70,23.08,0,1.95
2016-02-03,34,14,21.6,21.6,9.8,36,4.97,679.0,17.561,25.33,21.18,0,0.00
2016-02-04,35,14,21.6,21.6,9.5,42,1.79,676.0,19.047,29.46,21.26,0,2.50
2016-02-05,36,14,22.9,23.0,8.4,42,1.96,674.0,20.094,30.36,22.62,0,3.15
2016-02-06,37,13,22.6,22.9,12.1,44,1.46,688.0,20.372,30.77,22.33,0,3.44
2016-02-07,38,14,24.2,24.2,13.6,48,4.47,546.0,21.005,28.09,24.06,0,1.51
2016-02-08,39,12,23.0,24.1,11.9,56,0.32,767.0,23.752,31.98,22.91,0,7.63
2016-02-09,40,14,24.1,24.1,11.5,45,2.3,678.0,21.338,31.19,23.92,0,3.75
2016-02-10,41,13,24.1,24.4,11.4,44,2.01,770.0,21.531,31.96,23.91,0,4.30
2016-02-11,42,13,24.9,25.3,11.0,38,0.41,776.0,23.524,33.27,24.67,0,8.13
2016-02-12,43,12,25.8,26.7,12.5,36,2.6,794.0,21.854,32.75,25.59,0,4.87
2016-02-13,44,14,27.5,27.5,12.5,30,1.61,690.0,22.747,34.41,26.74,0,7.49
2016-02-14,45,12,27.1,27.8,14.0,36,2.11,782.0,23.146,34.37,26.74,0,8.21
2016-02-15,46,13,27.1,27.3,14.4,36,0.63,785.0,24.664,35.22,26.74,0,11.69
2016-02-16,47,12,25.8,26.0,16.7,41,0.98,597.0,23.06,33.19,25.65,0,7.19
2016-02-17,48,14,29.4,29.4,14.9,34,4.06,690.0,24.099,34.49,28.49,0,10.65
2016-02-18,49,14,31.5,31.5,16.9,32,4.27,691.0,25.528,36.67,30.48,0,15.66
2016-02-19,50,14,32.6,32.6,18.6,36,5.22,695.0,26.945,37.69,32.42,0,19.80
2016-02-20,51,12,29.5,29.9,20.0,44,1.56,508.0,25.974,36.06,29.57,0,15.73
2016-02-21,52,13,27.1,27.3,17.6,48,6.07,802.0,23.767,31.75,27.39,0,7.63
2016-02-22,53,14,27.0,27.1,15.2,33,6.17,750.0,21.72,30.87,26.54,0,3.51
2016-02-23,54,13,27.0,27.3,13.6,29,4.34,840.0,21.536,32.36,26.38,0,4.59
2016-02-24,55,12,26.8,27.6,14.9,33,0.54,844.0,24.422,35.13,26.41,0,11.17
2016-02-25,56,14,27.9,27.9,12.9,35,1.55,739.0,23.931,35.28,27.27,0,10.45
2016-02-26,57,14,28.6,28.6,15.9,37,3.13,727.0,24.105,34.70,27.98,0,10.63
2016-02-27,58,13,27.5,27.8,15.1,46,2.19,664.0,24.489,34.52,27.63,0,11.09
2016-02-28,59,14,29.1,29.1,15.3,40,0.89,712.0,26.232,36.85,28.71,0,16.47
2016-02-29,60,14,29.1,29.2,16.2,38,0.22,632.0,26.668,35.19,28.53,0,16.02
2016-03-01,61,11,28.5,29.8,16.1,37,0.36,798.0,26.56,36.18,27.9,0,16.30
2016-03-02,62,12,29.8,30.8,17.3,37,0.6,850.0,27.368,38.09,29.15,0,19.67
2016-03-03,63,12,31.6,32.7,18.9,39,2.8,850.0,27.269,38.87,31.55,0,20.94
2016-03-04,64,12,32.6,33.6,18.1,33,3.23,854.0,27.087,39.43,31.94,0,21.14
2016-03-05,65,13,32.1,32.4,18.7,35,1.0,834.0,28.241,40.12,31.6,0,23.70
2016-03-06,66,12,29.4,30.6,19.0,42,2.6,850.0,25.836,36.82,29.23,0,15.89
2016-03-07,67,13,30.8,31.0,18.8,40,0.36,837.0,29.078,38.81,30.66,0,23.98
2016-03-08,68,13,30.0,30.4,19.1,45,2.31,847.0,26.867,37.83,30.32,0,18.97
2016-03-09,69,12,30.9,31.5,19.2,32,4.21,873.0,25.299,36.91,29.82,0,15.16
2016-03-10,70,13,30.9,31.2,18.1,31,5.07,874.0,24.993,36.44,29.72,0,14.20
2016-03-11,71,13,33.0,33.4,18.6,33,3.98,857.0,27.246,39.42,32.46,0,21.63
2016-03-12,72,12,32.5,33.0,20.3,33,1.97,829.0,27.445,40.03,31.81,0,22.21
2016-03-13,73,13,29.6,29.6,19.1,51,2.38,766.0,27.089,37.30,30.62,0,19.12
2016-03-14,74,13,28.4,28.6,18.2,44,0.7,808.0,26.722,36.95,28.35,0,17.33
2016-03-15,75,12,28.1,28.8,14.7,35,3.64,900.0,23.538,34.51,27.43,0,9.21
2016-03-16,76,12,29.2,30.3,16.4,24,5.58,947.0,22.47,34.51,27.74,0,7.31
2016-03-17,77,14,30.7,30.9,15.6,27,2.91,771.0,24.489,36.96,29.19,0,13.43
2016-03-18,78,12,30.7,31.4,18.3,30,1.3,717.0,25.69,37.76,29.43,0,16.37
2016-03-19,79,12,33.2,33.9,18.3,29,1.3,852.0,27.881,40.92,32.1,0,23.78
2016-03-20,80,12,34.3,34.8,19.7,30,3.81,879.0,27.892,41.04,33.69,0,24.48
2016-03-21,81,14,34.4,34.4,20.4,13,7.63,829.0,23.739,40.19,31.89,0,15.35
2016-03-22,82,14,30.9,31.0,18.7,17,7.14,854.0,22.168,35.83,28.9,0,8.13
2016-03-23,83,14,32.0,32.3,17.2,21,3.83,847.0,24.306,37.96,30.03,0,14.12
2016-03-24,84,14,33.1,33.1,18.9,26,0.54,825.0,28.461,40.55,31.6,0,24.42
2016-03-25,85,13,34.9,35.2,19.0,26,0.3,915.0,30.474,42.05,33.78,0,30.12
2016-03-26,86,10,33.2,36.8,20.2,33,0.36,722.0,29.718,40.29,32.73,0,27.03
2016-03-27,87,14,33.5,34.1,23.2,33,4.4,664.0,27.306,38.86,33.14,0,22.99
2016-03-28,88,13,33.6,34.1,21.1,31,3.89,835.0,27.404,40.01,32.92,0,22.53
2016-03-29,89,13,33.1,33.4,18.5,24,3.5,928.0,25.957,39.83,31.38,0,19.09
2016-03-30,90,12,33.5,34.3,19.2,28,0.67,939.0,29.1,41.60,32.33,0,26.66
2016-03-31,91,12,35.3,36.1,21.0,25,2.61,947.0,28.229,42.93,34.13,0,26.65
2016-04-01,92,11,33.4,36.9,20.9,33,0.6,881.0,29.904,41.65,33.0,0,28.46
2016-04-02,93,12,34.3,36.7,23.8,40,0.81,934.0,31.432,43.37,35.95,0,35.79
2016-04-03,94,12,35.8,37.9,24.9,39,0.64,928.0,32.938,45.04,38.41,0,42.04
2016-04-04,95,11,36.1,38.5,25.5,38,2.28,863.0,31.226,44.41,38.66,0,39.15
2016-04-05,96,12,38.5,39.0,25.4,22,4.41,954.0,29.649,46.01,37.82,0,36.89
2016-04-06,97,15,36.9,36.9,24.5,20,4.11,663.0,27.577,42.67,35.27,0,28.57
2016-04-07,98,11,36.3,36.3,23.5,22,3.18,866.0,28.083,43.34,34.88,0,28.70
2016-04-08,99,11,35.9,37.1,20.2,20,0.2,914.0,30.007,41.90,34.07,0,29.24
2016-04-09,100,13,38.4,38.5,23.3,13,5.06,956.0,27.105,45.36,35.84,0,28.43
2016-04-10,101,12,39.4,39.5,24.5,15,5.15,967.0,28.425,46.81,37.31,0,33.92
2016-04-11,102,12,39.1,39.1,25.8,16,5.46,912.0,28.369,46.28,37.17,0,34.90
2016-04-12,103,13,35.9,36.2,25.7,15,7.94,976.0,25.504,42.95,33.48,0,25.59
2016-04-13,104,14,37.3,37.3,24.2,16,7.27,873.0,26.764,44.17,35.09,0,27.70
2016-04-14,105,12,38.4,38.9,24.4,18,4.73,984.0,28.576,45.79,36.74,0,33.14
2016-04-15,106,13,41.0,41.3,24.5,17,4.97,948.0,30.199,48.90,39.82,1,41.38
2016-04-16,107,12,40.7,41.3,24.2,19,4.93,977.0,30.557,48.74,40.05,2,43.35
2016-04-17,108,13,39.8,40.4,27.0,23,0.9,841.0,32.469,47.83,40.05,3,51.23
2016-04-18,109,12,38.7,39.8,25.1,27,1.91,963.0,31.754,47.37,39.63,0,42.17
2016-04-19,110,11,39.0,40.5,25.1,23,2.9,943.0,30.645,47.08,38.83,1,41.24
2016-04-20,111,12,39.5,40.3,28.2,21,4.81,778.0,29.894,46.44,38.97,2,44.69
2016-04-21,112,13,39.4,39.6,27.7,14,7.87,970.0,27.815,47.57,37.1,0,36.97
2016-04-22,113,12,40.4,40.7,26.3,15,6.02,982.0,29.061,48.30,38.49,1,40.40
2016-04-23,114,12,39.0,39.1,25.5,15,5.0,982.0,28.17,46.36,36.84,0,34.10
2016-04-24,115,12,38.5,38.8,23.5,9,5.63,1026.0,25.891,45.45,34.99,0,26.12
2016-04-25,116,13,39.4,39.4,22.7,8,6.28,985.0,26.026,46.45,35.63,0,26.40
2016-04-26,117,13,40.9,40.9,25.0,10,4.25,948.0,28.059,48.11,37.62,1,36.53
2016-04-27,118,12,40.7,40.7,26.4,12,3.3,946.0,28.821,48.17,38.02,2,41.46
2016-04-28,119,13,41.3,41.3,24.8,9,4.61,962.0,27.926,48.53,37.74,3,39.73
2016-04-29,120,13,41.4,41.4,24.1,9,4.66,979.0,28.008,48.73,37.84,4,40.91
2016-04-30,121,10,39.5,41.8,23.2,10,2.06,868.0,27.649,46.27,36.2,5,38.47
2016-05-01,122,12,40.8,41.3,22.7,12,4.46,1010.0,28.704,48.46,38.13,6,43.84
2016-05-02,123,12,40.2,41.8,24.7,16,0.5,1003.0,32.349,48.07,38.51,7,52.92
2016-05-03,124,12,37.9,38.4,27.4,33,4.1,894.0,31.396,45.53,40.32,0,43.11
2016-05-04,125,14,36.8,36.9,26.7,33,2.24,842.0,30.954,44.85,38.32,0,40.23
2016-05-05,126,11,36.0,36.0,25.9,36,5.03,928.0,30.184,43.09,37.83,0,36.38
2016-05-06,127,12,34.9,35.6,25.6,35,0.22,953.0,32.185,42.44,35.67,0,38.53
2016-05-07,128,11,35.3,36.9,24.3,33,0.3,896.0,32.022,43.03,35.81,0,37.19
2016-05-08,129,14,36.8,36.8,26.0,27,1.58,643.0,29.789,43.76,36.63,0,35.79
2016-05-09,130,14,38.1,38.1,26.1,29,1.81,804.0,31.441,46.14,39.28,0,41.73
2016-05-10,131,14,38.6,38.6,26.7,28,0.51,826.0,33.427,46.87,39.8,0,46.90
2016-05-11,132,14,35.9,35.9,26.7,41,0.7,735.0,32.688,44.44,39.29,0,43.57
2016-05-12,133,11,35.7,38.7,26.6,40,0.3,825.0,33.3,43.82,38.55,0,43.88
2016-05-13,134,12,37.3,39.2,27.8,38,0.51,858.0,34.265,46.48,41.05,0,49.95
2016-05-14,135,14,40.7,40.8,27.9,29,0.5,766.0,35.212,49.15,44.04,1,56.57
2016-05-15,136,12,38.9,41.1,28.7,37,0.76,964.0,35.084,48.68,44.06,2,58.59
2016-05-16,137,10,37.8,42.9,27.0,34,1.43,844.0,32.476,46.43,40.51,3,50.40
2016-05-17,138,14,42.4,42.4,26.4,17,2.71,856.0,31.668,50.40,41.72,4,53.16
2016-05-18,139,14,41.2,41.3,27.5,23,0.2,856.0,34.7,48.05,42.29,5,60.35
2016-05-19,140,12,39.5,40.1,28.8,33,4.62,966.0,32.735,47.77,43.48,6,60.07
2016-05-20,141,15,38.6,38.6,27.4,36,3.77,680.0,32.282,45.74,42.94,0,45.91
2016-05-21,142,14,37.1,37.1,25.8,40,3.41,834.0,31.988,44.98,41.43,0,42.38
2016-05-22,143,14,38.3,38.5,26.4,37,0.22,831.0,35.069,46.14,42.74,0,50.22
2016-05-23,144,16,37.4,37.5,29.6,41,1.14,489.0,32.72,44.82,42.51,0,48.48
2016-05-24,145,13,35.9,36.6,26.7,46,2.84,880.0,32.094,44.47,41.19,0,43.17
2016-05-25,146,13,38.0,38.0,25.6,33,4.37,858.0,31.378,45.41,40.51,0,40.96
2016-05-26,147,15,36.8,36.8,25.4,41,1.36,661.0,32.457,44.98,41.18,0,42.70
2016-05-27,148,12,37.5,39.2,27.7,44,2.0,834.0,33.486,46.65,44.11,0,49.63
2016-05-28,149,14,37.0,37.1,26.2,43,0.41,814.0,34.872,46.25,42.47,0,49.60
2016-05-29,150,13,33.3,33.8,25.2,48,1.25,842.0,30.888,42.33,36.31,0,35.78
2016-05-30,151,14,33.2,33.6,23.6,54,0.67,780.0,32.293,42.71,37.94,0,37.44
2016-05-31,152,10,33.4,36.3,25.3,52,0.14,800.0,32.894,41.06,37.74,0,39.30
2016-06-01,153,10,34.5,38.0,27.0,50,0.6,811.0,33.199,44.05,39.51,0,44.68
2016-06-02,154,13,36.9,37.3,27.9,45,2.52,877.0,32.945,45.86,43.12,0,47.90
2016-06-03,155,14,38.5,38.5,29.3,39,2.12,777.0,33.386,47.13,44.1,0,51.64
2016-06-04,156,11,37.5,37.5,30.3,42,3.83,822.0,32.541,45.37,43.18,0,49.60
2016-06-05,157,13,39.0,39.1,30.1,38,3.72,806.0,33.18,47.02,44.76,0,52.35
2016-06-06,158,13,39.4,39.4,29.3,36,2.04,821.0,33.756,48.23,44.69,0,53.36
2016-06-07,159,13,38.9,39.2,27.3,40,2.01,903.0,34.183,48.34,45.53,0,52.22
2016-06-08,160,14,37.7,38.0,28.0,41,0.22,793.0,35.103,45.69,43.19,0,51.99
2016-06-09,161,15,38.1,38.1,29.2,39,0.51,661.0,34.52,46.58,43.19,0,52.93
2016-06-10,162,14,39.1,39.5,29.1,37,0.54,789.0,35.345,48.21,44.5,0,56.04
2016-06-11,163,11,38.5,40.6,30.1,40,0.54,883.0,35.61,48.25,44.58,1,59.44
2016-06-12,164,14,39.5,39.7,30.6,33,3.51,791.0,32.726,47.35,43.48,0,51.84
2016-06-13,165,12,39.7,40.6,28.4,34,4.0,833.0,33.036,47.68,44.37,1,52.10
2016-06-14,166,13,38.7,38.8,29.4,37,6.85,862.0,32.355,46.57,43.61,0,49.23
2016-06-15,167,11,36.1,37.9,28.3,46,1.2,841.0,33.153,45.51,41.65,0,47.96
2016-06-16,168,14,35.0,35.0,27.1,51,1.65,736.0,32.285,43.94,41.07,0,43.57
2016-06-17,169,11,34.6,35.2,27.0,54,3.07,834.0,31.891,43.14,41.29,0,42.22
2016-06-18,170,13,35.3,35.3,28.2,51,4.81,537.0,31.306,41.37,41.81,0,41.42
2016-06-19,171,14,35.8,35.8,27.9,50,4.04,683.0,31.972,43.04,42.63,0,43.85
2016-06-20,172,15,34.8,34.8,26.9,56,1.77,528.0,32.246,43.08,42.65,0,43.23
2016-06-21,173,14,32.2,32.3,26.5,66,0.63,455.0,31.889,41.03,39.54,0,39.45
2016-06-22,174,14,29.2,30.1,26.2,84,0.1,398.0,31.123,37.49,36.25,0,33.87
2016-06-23,175,11,31.5,33.2,26.3,70,0.45,656.0,32.832,41.78,38.97,0,41.32
2016-06-24,176,12,33.3,33.3,27.3,65,2.16,660.0,32.081,42.50,42.27,0,42.83
2016-06-25,177,14,33.9,34.3,26.9,64,2.11,625.0,32.475,43.08,43.62,0,44.02
2016-06-26,178,15,34.4,34.4,27.5,60,2.02,605.0,32.445,43.25,43.3,0,44.67
2016-06-27,179,13,33.6,33.6,26.8,64,3.54,664.0,31.835,41.70,42.73,0,41.37
2016-06-28,180,13,34.9,35.2,28.1,58,5.15,796.0,32.209,42.66,43.82,0,44.69
2016-06-29,181,13,35.6,35.6,29.1,53,4.82,780.0,32.216,43.17,43.45,0,46.10
2016-06-30,182,12,35.6,35.7,29.0,51,2.83,822.0,32.449,44.29,42.56,0,46.90
2016-07-01,183,13,33.9,33.9,26.3,65,1.32,576.0,32.933,43.52,44.07,0,44.67
2016-07-02,184,13,29.2,29.2,26.0,82,2.89,409.0,29.278,36.74,35.77,0,29.44
2016-07-03,185,11,29.8,31.0,25.7,79,0.28,511.0,31.651,39.08,36.79,0,35.64
2016-07-04,186,17,31.1,31.1,25.9,67,0.5,212.0,30.097,37.98,36.97,0,32.21
2016-07-05,187,13,28.4,28.4,26.5,85,2.86,256.0,28.42,34.87,34.05,0,26.41
2016-07-06,188,15,30.6,30.6,25.3,72,4.38,471.0,29.432,36.70,37.11,0,29.38
2016-07-07,189,13,33.2,33.2,26.1,65,4.08,695.0,31.521,41.01,41.98,0,39.18
2016-07-08,190,11,31.8,31.8,26.4,71,4.34,578.0,30.658,38.91,40.18,0,35.72
2016-07-09,191,13,33.5,33.5,27.9,65,3.91,681.0,31.813,41.49,42.86,0,42.51
2016-07-10,192,13,33.8,33.8,27.0,66,3.05,785.0,32.585,43.16,44.21,0,44.63
2016-07-11,193,12,30.6,30.6,26.9,75,4.42,509.0,29.821,37.19,37.99,0,32.66
2016-07-12,194,13,32.1,32.1,27.0,69,5.56,595.0,30.584,38.65,40.34,0,36.15
2016-07-13,195,15,32.1,32.1,26.9,70,2.79,507.0,31.01,40.09,40.7,0,38.01
2016-07-14,196,12,33.4,33.6,26.2,67,1.86,760.0,32.755,43.59,43.42,0,44.03
2016-07-15,197,14,33.0,33.0,26.6,68,1.8,558.0,32.1,42.23,42.62,0,41.98
2016-07-16,198,13,30.6,30.6,25.7,77,3.4,452.0,30.097,37.90,38.6,0,32.52
2016-07-17,199,13,28.2,28.2,25.6,81,3.23,185.0,27.545,33.12,32.77,0,21.96
2016-07-18,200,14,30.1,30.1,25.1,76,5.21,433.0,29.217,35.66,36.85,0,27.89
2016-07-19,201,15,32.6,32.6,25.7,67,2.53,361.0,30.873,39.77,41.03,0,36.24
2016-07-20,202,12,33.4,33.9,26.8,69,3.86,814.0,32.405,42.46,44.31,0,43.58
2016-07-21,203,14,33.6,33.6,26.7,67,1.84,565.0,32.547,42.96,44.04,0,43.99
2016-07-22,204,11,31.9,31.9,26.3,72,1.87,565.0,31.494,41.18,40.85,0,39.06
2016-07-23,205,15,31.1,31.5,24.9,74,1.84,517.0,30.853,40.09,39.14,0,34.80
2016-07-24,206,13,33.4,33.4,26.0,61,1.4,721.0,32.256,43.03,40.94,0,41.52
2016-07-25,207,13,31.5,31.6,25.6,77,2.61,588.0,31.429,40.69,41.44,0,37.99
2016-07-26,208,16,29.9,29.9,25.8,82,4.32,360.0,29.617,36.10,37.92,0,30.18
2016-07-27,209,16,30.2,30.2,25.2,74,3.61,389.0,29.219,36.45,36.58,0,28.48
2016-07-28,210,13,30.8,31.5,25.4,79,2.56,814.0,31.394,41.02,39.87,0,37.35
2016-07-29,211,15,30.1,30.3,25.5,73,2.65,500.0,29.455,37.83,36.05,0,30.07
2016-07-30,212,11,29.5,30.4,25.6,85,3.47,452.0,29.856,37.20,37.47,0,31.02
2016-07-31,213,15,30.1,30.6,25.3,76,1.7,454.0,30.018,38.75,36.85,0,31.87
2016-08-01,214,14,27.0,27.2,24.8,94,2.72,232.0,27.886,33.89,31.8,0,21.87
2016-08-02,215,14,32.7,32.7,25.4,68,3.67,683.0,31.463,40.86,41.72,0,38.05
2016-08-03,216,12,32.3,32.3,26.2,67,5.9,746.0,30.715,39.38,40.18,0,35.93
2016-08-04,217,13,32.7,32.9,27.0,62,5.72,726.0,30.495,39.43,39.46,0,36.21
2016-08-05,218,13,33.5,33.6,27.5,62,5.22,794.0,31.398,41.01,41.61,0,40.45
2016-08-06,219,14,33.0,33.0,27.9,67,5.52,771.0,31.456,40.62,42.21,0,40.96
2016-08-07,220,11,30.9,30.9,27.3,72,6.21,636.0,29.767,37.22,37.93,0,33.03
2016-08-08,221,16,28.5,28.5,25.4,83,2.27,215.0,28.305,35.07,33.95,0,25.01
2016-08-09,222,11,29.6,30.7,25.0,79,2.73,540.0,29.674,37.90,36.21,0,30.02
2016-08-10,223,15,30.2,30.2,26.2,76,3.04,330.0,29.397,36.78,37.13,0,30.43
2016-08-11,224,13,30.8,30.8,25.3,80,2.47,635.0,31.213,40.43,40.21,0,36.59
2016-08-12,225,13,31.7,31.8,25.3,71,2.2,599.0,31.121,40.68,39.89,0,36.48
2016-08-13,226,14,32.9,32.9,26.4,69,0.81,685.0,33.313,43.47,42.73,0,44.98
2016-08-14,227,12,32.9,33.6,26.5,65,0.82,730.0,32.948,43.18,41.12,0,43.59
2016-08-15,228,11,29.6,30.6,25.9,81,1.0,448.0,30.524,39.13,36.72,0,33.75
2016-08-16,229,13,31.8,31.9,25.6,75,3.2,673.0,31.49,40.74,41.66,0,38.23
2016-08-17,230,15,31.2,31.2,25.0,71,1.28,388.0,30.576,39.54,38.46,0,33.74
2016-08-18,231,11,31.7,31.7,25.9,70,1.9,684.0,31.317,41.24,39.54,0,37.82
2016-08-19,232,15,30.3,30.3,26.9,72,6.77,402.0,28.788,34.94,36.31,0,28.46
2016-08-20,233,14,31.8,31.8,25.9,60,4.0,516.0,29.331,37.78,36.61,0,30.48
2016-08-21,234,13,31.2,31.3,24.5,61,3.38,693.0,29.318,38.53,35.54,0,28.97
2016-08-22,235,11,29.7,29.7,24.6,69,0.64,678.0,30.575,39.51,34.1,0,31.63
2016-08-23,236,15,29.6,30.0,26.3,74,5.2,335.0,28.335,34.10,34.99,0,25.81
2016-08-24,237,14,31.7,31.7,25.5,71,3.64,619.0,30.756,39.49,39.89,0,35.16
2016-08-25,238,12,32.6,33.3,26.1,71,0.32,797.0,34.453,43.39,42.62,0,46.68
2016-08-26,239,11,31.3,31.3,26.2,78,2.84,602.0,31.304,40.38,41.15,0,38.13
2016-08-27,240,14,32.8,32.8,26.8,68,2.92,687.0,31.749,41.64,42.02,0,40.90
2016-08-28,241,13,33.9,33.9,27.1,65,2.19,785.0,32.869,43.89,44.07,0,45.75
2016-08-29,242,13,33.6,33.9,27.2,68,1.88,808.0,33.143,44.20,44.5,0,46.77
2016-08-30,243,11,32.1,32.3,26.8,72,1.04,626.0,32.429,42.35,41.46,0,42.49
2016-08-31,244,16,31.2,31.2,25.4,71,0.42,286.0,31.134,39.11,38.46,0,34.95
2016-09-01,245,13,31.9,32.2,25.8,76,2.12,718.0,32.14,42.22,42.38,0,41.02
2016-09-02,246,13,32.1,32.3,26.0,73,3.9,692.0,31.431,40.45,41.85,0,38.44
2016-09-03,247,12,31.9,32.3,27.0,64,6.04,766.0,29.999,38.58,38.08,0,34.15
2016-09-04,248,13,32.0,32.2,26.2,64,4.83,745.0,30.223,39.04,38.33,0,34.06
2016-09-05,249,13,32.4,32.4,25.5,62,4.81,753.0,30.375,39.45,38.69,0,33.97
2016-09-06,250,13,32.0,32.1,26.1,66,4.33,672.0,30.428,39.16,39.0,0,34.67
2016-09-07,251,13,32.3,32.3,26.0,66,3.4,750.0,31.021,40.62,39.82,0,37.03
2016-09-08,252,12,32.1,32.6,26.2,73,0.41,719.0,33.953,43.07,41.85,0,45.33
2016-09-09,253,12,32.5,33.0,26.5,71,1.94,778.0,32.356,42.84,42.31,0,42.67
2016-09-10,254,11,32.3,32.8,26.1,63,3.11,831.0,30.872,40.94,38.77,0,36.71
2016-09-11,255,11,31.9,32.8,25.8,71,1.91,811.0,31.862,42.18,40.48,0,39.76
2016-09-12,256,12,31.5,32.4,25.6,75,0.51,759.0,33.545,42.86,40.71,0,43.28
2016-09-13,257,12,29.7,30.5,24.4,82,2.65,671.0,30.361,39.11,37.29,0,31.89
2016-09-14,258,12,30.5,31.1,24.5,78,2.53,763.0,30.92,40.30,38.61,0,34.41
2016-09-15,259,14,30.6,30.6,25.5,78,1.92,575.0,30.901,40.12,38.92,0,35.53
2016-09-16,260,13,31.7,31.7,25.5,72,0.5,596.0,32.903,41.96,40.24,0,41.13
2016-09-17,261,12,31.0,31.1,25.7,72,1.7,589.0,30.774,40.24,38.21,0,35.35
2016-09-18,262,14,31.5,31.5,24.5,72,1.7,581.0,31.234,40.86,39.65,0,35.79
2016-09-19,263,12,32.0,32.5,25.1,71,0.63,725.0,33.148,42.79,40.78,0,41.93
2016-09-20,264,12,32.6,32.6,25.9,70,1.04,802.0,33.111,43.59,42.22,0,43.91
2016-09-21,265,12,30.7,30.9,24.5,72,3.62,717.0,30.077,38.72,37.38,0,31.22
2016-09-22,266,12,29.2,29.5,24.9,80,2.57,391.0,29.105,36.75,35.3,0,27.66
2016-09-23,267,14,31.1,31.1,23.6,69,0.71,536.0,31.327,40.40,37.56,0,33.81
2016-09-24,268,13,29.7,29.8,24.1,80,1.77,624.0,30.422,39.52,36.76,0,31.76
2016-09-25,269,14,29.6,29.6,24.6,74,3.01,528.0,29.047,37.08,34.99,0,27.32
2016-09-26,270,13,30.0,30.1,23.5,67,2.64,642.0,28.988,37.97,34.33,0,26.32
2016-09-27,271,14,30.3,30.3,23.7,71,1.03,534.0,30.357,39.44,36.04,0,30.84
2016-09-28,272,11,30.3,30.5,24.3,76,2.92,639.0,30.168,38.85,37.42,0,31.27
2016-09-29,273,14,29.2,29.2,24.4,75,1.49,433.0,29.098,37.57,34.19,0,27.24
2016-09-30,274,13,31.7,31.7,24.4,64,2.42,680.0,30.395,40.19,37.57,0,32.84
2016-10-01,275,13,32.0,32.2,25.2,69,2.82,699.0,31.156,40.79,40.05,0,36.57
2016-10-02,276,12,32.8,32.8,25.4,64,2.79,770.0,31.46,41.69,40.46,0,38.18
2016-10-03,277,13,33.2,33.2,26.1,61,1.0,750.0,32.538,43.12,40.41,0,42.04
2016-10-04,278,12,32.4,32.6,25.8,69,1.72,720.0,32.042,42.38,41.22,0,40.52
2016-10-05,279,13,32.6,32.8,25.5,67,0.82,680.0,32.766,42.79,41.03,0,41.76
2016-10-06,280,12,29.4,29.5,23.8,77,1.06,491.0,29.983,38.66,35.16,0,29.36
2016-10-07,281,12,31.2,31.6,24.8,70,0.41,627.0,32.446,41.07,38.14,0,38.03
2016-10-08,282,12,31.4,31.4,24.9,70,1.12,705.0,31.647,41.52,38.69,0,37.16
2016-10-09,283,11,28.5,28.8,24.0,77,0.54,548.0,30.09,38.23,32.84,0,28.62
2016-10-10,284,12,30.8,31.4,22.6,66,1.91,740.0,30.118,39.99,35.95,0,29.47
2016-10-11,285,12,31.5,31.9,22.4,55,3.42,811.0,29.052,38.98,34.63,0,26.00
2016-10-12,286,12,31.3,31.8,20.9,50,3.61,827.0,28.223,38.35,33.12,0,22.95
2016-10-13,287,12,31.5,31.9,19.6,47,3.23,828.0,28.113,38.73,32.84,0,22.91
2016-10-14,288,13,31.4,31.5,17.7,43,2.22,781.0,27.762,39.00,31.94,0,22.11
2016-10-15,289,12,30.9,31.4,18.5,45,1.17,816.0,28.374,39.39,31.55,0,23.40
2016-10-16,290,12,30.7,31.1,18.5,49,1.0,800.0,28.878,39.45,31.95,0,24.55
2016-10-17,291,12,30.9,31.1,18.7,44,1.62,808.0,27.838,39.05,31.39,0,22.09
2016-10-18,292,11,30.1,30.8,18.0,46,1.43,784.0,27.483,38.34,30.59,0,20.60
2016-10-19,293,11,29.8,30.5,17.8,47,0.57,773.0,28.56,38.43,30.33,0,22.60
2016-10-20,294,12,30.4,30.9,18.9,48,2.1,789.0,27.601,38.33,31.32,0,21.09
2016-10-21,295,12,31.3,31.8,18.5,45,1.94,788.0,28.093,39.24,32.15,0,22.99
2016-10-22,296,12,31.8,32.3,19.4,44,3.71,783.0,27.791,38.33,32.72,0,21.97
2016-10-23,297,11,30.2,31.4,19.4,47,2.81,769.0,26.983,37.36,30.87,0,19.06
2016-10-24,298,11,29.4,30.8,18.3,46,3.14,763.0,26.036,36.11,29.68,0,15.92
2016-10-25,299,11,30.2,31.6,17.3,46,1.5,755.0,27.457,38.27,30.72,0,20.55
2016-10-26,300,11,29.9,30.7,17.4,45,2.22,757.0,26.659,37.38,30.19,0,18.21
2016-10-27,301,11,29.6,30.4,16.6,47,0.36,755.0,28.69,37.72,30.06,0,22.24
2016-10-28,302,11,29.2,30.0,15.9,43,1.12,752.0,26.521,37.24,29.11,0,17.44
2016-10-29,303,11,29.2,29.5,17.9,40,1.08,744.0,26.154,37.04,28.81,0,16.49
2016-10-30,304,14,29.3,29.3,17.7,41,1.0,598.0,26.095,36.47,29.01,0,16.05
2016-10-31,305,12,28.9,29.2,17.1,40,0.45,759.0,27.185,37.04,28.51,0,18.33
2016-11-01,306,13,29.1,29.2,16.9,43,0.9,679.0,26.524,36.87,29.0,0,17.14
2016-11-02,307,11,28.6,29.5,17.2,50,0.54,706.0,27.734,37.12,29.15,0,19.66
2016-11-03,308,13,28.8,28.9,18.1,40,1.02,701.0,25.772,36.46,28.41,0,15.20
2016-11-04,309,10,26.8,28.6,15.7,48,0.51,634.0,25.735,34.91,27.12,0,13.54
2016-11-05,310,11,28.6,29.3,17.2,43,2.95,707.0,24.909,35.01,28.47,0,12.55
2016-11-06,311,12,28.9,29.5,16.4,45,3.47,737.0,25.34,35.09,28.98,0,13.61
2016-11-07,312,13,29.6,29.8,15.5,37,3.89,689.0,24.727,34.93,28.94,0,12.32
2016-11-08,313,13,28.1,28.3,16.4,37,3.71,699.0,23.493,33.51,27.55,0,8.45
2016-11-09,314,12,27.1,27.8,13.8,47,0.71,733.0,25.707,35.54,27.33,0,14.01
2016-11-10,315,11,27.0,28.0,14.8,47,0.76,702.0,25.438,35.27,27.24,0,13.28
2016-11-11,316,12,27.4,27.8,16.0,46,0.3,720.0,26.494,34.99,27.53,0,15.18
2016-11-12,317,13,28.1,28.2,16.2,46,1.08,668.0,25.765,35.94,28.21,0,14.74
2016-11-13,318,12,27.9,28.5,15.5,47,1.3,717.0,25.61,35.93,28.09,0,14.40
2016-11-14,319,11,27.8,28.9,14.5,41,2.42,698.0,24.111,34.55,27.56,0,10.37
2016-11-15,320,12,27.9,28.3,15.2,37,3.06,710.0,23.495,33.95,27.39,0,8.71
2016-11-16,321,13,27.8,27.8,15.2,31,4.53,670.0,22.211,32.19,27.0,0,4.87
2016-11-17,322,13,27.4,27.5,13.8,34,3.96,675.0,22.403,32.32,26.86,0,5.32
2016-11-18,323,13,26.7,26.8,13.6,37,3.44,670.0,22.303,32.14,26.52,0,5.01
2016-11-19,324,13,26.8,27.0,13.3,40,2.73,659.0,22.938,33.00,26.72,0,6.83
2016-11-20,325,11,25.9,26.7,14.9,43,0.67,677.0,24.095,33.96,25.78,0,9.71
2016-11-21,326,13,27.3,27.4,13.2,41,3.16,655.0,23.371,33.09,27.14,0,7.76
2016-11-22,327,12,28.1,28.8,14.5,35,5.05,704.0,23.001,32.47,27.43,0,6.72
2016-11-23,328,13,27.3,27.6,15.1,42,3.42,653.0,23.43,32.86,27.2,0,7.73
2016-11-24,329,12,26.6,27.3,13.6,44,3.52,692.0,23.1,32.33,26.53,0,6.65
2016-11-25,330,13,26.9,27.4,15.1,37,4.68,649.0,22.215,31.12,26.65,0,4.10
2016-11-26,331,13,25.0,25.3,13.7,44,1.0,642.0,22.806,32.88,24.85,0,6.49
2016-11-27,332,12,25.7,26.7,12.7,52,2.06,681.0,23.647,33.27,25.69,0,8.36
2016-11-28,333,13,24.9,25.2,14.0,40,1.63,646.0,21.734,32.20,24.69,0,4.48
2016-11-29,334,13,26.1,26.3,12.7,51,1.14,619.0,24.366,34.02,26.1,0,10.26
2016-11-30,335,12,26.4,26.5,15.3,56,2.02,538.0,24.438,33.39,26.48,0,9.94
2016-12-01,336,13,26.4,26.4,18.1,55,0.94,489.0,24.924,33.88,26.47,0,11.21
2016-12-02,337,11,25.9,26.1,15.3,54,0.51,628.0,25.572,34.41,25.93,0,12.82
2016-12-03,338,12,24.8,25.3,14.6,54,1.9,603.0,22.956,32.23,24.77,0,6.31
2016-12-04,339,13,24.8,24.8,13.5,45,2.82,626.0,21.686,30.95,24.66,0,3.57
2016-12-05,340,13,24.2,24.4,12.7,46,2.42,625.0,21.389,30.87,24.04,0,3.52
2016-12-06,341,11,23.5,23.9,12.7,51,0.85,631.0,22.39,31.95,23.37,0,5.03
2016-12-07,342,11,23.1,23.5,11.4,56,0.41,632.0,23.397,31.89,23.01,0,6.89
2016-12-08,343,13,22.8,23.2,10.8,55,1.34,616.0,21.6,31.09,22.69,0,3.67
2016-12-09,344,14,22.9,22.9,11.1,51,1.55,525.0,20.923,30.23,22.74,0,3.05
2016-12-10,345,11,22.2,22.7,10.7,62,0.76,618.0,22.384,31.37,22.15,0,4.60
2016-12-11,346,13,24.8,25.3,12.6,56,3.35,614.0,22.715,30.73,24.8,0,4.76
2016-12-12,347,12,25.3,25.9,14.2,55,3.77,656.0,23.05,30.97,25.31,0,5.58
2016-12-13,348,13,25.0,25.3,12.3,47,3.74,618.0,21.855,30.13,24.89,0,2.98
2016-12-14,349,12,24.6,25.6,13.7,49,3.62,657.0,21.805,30.16,24.5,0,3.01
2016-12-15,350,12,22.6,23.4,11.8,43,4.15,670.0,19.301,27.39,22.32,0,1.01
2016-12-16,351,13,22.6,22.8,9.3,48,2.91,623.0,20.017,28.83,22.38,0,2.04
2016-12-17,352,13,22.6,22.9,9.9,47,2.08,628.0,20.209,29.87,22.37,0,2.80
2016-12-18,353,13,22.2,22.5,9.7,46,2.15,635.0,19.734,29.44,21.94,0,2.48
2016-12-19,354,13,22.4,22.7,9.3,43,3.76,638.0,19.146,27.46,22.11,0,1.06
2016-12-20,355,14,23.3,23.4,11.2,41,3.83,543.0,19.542,27.58,23.03,0,1.14
2016-12-21,356,14,21.7,21.7,10.5,48,3.23,542.0,18.98,27.00,21.44,0,0.72
2016-12-22,357,13,22.1,22.4,11.1,51,0.14,625.0,21.963,28.93,21.9,0,2.11
2016-12-23,358,12,22.4,23.2,11.2,58,0.32,638.0,22.969,30.92,22.3,0,5.39
2016-12-24,359,13,23.6,23.9,12.2,54,0.89,622.0,22.707,32.10,23.51,0,5.74
2016-12-25,360,13,25.0,25.0,11.8,48,2.7,620.0,22.221,31.37,24.9,0,4.29
2016-12-26,361,13,22.9,23.1,13.5,55,4.02,538.0,20.607,27.43,22.79,0,1.03
2016-12-27,362,12,21.5,22.4,10.9,51,1.61,662.0,19.94,29.81,21.27,0,2.75
2016-12-28,363,13,21.5,21.8,8.9,52,1.66,632.0,19.94,29.62,21.28,0,2.61
2016-12-29,364,13,21.3,21.6,9.8,55,1.04,612.0,20.492,30.06,21.11,0,2.93
2016-12-30,365,13,21.8,22.0,9.5,55,2.5,628.0,20.122,28.93,21.64,0,2.11
2016-12-31,366,13,22.5,22.7,10.0,53,3.58,581.0,20.198,27.77,22.34,0,1.28
2017-01-01,1,13,22.1,22.1,10.0,60,3.1,621.0,20.69,28.56,22.02,0,1.85
2017-01-02,2,11,20.6,21.2,11.6,73,3.71,595.0,20.287,26.61,20.61,0,0.44
2017-01-03,3,13,22.4,22.8,12.0,58,0.8,638.0,22.179,31.43,22.3,0,4.26
2017-01-04,4,13,21.6,21.9,10.5,61,1.73,632.0,20.85,30.00,21.5,0,2.89
2017-01-05,5,14,22.5,22.5,9.6,55,1.92,560.0,20.85,29.87,22.37,0,2.80
2017-01-06,6,13,23.0,23.0,10.6,56,2.62,626.0,21.278,29.92,22.91,0,2.83
2017-01-07,7,13,21.5,21.6,12.2,57,4.37,527.0,19.441,25.53,21.35,0,0.00
2017-01-08,8,14,18.6,18.6,12.8,70,1.32,273.0,18.059,25.41,18.47,0,0.00
2017-01-09,9,13,21.4,21.7,11.9,51,1.64,546.0,19.566,28.97,21.16,0,2.14
2017-01-10,10,13,20.4,20.4,9.9,39,4.95,630.0,16.778,23.81,19.96,0,0.00
2017-01-11,11,14,17.0,17.0,6.2,35,3.23,610.0,13.742,22.72,16.33,0,0.00
2017-01-12,12,10,14.5,16.6,4.1,53,0.78,539.0,14.232,24.58,13.94,0,0.00
2017-01-13,13,14,16.4,16.4,3.5,42,0.95,603.0,14.996,25.95,15.8,0,0.00
2017-01-14,14,13,18.9,19.2,5.3,47,1.61,684.0,17.271,27.70,18.49,0,1.23
2017-01-15,15,13,20.8,20.9,6.4,41,2.28,678.0,18.019,28.17,20.4,0,1.57
2017-01-16,16,12,21.6,22.1,8.3,48,1.57,678.0,19.795,29.92,21.33,0,2.83
2017-01-17,17,13,20.9,21.0,9.7,47,3.24,688.0,18.424,27.15,20.59,0,0.83
2017-01-18,18,14,20.2,20.2,6.5,44,1.84,612.0,17.855,27.91,19.81,0,1.38
2017-01-19,19,14,22.1,22.1,7.6,47,1.94,612.0,19.792,29.50,21.85,0,2.53
2017-01-20,20,13,22.6,22.7,9.3,37,4.02,710.0,18.729,27.63,22.24,0,1.18
2017-01-21,21,14,22.1,22.1,8.6,40,2.45,608.0,18.847,28.61,21.75,0,1.88
2017-01-22,22,14,24.1,24.1,9.1,39,3.18,590.0,20.228,29.41,23.84,0,2.46
2017-01-23,23,13,25.6,25.7,12.6,45,5.03,699.0,22.077,29.97,25.5,0,3.01
2017-01-24,24,13,24.6,24.9,11.5,44,2.55,704.0,21.625,31.47,24.43,0,3.95
2017-01-25,25,13,24.7,25.0,9.8,47,1.17,709.0,22.857,33.02,24.58,0,6.69
2017-01-26,26,14,25.8,25.8,11.4,47,2.42,631.0,22.938,32.48,25.73,0,6.45
2017-01-27,27,11,20.1,20.1,12.0,73,2.4,559.0,20.072,27.82,20.09,0,1.31
2017-01-28,28,13,20.0,20.4,10.3,64,3.5,700.0,19.137,26.60,19.86,0,0.43
2017-01-29,29,14,22.1,22.1,12.0,57,3.01,635.0,20.451,28.64,21.98,0,1.91
2017-01-30,30,13,20.5,20.8,10.4,63,2.16,708.0,19.949,29.02,20.38,0,2.18
2017-01-31,31,12,21.0,22.5,10.3,67,1.3,744.0,21.39,30.84,20.95,0,3.50
2017-02-01,32,13,22.9,23.2,11.3,57,1.58,735.0,21.983,31.70,22.82,0,4.12
2017-02-02,33,11,21.6,23.1,10.8,62,0.42,687.0,22.773,31.31,21.52,0,5.29
2017-02-03,34,14,22.9,22.9,9.1,50,1.12,655.0,21.48,31.35,22.73,0,3.87
2017-02-04,35,14,23.4,23.5,10.4,54,1.79,611.0,21.75,31.10,23.3,0,3.68
2017-02-05,36,14,25.7,25.7,12.1,52,2.47,668.0,23.457,32.76,25.69,0,7.64
2017-02-06,37,12,24.8,25.1,15.6,56,2.42,724.0,23.183,32.43,24.8,0,6.88
2017-02-07,38,13,22.6,22.7,12.8,35,5.19,779.0,18.409,26.78,22.21,0,0.56
2017-02-08,39,13,23.7,24.0,10.6,37,3.14,775.0,19.976,30.11,23.4,0,2.97
2017-02-09,40,12,23.7,24.5,10.1,42,2.19,744.0,20.824,31.20,23.46,0,3.76
2017-02-10,41,12,21.8,22.6,11.5,41,3.48,803.0,18.732,28.17,21.45,0,1.56
2017-02-11,42,13,22.3,22.9,9.3,43,0.8,774.0,20.948,31.45,22.0,0,3.94
2017-02-12,43,14,24.9,24.9,11.1,43,1.42,680.0,22.301,32.68,24.73,0,5.39
2017-02-13,44,12,24.8,26.0,12.8,45,1.8,741.0,22.319,32.68,24.66,0,5.43
2017-02-14,45,13,24.7,25.0,11.4,38,2.47,803.0,21.221,31.97,24.46,0,4.31
2017-02-15,46,13,25.3,25.6,10.9,37,2.02,788.0,21.788,32.86,25.08,0,4.95
2017-02-16,47,13,26.0,26.4,11.8,44,2.11,773.0,23.166,33.61,25.9,0,7.70
2017-02-17,48,13,27.6,28.1,13.5,47,1.49,775.0,25.314,35.80,27.79,0,13.63
2017-02-18,49,12,27.2,28.3,14.9,53,0.41,788.0,27.342,36.18,27.81,0,17.74
2017-02-19,50,12,28.5,29.6,15.4,49,3.01,803.0,25.701,35.61,28.93,0,14.65
2017-02-20,51,12,31.8,32.6,16.1,33,3.83,804.0,26.191,37.88,30.95,0,17.97
2017-02-21,52,12,30.6,31.0,17.6,32,4.1,809.0,24.98,36.34,29.51,0,14.03
2017-02-22,53,10,24.7,27.0,13.6,43,3.18,646.0,21.311,30.48,24.52,0,3.23
2017-02-23,54,14,26.0,26.0,13.1,22,6.83,768.0,19.237,29.46,25.61,0,2.50
2017-02-24,55,14,26.0,26.0,13.5,19,7.21,771.0,18.707,29.38,25.58,0,2.44
2017-02-25,56,14,26.5,26.5,12.8,23,5.33,754.0,19.944,30.60,26.15,0,3.33
2017-02-26,57,13,27.6,27.6,14.5,26,5.87,842.0,21.345,32.08,26.66,0,4.39
2017-02-27,58,14,27.5,27.5,12.1,22,4.61,764.0,20.691,32.20,26.46,0,4.48
2017-02-28,59,13,30.1,30.2,12.9,30,4.47,832.0,24.214,35.61,28.85,0,11.81
2017-03-01,60,11,29.4,31.3,16.6,37,3.45,780.0,24.794,35.54,28.74,0,12.81
2017-03-02,61,12,29.2,29.3,17.0,32,7.07,800.0,23.395,33.56,28.17,0,8.53
2017-03-03,62,13,29.5,29.5,16.6,25,3.5,833.0,23.114,35.51,28.02,0,9.35
2017-03-04,63,13,27.6,28.2,16.6,30,2.5,702.0,22.429,33.89,26.81,0,6.51
2017-03-05,64,12,26.9,27.3,13.4,28,4.79,890.0,21.295,32.15,26.28,0,4.44
2017-03-06,65,12,27.5,28.2,14.5,22,5.6,903.0,20.725,32.37,26.46,0,4.60
2017-03-07,66,14,29.4,29.4,14.1,24,4.12,732.0,22.579,34.43,27.9,0,7.51
2017-03-08,67,13,30.6,30.6,14.6,24,2.64,843.0,24.095,37.29,28.91,0,12.82
2017-03-09,68,14,29.4,29.4,18.2,28,0.73,625.0,24.763,36.02,28.09,0,12.86
2017-03-10,69,14,20.3,20.3,15.1,66,4.38,595.0,19.262,25.09,20.2,0,0.00
2017-03-11,70,11,23.2,24.5,13.0,48,0.73,825.0,22.537,32.66,23.01,0,5.82
2017-03-12,71,12,24.5,24.7,11.1,32,4.62,910.0,19.911,29.93,24.17,0,2.84
2017-03-13,72,14,24.9,24.9,11.5,24,5.94,820.0,18.833,28.86,24.49,0,2.07
2017-03-14,73,13,26.2,26.6,10.7,26,3.1,904.0,20.826,32.93,25.88,0,5.00
2017-03-15,74,12,27.2,28.1,13.7,28,4.1,828.0,21.583,32.68,26.47,0,4.82
2017-03-16,75,13,30.9,31.0,13.6,24,4.25,890.0,23.977,36.77,29.19,0,12.33
2017-03-17,76,12,30.1,30.1,15.9,27,4.3,912.0,23.869,36.02,28.64,0,11.38
2017-03-18,77,13,29.4,29.5,15.6,23,5.3,912.0,22.453,34.67,27.86,0,7.44
2017-03-19,78,12,29.2,29.7,17.7,37,2.31,824.0,25.063,36.51,28.54,0,13.95
2017-03-20,79,12,30.4,31.0,15.6,27,5.54,890.0,23.882,35.68,28.91,0,11.25
2017-03-21,80,13,31.6,31.9,16.7,25,5.17,916.0,24.592,37.29,29.92,0,14.14
2017-03-22,81,13,34.1,34.5,17.3,27,4.43,899.0,27.085,40.50,32.93,0,22.28
2017-03-23,82,11,31.5,34.9,18.7,40,0.72,868.0,29.018,40.06,31.58,0,25.11
2017-03-24,83,12,35.0,36.0,20.2,30,2.01,920.0,29.163,43.02,34.67,0,28.68
2017-03-25,84,11,34.1,35.3,21.6,19,4.48,908.0,25.467,40.30,31.98,0,18.73
2017-03-26,85,12,33.7,35.0,19.3,27,3.44,934.0,27.029,40.68,32.43,0,22.12
2017-03-27,86,15,34.5,34.5,20.9,28,4.1,658.0,27.31,40.00,33.6,0,22.60
2017-03-28,87,11,33.6,36.6,21.3,40,1.02,881.0,30.367,42.30,34.75,0,30.46
2017-03-29,88,13,37.8,38.0,20.9,25,5.46,918.0,29.538,44.95,37.6,0,31.87
2017-03-30,89,13,39.1,39.2,23.4,19,6.76,927.0,29.02,46.75,37.87,0,33.93
2017-03-31,90,13,37.5,38.0,21.8,26,2.34,922.0,30.28,45.57,37.42,0,33.65
2017-04-01,91,11,38.0,39.5,22.0,25,2.95,904.0,30.213,45.79,37.9,0,33.86
2017-04-02,92,13,38.9,38.9,23.1,17,5.15,928.0,28.556,46.13,37.14,0,31.98
2017-04-03,93,11,38.3,39.2,21.6,17,5.02,907.0,28.096,45.27,36.42,0,28.94
2017-04-04,94,11,36.6,39.0,22.4,20,0.36,909.0,30.536,43.66,34.91,0,32.29
2017-04-05,95,14,34.3,35.7,23.7,34,0.51,727.0,30.646,42.03,34.49,0,32.68
2017-04-06,96,12,35.5,35.7,25.6,39,5.02,933.0,30.249,42.61,37.84,0,35.81
2017-04-07,97,11,35.9,37.7,25.4,36,1.86,899.0,31.007,44.42,37.65,0,38.24
2017-04-08,98,10,35.1,36.9,22.5,18,2.64,812.0,26.332,41.72,32.94,0,22.33
2017-04-09,99,13,35.3,35.4,22.2,12,6.2,975.0,24.428,41.63,32.54,0,18.17
2017-04-10,100,14,34.0,34.0,21.6,11,7.47,887.0,22.98,39.85,31.21,0,13.42
2017-04-11,101,14,36.1,36.1,22.0,11,7.47,881.0,24.47,42.50,33.11,0,18.85
2017-04-12,102,14,37.9,37.9,21.3,14,5.16,865.0,26.901,44.42,35.46,0,25.71
2017-04-13,103,11,35.9,37.9,19.7,20,1.1,939.0,28.656,43.56,34.07,0,27.88
2017-04-14,104,14,38.1,38.4,23.7,18,0.57,847.0,30.64,45.29,36.37,0,35.72
2017-04-15,105,12,38.2,39.9,22.6,22,0.41,975.0,32.437,46.24,37.4,0,38.90
2017-04-16,106,13,36.7,37.0,23.8,30,1.99,944.0,30.624,45.10,37.26,0,36.00
2017-04-17,107,13,36.7,37.3,25.9,34,0.63,926.0,32.895,45.63,38.46,0,43.57
2017-04-18,108,11,37.5,39.8,26.9,32,0.95,915.0,32.547,46.30,39.24,0,44.85
2017-04-19,109,12,39.3,41.1,26.7,28,0.45,963.0,34.594,48.32,41.01,1,52.27
2017-04-20,110,13,39.6,40.0,25.3,29,2.39,935.0,32.611,48.32,41.95,2,48.91
2017-04-21,111,15,37.9,37.9,25.1,34,0.73,672.0,33.001,45.83,40.7,0,43.82
2017-04-22,112,15,38.5,38.6,26.1,36,0.63,670.0,34.066,46.75,42.73,0,48.41
2017-04-23,113,13,37.9,37.9,25.4,35,1.9,928.0,32.566,46.83,41.09,0,44.21
2017-04-24,114,10,36.5,40.0,23.7,33,1.6,824.0,31.03,44.69,37.8,1,38.22
2017-04-25,115,10,37.2,38.8,25.5,17,5.95,847.0,27.059,43.65,35.13,0,29.41
2017-04-26,116,11,37.9,38.6,25.3,15,4.23,954.0,27.459,44.94,35.61,0,31.04
2017-04-27,117,10,36.5,38.9,22.2,18,1.87,848.0,27.815,43.67,34.48,0,26.76
2017-04-28,118,11,38.6,38.9,22.8,15,4.18,951.0,27.986,45.79,36.39,0,30.03
2017-04-29,119,10,36.9,39.8,23.6,21,0.8,842.0,29.894,44.30,35.45,0,33.14
2017-04-30,120,17,36.4,37.4,24.5,38,1.14,215.0,30.418,41.33,39.24,0,34.45
2017-05-01,121,11,37.1,37.1,25.4,24,4.34,926.0,28.961,44.23,36.34,0,33.76
2017-05-02,122,10,35.8,38.8,22.5,27,2.08,846.0,29.095,43.42,35.18,0,29.61
2017-05-03,123,12,40.3,40.8,23.7,15,3.61,989.0,29.433,48.12,38.37,1,37.89
2017-05-04,124,12,38.9,40.1,26.9,16,4.62,986.0,28.446,46.32,36.93,2,39.60
2017-05-05,125,12,39.5,39.9,23.9,16,4.88,1001.0,28.868,47.13,37.65,0,34.41
2017-05-06,126,12,41.8,42.4,24.7,14,3.77,994.0,30.205,49.86,39.9,1,42.34
2017-05-07,127,13,40.9,40.9,25.8,21,0.5,949.0,34.073,49.31,41.04,2,52.63
2017-05-08,128,13,40.1,40.2,27.0,29,3.3,941.0,32.711,48.62,42.89,3,53.31
2017-05-09,129,12,38.1,40.1,24.6,28,1.28,974.0,31.986,46.89,38.96,4,48.10
2017-05-10,130,14,37.4,37.5,25.5,35,2.82,843.0,31.591,45.40,40.11,0,41.09
2017-05-11,131,14,38.0,38.1,27.4,33,0.5,767.0,33.75,46.38,40.51,0,48.24
2017-05-12,132,13,39.3,39.7,27.7,30,1.33,906.0,33.19,48.18,41.8,0,49.31
2017-05-13,133,12,39.8,41.0,27.7,32,0.63,964.0,35.232,49.27,43.64,1,56.31
2017-05-14,134,11,41.2,43.4,25.9,19,3.67,948.0,31.161,49.36,40.76,2,47.18
2017-05-15,135,11,40.2,42.9,26.3,30,1.2,940.0,34.139,49.41,43.53,3,56.00
2017-05-16,136,13,41.0,42.2,26.9,30,2.19,939.0,34.073,50.18,45.13,4,59.40
2017-05-17,137,13,39.2,39.2,27.3,33,3.11,883.0,32.72,47.55,42.87,0,47.90
2017-05-18,138,11,36.8,39.2,24.9,31,1.22,934.0,31.473,45.45,37.71,0,39.31
2017-05-19,139,11,39.8,40.2,27.2,25,2.84,920.0,31.722,48.10,40.75,1,47.17
2017-05-20,140,12,39.8,40.0,27.4,25,3.05,970.0,31.726,48.23,40.75,2,49.18
2017-05-21,141,11,40.3,41.5,26.2,21,2.37,942.0,31.398,48.65,40.13,3,48.90
2017-05-22,142,12,40.8,41.3,27.5,21,3.28,974.0,31.509,49.18,40.89,4,52.95
2017-05-23,143,11,38.7,38.7,27.9,24,1.99,907.0,30.966,46.91,38.68,0,43.26
2017-05-24,144,10,39.3,40.8,27.0,23,1.71,810.0,31.207,47.16,39.28,1,44.74
2017-05-25,145,11,40.5,42.1,28.7,25,1.24,871.0,33.126,49.02,41.93,2,54.34
2017-05-26,146,11,41.3,42.1,29.0,25,1.6,924.0,33.559,50.19,43.33,3,58.55
2017-05-27,147,13,39.4,39.8,29.0,32,5.59,924.0,32.254,47.35,42.83,0,48.84
2017-05-28,148,13,37.9,37.9,26.6,37,5.1,935.0,31.977,45.64,41.89,0,43.94
2017-05-29,149,11,34.3,35.2,26.6,50,4.04,849.0,30.865,41.83,39.06,0,38.03
2017-05-30,150,15,32.5,32.5,26.4,54,0.51,593.0,31.48,41.04,36.41,0,37.40
2017-05-31,151,12,34.8,34.8,26.0,51,3.07,684.0,31.425,42.44,40.59,0,39.40
2017-06-01,152,11,35.9,35.9,27.4,47,0.95,821.0,33.383,45.36,41.6,0,47.22
2017-06-02,153,10,37.0,39.4,27.7,33,3.47,842.0,30.708,44.45,38.68,0,40.77
2017-06-03,154,11,40.6,41.7,29.5,28,5.55,930.0,32.451,48.84,43.39,1,52.75
2017-06-04,155,11,41.1,43.5,28.5,30,0.71,925.0,35.62,50.42,45.34,2,61.10
2017-06-05,156,8,36.4,43.2,29.7,43,0.5,468.0,33.016,43.83,41.11,3,52.92
2017-06-06,157,12,38.4,39.0,28.9,39,1.7,746.0,33.467,47.04,43.87,0,51.18
2017-06-07,158,14,36.2,36.2,26.0,47,3.28,793.0,32.241,44.27,42.31,0,42.90
2017-06-08,159,12,37.1,38.0,27.2,40,2.5,914.0,32.406,45.86,41.43,0,45.44
2017-06-09,160,13,37.9,37.9,27.7,37,3.0,881.0,32.366,46.22,41.89,0,46.37
2017-06-10,161,12,37.8,37.8,29.1,37,0.71,751.0,33.703,46.40,41.68,0,50.58
2017-06-11,162,9,36.4,40.3,28.6,41,0.1,654.0,33.515,42.89,40.33,1,48.28
2017-06-12,163,9,37.1,40.6,28.9,35,1.9,658.0,31.375,44.63,39.53,2,47.21
2017-06-13,164,11,39.5,41.4,27.2,23,2.14,917.0,31.314,47.79,39.59,3,49.08
2017-06-14,165,11,41.5,42.8,29.3,23,2.82,841.0,32.498,49.71,42.79,4,58.02
2017-06-15,166,9,35.7,40.6,29.3,49,0.22,643.0,34.05,43.47,41.95,5,57.79
2017-06-16,167,13,39.8,39.8,25.9,32,0.86,879.0,34.534,48.87,43.64,0,50.93
2017-06-17,168,13,35.3,36.0,25.1,51,0.9,854.0,33.562,45.20,41.81,0,44.84
2017-06-18,169,13,36.6,36.6,28.1,44,3.84,725.0,31.913,43.90,41.97,0,44.34
2017-06-19,170,13,38.5,38.5,27.9,40,2.96,868.0,33.384,47.17,44.58,0,50.22
2017-06-20,171,11,34.8,35.1,27.2,53,2.3,834.0,32.216,43.89,41.39,0,43.64
2017-06-21,172,12,35.4,35.6,26.3,52,0.51,900.0,34.809,45.85,42.49,0,49.31
2017-06-22,173,12,33.9,34.2,26.3,58,2.77,870.0,31.918,43.00,41.09,0,41.27
2017-06-23,174,12,35.3,35.8,27.7,48,1.9,825.0,32.161,44.29,40.6,0,44.11
2017-06-24,175,12,36.1,36.8,28.6,46,0.5,853.0,34.487,45.85,41.65,0,51.07
2017-06-25,176,11,36.2,36.2,29.3,52,4.1,760.0,32.72,44.13,44.59,0,48.40
2017-06-26,177,11,35.6,36.0,29.6,53,4.79,745.0,32.172,43.03,43.45,0,46.50
2017-06-27,178,12,36.4,36.4,29.8,52,4.71,797.0,32.846,44.33,45.14,0,49.57
2017-06-28,179,11,35.9,35.9,28.4,53,5.43,779.0,32.4,43.45,44.26,0,46.14
2017-06-29,180,13,35.3,35.3,27.2,56,2.19,725.0,32.925,44.45,44.02,0,46.36
2017-06-30,181,12,34.9,35.5,27.1,58,1.75,856.0,33.295,45.04,43.82,0,47.30
2017-07-01,182,12,33.6,33.6,26.9,67,1.43,861.0,33.437,44.62,44.04,0,47.11
2017-07-02,183,14,32.8,33.3,25.9,67,1.84,764.0,32.207,42.79,41.62,0,41.40
2017-07-03,184,13,31.3,31.3,26.1,73,1.41,605.0,31.393,41.05,39.4,0,38.01
2017-07-04,185,9,27.5,28.0,25.8,93,1.7,204.0,28.436,35.35,33.12,0,25.62
2017-07-05,186,9,26.6,26.6,25.3,93,3.01,123.0,26.966,31.64,27.17,0,17.37
2017-07-06,187,14,29.1,29.1,25.1,76,4.25,447.0,28.394,34.98,34.15,0,24.84
2017-07-07,188,15,29.9,30.1,25.7,79,2.12,434.0,29.92,38.30,37.09,0,31.92
2017-07-08,189,13,31.6,31.6,26.2,80,1.49,650.0,32.498,42.57,42.94,0,42.62
2017-07-09,190,15,30.2,30.2,25.9,76,1.78,270.0,29.546,37.54,37.13,0,30.91
2017-07-10,191,12,30.1,30.5,25.7,79,2.48,276.0,29.591,37.12,37.69,0,30.67
2017-07-11,192,10,27.0,27.1,25.1,90,3.32,141.0,27.104,31.76,31.09,0,18.94
2017-07-12,193,13,28.6,28.6,24.4,76,6.12,411.0,27.647,33.00,32.91,0,20.72
2017-07-13,194,13,31.6,31.6,25.7,66,6.64,673.0,29.765,37.83,37.95,0,31.60
2017-07-14,195,13,32.1,32.4,26.3,71,4.46,698.0,31.114,39.86,41.08,0,37.48
2017-07-15,196,14,32.2,32.2,25.8,73,3.8,635.0,31.454,40.40,42.16,0,38.33
2017-07-16,197,14,32.6,32.8,26.9,66,2.12,584.0,31.401,41.32,40.65,0,39.62
2017-07-17,198,12,33.3,33.4,26.5,70,2.9,755.0,32.579,42.95,44.44,0,43.96
2017-07-18,199,11,33.3,33.3,27.5,70,2.16,743.0,32.83,43.53,44.44,0,46.02
2017-07-19,200,14,33.8,33.8,27.4,64,2.9,665.0,32.184,42.49,43.32,0,43.52
2017-07-20,201,12,32.0,32.4,27.4,68,5.31,749.0,30.624,39.22,39.69,0,36.86
2017-07-21,202,10,29.5,29.7,25.7,76,4.4,330.0,28.523,34.62,35.2,0,25.91
2017-07-22,203,12,29.6,29.6,25.0,80,5.59,505.0,29.24,35.58,36.46,0,27.62
2017-07-23,204,11,29.9,30.0,25.7,77,4.55,565.0,29.438,36.62,36.55,0,29.59
2017-07-24,205,12,30.8,30.8,25.7,71,3.62,629.0,29.918,38.33,37.36,0,32.03
2017-07-25,206,14,30.4,30.4,25.3,71,3.26,534.0,29.442,37.63,36.3,0,29.77
2017-07-26,207,14,31.6,31.6,25.3,64,5.52,483.0,29.363,36.86,37.33,0,29.45
2017-07-27,208,13,31.3,31.3,26.5,65,8.1,601.0,29.157,37.01,36.88,0,30.40
2017-07-28,209,12,31.8,31.9,26.2,73,4.74,711.0,31.027,39.54,40.91,0,36.91
2017-07-29,210,11,31.0,31.6,26.9,74,1.77,663.0,31.118,40.76,38.85,0,38.01
2017-07-30,211,13,30.9,31.1,26.7,77,1.1,622.0,31.753,41.28,39.53,0,39.60
2017-07-31,212,11,31.0,31.0,25.9,72,0.51,455.0,31.686,40.24,38.21,0,37.30
2017-08-01,213,13,30.9,31.4,26.4,76,3.2,504.0,30.423,38.70,39.2,0,34.76
2017-08-02,214,13,30.2,30.2,26.1,75,5.35,540.0,29.371,36.26,36.85,0,29.78
2017-08-03,215,14,29.9,30.2,26.4,77,5.32,453.0,29.154,35.54,36.55,0,29.09
2017-08-04,216,15,30.8,30.8,26.1,71,2.58,499.0,29.924,38.60,37.36,0,32.70
2017-08-05,217,14,32.2,32.2,26.4,70,0.5,464.0,32.667,41.64,41.0,0,41.79
2017-08-06,218,15,30.3,31.9,26.2,79,0.1,359.0,31.496,38.16,38.3,0,35.82
2017-08-07,219,14,31.0,31.0,26.3,77,2.0,461.0,30.881,39.85,39.84,0,36.57
2017-08-08,220,12,30.6,31.2,26.2,80,3.23,555.0,30.655,39.00,39.56,0,35.31
2017-08-09,221,11,32.0,32.0,26.2,74,3.04,660.0,31.589,40.99,41.92,0,39.39
2017-08-10,222,12,29.3,29.3,26.1,81,3.0,221.0,28.762,35.23,35.83,0,27.51
2017-08-11,223,14,30.9,31.0,25.9,73,5.83,503.0,29.717,36.71,38.24,0,31.04
2017-08-12,224,15,31.6,31.6,26.7,68,5.46,442.0,29.759,37.00,38.59,0,32.40
2017-08-13,225,14,30.9,30.9,27.0,68,3.04,298.0,29.108,36.68,36.75,0,30.60
2017-08-14,226,16,30.3,30.4,27.0,71,0.64,179.0,29.395,37.03,36.04,0,31.13
2017-08-15,227,12,32.5,32.5,26.0,66,3.41,585.0,30.93,40.09,40.37,0,36.68
2017-08-16,228,12,33.1,33.2,27.1,70,4.49,789.0,32.079,41.63,43.79,0,42.52
2017-08-17,229,11,33.0,33.5,27.0,67,1.75,778.0,32.476,43.20,42.21,0,43.70
2017-08-18,230,13,31.7,31.8,26.7,75,2.52,702.0,31.647,41.36,41.34,0,40.13
2017-08-19,231,12,31.4,31.4,26.6,72,6.74,692.0,30.27,38.18,39.36,0,34.38
2017-08-20,232,12,32.2,32.2,27.0,72,4.37,740.0,31.4,40.37,41.77,0,39.46
2017-08-21,233,11,30.4,31.1,26.7,80,4.0,564.0,30.326,38.07,38.92,0,34.36
2017-08-22,234,11,32.2,32.2,26.7,72,2.0,689.0,31.98,42.10,41.77,0,41.45
2017-08-23,235,14,30.7,30.8,26.4,78,1.61,466.0,30.889,39.92,39.23,0,36.53
2017-08-24,236,11,31.5,32.3,25.4,76,0.76,708.0,32.912,42.58,41.07,0,41.79
2017-08-25,237,11,30.6,30.8,25.7,80,3.01,699.0,30.967,39.92,39.56,0,35.98
2017-08-26,238,15,31.3,31.3,25.4,70,2.3,473.0,30.318,39.26,38.42,0,33.51
2017-08-27,239,11,30.8,30.8,25.7,79,2.47,556.0,30.949,39.90,39.87,0,36.05
2017-08-28,240,11,30.6,30.9,25.3,75,6.0,660.0,29.863,37.23,37.99,0,30.91
2017-08-29,241,11,31.1,31.1,25.9,75,7.84,746.0,30.286,38.29,39.47,0,33.72
2017-08-30,242,12,31.4,31.6,26.7,79,4.88,626.0,31.156,39.20,41.86,0,37.84
2017-08-31,243,12,32.0,32.3,25.4,68,0.72,737.0,32.647,42.44,39.69,0,40.67
2017-09-01,244,13,31.8,31.8,26.1,64,4.01,708.0,30.12,39.10,37.83,0,33.61
2017-09-02,245,13,31.2,31.2,25.8,68,4.82,665.0,29.814,37.93,37.52,0,31.72
2017-09-03,246,13,30.2,30.8,25.4,74,2.5,643.0,29.993,38.96,36.58,0,31.99
2017-09-04,247,12,32.6,32.6,25.6,70,2.6,783.0,32.059,42.31,42.22,0,40.64
2017-09-05,248,13,33.6,33.6,26.4,67,3.57,786.0,32.381,42.59,44.04,0,43.07
2017-09-06,249,14,33.5,33.6,25.7,67,2.09,711.0,32.639,43.33,43.73,0,43.15
2017-09-07,250,12,32.9,33.1,26.1,69,1.53,797.0,32.801,43.55,42.73,0,43.71
2017-09-08,251,12,32.3,32.6,25.7,68,0.5,718.0,33.424,42.89,40.55,0,43.13
2017-09-09,252,12,33.0,33.2,25.9,60,3.85,776.0,30.897,40.76,39.52,0,36.67
2017-09-10,253,11,33.3,33.8,25.5,60,2.15,798.0,31.739,42.61,40.29,0,39.42
2017-09-11,254,13,34.3,34.4,26.0,57,2.71,756.0,31.993,42.97,41.74,0,41.29
2017-09-12,255,11,33.5,34.2,26.4,59,1.8,818.0,32.024,43.12,40.44,0,41.43
2017-09-13,256,12,33.5,33.8,26.0,56,1.98,787.0,31.487,42.56,39.33,0,39.13
2017-09-14,257,12,32.6,32.6,27.0,65,0.58,643.0,32.895,42.50,40.28,0,43.27
2017-09-15,258,10,31.9,31.9,26.3,71,1.9,652.0,31.554,41.47,40.48,0,39.25
2017-09-16,259,12,33.2,33.3,26.3,60,1.2,727.0,32.137,42.81,40.03,0,41.15
2017-09-17,260,11,33.7,34.4,26.9,59,0.72,729.0,33.142,43.57,40.96,0,44.65
2017-09-18,261,11,32.9,32.9,27.0,69,2.72,732.0,32.1,42.28,42.73,0,42.52
2017-09-19,262,14,32.6,32.6,25.9,62,2.55,550.0,30.704,40.36,39.2,0,35.90
2017-09-20,263,11,31.8,31.8,26.5,72,4.14,685.0,30.975,39.68,40.54,0,37.12
2017-09-21,264,10,27.2,27.2,25.1,83,6.8,216.0,26.57,29.73,30.51,0,16.25
2017-09-22,265,12,30.4,30.4,24.7,79,6.29,643.0,30.047,37.20,38.61,0,30.76
2017-09-23,266,14,29.9,29.9,24.3,73,3.35,522.0,29.14,37.01,35.52,0,27.29
2017-09-24,267,10,30.5,31.3,24.8,71,0.91,593.0,30.854,40.06,36.56,0,33.71
2017-09-25,268,14,30.8,30.8,25.3,65,3.56,472.0,28.971,37.00,35.68,0,28.19
2017-09-26,269,12,32.6,33.3,24.1,61,2.8,763.0,30.898,41.11,38.85,0,34.58
2017-09-27,270,12,32.3,32.9,23.4,60,1.7,758.0,30.978,41.52,37.78,0,33.81
2017-09-28,271,12,32.4,32.7,23.7,57,2.15,811.0,30.56,41.28,37.08,0,32.94
2017-09-29,272,10,31.3,32.2,23.8,64,1.8,675.0,30.288,40.20,36.59,0,31.58
2017-09-30,273,13,32.1,32.1,24.7,63,1.63,652.0,30.97,41.10,38.26,0,35.19
2017-10-01,274,12,31.8,32.0,24.8,62,1.24,664.0,30.888,40.96,37.21,0,34.66
2017-10-02,275,13,31.9,32.9,24.1,71,0.7,682.0,32.778,42.41,40.48,0,39.67
2017-10-03,276,12,32.0,32.3,24.1,59,0.73,685.0,31.424,41.27,36.78,0,34.92
2017-10-04,277,14,31.5,31.6,24.2,66,0.32,485.0,31.749,39.85,37.69,0,34.96
2017-10-05,278,13,33.1,33.2,25.0,57,1.41,614.0,31.23,41.71,38.71,0,36.64
2017-10-06,279,12,33.6,33.9,24.5,53,1.79,763.0,31.251,42.44,38.52,0,36.55
2017-10-07,280,12,33.6,33.9,24.6,54,1.21,760.0,31.814,42.85,38.86,0,38.16
2017-10-08,281,11,33.2,33.9,23.8,53,0.89,744.0,31.669,42.35,37.62,0,36.12
2017-10-09,282,12,33.0,33.2,24.7,54,2.0,612.0,30.417,40.92,37.49,0,33.72
2017-10-10,283,12,32.6,32.9,24.5,54,1.7,641.0,30.267,40.80,36.62,0,32.80
2017-10-11,284,11,32.0,33.0,24.9,57,0.32,637.0,31.713,40.35,36.2,0,35.52
2017-10-12,285,12,32.3,32.9,25.7,59,1.64,575.0,30.497,40.57,37.47,0,34.79
2017-10-13,286,12,33.0,33.6,24.8,45,3.4,715.0,28.955,39.70,34.95,0,29.26
2017-10-14,287,11,33.6,34.7,23.1,39,3.44,735.0,28.635,40.15,34.52,0,26.84
2017-10-15,288,11,34.2,35.4,20.8,33,3.29,742.0,28.243,40.71,34.13,0,25.07
2017-10-16,289,11,33.8,34.9,21.2,38,1.41,735.0,29.513,41.60,34.61,0,28.29
2017-10-17,290,9,29.7,33.5,20.4,60,0.5,475.0,29.216,37.73,32.27,0,24.06
2017-10-18,291,11,32.8,33.6,20.7,47,1.61,695.0,29.703,40.82,35.09,0,28.26
2017-10-19,292,12,34.0,34.3,24.4,46,2.69,699.0,30.153,41.41,37.11,0,33.09
2017-10-20,293,13,34.0,34.0,26.0,51,2.36,577.0,30.717,41.42,38.73,0,36.63
2017-10-21,294,10,31.8,34.8,22.9,59,2.32,572.0,29.721,39.42,36.32,0,28.79
2017-10-22,295,11,33.7,35.3,20.0,28,3.1,710.0,26.957,39.88,32.58,0,21.46
2017-10-23,296,13,34.3,34.3,20.2,36,1.65,666.0,29.311,41.59,34.94,0,28.02
2017-10-24,297,11,33.3,34.2,19.1,33,2.69,696.0,27.579,39.84,32.86,0,22.71
2017-10-25,298,10,30.1,32.7,17.7,40,0.92,607.0,26.778,37.29,29.81,0,18.22
2017-10-26,299,13,31.9,31.9,18.7,33,0.22,651.0,28.386,37.77,31.07,0,22.08
2017-10-27,300,12,30.3,30.8,18.9,44,0.41,640.0,28.544,37.90,30.57,0,22.29
2017-10-28,301,12,29.9,30.5,17.8,42,1.17,694.0,26.816,37.58,29.81,0,18.51
2017-10-29,302,13,30.1,30.1,18.8,46,1.42,604.0,27.088,37.44,30.59,0,19.21
2017-10-30,303,12,29.2,29.6,17.9,45,0.4,666.0,27.789,36.95,29.32,0,19.70
2017-10-31,304,12,28.7,28.7,17.5,45,1.2,591.0,25.861,36.00,28.76,0,15.17
2017-11-01,305,11,27.7,28.0,19.3,56,1.4,614.0,26.15,35.67,28.64,0,15.43
2017-11-02,306,12,28.5,29.1,19.2,51,1.0,559.0,26.521,36.09,29.14,0,16.62
2017-11-03,307,10,27.4,28.6,18.9,60,0.41,540.0,27.453,35.55,28.6,0,17.79
2017-11-04,308,12,29.6,29.9,18.7,48,1.5,622.0,26.882,37.09,30.19,0,18.42
2017-11-05,309,12,29.9,30.1,18.5,45,1.0,637.0,27.248,37.55,30.19,0,19.44
2017-11-06,310,11,29.1,30.0,18.2,45,1.79,627.0,25.898,36.23,29.21,0,15.57
2017-11-07,311,12,29.0,29.5,17.3,46,0.99,626.0,26.559,36.64,29.2,0,17.12
2017-11-08,312,13,29.0,29.1,17.1,46,1.98,581.0,25.743,35.77,29.2,0,14.95
2017-11-09,313,11,27.5,28.5,18.2,53,0.54,604.0,26.757,35.70,28.14,0,16.42
2017-11-10,314,12,28.6,29.1,15.7,45,1.17,638.0,25.919,36.17,28.65,0,15.36
2017-11-11,315,12,28.1,28.5,16.2,48,1.3,627.0,25.698,35.72,28.38,0,14.52
2017-11-12,316,12,27.8,28.3,16.0,45,3.01,633.0,24.305,33.81,27.84,0,10.31
2017-11-13,317,13,27.9,28.0,14.8,37,1.49,592.0,23.914,34.62,27.39,0,9.99
2017-11-14,318,12,28.0,28.2,14.2,41,1.99,622.0,24.314,34.72,27.73,0,10.94
2017-11-15,319,13,28.4,28.4,16.5,40,2.2,565.0,24.325,34.57,28.02,0,10.96
2017-11-16,320,12,27.0,27.5,18.7,48,2.3,380.0,23.61,32.21,27.3,0,7.63
2017-11-17,321,12,27.4,27.9,17.5,49,1.84,492.0,24.532,33.89,27.74,0,10.76
2017-11-18,322,12,27.1,27.7,16.0,47,0.67,528.0,25.163,34.43,27.33,0,12.19
2017-11-19,323,13,27.0,27.3,18.0,46,2.79,397.0,23.289,31.72,27.18,0,6.63
2017-11-20,324,12,26.6,27.1,16.7,35,4.89,601.0,21.594,30.28,26.41,0,3.09
2017-11-21,325,13,23.9,23.9,13.4,29,4.65,589.0,18.56,27.35,23.5,0,0.97
2017-11-22,326,13,24.1,24.1,11.7,36,4.22,577.0,19.649,28.06,23.8,0,1.49
2017-11-23,327,12,22.9,23.6,11.1,37,2.69,619.0,19.15,29.01,22.56,0,2.17
2017-11-24,328,12,23.7,24.5,10.4,38,2.84,607.0,19.886,29.52,23.41,0,2.54
2017-11-25,329,12,24.0,24.8,11.2,39,1.72,603.0,20.689,31.04,23.74,0,3.64
2017-11-26,330,13,25.3,25.4,10.5,37,3.76,561.0,20.85,29.71,25.08,0,2.68
2017-11-27,331,13,25.3,25.5,12.0,36,3.57,559.0,20.758,29.87,25.06,0,2.79
2017-11-28,332,13,25.3,25.4,11.8,34,2.88,559.0,20.663,30.57,25.04,0,3.30
2017-11-29,333,11,23.3,24.9,12.1,46,0.54,562.0,22.061,31.33,23.09,0,3.96
2017-11-30,334,12,24.2,24.8,12.8,46,1.21,584.0,21.956,31.81,24.04,0,4.19
2017-12-01,335,12,23.7,24.4,11.3,46,1.42,586.0,21.352,31.22,23.51,0,3.77
2017-12-02,336,12,23.8,24.3,10.8,36,2.16,595.0,19.941,30.26,23.49,0,3.08
2017-12-03,337,14,23.2,23.2,9.7,38,2.55,427.0,19.161,28.13,22.88,0,1.54
2017-12-04,338,12,23.2,23.5,10.8,41,1.52,539.0,20.185,30.20,22.92,0,3.03
2017-12-05,339,13,23.0,23.0,12.5,46,0.41,355.0,21.18,29.42,22.78,0,2.47
2017-12-06,340,11,22.1,23.9,16.2,51,1.25,451.0,20.198,29.29,21.9,0,2.38
2017-12-07,341,13,24.3,24.9,16.5,45,2.38,498.0,21.119,30.16,24.13,0,3.00
2017-12-08,342,13,24.5,24.9,12.9,40,2.01,529.0,20.932,30.76,24.27,0,3.44
2017-12-09,343,13,24.8,25.0,12.1,39,1.84,531.0,21.155,31.18,24.58,0,3.74
2017-12-10,344,12,25.4,25.9,12.5,42,1.14,559.0,22.56,32.57,25.25,0,5.80
2017-12-11,345,11,24.0,24.9,12.7,45,1.14,534.0,21.598,31.32,23.82,0,3.84
2017-12-12,346,12,23.9,23.9,14.3,48,2.12,392.0,20.921,29.42,23.75,0,2.47
2017-12-13,347,13,25.1,25.3,14.2,50,2.92,449.0,22.128,30.18,25.04,0,3.26
2017-12-14,348,13,24.3,24.5,13.5,41,3.98,523.0,20.353,28.30,24.08,0,1.66
2017-12-15,349,13,23.8,24.0,12.6,37,3.76,529.0,19.505,27.95,23.5,0,1.41
2017-12-16,350,13,22.4,22.5,11.5,33,4.97,532.0,17.671,25.09,21.98,0,0.00
2017-12-17,351,14,20.8,20.8,9.2,42,3.1,455.0,17.434,25.46,20.42,0,0.00
2017-12-18,352,13,19.9,20.2,8.2,48,2.01,536.0,17.725,27.04,19.55,0,0.75
2017-12-19,353,14,21.1,21.1,9.1,52,0.91,424.0,19.608,28.58,20.86,0,1.86
2017-12-20,354,13,21.8,21.9,10.7,58,1.33,418.0,20.452,29.02,21.68,0,2.18
2017-12-21,355,12,22.5,23.0,10.9,61,1.56,518.0,21.519,30.27,22.45,0,3.09
2017-12-22,356,13,23.7,24.0,12.6,46,3.76,547.0,20.46,28.27,23.51,0,1.64
2017-12-23,357,14,21.9,21.9,11.7,43,3.28,416.0,18.383,25.98,21.58,0,0.00
2017-12-24,358,11,20.2,21.9,8.4,56,0.1,538.0,20.392,27.02,19.97,0,0.74
2017-12-25,359,13,21.1,21.4,7.4,53,3.0,541.0,18.978,26.92,20.87,0,0.67
2017-12-26,360,13,21.9,22.3,9.1,48,2.61,548.0,19.331,28.08,21.65,0,1.50
2017-12-27,361,13,22.0,22.2,9.0,49,2.95,547.0,19.425,27.74,21.77,0,1.26
2017-12-28,362,14,22.1,22.1,8.9,52,1.41,461.0,20.217,29.26,21.91,0,2.36
2017-12-29,363,13,21.0,21.3,9.6,58,0.81,549.0,20.608,29.73,20.83,0,2.69
2017-12-30,364,12,19.3,20.5,7.7,65,0.28,574.0,20.493,28.08,19.14,0,1.50
2017-12-31,365,13,19.8,20.2,8.0,65,0.63,553.0,20.446,29.24,19.67,0,2.34
2018-01-01,1,12,20.0,20.8,7.9,56,2.3,581.0,18.542,27.32,19.76,0,0.95
2018-01-02,2,13,20.6,20.6,7.5,41,3.31,561.0,17.321,25.74,20.19,0,0.00
2018-01-03,3,13,19.8,20.1,7.0,51,3.01,569.0,17.661,25.81,19.48,0,0.00
2018-01-04,4,13,19.1,19.4,6.5,48,1.92,576.0,17.138,26.77,18.71,0,0.56
2018-01-05,5,13,18.5,18.9,5.8,49,1.96,578.0,16.676,26.26,18.09,0,0.19
2018-01-06,6,14,20.0,20.0,5.5,46,3.0,494.0,17.225,25.29,19.63,0,0.00
2018-01-07,7,13,20.1,20.3,7.4,39,4.65,586.0,16.491,23.53,19.64,0,0.00
2018-01-08,8,13,18.6,19.2,6.4,49,1.93,590.0,16.806,26.47,18.2,0,0.34
2018-01-09,9,13,19.4,19.6,5.9,45,3.14,591.0,16.751,25.20,18.99,0,0.00
2018-01-10,10,14,19.8,19.8,7.3,46,3.88,513.0,16.909,23.92,19.42,0,0.00
2018-01-11,11,14,20.0,20.0,7.7,47,3.81,505.0,17.179,24.19,19.64,0,0.00
2018-01-12,12,13,18.3,19.0,6.0,56,1.92,586.0,17.147,26.44,17.97,0,0.31
2018-01-13,13,13,20.2,20.6,6.6,54,2.34,596.0,18.557,27.46,19.94,0,1.06
2018-01-14,14,13,20.8,21.2,7.8,46,2.02,610.0,18.493,28.23,20.47,0,1.61
2018-01-15,15,14,21.9,21.9,8.0,39,4.57,535.0,17.976,25.15,21.53,0,0.00
2018-01-16,16,13,19.2,19.7,7.6,48,0.51,622.0,18.887,28.69,18.81,0,1.94
2018-01-17,17,13,19.6,20.0,7.0,55,1.03,620.0,18.967,28.76,19.33,0,1.99
2018-01-18,18,13,21.6,22.1,6.4,49,2.44,618.0,19.356,28.53,21.35,0,1.83
2018-01-19,19,13,23.6,23.9,8.5,49,3.09,613.0,20.952,29.53,23.45,0,2.55
2018-01-20,20,13,21.9,22.1,10.3,43,4.49,633.0,18.571,26.04,21.58,0,0.03
2018-01-21,21,12,20.2,21.2,7.0,51,0.45,649.0,20.327,29.69,19.9,0,2.66
2018-01-22,22,14,21.3,21.3,6.1,42,1.5,562.0,18.699,28.82,20.94,0,2.03
2018-01-23,23,16,21.3,22.5,6.5,60,1.08,228.0,19.671,27.14,21.18,0,0.82
2018-01-24,24,12,20.9,21.5,11.3,58,2.06,624.0,19.74,28.80,20.73,0,2.02
2018-01-25,25,13,20.2,20.4,10.0,54,3.8,627.0,18.233,25.52,19.94,0,0.00
2018-01-26,26,13,20.3,20.6,8.8,50,3.58,645.0,18.024,25.92,20.0,0,0.00
2018-01-27,27,14,21.2,21.2,8.6,45,3.86,577.0,18.171,25.79,20.88,0,0.00
2018-01-28,28,14,22.1,22.1,8.8,42,4.21,582.0,18.604,26.20,21.78,0,0.15
2018-01-29,29,14,22.1,22.1,7.7,41,5.02,584.0,18.385,25.29,21.77,0,0.00
2018-01-30,30,15,24.1,24.1,10.4,43,5.36,442.0,20.082,26.22,23.89,0,0.16
2018-01-31,31,14,24.5,24.5,13.9,46,4.85,583.0,21.063,28.23,24.35,0,1.61
2018-02-01,32,14,23.5,23.6,11.2,47,3.26,586.0,20.561,28.98,23.32,0,2.15
2018-02-02,33,13,25.6,26.0,13.0,46,2.31,664.0,22.751,32.54,25.51,0,6.14
2018-02-03,34,13,25.8,26.0,12.0,50,1.34,661.0,23.91,33.78,25.77,0,9.23
2018-02-04,35,12,23.0,23.8,12.6,44,3.4,698.0,19.958,28.90,22.75,0,2.09
2018-02-05,36,12,21.9,23.1,10.0,49,1.3,677.0,20.363,30.46,21.66,0,3.22
2018-02-06,37,13,21.2,21.2,11.6,42,5.25,451.0,17.456,23.06,20.84,0,0.00
2018-02-07,38,12,22.1,22.2,12.8,35,4.34,580.0,17.814,25.85,21.69,0,0.00
2018-02-08,39,13,22.9,23.3,10.2,34,2.19,704.0,19.144,30.04,22.52,0,2.92
2018-02-09,40,12,22.7,23.7,11.3,36,3.56,731.0,18.829,28.38,22.33,0,1.72
2018-02-10,41,12,24.1,25.2,9.7,29,3.26,735.0,19.225,29.95,23.71,0,2.85
2018-02-11,42,11,22.6,23.4,10.5,41,0.67,544.0,20.564,30.36,22.29,0,3.15
2018-02-12,43,13,22.3,22.3,14.6,54,5.53,508.0,19.711,24.94,22.15,0,0.00
2018-02-13,44,13,23.8,24.1,13.6,59,2.86,682.0,22.344,30.84,23.79,0,4.15
2018-02-14,45,12,23.3,24.1,12.8,40,5.16,752.0,19.547,27.51,23.01,0,1.09
2018-02-15,46,14,24.0,24.0,11.4,38,4.26,655.0,19.92,28.47,23.72,0,1.78
2018-02-16,47,13,24.9,25.2,12.3,41,3.91,729.0,21.23,30.28,24.71,0,3.09
2018-02-17,48,14,26.4,26.4,13.3,38,4.03,652.0,22.024,31.18,26.24,0,3.79
2018-02-18,49,13,26.7,26.9,12.8,30,3.08,741.0,21.568,32.69,26.24,0,4.83
2018-02-19,50,13,26.2,26.5,11.0,29,2.51,759.0,21.226,32.83,25.92,0,4.93
2018-02-20,51,13,26.3,26.7,10.9,34,1.0,757.0,22.998,34.16,26.09,0,7.78
2018-02-21,52,12,27.4,28.5,12.5,37,2.69,756.0,23.257,34.04,27.0,0,8.18
2018-02-22,53,12,30.0,31.5,14.7,36,2.12,761.0,25.579,37.13,29.26,0,15.64
2018-02-23,54,12,29.8,31.1,15.5,43,0.89,754.0,27.348,37.94,29.81,0,19.77
2018-02-24,55,14,31.3,31.9,18.2,37,0.73,656.0,27.82,38.63,30.87,0,21.55
2018-02-25,56,13,28.6,28.6,17.9,45,3.19,641.0,24.982,34.53,28.65,0,12.40
2018-02-26,57,13,28.8,29.1,17.4,32,5.09,786.0,23.273,33.60,27.82,0,8.20
2018-02-27,58,14,29.1,29.1,14.5,30,3.74,693.0,23.321,34.31,27.96,0,8.85
2018-02-28,59,12,29.5,30.6,15.7,42,2.83,789.0,25.744,36.43,29.34,0,15.48
2018-03-01,60,12,31.2,32.2,17.4,39,4.8,782.0,26.366,36.72,31.03,0,17.49
2018-03-02,61,12,33.0,33.6,16.9,30,4.78,793.0,26.512,38.63,32.0,0,19.51
2018-03-03,62,12,33.0,33.3,19.6,24,6.11,802.0,25.262,38.25,31.28,0,16.60
2018-03-04,63,12,32.1,32.7,18.0,33,2.2,732.0,26.818,39.01,31.31,0,20.10
2018-03-05,64,12,30.9,30.9,17.7,29,2.97,802.0,25.017,37.35,29.54,0,14.84
2018-03-06,65,13,29.3,29.3,16.7,24,6.4,820.0,22.296,33.78,27.82,0,6.48
2018-03-07,66,13,29.5,29.7,16.4,21,4.37,837.0,22.228,34.87,27.87,0,7.16
2018-03-08,67,12,28.8,29.9,14.0,32,0.98,841.0,25.05,36.71,27.82,0,13.80
2018-03-09,68,11,29.6,31.7,15.1,29,1.0,791.0,25.114,37.06,28.32,0,14.36
2018-03-10,69,12,32.5,33.2,18.1,22,5.76,848.0,24.576,37.86,30.59,0,14.77
2018-03-11,70,13,32.5,32.9,18.0,24,3.41,827.0,25.354,38.75,30.75,0,16.94
2018-03-12,71,11,32.0,33.5,17.1,27,3.36,794.0,25.458,38.17,30.5,0,16.62
2018-03-13,72,12,33.3,34.5,17.7,27,3.45,852.0,26.582,39.85,31.96,0,20.50
2018-03-14,73,12,34.2,35.2,17.7,23,0.41,852.0,29.134,41.38,32.5,0,26.63
2018-03-15,74,12,33.0,33.0,21.0,32,4.39,698.0,26.775,38.40,32.3,0,19.95
2018-03-16,75,10,28.4,32.0,17.5,45,1.52,681.0,25.56,35.99,28.44,0,14.48
2018-03-17,76,11,30.9,32.2,17.6,22,4.59,820.0,23.451,36.23,29.08,0,10.90
2018-03-18,77,14,31.9,31.9,17.1,16,5.68,784.0,22.776,36.76,29.73,0,10.25
2018-03-19,78,11,30.5,33.0,15.1,24,0.95,836.0,25.183,37.85,28.83,0,15.25
2018-03-20,79,12,34.2,35.0,18.9,20,4.33,878.0,25.752,40.37,32.17,0,19.39
2018-03-21,80,12,35.0,35.3,19.1,25,3.81,812.0,27.435,41.39,33.74,0,23.89
2018-03-22,81,11,32.8,33.7,19.1,28,1.49,823.0,27.154,40.25,31.5,0,21.70
2018-03-23,82,12,33.3,33.6,19.7,21,4.11,885.0,25.316,39.47,31.32,0,17.60
2018-03-24,83,13,32.3,32.5,19.1,25,3.06,866.0,25.536,38.96,30.63,0,17.39
2018-03-25,84,12,33.0,33.9,20.1,21,2.6,895.0,25.517,39.95,31.01,0,18.21
2018-03-26,85,13,34.5,34.6,19.8,22,5.28,869.0,26.244,40.48,32.72,0,20.61
2018-03-27,86,11,33.3,35.8,19.0,24,4.22,855.0,25.853,39.36,31.6,0,18.64
2018-03-28,87,12,35.8,36.9,18.4,20,3.01,902.0,27.351,42.88,33.96,0,24.89
2018-03-29,88,11,33.9,35.9,19.2,25,1.98,854.0,27.238,41.24,32.4,0,22.91
2018-03-30,89,11,34.2,36.6,19.9,19,0.51,740.0,27.754,40.68,32.08,0,23.36
2018-03-31,90,12,32.6,33.4,20.1,34,5.1,888.0,26.908,38.58,32.09,0,20.25
2018-04-01,91,13,33.9,34.1,21.9,30,4.62,861.0,27.376,40.10,33.15,0,22.63
2018-04-02,92,13,34.8,35.0,21.8,26,2.45,867.0,27.958,42.14,33.65,0,25.39
2018-04-03,93,14,36.0,36.0,22.5,22,1.02,744.0,28.84,42.98,34.5,0,28.56
2018-04-04,94,13,36.9,36.9,22.8,23,2.24,835.0,29.063,44.34,35.85,0,30.81
2018-04-05,95,14,37.0,37.1,23.4,24,1.0,764.0,30.137,44.37,36.21,0,33.70
2018-04-06,96,13,36.1,36.1,23.5,30,3.08,827.0,29.495,43.35,36.32,0,31.90
2018-04-07,97,14,31.6,32.3,22.3,47,0.92,546.0,28.864,39.01,33.0,0,24.95
2018-04-08,98,13,33.6,33.9,21.7,35,2.89,830.0,28.317,40.78,33.66,0,25.08
2018-04-09,99,12,33.8,34.0,22.1,35,0.91,812.0,29.763,41.87,33.95,0,28.83
2018-04-10,100,11,31.2,33.2,21.3,47,0.32,838.0,30.376,39.53,32.36,0,27.59
2018-04-11,101,13,34.2,34.2,23.0,32,0.81,851.0,29.865,42.27,33.93,0,30.35
2018-04-12,102,10,30.3,33.6,21.6,50,0.81,720.0,28.724,38.80,31.5,0,23.62
2018-04-13,103,11,33.7,35.1,20.3,29,1.63,838.0,27.997,41.31,32.73,0,24.52
2018-04-14,104,12,36.5,37.0,19.2,16,4.74,927.0,26.55,43.09,34.22,0,23.62
2018-04-15,105,12,37.6,38.1,21.4,18,2.73,914.0,28.373,45.01,35.76,0,29.03
2018-04-16,106,10,34.7,38.9,22.7,36,0.58,705.0,31.047,42.51,35.59,0,33.03
2018-04-17,107,11,38.0,38.3,24.4,24,0.41,856.0,32.382,45.72,37.63,0,40.60
2018-04-18,108,11,37.9,39.4,23.4,15,4.53,885.0,27.311,44.60,35.61,0,28.30
2018-04-19,109,12,39.0,39.6,24.3,15,6.14,919.0,27.933,46.24,36.84,0,32.17
2018-04-20,110,11,37.5,38.4,23.6,25,2.93,823.0,29.691,44.84,37.16,0,33.78
2018-04-21,111,12,38.4,38.8,23.7,16,4.22,916.0,28.059,45.46,36.34,0,30.96
2018-04-22,112,13,36.7,36.8,23.4,10,5.5,928.0,24.865,42.94,33.49,0,21.69
2018-04-23,113,12,36.2,36.9,21.7,12,4.16,948.0,25.371,42.68,33.4,0,20.79
2018-04-24,114,13,38.2,38.3,21.0,12,3.45,899.0,26.911,44.97,35.38,0,26.09
2018-04-25,115,13,39.4,39.5,21.8,13,3.4,887.0,28.083,46.46,36.91,0,29.95
2018-04-26,116,13,39.0,39.5,23.5,24,3.67,873.0,30.55,46.58,39.13,0,37.27
2018-04-27,117,14,37.5,37.6,24.2,29,4.37,763.0,30.074,44.18,38.28,0,35.14
2018-04-28,118,13,37.1,37.5,27.0,32,2.6,850.0,30.89,45.01,38.53,0,40.64
2018-04-29,119,13,38.4,38.7,26.4,30,2.12,855.0,31.81,46.69,40.15,0,43.50
2018-04-30,120,14,38.1,38.1,25.2,30,3.11,755.0,31.028,45.43,39.62,0,39.52
2018-05-01,121,14,34.8,34.9,23.5,38,4.08,755.0,29.411,41.26,36.28,0,30.23
2018-05-02,122,14,36.5,36.5,23.3,35,3.22,745.0,30.55,43.63,38.42,0,34.65
2018-05-03,123,13,34.1,34.1,23.0,41,6.13,820.0,29.049,40.21,35.87,0,28.05
2018-05-04,124,15,35.3,35.3,23.7,37,2.06,593.0,29.962,42.22,36.88,0,32.41
2018-05-05,125,12,36.2,37.6,25.4,38,0.67,871.0,32.901,45.16,38.85,0,42.80
2018-05-06,126,10,38.0,39.3,25.4,35,0.58,729.0,33.761,46.36,41.28,0,46.20
2018-05-07,127,12,39.3,40.3,26.4,25,3.4,880.0,31.091,47.12,39.93,1,44.03
2018-05-08,128,11,38.7,39.9,24.3,22,1.21,816.0,30.918,46.40,38.1,0,38.39
2018-05-09,129,12,37.8,38.1,24.8,19,4.03,887.0,28.377,44.81,36.2,0,32.32
2018-05-10,130,11,38.0,39.0,24.9,20,3.99,854.0,28.737,44.97,36.66,0,33.40
2018-05-11,131,13,40.4,40.7,25.1,19,5.0,852.0,30.157,47.84,39.63,1,41.16
2018-05-12,132,13,38.7,39.1,27.4,32,3.91,830.0,31.832,46.29,41.46,0,44.91
2018-05-13,133,11,36.7,36.8,26.8,40,4.36,819.0,31.413,43.94,40.58,0,41.39
2018-05-14,134,13,34.9,35.2,23.6,40,1.79,827.0,30.696,43.24,37.03,0,34.48
2018-05-15,135,14,35.5,35.6,24.3,41,0.92,732.0,31.958,43.90,38.49,0,38.70
2018-05-16,136,13,37.1,37.3,26.4,40,0.67,811.0,33.847,46.15,41.43,0,47.43
2018-05-17,137,13,37.4,38.0,26.3,41,0.73,830.0,34.19,46.68,42.51,0,48.75
2018-05-18,138,13,37.8,38.1,26.8,36,1.53,822.0,32.706,46.47,41.28,0,45.92
2018-05-19,139,11,37.3,39.1,25.7,37,0.5,821.0,34.023,46.21,40.66,0,46.71
2018-05-20,140,11,37.7,40.5,27.1,34,0.92,832.0,32.933,46.34,40.31,1,47.91
2018-05-21,141,9,34.4,41.2,26.5,50,1.4,584.0,31.435,42.48,39.28,2,42.88
2018-05-22,142,11,38.2,41.2,25.8,32,0.7,836.0,33.395,46.79,40.52,3,51.00
2018-05-23,143,13,40.7,40.9,29.1,31,1.66,829.0,34.137,49.56,45.01,4,61.59
2018-05-24,144,13,40.4,40.4,29.1,33,3.14,826.0,33.635,48.81,45.39,5,61.91
2018-05-25,145,10,38.1,42.1,27.7,36,1.46,746.0,32.858,46.50,41.89,6,57.50
2018-05-26,146,11,41.0,43.2,26.5,15,1.39,859.0,30.759,48.52,39.22,7,52.61
2018-05-27,147,14,42.3,42.3,26.6,22,1.02,731.0,33.772,50.12,43.69,8,61.23
2018-05-28,148,12,39.2,40.2,27.7,39,2.12,860.0,34.141,48.38,45.74,9,62.72
2018-05-29,149,14,37.4,37.6,27.4,41,2.64,749.0,32.501,45.49,42.51,0,45.99
2018-05-30,150,13,38.0,38.6,27.4,39,2.92,824.0,32.727,46.28,42.97,0,47.15
2018-05-31,151,12,36.1,36.1,28.7,46,2.67,828.0,32.248,44.61,41.65,0,46.07
2018-06-01,152,14,36.5,36.5,27.2,42,4.34,737.0,31.441,43.44,40.93,0,41.68
2018-06-02,153,13,36.5,36.5,26.3,42,4.31,824.0,31.571,43.85,40.93,0,41.17
2018-06-03,154,12,35.7,35.7,27.4,44,4.41,758.0,31.061,42.61,39.96,0,40.23
2018-06-04,155,12,37.1,37.1,28.7,42,4.02,808.0,32.13,44.69,42.26,0,46.13
2018-06-05,156,13,38.2,38.2,29.8,40,5.81,758.0,32.421,45.44,43.88,0,49.10
2018-06-06,157,13,39.0,39.3,30.9,39,3.01,765.0,33.47,47.24,45.26,0,54.19
2018-06-07,158,14,39.2,39.2,29.8,38,1.22,623.0,34.066,47.46,45.23,0,54.18
2018-06-08,159,12,36.3,36.5,26.6,50,3.31,724.0,32.645,44.35,43.91,0,45.02
2018-06-09,160,14,34.6,35.7,25.4,58,3.01,614.0,32.059,42.57,42.98,0,40.88
2018-06-10,161,13,36.3,36.9,27.3,50,1.24,722.0,33.607,45.62,43.91,0,48.57
2018-06-11,162,14,37.9,38.1,29.2,44,4.13,615.0,32.832,44.96,45.1,0,49.29
2018-06-12,163,12,41.2,41.9,30.0,28,5.61,868.0,32.859,49.41,44.54,1,54.94
2018-06-13,164,13,41.8,42.4,30.6,28,5.19,733.0,33.231,49.58,45.73,2,58.58
2018-06-14,165,13,40.7,40.7,29.1,29,5.84,843.0,32.6,48.69,44.04,3,56.03
2018-06-15,166,12,39.9,40.5,29.3,29,5.47,849.0,31.997,47.58,42.51,4,55.42
2018-06-16,167,13,39.4,39.7,28.9,31,6.39,747.0,31.745,46.65,42.4,0,47.10
2018-06-17,168,12,39.6,39.6,28.8,30,6.2,722.0,31.701,46.73,42.36,0,46.94
2018-06-18,169,11,40.1,40.1,29.4,31,2.77,769.0,33.012,48.18,43.79,1,53.37
2018-06-19,170,11,38.0,39.0,29.1,37,2.62,803.0,32.454,46.20,42.1,0,48.24
2018-06-20,171,13,39.6,39.9,29.1,32,2.2,679.0,32.838,47.43,43.23,0,50.27
2018-06-21,172,12,40.7,41.3,30.9,29,0.58,760.0,34.957,49.10,44.04,1,59.55
2018-06-22,173,13,42.1,42.5,31.8,26,0.58,770.0,35.472,50.44,45.28,2,64.67
2018-06-23,174,13,41.0,41.6,30.5,29,1.97,782.0,33.7,49.48,44.64,3,60.54
2018-06-24,175,18,37.5,41.1,31.3,63,0.32,80.0,34.728,45.19,55.2,4,65.91
2018-06-25,176,12,41.0,41.6,32.3,29,3.31,780.0,33.209,49.05,44.64,5,64.73
2018-06-26,177,11,37.4,38.8,27.3,41,1.21,805.0,33.441,46.45,42.51,0,48.33
2018-06-27,178,12,34.9,34.9,25.9,56,4.69,691.0,31.87,42.13,42.92,0,40.76
2018-06-28,179,11,33.6,34.4,26.6,57,8.52,748.0,30.486,40.59,39.94,0,36.75
2018-06-29,180,12,34.7,34.7,26.8,54,5.47,772.0,31.427,41.79,41.54,0,40.22
2018-06-30,181,13,34.6,34.6,27.6,56,2.78,727.0,32.067,43.08,42.12,0,43.51
2018-07-01,182,14,31.4,31.4,25.9,73,3.69,370.0,30.206,37.83,39.7,0,33.32
2018-07-02,183,15,34.5,34.5,27.3,51,3.88,370.0,30.395,39.71,39.88,0,36.74
2018-07-03,184,11,33.6,34.0,26.5,61,3.4,719.0,31.591,41.73,41.49,0,40.12
2018-07-04,185,13,34.8,34.8,26.7,58,4.3,736.0,32.168,42.59,43.54,0,42.82
2018-07-05,186,13,36.0,36.2,28.0,50,2.66,752.0,32.611,44.52,43.14,0,46.42
2018-07-06,187,14,35.8,36.0,27.8,50,2.36,633.0,32.318,43.89,42.63,0,44.99
2018-07-07,188,11,35.0,36.5,28.4,53,0.1,679.0,34.091,42.59,41.89,0,47.83
2018-07-08,189,14,36.1,36.1,29.4,53,2.32,644.0,33.044,44.70,44.81,0,49.63
2018-07-09,190,13,35.7,35.7,28.5,55,4.31,646.0,32.463,43.11,44.66,0,46.28
2018-07-10,191,12,34.7,34.7,28.6,60,3.2,662.0,32.443,43.03,44.17,0,46.12
2018-07-11,192,13,32.8,32.8,27.3,69,2.12,496.0,31.746,41.48,42.42,0,41.51
2018-07-12,193,15,31.6,31.6,27.1,73,2.91,377.0,30.555,38.84,40.3,0,36.33
2018-07-13,194,12,32.2,32.5,26.3,72,2.52,630.0,31.657,41.35,41.77,0,39.84
2018-07-14,195,12,32.8,33.3,26.0,71,3.69,616.0,31.79,41.04,43.26,0,40.07
2018-07-15,196,13,34.7,34.7,26.1,61,3.83,794.0,32.634,43.32,44.63,0,43.94
2018-07-16,197,12,33.8,34.2,28.1,65,4.83,798.0,32.107,41.95,43.76,0,43.96
2018-07-17,198,14,34.3,34.3,28.7,58,6.01,738.0,31.469,41.37,42.16,0,42.44
2018-07-18,199,13,34.2,34.2,27.3,62,5.7,791.0,31.984,41.92,43.61,0,42.72
2018-07-19,200,11,33.9,33.9,28.3,66,5.2,768.0,32.226,41.96,44.53,0,44.72
2018-07-20,201,11,34.5,35.9,27.0,65,1.84,789.0,33.619,45.05,45.95,0,48.59
2018-07-21,202,13,31.8,31.8,27.0,70,3.64,478.0,30.483,38.77,39.83,0,35.85
2018-07-22,203,13,33.1,33.6,26.3,66,3.27,690.0,31.71,41.55,42.1,0,40.21
2018-07-23,204,13,31.1,31.1,26.9,70,6.9,610.0,29.637,37.13,37.87,0,32.22
2018-07-24,205,12,32.2,32.2,25.8,75,4.08,698.0,31.726,40.75,42.97,0,39.40
2018-07-25,206,13,32.3,32.3,26.1,68,2.52,678.0,31.385,41.26,40.55,0,38.57
2018-07-26,207,13,29.5,29.9,25.6,80,4.5,347.0,28.97,35.06,36.17,0,27.32
2018-07-27,208,14,30.9,30.9,25.1,67,2.58,494.0,29.561,38.32,36.47,0,30.32
2018-07-28,209,12,30.1,30.1,25.5,80,2.62,512.0,30.238,38.65,37.98,0,32.87
2018-07-29,210,13,30.8,30.9,25.8,75,1.73,400.0,30.426,39.20,38.58,0,34.19
2018-07-30,211,12,27.4,27.4,25.2,90,2.06,209.0,27.956,34.52,32.22,0,23.08
2018-07-31,212,10,28.2,28.2,25.2,84,3.35,360.0,28.303,34.78,33.29,0,24.32
2018-08-01,213,13,29.7,29.7,24.6,79,3.0,432.0,29.478,37.14,36.5,0,28.74
2018-08-02,214,15,28.5,28.5,25.0,85,2.28,284.0,28.725,35.88,34.34,0,26.07
2018-08-03,215,16,26.6,26.8,24.4,93,2.7,77.0,26.787,31.31,27.17,0,15.74
2018-08-04,216,12,30.0,30.0,24.6,82,2.42,552.0,30.497,39.17,38.24,0,32.78
2018-08-05,217,15,30.0,30.0,25.0,71,3.0,515.0,29.083,37.26,35.28,0,28.09
2018-08-06,218,14,31.9,32.2,24.7,74,0.99,651.0,32.584,42.48,41.6,0,40.48
2018-08-07,219,12,31.6,31.7,25.5,75,4.18,689.0,31.117,39.73,41.02,0,36.44
2018-08-08,220,12,33.0,33.0,26.4,61,5.72,798.0,30.749,40.08,39.88,0,36.62
2018-08-09,221,15,33.1,33.3,27.2,64,3.35,531.0,31.171,40.46,41.29,0,39.15
2018-08-10,222,14,34.0,34.1,26.2,58,0.64,709.0,33.405,43.79,41.35,0,44.63
2018-08-11,223,13,30.0,30.2,26.6,83,0.71,546.0,31.813,40.65,38.54,0,38.78
2018-08-12,224,11,30.6,30.6,25.6,78,1.12,550.0,31.361,40.61,38.92,0,36.87
2018-08-13,225,9,28.7,30.2,25.5,87,0.3,302.0,30.488,37.44,35.45,0,31.52
2018-08-14,226,12,31.8,32.0,25.7,74,0.4,738.0,33.839,42.82,41.28,0,44.14
2018-08-15,227,14,31.8,32.3,26.5,79,1.49,629.0,32.535,42.62,43.24,0,43.19
2018-08-16,228,14,33.5,33.5,26.8,63,6.01,672.0,31.258,40.40,42.02,0,39.07
2018-08-17,229,13,33.6,33.8,27.9,63,4.32,779.0,31.736,41.60,42.31,0,42.23
2018-08-18,230,15,34.0,34.1,27.4,64,1.68,570.0,32.657,43.26,43.92,0,45.19
2018-08-19,231,11,33.7,34.4,27.3,65,0.36,639.0,34.274,43.60,43.46,0,48.20
2018-08-20,232,14,33.2,33.4,26.3,71,3.22,671.0,32.37,42.29,44.56,0,42.90
2018-08-21,233,11,31.9,31.9,27.8,70,6.2,718.0,30.61,38.91,40.12,0,37.23
2018-08-22,234,12,31.4,31.8,26.4,82,2.42,617.0,31.994,41.59,43.02,0,41.23
2018-08-23,235,14,32.1,32.3,25.9,79,0.91,614.0,33.332,43.39,44.3,0,44.95
2018-08-24,236,12,29.9,30.8,25.4,79,0.3,540.0,31.859,39.46,37.09,0,36.06
2018-08-25,237,14,26.9,27.3,25.3,92,4.26,249.0,27.427,31.97,31.16,0,19.96
2018-08-26,238,14,28.9,29.3,25.2,80,1.84,334.0,28.887,36.70,34.46,0,27.25
2018-08-27,239,13,31.7,32.2,25.4,77,2.36,737.0,31.991,41.92,42.1,0,39.96
2018-08-28,240,11,32.0,32.0,25.3,73,4.5,681.0,31.212,39.84,41.53,0,36.65
2018-08-29,241,13,31.3,31.3,26.0,81,1.91,616.0,31.997,41.75,42.27,0,40.61
2018-08-30,242,14,29.9,30.3,25.5,81,0.32,483.0,31.849,39.50,37.64,0,36.39
2018-08-31,243,16,30.1,30.1,25.2,76,0.51,291.0,30.537,38.40,36.85,0,32.48
2018-09-01,244,11,30.7,31.1,24.7,75,2.89,560.0,30.305,38.91,38.28,0,32.36
2018-09-02,245,15,30.8,30.8,25.5,75,1.17,457.0,30.922,39.97,38.58,0,35.33
2018-09-03,246,12,29.4,29.4,24.6,83,1.55,441.0,30.118,38.66,36.62,0,31.09
2018-09-04,247,15,29.3,29.3,24.4,82,1.56,376.0,29.728,37.98,36.07,0,29.43
2018-09-05,248,12,29.9,30.5,24.1,80,1.97,662.0,30.595,39.79,37.36,0,32.50
2018-09-06,249,10,30.7,30.7,24.3,80,1.36,512.0,31.376,40.64,39.88,0,35.76
2018-09-07,250,14,31.5,31.5,25.1,64,6.52,598.0,29.349,37.15,37.08,0,29.30
2018-09-08,251,12,31.5,31.5,26.0,71,5.81,693.0,30.351,38.37,39.31,0,33.96
2018-09-09,252,12,31.6,32.4,24.4,64,2.69,852.0,30.502,40.59,37.33,0,33.24
2018-09-10,253,13,31.5,31.5,25.1,64,3.47,683.0,29.911,39.02,37.08,0,31.71
2018-09-11,254,12,31.1,31.3,26.3,74,3.06,743.0,30.861,40.08,39.14,0,36.44
2018-09-12,255,14,30.9,31.4,25.2,76,3.1,628.0,30.679,39.44,39.2,0,34.38
2018-09-13,256,12,31.6,31.6,25.5,71,4.12,715.0,30.722,39.44,39.6,0,34.96
2018-09-14,257,13,31.8,31.8,24.9,70,3.32,734.0,31.001,40.34,39.83,0,35.52
2018-09-15,258,12,32.0,32.1,24.9,60,2.97,755.0,30.154,40.08,37.07,0,32.70
2018-09-16,259,11,32.2,32.5,24.6,58,2.71,797.0,30.249,40.58,36.93,0,32.84
2018-09-17,260,13,32.8,32.8,24.2,53,4.3,799.0,29.781,39.76,36.75,0,30.83
2018-09-18,261,11,32.3,33.2,24.1,60,3.33,811.0,30.422,40.41,37.78,0,32.77
2018-09-19,262,12,33.2,33.6,22.8,50,3.13,859.0,30.111,41.13,36.7,0,30.79
2018-09-20,263,12,33.4,33.4,22.6,53,3.68,841.0,30.516,41.10,38.06,0,31.81
2018-09-21,264,13,30.4,30.4,25.2,67,6.49,617.0,28.683,35.94,35.26,0,26.61
2018-09-22,265,11,29.5,29.5,25.6,76,8.12,682.0,28.754,35.61,35.2,0,26.95
2018-09-23,266,13,31.3,32.0,25.6,71,3.33,659.0,30.51,39.40,38.74,0,34.32
2018-09-24,267,11,32.5,32.7,25.1,57,4.0,740.0,29.981,39.59,37.31,0,32.34
2018-09-25,268,13,30.9,31.0,24.5,63,5.02,714.0,29.004,37.25,35.39,0,27.40
2018-09-26,269,12,30.0,30.2,23.3,66,2.56,583.0,28.789,37.66,34.1,0,25.40
2018-09-27,270,12,31.5,31.7,24.7,65,1.66,711.0,30.748,40.81,37.38,0,34.23
2018-09-28,271,12,32.1,32.3,24.1,59,2.06,705.0,30.372,40.67,37.0,0,32.58
2018-09-29,272,11,33.3,34.3,22.9,51,3.12,784.0,30.219,41.00,37.21,0,31.20
2018-09-30,273,11,32.6,33.7,23.1,54,2.56,782.0,30.147,40.82,36.62,0,30.95
2018-10-01,274,12,33.4,34.1,21.8,44,3.4,818.0,29.33,40.60,35.41,0,27.52
2018-10-02,275,11,33.6,35.2,21.9,50,2.68,778.0,30.484,41.60,37.53,0,31.21
2018-10-03,276,11,33.6,35.5,21.7,51,1.75,765.0,31.015,42.30,37.85,0,32.84
2018-10-04,277,11,33.4,33.5,22.3,50,0.32,752.0,32.478,41.87,37.11,0,35.36
2018-10-05,278,11,33.2,34.9,22.3,48,1.02,760.0,30.87,41.94,36.12,0,32.01
2018-10-06,279,11,33.6,35.1,22.4,48,2.48,745.0,30.228,41.46,36.91,0,30.86
2018-10-07,280,12,34.2,34.6,22.2,40,2.48,775.0,29.662,41.77,35.78,0,29.36
2018-10-08,281,9,30.7,35.0,20.8,52,0.58,502.0,29.097,38.29,32.51,0,24.33
2018-10-09,282,11,33.6,34.9,21.7,40,0.0,743.0,31.219,39.91,34.75,0,30.34
2018-10-10,283,12,33.5,33.7,23.8,42,4.23,758.0,28.863,39.80,35.07,0,28.04
2018-10-11,284,12,32.8,32.9,23.4,41,3.0,715.0,28.317,39.54,33.68,0,25.83
2018-10-12,285,13,31.2,31.2,23.0,55,2.46,583.0,28.658,38.34,34.05,0,25.28
2018-10-13,286,12,30.9,31.5,21.9,49,2.0,626.0,27.906,38.22,32.26,0,21.93
2018-10-14,287,12,32.0,32.8,20.5,31,4.57,770.0,25.85,37.46,30.93,0,17.01
2018-10-15,288,12,33.4,34.0,18.7,24,4.7,771.0,25.731,38.89,31.71,0,18.11
2018-10-16,289,12,33.4,34.5,19.1,33,2.21,746.0,27.934,40.50,33.0,0,23.91
2018-10-17,290,11,32.8,34.6,20.0,38,0.32,707.0,30.11,39.96,33.07,0,27.66
2018-10-18,291,10,32.4,35.2,20.2,43,1.42,619.0,28.757,39.80,33.47,0,25.14
2018-10-19,292,11,34.2,35.5,20.4,29,2.18,717.0,27.874,41.06,33.38,0,24.35
2018-10-20,293,10,32.4,34.5,20.0,38,1.32,606.0,28.081,39.43,32.49,0,23.23
2018-10-21,294,10,31.5,32.8,19.5,41,0.3,598.0,29.043,38.16,31.74,0,23.85
2018-10-22,295,11,31.3,32.4,20.6,29,2.39,606.0,25.187,37.18,29.95,0,15.19
2018-10-23,296,11,30.0,31.4,17.2,33,2.31,702.0,24.948,36.56,28.99,0,13.93
2018-10-24,297,10,29.3,32.3,16.5,42,2.36,609.0,25.403,35.71,29.12,0,14.23
2018-10-25,298,12,31.7,32.3,17.3,34,0.22,700.0,28.539,37.85,30.96,0,22.39
2018-10-26,299,12,31.6,32.1,17.7,34,0.32,702.0,28.461,38.36,30.84,0,22.56
2018-10-27,300,9,27.6,31.4,17.9,52,0.3,434.0,26.324,34.03,28.17,0,14.40
2018-10-28,301,11,30.0,31.1,17.5,41,1.34,670.0,26.56,37.42,29.81,0,17.91
2018-10-29,302,13,31.0,31.1,18.1,32,1.3,642.0,26.081,37.79,29.93,0,17.31
2018-10-30,303,11,29.9,31.0,17.6,38,1.48,664.0,25.943,37.05,29.36,0,16.30
2018-10-31,304,13,31.5,31.6,17.3,34,1.94,637.0,26.399,38.09,30.72,0,18.42
2018-11-01,305,12,31.3,31.8,17.2,36,1.39,674.0,26.946,38.47,30.74,0,19.74
2018-11-02,306,11,30.7,31.6,17.8,37,0.4,647.0,27.955,37.80,30.15,0,20.94
2018-11-03,307,13,31.4,31.4,18.7,34,0.5,544.0,27.607,37.96,30.6,0,20.57
2018-11-04,308,14,31.1,31.1,20.5,39,0.61,485.0,27.615,37.62,30.9,0,20.45
2018-11-05,309,11,29.1,30.3,18.1,42,2.2,641.0,25.353,35.81,28.9,0,14.13
2018-11-06,310,13,27.7,27.9,16.7,36,3.67,621.0,22.896,32.64,27.18,0,6.56
2018-11-07,311,11,26.4,27.6,15.1,34,2.22,649.0,21.986,32.84,26.19,0,4.94
2018-11-08,312,11,26.4,27.3,12.4,31,0.61,641.0,23.021,33.63,26.15,0,7.44
2018-11-09,313,10,24.8,27.3,14.4,45,0.45,537.0,23.428,32.39,24.66,0,7.31
2018-11-10,314,12,27.0,27.4,13.9,42,0.6,636.0,24.97,34.70,26.97,0,11.89
2018-11-11,315,11,26.6,27.8,15.1,47,0.86,606.0,24.653,34.34,26.57,0,11.03
2018-11-12,316,12,28.3,28.9,15.1,42,2.2,626.0,24.622,34.91,28.08,0,11.79
2018-11-13,317,13,29.7,29.8,15.7,38,1.5,571.0,25.54,36.32,29.14,0,14.94
2018-11-14,318,12,29.1,29.6,17.6,43,0.73,564.0,26.454,36.30,29.0,0,16.60
2018-11-15,319,11,28.5,29.7,17.3,43,2.16,581.0,24.848,34.95,28.36,0,12.35
2018-11-16,320,11,25.7,27.3,16.8,44,4.88,605.0,21.931,29.60,25.59,0,2.60
2018-11-17,321,13,26.7,26.8,15.0,38,4.47,574.0,22.084,30.64,26.56,0,3.51
2018-11-18,322,12,25.6,26.3,12.6,43,0.3,610.0,24.173,32.62,25.47,0,8.88
2018-11-19,323,13,27.1,27.3,14.1,38,0.42,557.0,24.674,34.01,26.84,0,10.84
2018-11-20,324,13,28.5,28.7,14.7,39,2.64,558.0,24.118,34.19,28.04,0,10.30
2018-11-21,325,11,26.3,28.4,14.2,50,1.79,589.0,23.906,33.49,26.3,0,9.01
2018-11-22,326,11,26.1,27.1,13.0,41,1.92,579.0,22.596,32.69,25.97,0,5.96
2018-11-23,327,12,26.9,27.4,13.3,36,4.58,602.0,22.026,30.88,26.61,0,3.58
2018-11-24,328,13,25.5,25.8,14.3,38,3.04,566.0,21.307,30.76,25.3,0,3.44
2018-11-25,329,13,25.3,25.4,12.1,41,2.14,554.0,21.749,31.57,25.13,0,4.03
2018-11-26,330,13,26.0,26.1,12.3,46,1.58,551.0,23.21,32.95,25.93,0,7.31
2018-11-27,331,13,26.5,26.5,14.1,46,2.92,538.0,23.114,32.03,26.45,0,6.46
2018-11-28,332,11,25.5,26.5,14.6,51,1.2,538.0,23.556,32.95,25.47,0,7.96
2018-11-29,333,12,26.2,26.9,14.7,50,1.46,572.0,23.97,33.57,26.19,0,9.19
2018-11-30,334,13,26.2,26.3,14.0,47,2.6,536.0,23.047,32.11,26.15,0,6.39
2018-12-01,335,11,23.9,25.5,12.5,49,2.02,556.0,21.455,30.75,23.76,0,3.43
2018-12-02,336,12,24.5,24.9,12.7,41,0.89,579.0,21.987,32.00,24.29,0,4.34
2018-12-03,337,13,24.3,24.4,10.7,39,1.75,540.0,20.788,30.88,24.05,0,3.52
2018-12-04,338,13,24.4,24.4,12.1,41,1.61,536.0,21.172,31.15,24.18,0,3.72
2018-12-05,339,13,23.9,23.9,11.0,38,2.87,547.0,19.935,29.28,23.62,0,2.37
2018-12-06,340,13,23.4,23.5,9.6,43,2.62,541.0,20.121,29.24,23.16,0,2.34
2018-12-07,341,13,23.6,23.7,10.8,42,2.97,538.0,20.086,28.94,23.36,0,2.12
2018-12-08,342,11,21.8,23.3,9.4,48,1.03,547.0,20.095,29.77,21.54,0,2.72
2018-12-09,343,13,22.7,22.8,9.3,43,1.42,536.0,20.021,29.92,22.42,0,2.83
2018-12-10,344,12,22.5,22.9,8.8,45,2.04,567.0,19.8,29.37,22.24,0,2.43
2018-12-11,345,14,23.8,23.8,10.1,41,0.51,438.0,21.566,30.68,23.55,0,3.38
2018-12-12,346,12,22.6,23.0,10.8,46,1.53,385.0,19.774,28.73,22.36,0,1.97
2018-12-13,347,14,22.8,22.8,12.5,43,3.2,369.0,19.085,26.58,22.53,0,0.42
2018-12-14,348,13,23.0,23.1,10.8,41,3.34,508.0,19.308,27.64,22.71,0,1.18
2018-12-15,349,11,20.7,22.4,10.3,48,2.8,543.0,18.192,26.67,20.39,0,0.48
2018-12-16,350,13,22.2,22.4,8.0,37,1.78,550.0,18.758,29.03,21.82,0,2.19
2018-12-17,351,13,22.5,22.6,8.4,37,1.39,548.0,19.241,29.65,22.14,0,2.64
2018-12-18,352,13,22.5,22.7,9.2,44,2.73,537.0,19.396,28.26,22.23,0,1.63
2018-12-19,353,12,20.6,21.6,8.7,44,1.8,574.0,18.144,28.04,20.23,0,1.48
2018-12-20,354,13,21.3,21.6,7.7,43,2.33,549.0,18.383,27.75,20.95,0,1.27
2018-12-21,355,13,20.8,21.0,7.3,35,2.78,558.0,16.99,26.53,20.32,0,0.38
2018-12-22,356,14,20.5,20.5,5.9,40,0.54,463.0,18.612,28.24,20.08,0,1.62
2018-12-23,357,12,20.2,21.0,6.4,37,0.78,587.0,18.009,28.62,19.72,0,1.89
2018-12-24,358,13,20.6,20.8,6.2,33,2.82,553.0,16.582,26.21,20.09,0,0.15
2018-12-25,359,13,20.9,21.2,7.6,34,4.85,563.0,16.585,23.85,20.42,0,0.00
2018-12-26,360,12,19.3,20.4,6.7,38,1.8,591.0,16.453,26.93,18.79,0,0.67
2018-12-27,361,12,19.5,20.6,6.1,36,3.04,584.0,15.969,25.17,18.97,0,0.00
2018-12-28,362,13,18.9,19.3,7.9,41,4.24,564.0,15.67,22.73,18.41,0,0.00
2018-12-29,363,13,18.5,18.7,6.8,38,2.72,567.0,15.362,24.70,17.95,0,0.00
2018-12-30,364,13,19.3,19.6,4.7,43,1.7,562.0,16.925,26.99,18.85,0,0.71
2018-12-31,365,13,20.8,21.1,7.0,43,2.55,561.0,17.896,27.09,20.43,0,0.79
2019-01-01,1,13,20.5,20.8,6.4,45,1.22,561.0,18.499,28.55,20.14,0,1.84
2019-01-02,2,13,21.2,21.5,7.5,45,0.22,560.0,20.324,28.24,20.88,0,1.62
2019-01-03,3,13,22.0,22.3,8.2,42,3.58,565.0,18.599,26.78,21.68,0,0.56
2019-01-04,4,13,21.1,21.5,8.6,39,2.09,567.0,17.924,27.90,20.69,0,1.37
2019-01-05,5,14,22.1,22.1,9.1,41,3.11,482.0,18.52,26.87,21.77,0,0.63
2019-01-06,6,13,20.6,20.9,10.7,56,3.79,442.0,18.451,24.65,20.39,0,0.00
2019-01-07,7,13,20.6,20.6,10.6,54,2.3,520.0,18.777,27.35,20.36,0,0.98
2019-01-08,8,12,20.7,21.4,10.1,46,3.58,586.0,17.895,25.78,20.36,0,0.00
2019-01-09,9,13,19.8,20.2,8.9,46,3.32,583.0,17.145,25.27,19.42,0,0.00
2019-01-10,10,14,20.3,20.3,8.3,43,1.49,503.0,17.781,27.63,19.9,0,1.18
2019-01-11,11,13,20.3,20.5,7.8,49,0.45,583.0,19.995,29.28,19.98,0,2.37
2019-01-12,12,11,19.6,21.2,8.1,56,0.4,553.0,19.897,28.55,19.34,0,1.84
2019-01-13,13,12,21.1,21.9,8.4,48,1.24,596.0,19.401,29.34,20.81,0,2.41
2019-01-14,14,12,21.4,21.9,10.4,35,5.02,630.0,17.201,24.71,20.95,0,0.00
2019-01-15,15,14,19.1,19.2,7.6,41,2.09,530.0,16.305,26.00,18.62,0,0.00
2019-01-16,16,13,19.3,19.7,5.6,42,0.32,552.0,18.325,27.33,18.84,0,0.96
2019-01-17,17,13,20.4,20.8,5.7,48,1.97,607.0,18.346,28.01,20.07,0,1.45
2019-01-18,18,13,21.5,21.9,7.8,44,2.55,619.0,18.729,28.13,21.18,0,1.54
2019-01-19,19,13,22.3,22.8,7.7,44,1.91,610.0,19.67,29.59,22.02,0,2.59
2019-01-20,20,14,24.4,24.4,8.2,38,1.97,531.0,20.633,30.65,24.14,0,3.36
2019-01-21,21,13,25.0,25.2,10.4,42,3.99,607.0,21.224,29.61,24.83,0,2.61
2019-01-22,22,14,21.7,21.7,14.9,54,6.81,417.0,18.903,22.53,21.52,0,0.00
2019-01-23,23,13,21.7,21.7,13.9,56,3.62,449.0,19.504,26.08,21.54,0,0.06
2019-01-24,24,13,22.3,22.5,10.9,52,1.32,610.0,20.847,30.51,22.12,0,3.25
2019-01-25,25,14,19.7,19.7,11.7,71,4.13,506.0,19.021,24.36,19.64,0,0.00
2019-01-26,26,13,18.7,18.7,11.3,69,1.65,278.0,17.936,25.07,18.56,0,0.00
2019-01-27,27,12,19.6,20.3,10.0,57,3.44,652.0,18.073,25.73,19.35,0,0.00
2019-01-28,28,13,18.8,19.2,7.6,46,3.32,660.0,16.39,24.86,18.37,0,0.00
2019-01-29,29,14,19.3,19.3,7.9,39,3.2,588.0,16.065,24.83,18.8,0,0.00
2019-01-30,30,13,20.4,20.8,7.3,39,2.69,657.0,17.282,27.06,19.96,0,0.77
2019-01-31,31,13,21.2,21.2,9.8,42,2.32,591.0,18.284,27.93,20.84,0,1.40
2019-02-01,32,13,23.3,23.7,10.4,46,1.61,659.0,21.039,31.13,23.09,0,3.71
2019-02-02,33,13,24.1,24.4,11.8,41,2.95,662.0,20.647,30.19,23.87,0,3.03
2019-02-03,34,13,23.0,23.4,11.1,40,3.28,688.0,19.535,28.87,22.7,0,2.07
2019-02-04,35,14,23.4,23.5,8.7,40,3.32,607.0,19.733,28.70,23.12,0,1.95
2019-02-05,36,15,24.0,24.0,9.1,47,1.93,435.0,21.083,30.02,23.84,0,2.90
2019-02-06,37,12,26.2,26.2,13.0,49,1.5,582.0,23.855,33.55,26.18,0,8.95
2019-02-07,38,14,23.5,23.5,15.8,56,6.84,429.0,20.766,24.99,23.43,0,0.00
2019-02-08,39,14,22.6,22.6,11.9,52,0.4,538.0,22.2,30.66,22.44,0,3.74
2019-02-09,40,12,19.3,20.0,10.3,56,4.59,713.0,17.586,24.16,19.02,0,0.00
2019-02-10,41,12,20.7,21.3,9.7,45,3.01,728.0,18.177,27.47,20.35,0,1.06
2019-02-11,42,14,21.4,21.4,8.9,41,1.2,591.0,18.981,29.34,21.03,0,2.41
2019-02-12,43,14,22.4,22.5,9.1,42,0.95,590.0,20.217,30.35,22.1,0,3.14
2019-02-13,44,14,24.1,24.2,9.9,46,0.78,599.0,22.412,32.07,23.93,0,5.16
2019-02-14,45,11,21.8,21.8,12.0,62,1.42,420.0,20.781,29.14,21.73,0,2.27
2019-02-15,46,13,23.9,23.9,14.5,58,3.4,488.0,21.846,29.02,23.88,0,2.18
2019-02-16,47,13,21.6,21.6,13.9,72,2.4,558.0,21.417,29.19,21.65,0,2.30
2019-02-17,48,13,22.0,22.2,12.5,55,4.83,711.0,19.93,26.67,21.85,0,0.49
2019-02-18,49,14,24.2,24.2,11.9,43,3.6,643.0,20.771,29.48,24.0,0,2.51
2019-02-19,50,14,25.4,25.5,14.5,53,1.04,638.0,24.102,33.65,25.39,0,9.49
2019-02-20,51,14,26.6,26.7,13.8,48,1.98,614.0,23.911,33.65,26.58,0,9.14
2019-02-21,52,12,25.3,25.3,14.4,55,2.12,602.0,23.419,32.53,25.31,0,7.39
2019-02-22,53,13,28.0,28.2,15.9,56,3.33,729.0,25.853,34.75,29.02,0,14.35
2019-02-23,54,13,23.1,23.5,14.1,40,5.31,745.0,19.343,27.12,22.8,0,0.81
2019-02-24,55,11,21.0,21.3,10.8,53,3.77,601.0,18.83,26.15,20.77,0,0.11
2019-02-25,56,12,23.9,25.2,10.8,44,1.44,790.0,21.755,32.42,23.7,0,4.63
2019-02-26,57,12,25.8,25.8,12.9,36,3.77,759.0,21.474,31.36,25.59,0,3.87
2019-02-27,58,13,19.2,19.5,12.6,60,5.19,696.0,17.737,23.35,18.97,0,0.00
2019-02-28,59,11,19.9,21.4,10.2,47,4.46,751.0,17.379,24.90,19.54,0,0.00
2019-03-01,60,13,21.7,22.0,8.7,33,4.25,806.0,17.608,26.96,21.24,0,0.69
2019-03-02,61,12,22.2,22.2,9.4,44,1.92,697.0,19.757,30.01,21.91,0,2.90
2019-03-03,62,14,22.7,22.7,13.6,51,2.51,387.0,20.024,27.88,22.53,0,1.36
2019-03-04,63,12,24.2,24.5,12.2,53,2.31,798.0,22.498,32.23,24.13,0,5.44
2019-03-05,64,11,24.2,25.6,14.9,54,2.72,705.0,22.287,31.31,24.14,0,4.38
2019-03-06,65,12,24.2,24.8,12.8,36,4.55,836.0,20.068,29.38,23.91,0,2.44
2019-03-07,66,13,25.7,25.8,12.1,33,4.49,822.0,20.954,30.85,25.44,0,3.50
2019-03-08,67,13,27.3,27.6,11.3,30,4.52,821.0,21.87,32.46,26.61,0,4.66
2019-03-09,68,11,27.1,27.4,14.9,36,2.59,622.0,22.659,33.08,26.74,0,6.35
2019-03-10,69,14,28.5,28.5,16.0,31,3.73,731.0,23.034,33.91,27.52,0,7.86
2019-03-11,70,14,30.2,30.2,15.2,28,1.5,702.0,24.763,37.01,28.8,0,13.84
2019-03-12,71,12,30.9,31.5,17.2,30,2.51,809.0,25.347,37.75,29.63,0,15.79
2019-03-13,72,14,30.3,30.3,17.1,24,3.42,726.0,23.437,35.85,28.65,0,10.44
2019-03-14,73,13,30.7,30.8,17.0,25,0.8,688.0,25.377,37.40,29.06,0,15.38
2019-03-15,74,12,30.2,30.4,17.4,27,1.75,814.0,24.661,37.40,28.73,0,13.90
2019-03-16,75,13,28.1,28.5,15.1,22,3.62,872.0,21.514,34.11,26.86,0,5.86
2019-03-17,76,10,26.1,28.5,14.0,33,2.57,698.0,21.562,32.46,25.86,0,4.67
2019-03-18,77,14,29.6,29.6,13.9,23,3.79,768.0,22.684,35.04,28.02,0,8.20
2019-03-19,78,13,30.5,30.6,15.5,22,5.25,861.0,23.086,35.69,28.73,0,9.69
2019-03-20,79,12,32.5,32.5,16.5,23,1.1,874.0,26.477,39.91,30.66,0,19.87
2019-03-21,80,15,32.2,32.2,19.0,29,0.61,571.0,27.295,38.55,30.93,0,20.53
2019-03-22,81,12,32.3,32.3,19.1,23,6.31,877.0,24.581,37.71,30.46,0,14.62
2019-03-23,82,14,31.0,31.0,16.9,20,6.45,781.0,22.844,35.61,29.08,0,9.31
2019-03-24,83,13,33.1,33.1,18.5,25,7.06,862.0,25.503,38.69,31.49,0,17.45
2019-03-25,84,11,32.2,33.3,18.7,32,1.14,778.0,27.556,39.75,31.3,0,22.02
2019-03-26,85,11,30.3,32.1,19.2,30,4.26,835.0,24.423,35.97,29.04,0,12.54
2019-03-27,86,14,32.2,32.2,18.6,23,4.4,777.0,24.642,37.61,30.36,0,14.62
2019-03-28,87,12,31.9,33.3,17.9,35,2.2,875.0,27.215,39.55,31.34,0,21.25
2019-03-29,88,12,34.2,35.6,20.1,32,1.96,873.0,28.792,42.06,33.93,0,27.00
2019-03-30,89,11,35.1,37.5,20.8,33,0.89,828.0,30.6,43.24,35.5,0,31.86
2019-03-31,90,10,33.3,37.5,21.4,36,0.3,716.0,30.262,40.28,33.42,0,28.31
2019-04-01,91,12,34.2,35.1,18.8,16,3.72,926.0,25.031,40.66,31.86,0,18.12
2019-04-02,92,13,34.6,34.8,18.3,20,3.94,892.0,26.162,41.05,32.6,0,20.81
2019-04-03,93,12,35.2,36.5,18.8,19,1.58,911.0,27.364,42.60,33.15,0,24.41
2019-04-04,94,12,35.3,36.8,21.2,26,0.22,898.0,30.748,41.90,34.3,0,30.72
2019-04-05,95,12,36.2,37.5,22.6,29,0.81,885.0,31.072,44.42,36.22,0,34.57
2019-04-06,96,14,33.4,33.4,24.8,42,4.17,758.0,28.786,39.72,34.9,0,28.93
2019-04-07,97,13,33.1,33.6,22.4,38,5.73,840.0,27.804,38.94,33.52,0,23.20
2019-04-08,98,13,34.2,34.5,22.4,34,0.63,861.0,30.61,42.51,34.34,0,31.38
2019-04-09,99,11,36.1,38.1,21.3,30,2.21,846.0,29.846,43.88,36.32,0,31.20
2019-04-10,100,13,35.4,36.2,22.3,33,0.58,866.0,31.603,43.80,35.97,0,34.68
2019-04-11,101,11,35.3,38.2,24.6,36,0.45,845.0,32.375,43.90,36.6,0,39.13
2019-04-12,102,11,37.0,39.2,23.2,31,0.2,849.0,32.95,43.95,38.05,0,39.16
2019-04-13,103,12,39.4,39.9,23.6,20,4.05,902.0,29.878,46.91,38.54,0,36.14
2019-04-14,104,10,36.4,40.5,23.4,25,0.95,755.0,29.909,43.73,35.59,1,34.24
2019-04-15,105,12,40.0,40.6,25.2,17,4.34,917.0,29.515,47.51,38.52,2,41.08
2019-04-16,106,13,34.4,34.4,23.4,28,3.94,599.0,27.16,39.64,33.47,0,23.64
2019-04-17,107,12,29.0,30.9,20.1,44,1.36,867.0,26.484,37.51,28.99,0,17.53
2019-04-18,108,12,30.2,30.9,18.8,40,2.31,874.0,26.424,37.91,29.92,0,18.04
2019-04-19,109,13,32.7,32.9,20.3,30,3.73,820.0,26.5,38.95,31.63,0,19.57
2019-04-20,110,13,34.2,34.4,20.3,26,2.82,875.0,27.347,41.30,32.9,0,23.35
2019-04-21,111,10,34.3,35.7,21.6,24,1.71,753.0,27.328,41.25,32.74,0,23.21
2019-04-22,112,11,36.3,37.5,22.0,24,2.09,859.0,28.912,43.86,35.25,0,29.03
2019-04-23,113,12,36.7,37.4,23.8,30,2.15,889.0,30.446,44.80,37.26,0,35.45
2019-04-24,114,13,37.6,37.6,26.2,31,1.75,741.0,31.324,45.41,39.08,0,41.03
2019-04-25,115,12,38.9,40.4,27.1,30,0.73,882.0,33.646,47.63,41.06,1,50.47
2019-04-26,116,10,39.6,41.8,26.4,26,2.35,747.0,31.676,47.31,40.78,2,47.26
2019-04-27,117,11,40.5,42.0,26.8,11,6.06,896.0,27.771,47.76,37.5,3,41.12
2019-04-28,118,13,41.9,41.9,26.5,9,7.11,901.0,27.936,49.79,38.35,4,44.54
2019-04-29,119,14,41.8,41.8,26.6,12,5.01,785.0,29.04,48.80,39.24,5,48.02
2019-04-30,120,13,41.8,42.1,23.7,15,0.5,808.0,32.7,48.88,40.22,6,53.63
2019-05-01,121,12,40.7,42.7,27.2,29,4.52,889.0,32.857,48.86,44.04,7,59.42
2019-05-02,122,12,40.0,41.3,27.9,26,5.47,887.0,31.489,47.77,41.47,8,55.91
2019-05-03,123,13,38.0,38.0,26.5,36,5.36,831.0,31.72,45.25,41.69,0,42.98
2019-05-04,124,10,33.0,38.1,25.4,49,1.12,725.0,30.625,41.59,36.01,0,34.87
2019-05-05,125,12,38.6,39.1,23.9,10,6.93,919.0,26.019,45.61,35.31,0,27.06
2019-05-06,126,12,40.9,41.4,25.4,10,6.51,920.0,27.685,48.42,37.62,1,36.52
2019-05-07,127,13,41.9,42.1,25.4,11,6.62,880.0,28.685,49.72,39.0,2,41.52
2019-05-08,128,12,43.1,43.4,25.5,10,6.04,911.0,29.278,51.03,39.96,3,45.73
2019-05-09,129,12,42.3,42.7,28.4,13,6.58,901.0,29.679,50.52,40.18,4,51.25
2019-05-10,130,12,41.8,42.0,30.3,14,5.46,897.0,29.768,49.56,39.9,5,54.51
2019-05-11,131,10,38.9,41.0,28.0,20,1.27,744.0,30.379,46.12,37.85,6,51.40
2019-05-12,132,13,39.9,39.9,26.9,17,4.85,712.0,29.072,46.44,38.39,0,38.08
2019-05-13,133,11,38.0,38.9,26.0,23,2.25,834.0,29.93,45.63,37.37,0,37.68
2019-05-14,134,12,38.3,38.3,27.1,23,3.14,839.0,29.857,45.70,37.8,0,39.03
2019-05-15,135,11,37.0,38.8,25.0,28,1.08,833.0,31.014,45.02,37.19,0,38.06
2019-05-16,136,12,39.1,39.8,25.7,24,3.72,864.0,30.606,46.65,39.29,0,40.06
2019-05-17,137,10,37.9,39.5,26.6,26,3.47,719.0,29.912,44.67,38.03,0,37.90
2019-05-18,138,11,35.5,36.7,26.2,31,4.8,816.0,28.792,41.84,35.64,0,32.38
2019-05-19,139,13,38.0,38.2,26.5,24,4.48,777.0,29.452,44.67,37.63,0,36.76
2019-05-20,140,11,39.4,40.6,25.3,18,3.66,847.0,29.376,46.64,38.0,1,38.45
2019-05-21,141,11,41.1,41.7,27.3,17,4.16,833.0,30.269,48.54,39.95,2,46.24
2019-05-22,142,11,40.4,41.5,29.3,23,3.05,774.0,31.447,48.01,40.99,3,52.46
2019-05-23,143,11,41.1,42.1,28.7,21,3.2,819.0,31.538,48.91,41.34,4,54.38
2019-05-24,144,10,38.3,42.3,28.6,34,0.63,704.0,33.639,46.48,41.48,5,58.20
2019-05-25,145,11,38.6,40.0,29.1,21,6.35,850.0,29.079,45.70,37.7,6,49.87
2019-05-26,146,13,40.6,40.6,26.8,18,7.29,860.0,29.78,48.70,39.59,7,51.37
2019-05-27,147,12,42.2,42.7,26.0,15,5.15,886.0,30.406,50.06,40.72,8,53.02
2019-05-28,148,12,42.7,43.0,27.4,12,5.83,898.0,29.719,50.63,40.26,9,53.60
2019-05-29,149,11,39.6,42.3,25.8,17,0.81,868.0,31.023,47.02,38.01,10,50.75
2019-05-30,150,11,41.3,44.2,26.6,21,1.91,847.0,32.248,49.50,41.65,11,57.15
2019-05-31,151,14,41.4,41.5,28.6,28,2.33,753.0,33.595,49.66,44.93,12,63.36
2019-06-01,152,16,41.1,41.2,29.1,29,0.32,423.0,34.449,47.17,44.83,13,63.72
2019-06-02,153,13,40.6,41.5,29.7,31,3.58,727.0,33.141,48.32,44.81,14,62.77
2019-06-03,154,13,38.5,38.9,29.5,35,5.26,831.0,31.983,45.88,42.3,0,47.66
2019-06-04,155,14,40.1,40.1,28.2,32,1.9,743.0,33.523,48.45,44.26,1,53.30
2019-06-05,156,14,41.0,41.2,30.0,30,1.33,743.0,34.256,49.47,45.13,2,59.52
2019-06-06,157,13,40.9,41.3,30.9,33,1.99,824.0,34.495,49.86,46.49,3,63.47
2019-06-07,158,13,39.3,40.1,29.2,33,1.14,835.0,33.82,48.15,43.07,4,59.37
2019-06-08,159,11,38.4,41.0,29.1,35,0.81,835.0,33.893,47.29,42.09,5,60.08
2019-06-09,160,11,40.3,42.9,28.9,30,1.71,832.0,33.575,48.99,43.72,6,62.74
2019-06-10,161,11,40.1,43.5,28.6,33,1.0,837.0,34.67,49.13,44.74,7,64.94
2019-06-11,162,15,41.8,41.9,29.3,31,1.3,612.0,34.848,49.87,47.36,8,67.60
2019-06-12,163,15,41.4,41.4,30.4,33,0.81,592.0,35.4,49.48,47.61,9,69.74
2019-06-13,164,11,38.9,40.6,30.8,39,2.51,826.0,33.652,47.66,45.03,10,64.63
2019-06-14,165,12,40.8,41.4,31.3,28,5.12,755.0,32.452,48.32,43.77,11,62.95
2019-06-15,166,10,41.2,43.8,29.6,21,4.37,750.0,31.256,48.53,41.5,12,58.02
2019-06-16,167,14,40.5,40.6,32.2,28,6.41,752.0,32.046,48.10,43.2,13,62.87
2019-06-17,168,14,39.5,39.5,28.9,32,6.94,671.0,31.873,46.63,43.03,0,47.56
2019-06-18,169,13,38.1,38.1,28.8,38,4.51,735.0,32.149,45.22,42.75,0,46.84
2019-06-19,170,12,27.8,30.6,24.6,77,1.51,268.0,27.433,34.86,31.19,0,21.25
2019-06-20,171,12,31.4,32.2,24.2,58,1.43,709.0,29.987,40.24,35.18,0,30.98
2019-06-21,172,14,36.2,36.3,26.4,45,0.67,739.0,33.635,45.23,41.47,0,46.38
2019-06-22,173,14,36.3,36.3,27.1,48,3.35,707.0,32.321,44.04,42.99,0,44.43
2019-06-23,174,13,30.8,30.8,25.9,70,3.51,556.0,29.701,37.96,37.07,0,31.48
2019-06-24,175,15,34.5,34.5,26.4,60,3.44,524.0,31.955,41.86,43.59,0,41.57
2019-06-25,176,12,34.5,36.2,28.7,60,0.72,756.0,34.084,44.87,43.59,0,50.44
2019-06-26,177,12,36.1,36.9,28.5,55,3.72,821.0,33.209,44.81,45.8,0,49.34
2019-06-27,178,12,37.7,39.2,26.2,50,2.98,883.0,34.251,47.20,47.73,0,51.07
2019-06-28,179,12,39.1,39.7,28.8,34,3.93,879.0,32.608,47.12,43.11,0,49.22
2019-06-29,180,12,40.0,40.5,29.0,31,2.26,879.0,33.311,48.75,43.59,1,53.80
2019-06-30,181,14,38.0,38.0,29.8,48,2.75,771.0,34.119,47.02,47.47,0,54.79
2019-07-01,182,14,36.1,36.1,28.0,53,2.82,642.0,32.874,44.33,44.81,0,47.41
2019-07-02,183,13,34.6,34.6,28.1,61,3.99,679.0,32.334,42.55,44.34,0,45.04
2019-07-03,184,13,35.0,35.2,29.0,53,6.18,647.0,31.316,41.47,41.89,0,42.48
2019-07-04,185,13,36.5,36.5,28.9,52,4.4,763.0,32.942,44.43,45.42,0,48.88
2019-07-05,186,11,34.8,35.2,27.8,60,4.2,721.0,32.419,42.80,44.46,0,45.08
2019-07-06,187,14,33.8,33.9,26.8,64,0.57,653.0,33.96,44.03,43.32,0,47.29
2019-07-07,188,10,32.1,32.5,26.6,72,0.95,559.0,32.348,42.05,41.46,0,41.89
2019-07-08,189,10,31.6,31.6,26.2,73,1.79,544.0,31.309,40.84,40.3,0,38.15
2019-07-09,190,14,29.5,29.5,26.1,81,1.0,330.0,30.028,38.23,36.42,0,32.28
2019-07-10,191,12,29.0,29.4,25.7,83,3.65,354.0,28.921,35.44,35.41,0,27.33
2019-07-11,192,16,30.9,30.9,25.7,80,3.94,256.0,30.184,36.92,40.54,0,32.70
2019-07-12,193,16,33.6,33.8,26.3,67,3.55,369.0,31.632,40.43,44.04,0,39.97
2019-07-13,194,13,35.1,35.1,28.5,57,4.87,797.0,32.307,42.94,43.92,0,45.58
2019-07-14,195,12,34.8,34.8,28.5,54,6.24,861.0,31.535,42.23,41.8,0,42.83
2019-07-15,196,13,34.3,34.3,26.9,59,4.51,712.0,31.762,41.77,42.58,0,41.34
2019-07-16,197,13,32.6,32.6,25.6,68,2.24,714.0,31.844,42.08,41.42,0,39.77
2019-07-17,198,13,33.3,33.5,25.9,64,2.47,774.0,32.048,42.66,41.86,0,41.09
2019-07-18,199,13,33.9,34.1,26.9,66,2.1,804.0,33.066,44.18,44.53,0,46.27
2019-07-19,200,11,33.5,33.8,27.6,65,1.17,765.0,33.143,43.96,42.86,0,46.45
2019-07-20,201,11,33.1,34.4,27.7,74,2.75,705.0,32.809,43.14,45.6,0,46.37
2019-07-21,202,13,34.3,34.8,27.0,65,1.71,755.0,33.442,44.70,45.31,0,47.77
2019-07-22,203,12,34.0,35.1,26.0,69,0.81,838.0,34.756,45.76,46.28,0,50.21
2019-07-23,204,13,35.7,35.7,27.0,61,2.35,787.0,33.99,45.86,47.72,0,50.53
2019-07-24,205,12,32.4,32.4,26.2,73,2.26,542.0,31.873,41.56,42.81,0,40.67
2019-07-25,206,10,28.7,30.2,25.5,79,1.51,507.0,29.219,37.76,33.72,0,28.72
2019-07-26,207,13,31.8,31.8,25.3,71,3.5,740.0,31.08,40.32,40.18,0,36.25
2019-07-27,208,11,30.6,30.6,25.2,77,4.3,591.0,30.195,37.93,38.6,0,32.14
2019-07-28,209,13,31.7,31.7,26.2,72,5.35,659.0,30.661,38.76,40.24,0,35.40
2019-07-29,210,13,32.6,32.7,27.2,61,6.89,693.0,30.117,38.94,38.85,0,35.15
2019-07-30,211,14,32.0,32.0,27.7,65,6.41,630.0,29.99,38.13,38.66,0,34.84
2019-07-31,212,15,31.9,32.0,26.8,66,3.81,458.0,30.052,38.25,38.73,0,34.02
2019-08-01,213,12,31.9,31.9,27.1,74,3.83,715.0,31.401,40.43,41.6,0,39.56
2019-08-02,214,15,32.2,32.2,26.7,72,2.35,537.0,31.526,41.03,41.77,0,39.83
2019-08-03,215,12,32.5,32.5,26.1,73,2.94,664.0,31.991,41.71,43.13,0,41.00
2019-08-04,216,12,33.4,34.1,26.5,74,1.5,750.0,33.78,44.86,46.66,0,48.43
2019-08-05,217,11,31.8,32.2,26.0,76,1.0,604.0,32.573,42.37,42.05,0,42.06
2019-08-06,218,12,32.0,32.5,26.7,79,1.3,570.0,32.725,42.77,43.94,0,44.16
2019-08-07,219,12,32.1,32.1,26.2,77,3.71,594.0,31.752,40.66,43.46,0,40.03
2019-08-08,220,14,32.9,32.9,27.3,61,8.75,719.0,30.284,39.79,39.62,0,36.49
2019-08-09,221,13,31.5,31.5,27.0,72,8.2,655.0,30.201,38.24,39.65,0,34.87
2019-08-10,222,13,32.3,32.6,26.1,71,0.32,630.0,33.618,42.23,41.69,0,43.92
2019-08-11,223,11,32.4,32.4,27.4,71,0.4,599.0,33.604,42.59,42.0,0,45.78
2019-08-12,224,14,33.4,33.4,27.1,64,3.47,642.0,31.625,41.36,42.15,0,40.86
2019-08-13,225,13,30.8,30.8,27.7,81,1.39,523.0,31.588,40.96,40.55,0,40.60
2019-08-14,226,13,32.0,32.0,26.3,69,5.79,682.0,30.587,38.86,40.05,0,35.38
2019-08-15,227,13,31.3,31.3,26.3,74,6.83,601.0,30.266,37.79,39.74,0,33.89
2019-08-16,228,15,32.3,32.3,26.0,65,3.83,591.0,30.551,39.42,39.46,0,35.14
2019-08-17,229,12,31.5,31.6,26.4,74,2.0,690.0,31.535,41.37,40.35,0,39.21
2019-08-18,230,13,32.5,32.5,26.1,66,1.44,759.0,32.062,42.55,40.37,0,40.72
2019-08-19,231,13,30.9,30.9,26.0,76,1.49,547.0,31.142,40.50,39.2,0,36.95
2019-08-20,232,12,31.2,31.2,25.8,78,1.02,544.0,32.024,41.47,40.83,0,39.69
2019-08-21,233,12,29.3,29.3,26.2,84,2.92,398.0,29.551,37.01,36.57,0,30.67
2019-08-22,234,14,31.5,31.7,24.9,70,2.56,563.0,30.618,39.79,38.97,0,34.07
2019-08-23,235,12,32.4,32.6,25.1,68,0.6,694.0,33.166,42.83,40.83,0,42.01
2019-08-24,236,11,30.2,30.2,25.6,82,2.33,624.0,30.87,39.91,38.89,0,35.42
2019-08-25,237,13,30.2,30.2,25.7,77,3.44,660.0,30.085,38.42,37.41,0,32.44
2019-08-26,238,14,32.8,32.8,25.5,64,3.83,706.0,31.091,40.56,40.46,0,36.78
2019-08-27,239,13,33.5,33.5,26.7,64,4.44,772.0,31.732,41.47,42.44,0,40.78
2019-08-28,240,13,33.7,33.7,27.3,62,4.11,760.0,31.719,41.67,42.17,0,41.50
2019-08-29,241,15,32.3,32.3,27.2,71,3.35,473.0,31.117,39.81,41.69,0,38.73
2019-08-30,242,12,32.9,33.1,26.7,72,1.04,781.0,33.578,44.20,44.02,0,46.83
2019-08-31,243,11,32.6,32.6,26.4,72,2.44,687.0,32.175,42.28,43.04,0,42.08
2019-09-01,244,12,31.5,31.5,26.6,77,3.52,530.0,31.095,39.56,41.44,0,37.71
2019-09-02,245,10,32.5,33.8,26.2,73,0.45,709.0,34.304,43.77,43.13,0,46.98
2019-09-03,246,10,33.0,33.0,27.3,68,1.79,644.0,32.296,42.67,42.62,0,43.48
2019-09-04,247,9,30.6,31.4,26.9,85,2.4,475.0,31.24,40.08,41.25,0,38.64
2019-09-05,248,12,31.5,31.6,27.3,77,3.22,653.0,31.381,40.44,41.44,0,39.71
2019-09-06,249,12,32.6,32.6,27.1,72,3.67,750.0,31.934,41.51,43.04,0,41.88
2019-09-07,250,13,32.3,32.3,25.9,71,3.1,787.0,31.734,41.58,41.69,0,39.65
2019-09-08,251,13,32.3,32.3,27.2,71,2.95,569.0,31.395,40.68,41.69,0,39.88
2019-09-09,252,13,32.2,32.2,27.0,71,4.21,713.0,31.275,40.23,41.38,0,38.98
2019-09-10,253,13,32.0,32.0,26.3,77,2.1,623.0,32.168,42.08,43.12,0,41.84
2019-09-11,254,14,32.3,32.3,25.8,73,1.3,539.0,32.267,42.16,42.48,0,41.26
2019-09-12,255,14,29.6,30.1,25.8,83,2.16,354.0,29.828,37.80,37.25,0,31.56
2019-09-13,256,13,29.7,29.7,25.5,80,5.41,721.0,29.679,36.91,36.76,0,30.10
2019-09-14,257,14,31.3,31.3,24.8,76,4.22,652.0,30.873,39.20,40.44,0,34.56
2019-09-15,258,15,29.9,29.9,25.4,78,1.7,323.0,29.669,37.84,36.82,0,30.66
2019-09-16,259,13,30.8,30.8,25.4,76,1.12,566.0,31.381,40.72,38.89,0,36.74
2019-09-17,260,12,29.9,30.4,24.8,80,1.7,470.0,30.291,39.02,37.36,0,32.19
2019-09-18,261,12,26.6,26.6,24.1,86,5.4,388.0,26.731,31.21,27.08,0,15.18
2019-09-19,262,15,28.8,28.8,23.4,76,3.2,401.0,28.183,35.27,33.4,0,22.39
2019-09-20,263,15,29.9,29.9,24.1,74,1.28,445.0,29.831,38.56,35.77,0,29.58
2019-09-21,264,11,30.8,30.8,24.5,80,1.91,712.0,31.601,41.32,40.21,0,37.03
2019-09-22,265,14,29.4,29.4,24.8,76,3.13,402.0,28.777,36.12,34.93,0,26.33
2019-09-23,266,14,29.7,29.8,24.8,72,1.71,374.0,28.982,37.33,34.78,0,27.54
2019-09-24,267,14,28.4,28.7,25.1,81,3.93,340.0,28.059,34.04,33.3,0,23.21
2019-09-25,268,12,29.3,29.4,24.8,76,5.66,614.0,28.689,35.34,34.67,0,25.50
2019-09-26,269,14,26.4,26.9,23.5,92,5.91,306.0,26.916,30.50,26.95,0,14.29
2019-09-27,270,16,24.2,24.2,23.1,95,4.0,93.0,24.552,26.79,24.68,0,6.68
2019-09-28,271,10,26.0,26.8,23.0,87,4.87,300.0,26.11,30.18,26.46,0,11.95
2019-09-29,272,11,27.0,27.0,22.8,73,5.2,413.0,25.887,31.12,29.11,0,12.76
2019-09-30,273,13,27.8,27.8,22.7,70,3.11,589.0,26.994,34.86,30.28,0,17.87
2019-10-01,274,13,29.3,29.4,21.6,65,0.22,598.0,29.989,37.23,32.43,0,25.22
2019-10-02,275,12,27.3,27.3,23.3,87,2.67,383.0,27.913,34.81,31.36,0,20.67
2019-10-03,276,11,29.6,29.9,22.5,72,1.8,625.0,29.462,38.60,34.53,0,26.58
2019-10-04,277,10,29.8,31.4,23.0,70,0.73,636.0,30.475,39.45,34.56,0,29.71
2019-10-05,278,11,31.1,31.8,22.7,59,2.28,760.0,29.451,39.56,34.81,0,27.59
2019-10-06,279,10,30.1,31.7,22.5,65,1.43,658.0,29.471,39.07,34.1,0,26.78
2019-10-07,280,12,31.2,31.4,21.0,59,2.79,780.0,29.39,39.31,35.02,0,26.56
2019-10-08,281,11,30.1,31.1,21.5,61,1.08,751.0,29.556,39.42,33.23,0,26.28
2019-10-09,282,13,30.5,30.5,22.1,67,0.0,605.0,31.369,38.22,35.49,0,29.80
2019-10-10,283,11,29.8,30.8,22.5,70,0.92,669.0,30.272,39.51,34.56,0,28.78
2019-10-11,284,11,30.4,31.0,20.7,56,0.94,727.0,29.367,39.32,32.77,0,25.69
2019-10-12,285,12,30.7,30.7,21.4,51,2.1,727.0,28.133,38.55,32.31,0,22.63
2019-10-13,286,11,30.7,31.2,21.1,51,1.3,739.0,28.665,39.16,32.31,0,24.07
2019-10-14,287,11,31.2,31.8,20.2,49,1.32,732.0,28.831,39.52,32.75,0,24.81
2019-10-15,288,14,30.6,30.6,21.0,50,0.92,520.0,28.275,38.01,31.97,0,22.38
2019-10-16,289,12,30.3,30.4,21.3,57,1.89,656.0,28.454,38.33,32.79,0,23.25
2019-10-17,290,13,30.4,30.4,21.9,51,1.33,590.0,28.019,38.07,31.83,0,21.88
2019-10-18,291,13,29.3,29.8,21.3,62,0.61,510.0,28.946,37.60,31.89,0,23.32
2019-10-19,292,10,28.6,29.4,22.0,68,0.5,490.0,29.126,37.27,31.55,0,23.29
2019-10-20,293,13,28.4,28.6,22.4,70,1.0,277.0,27.609,35.42,31.46,0,19.53
2019-10-21,294,11,29.7,30.8,21.5,51,3.0,677.0,26.817,36.40,30.76,0,18.01
2019-10-22,295,13,29.4,29.4,19.1,47,3.55,681.0,25.927,35.38,29.8,0,15.23
2019-10-23,296,11,28.0,29.3,18.5,53,1.66,567.0,25.807,35.33,28.73,0,14.57
2019-10-24,297,11,28.2,29.1,17.7,51,0.85,703.0,26.838,36.62,28.77,0,17.47
2019-10-25,298,12,28.5,28.9,19.9,53,2.2,711.0,26.302,36.15,29.36,0,16.33
2019-10-26,299,13,28.8,28.9,18.3,50,1.5,638.0,26.443,36.48,29.4,0,16.85
2019-10-27,300,13,29.5,29.5,17.9,47,2.01,601.0,26.343,36.44,29.93,0,16.84
2019-10-28,301,12,29.5,30.1,20.7,52,1.14,674.0,27.7,37.73,30.62,0,20.58
2019-10-29,302,10,28.5,30.1,19.9,58,0.5,564.0,28.209,36.84,29.96,0,20.66
2019-10-30,303,14,29.5,29.5,20.7,54,2.95,355.0,26.355,34.43,30.92,0,15.77
2019-10-31,304,12,30.3,30.9,19.2,52,3.41,677.0,27.38,36.77,31.85,0,19.74
2019-11-01,305,13,30.8,30.9,19.4,52,2.12,634.0,28.156,38.25,32.68,0,22.59
2019-11-02,306,11,30.8,31.6,19.9,54,1.58,638.0,28.689,38.81,33.08,0,24.15
2019-11-03,307,12,30.1,30.6,21.3,53,2.9,582.0,27.277,36.55,31.7,0,19.34
2019-11-04,308,12,29.8,30.3,21.1,52,4.05,633.0,26.724,35.43,31.06,0,17.24
2019-11-05,309,12,29.0,29.4,19.2,43,4.84,674.0,24.827,33.73,28.89,0,11.63
2019-11-06,310,13,28.3,28.3,17.4,44,2.47,546.0,24.613,34.30,28.25,0,11.40
2019-11-07,311,13,28.8,28.8,17.6,43,0.5,554.0,26.655,36.04,28.67,0,16.67
2019-11-08,312,12,28.1,28.7,19.0,52,1.77,623.0,25.849,35.60,28.75,0,14.85
2019-11-09,313,14,29.2,29.2,17.9,49,0.61,447.0,27.111,36.13,29.8,0,18.01
2019-11-10,314,11,28.3,29.7,18.4,49,2.73,617.0,25.283,34.72,28.7,0,13.13
2019-11-11,315,13,29.2,29.2,17.8,42,5.39,600.0,24.691,33.21,29.01,0,11.04
2019-11-12,316,13,29.0,29.2,16.0,44,3.73,600.0,25.021,34.19,28.99,0,12.36
2019-11-13,317,13,27.9,28.1,14.6,39,2.11,572.0,23.812,34.14,27.51,0,9.49
2019-11-14,318,13,27.4,27.7,15.5,47,0.76,560.0,25.38,34.87,27.6,0,13.01
2019-11-15,319,12,27.5,28.2,14.2,45,1.63,637.0,24.593,34.80,27.56,0,11.46
2019-11-16,320,13,28.4,28.6,16.0,47,1.99,563.0,25.287,35.10,28.62,0,13.38
2019-11-17,321,13,28.3,28.6,17.0,40,5.38,589.0,23.63,32.00,27.93,0,7.76
2019-11-18,322,12,26.7,27.2,16.2,40,4.57,627.0,22.405,30.95,26.65,0,4.34
2019-11-19,323,11,25.6,27.0,15.1,48,2.92,593.0,22.645,31.55,25.53,0,5.23
2019-11-20,324,13,26.1,26.2,13.1,43,1.14,577.0,23.34,33.36,25.99,0,7.84
2019-11-21,325,11,25.3,26.5,13.6,52,0.22,585.0,24.824,32.22,25.27,0,9.83
2019-11-22,326,12,26.1,26.6,13.9,50,2.3,569.0,23.463,32.68,26.09,0,7.59
2019-11-23,327,13,27.1,27.2,14.2,40,3.74,546.0,22.754,31.62,26.94,0,5.48
2019-11-24,328,13,27.2,27.4,15.9,47,3.71,532.0,23.674,31.96,27.42,0,7.62
2019-11-25,329,12,25.4,25.4,16.2,51,0.2,384.0,24.002,30.96,25.36,0,7.36
2019-11-26,330,12,27.3,28.3,16.2,51,0.22,590.0,26.543,34.08,27.78,0,14.71
2019-11-27,331,12,27.8,28.3,16.9,52,1.33,580.0,25.757,35.38,28.4,0,14.39
2019-11-28,332,12,28.7,28.7,17.8,49,2.1,554.0,25.732,35.37,29.17,0,14.63
2019-11-29,333,12,23.3,23.6,16.7,64,2.19,256.0,21.582,28.31,23.33,0,1.67
2019-11-30,334,12,25.9,26.3,15.6,54,3.19,579.0,23.484,31.75,25.93,0,6.95
2019-12-01,335,13,25.3,25.3,14.1,43,4.03,548.0,21.495,29.54,25.15,0,2.56
2019-12-02,336,13,24.1,24.2,13.8,46,3.9,541.0,20.781,28.48,23.93,0,1.79
2019-12-03,337,13,22.7,23.0,10.9,44,3.18,561.0,19.505,28.02,22.44,0,1.46
2019-12-04,338,12,22.4,23.3,10.5,50,0.94,590.0,21.058,30.68,22.2,0,3.38
2019-12-05,339,12,23.0,23.6,11.5,48,0.67,582.0,21.783,31.21,22.8,0,3.77
2019-12-06,340,12,23.8,24.6,10.7,47,0.5,562.0,22.721,31.82,23.63,0,5.56
2019-12-07,341,13,25.1,25.2,13.0,48,1.02,521.0,22.987,32.43,25.01,0,6.51
2019-12-08,342,12,24.4,24.5,14.3,48,1.75,560.0,21.933,31.47,24.27,0,3.95
2019-12-09,343,12,23.6,24.0,12.0,51,1.17,570.0,21.949,31.46,23.47,0,3.94
2019-12-10,344,13,22.9,23.1,11.0,50,1.08,534.0,21.199,30.65,22.73,0,3.36
2019-12-11,345,13,23.1,23.2,10.3,46,0.14,542.0,22.047,29.11,22.88,0,2.34
2019-12-12,346,13,23.1,23.1,13.0,54,4.51,348.0,20.258,25.54,22.99,0,0.00
2019-12-13,347,13,19.9,20.6,15.9,75,7.08,281.0,18.863,19.58,19.9,0,0.00
2019-12-14,348,14,20.0,20.1,13.4,71,1.49,296.0,19.476,26.76,19.95,0,0.55
2019-12-15,349,12,20.9,21.2,12.0,64,1.94,508.0,20.089,28.45,20.81,0,1.77
2019-12-16,350,13,20.5,20.5,10.0,55,2.86,533.0,18.638,26.58,20.27,0,0.42
2019-12-17,351,13,18.9,19.1,9.7,57,3.35,550.0,17.267,24.49,18.62,0,0.00
2019-12-18,352,13,17.2,17.6,8.1,62,1.58,531.0,16.685,25.83,16.9,0,0.00
2019-12-19,353,13,16.8,17.0,5.8,62,2.33,531.0,15.979,24.29,16.48,0,0.00
2019-12-20,354,13,17.5,17.8,7.6,59,2.68,496.0,16.2,23.94,17.17,0,0.00
2019-12-21,355,14,20.3,20.3,8.3,61,1.7,443.0,19.203,27.61,20.14,0,1.16
2019-12-22,356,13,21.9,22.1,11.3,51,3.22,540.0,19.457,27.30,21.69,0,0.94
2019-12-23,357,13,18.8,19.1,7.2,57,2.6,563.0,17.391,25.70,18.51,0,0.00
2019-12-24,358,14,16.3,16.7,6.8,72,1.81,357.0,16.077,23.59,16.08,0,0.00
2019-12-25,359,13,17.7,18.2,7.0,60,2.28,551.0,16.712,25.25,17.4,0,0.00
2019-12-26,360,14,16.1,16.1,4.8,59,2.28,482.0,14.994,23.26,15.7,0,0.00
2019-12-27,361,14,15.3,15.3,3.4,55,1.53,480.0,14.261,23.72,14.81,0,0.00
2019-12-28,362,14,15.2,15.3,3.6,64,0.94,479.0,15.337,24.75,14.82,0,0.00
2019-12-29,363,14,14.7,14.7,2.5,56,1.61,491.0,13.772,23.22,14.19,0,0.00
2019-12-30,364,13,13.8,14.7,1.7,62,1.26,582.0,13.858,23.96,13.33,0,0.00
2019-12-31,365,14,16.8,16.9,1.8,54,1.89,496.0,15.411,24.49,16.37,0,0.00
2020-01-01,1,15,18.7,18.7,5.2,63,2.63,238.0,17.023,22.79,18.49,0,0.00
2020-01-02,2,13,19.6,19.7,9.9,70,4.1,404.0,18.648,23.41,19.52,0,0.00
2020-01-03,3,11,18.8,18.8,12.3,73,3.72,366.0,18.118,22.90,18.72,0,0.00
2020-01-04,4,14,18.8,18.8,10.8,69,0.73,344.0,18.925,26.89,18.67,0,0.64
2020-01-05,5,11,19.1,20.6,9.8,64,3.45,548.0,18.041,24.78,18.92,0,0.00
2020-01-06,6,14,21.5,21.5,10.6,47,3.41,481.0,18.546,26.07,21.22,0,0.05
2020-01-07,7,12,20.3,21.3,10.4,60,0.1,566.0,20.954,27.44,20.13,0,1.04
2020-01-08,8,13,16.8,16.8,11.1,82,4.31,241.0,16.562,18.69,16.74,0,0.00
2020-01-09,9,15,17.4,17.4,10.5,68,4.02,264.0,16.085,19.57,17.19,0,0.00
2020-01-10,10,13,17.4,17.7,7.9,51,3.4,602.0,15.459,23.15,16.96,0,0.00
2020-01-11,11,14,17.7,17.7,6.0,58,2.47,497.0,16.364,24.45,17.37,0,0.00
2020-01-12,12,13,18.2,18.9,5.3,65,2.2,588.0,17.71,26.26,17.99,0,0.19
2020-01-13,13,13,20.4,20.9,7.6,64,0.78,600.0,20.798,29.85,20.28,0,2.78
2020-01-14,14,14,19.9,20.2,10.6,67,0.2,377.0,20.439,26.82,19.8,0,0.59
2020-01-15,15,12,18.5,18.5,12.5,71,0.22,269.0,18.926,25.03,18.38,0,0.00
2020-01-16,16,8,15.9,16.0,13.9,93,3.47,20.0,15.708,14.52,15.94,0,0.00
2020-01-17,17,14,20.2,20.2,11.9,66,1.78,364.0,19.307,26.98,20.1,0,0.71
2020-01-18,18,14,19.8,19.8,10.6,61,1.66,464.0,18.812,27.38,19.61,0,1.00
2020-01-19,19,13,19.5,19.7,10.2,59,4.33,526.0,17.781,23.53,19.27,0,0.00
2020-01-20,20,13,18.9,19.2,9.0,59,2.14,619.0,17.935,26.95,18.64,0,0.69
2020-01-21,21,12,18.3,18.9,7.7,56,0.22,571.0,18.769,26.47,17.97,0,0.34
2020-01-22,22,13,19.4,19.6,7.5,58,2.86,634.0,18.092,26.35,19.16,0,0.26
2020-01-23,23,13,19.3,19.5,10.0,53,5.8,652.0,17.069,22.27,18.98,0,0.00
2020-01-24,24,14,19.1,19.1,8.7,52,5.32,576.0,16.739,21.96,18.76,0,0.00
2020-01-25,25,12,18.5,19.5,6.6,61,0.63,662.0,19.226,28.77,18.25,0,2.00
2020-01-26,26,14,20.5,20.5,7.1,53,3.18,562.0,18.429,26.23,20.24,0,0.17
2020-01-27,27,13,21.9,22.3,8.1,55,1.55,645.0,20.693,30.28,21.74,0,3.09
2020-01-28,28,14,20.5,20.9,12.0,76,3.2,423.0,20.226,26.13,20.55,0,0.10
2020-01-29,29,13,22.0,22.0,13.3,66,1.98,532.0,21.347,29.66,21.99,0,2.64
2020-01-30,30,12,19.8,20.5,11.4,59,4.07,683.0,18.36,25.29,19.59,0,0.00
2020-01-31,31,13,19.5,19.6,9.2,43,3.7,683.0,16.681,25.01,19.06,0,0.00
2020-02-01,32,11,19.4,19.7,7.3,53,3.51,614.0,17.448,25.04,19.09,0,0.00
2020-02-02,33,13,19.3,19.6,8.4,50,4.18,694.0,17.084,24.40,18.95,0,0.00
2020-02-03,34,13,19.8,20.1,6.9,52,2.67,687.0,18.069,27.13,19.5,0,0.82
2020-02-04,35,13,20.3,20.6,6.5,50,0.92,675.0,19.421,29.54,20.0,0,2.56
2020-02-05,36,13,21.3,21.6,8.4,45,4.48,694.0,18.341,25.89,20.98,0,0.00
2020-02-06,37,14,20.7,20.7,7.7,49,1.97,612.0,18.722,28.33,20.4,0,1.68
2020-02-07,38,12,20.5,21.0,8.8,53,0.8,707.0,20.151,30.09,20.24,0,2.95
2020-02-08,39,12,19.9,20.4,7.6,42,2.91,722.0,17.196,26.78,19.47,0,0.56
2020-02-09,40,13,21.4,21.8,7.3,48,0.45,709.0,21.32,30.82,21.12,0,3.48
2020-02-10,41,14,22.0,22.0,8.1,40,2.4,647.0,18.854,28.83,21.65,0,2.04
2020-02-11,42,13,21.6,21.8,7.3,40,2.88,729.0,18.496,28.33,21.23,0,1.69
2020-02-12,43,13,23.1,23.5,8.1,40,3.67,726.0,19.593,28.71,22.8,0,1.96
2020-02-13,44,15,25.8,25.8,13.3,44,4.57,496.0,21.881,29.25,25.69,0,2.35
2020-02-14,45,13,26.0,26.3,14.9,39,6.48,739.0,21.597,29.65,25.84,0,2.64
2020-02-15,46,14,24.1,24.1,12.0,43,4.27,663.0,20.589,28.76,23.89,0,1.99
2020-02-16,47,13,24.5,25.1,10.4,51,0.72,738.0,23.812,33.45,24.42,0,8.81
2020-02-17,48,12,24.9,26.1,12.6,49,3.36,760.0,22.301,31.33,24.81,0,4.42
2020-02-18,49,13,25.3,25.8,11.6,31,4.28,773.0,20.323,30.32,25.0,0,3.12
2020-02-19,50,14,26.0,26.0,9.9,37,1.39,673.0,22.544,33.38,25.81,0,6.36
2020-02-20,51,13,27.3,27.6,14.8,41,3.93,746.0,23.346,32.85,27.14,0,7.54
2020-02-21,52,15,22.7,22.7,16.8,67,8.01,497.0,21.117,24.52,22.74,0,0.00
2020-02-22,53,13,23.9,23.9,14.0,58,3.81,494.0,21.782,28.56,23.88,0,1.85
2020-02-23,54,12,24.7,24.7,16.3,60,2.37,655.0,23.392,32.21,24.75,0,7.12
2020-02-24,55,13,24.9,25.1,14.5,61,1.3,623.0,24.192,33.36,24.97,0,9.45
2020-02-25,56,13,23.4,23.6,14.6,63,0.73,692.0,23.869,32.88,23.42,0,8.50
2020-02-26,57,11,21.2,23.1,13.0,64,0.82,710.0,21.794,31.11,21.12,0,3.69
2020-02-27,58,12,23.7,24.2,12.7,56,0.67,779.0,23.818,33.26,23.64,0,8.68
2020-02-28,59,13,25.2,25.4,13.5,50,1.2,747.0,23.693,33.78,25.14,0,8.82
2020-02-29,60,13,26.5,26.5,15.7,52,1.94,727.0,24.522,34.40,26.53,0,10.83
2020-03-01,61,13,27.3,27.7,15.8,52,0.61,768.0,26.788,36.25,27.85,0,16.76
2020-03-02,62,12,26.8,27.5,16.2,55,1.72,748.0,25.293,35.15,27.52,0,13.02
2020-03-03,63,12,27.8,28.5,16.2,46,1.96,772.0,25.071,35.57,27.91,0,13.05
2020-03-04,64,13,27.7,27.9,15.4,40,0.8,686.0,25.086,35.42,27.41,0,12.78
2020-03-05,65,13,27.4,27.4,16.2,46,3.42,761.0,24.181,33.71,27.53,0,9.88
2020-03-06,66,12,23.9,23.9,16.5,65,5.1,507.0,22.319,27.65,23.97,0,1.80
2020-03-07,67,13,25.7,25.7,16.1,55,3.06,697.0,23.65,32.40,25.73,0,7.74
2020-03-08,68,13,25.2,25.4,13.1,49,4.34,800.0,22.422,30.82,25.13,0,4.28
2020-03-09,69,14,26.4,26.4,13.5,32,4.84,759.0,21.263,30.96,26.17,0,3.58
2020-03-10,70,12,25.3,26.2,12.2,43,1.49,804.0,22.865,33.62,25.15,0,7.14
2020-03-11,71,14,27.4,27.4,15.0,53,3.61,686.0,24.831,33.45,28.03,0,11.11
2020-03-12,72,13,29.5,29.6,18.2,45,3.04,754.0,26.011,36.22,29.68,0,15.95
2020-03-13,73,11,26.2,26.2,18.2,61,5.61,752.0,24.368,31.23,26.33,0,8.25
2020-03-14,74,11,23.1,23.5,15.5,67,1.56,663.0,22.996,31.99,23.16,0,6.21
2020-03-15,75,13,24.6,25.2,14.1,56,1.32,731.0,23.636,33.37,24.59,0,8.42
2020-03-16,76,13,25.6,25.9,14.5,42,2.65,747.0,22.316,32.47,25.46,0,5.27
2020-03-17,77,13,27.5,27.7,13.7,41,2.47,829.0,24.061,34.86,27.31,0,10.41
2020-03-18,78,11,27.8,29.7,15.5,41,4.95,815.0,23.701,32.95,27.56,0,8.44
2020-03-19,79,13,30.4,30.4,15.4,36,3.26,847.0,25.66,37.05,29.69,0,15.90
2020-03-20,80,12,30.6,31.0,16.2,36,0.92,854.0,27.274,38.75,29.92,0,20.26
2020-03-21,81,14,27.8,27.8,18.4,42,1.53,628.0,24.531,34.95,27.62,0,11.48
2020-03-22,82,12,30.5,31.3,16.4,36,1.99,846.0,26.226,38.13,29.81,0,17.79
2020-03-23,83,13,30.7,31.2,17.1,37,0.85,843.0,27.59,38.88,30.15,0,21.04
2020-03-24,84,12,31.4,32.1,17.9,38,0.42,861.0,29.386,39.72,31.14,0,25.40
2020-03-25,85,11,32.2,34.2,19.6,35,3.86,826.0,26.867,38.50,31.73,0,19.98
2020-03-26,86,12,33.8,34.2,21.8,27,6.41,877.0,26.527,39.64,32.56,0,20.47
2020-03-27,87,14,28.0,28.0,20.6,45,5.73,672.0,24.078,32.15,28.03,0,8.75
2020-03-28,88,13,30.7,31.2,18.5,38,5.05,870.0,25.87,36.39,30.27,0,16.03
2020-03-29,89,13,31.5,31.6,18.7,25,6.65,890.0,24.291,36.79,29.82,0,13.17
2020-03-30,90,13,32.3,32.3,18.0,21,7.47,894.0,24.088,37.83,30.32,0,13.72
2020-03-31,91,13,33.2,33.6,17.4,24,4.54,882.0,25.749,39.23,31.49,0,18.31
2020-04-01,92,11,32.8,34.6,18.6,34,1.56,833.0,28.123,40.63,32.36,0,24.13
2020-04-02,93,12,33.2,33.6,20.0,28,4.34,900.0,26.55,39.50,31.97,0,20.19
2020-04-03,94,14,32.4,32.4,19.7,16,5.85,815.0,23.17,37.49,30.17,0,11.69
2020-04-04,95,12,32.5,33.4,17.6,20,4.61,934.0,24.454,38.53,30.45,0,14.97
2020-04-05,96,12,34.0,34.6,17.4,19,4.83,926.0,25.351,40.16,31.87,0,18.37
2020-04-06,97,12,35.8,36.2,21.2,21,5.46,909.0,27.073,42.24,34.1,0,23.95
2020-04-07,98,13,36.4,36.9,21.3,18,3.96,907.0,27.101,43.16,34.37,0,24.77
2020-04-08,99,12,36.5,36.5,21.2,17,2.69,906.0,27.288,43.64,34.34,0,25.46
2020-04-09,100,12,34.3,35.3,20.1,20,3.3,927.0,26.137,41.14,32.28,0,20.71
2020-04-10,101,13,34.6,34.8,18.5,22,2.55,893.0,26.997,41.78,32.83,0,23.00
2020-04-11,102,10,33.7,36.9,21.1,30,0.1,749.0,29.718,39.22,32.89,0,26.32
2020-04-12,103,12,35.7,36.8,22.4,26,2.28,920.0,28.848,43.48,34.84,0,28.94
2020-04-13,104,11,36.1,37.9,20.9,28,2.34,854.0,29.425,43.75,35.83,0,30.13
2020-04-14,105,13,37.3,37.3,24.3,28,0.78,863.0,31.785,45.50,37.66,0,39.21
2020-04-15,106,13,37.2,37.2,23.9,31,1.78,868.0,31.217,45.50,38.39,0,37.95
2020-04-16,107,14,36.7,36.7,23.0,35,1.56,776.0,31.481,44.86,38.79,0,37.08
2020-04-17,108,11,35.6,37.4,23.8,35,1.88,722.0,30.24,43.19,36.83,0,33.74
2020-04-18,109,12,37.0,37.9,24.4,29,1.79,900.0,30.725,45.27,37.47,0,37.09
2020-04-19,110,12,35.1,36.3,22.9,29,0.5,838.0,30.814,43.02,34.61,0,32.83
2020-04-20,111,11,35.6,35.8,22.5,25,1.02,850.0,29.396,43.27,34.52,0,29.82
2020-04-21,112,11,31.8,33.9,21.6,39,0.8,853.0,28.939,40.21,31.83,0,25.17
2020-04-22,113,12,33.2,34.3,21.9,34,0.9,821.0,29.13,41.19,32.9,0,26.63
2020-04-23,114,9,30.3,33.9,23.2,48,0.28,502.0,28.553,36.81,31.17,0,23.13
2020-04-24,115,12,34.8,35.5,23.5,29,0.67,812.0,30.019,42.54,34.19,0,31.51
2020-04-25,116,12,32.9,33.1,23.5,46,1.89,776.0,29.653,41.07,35.02,0,30.07
2020-04-26,117,13,31.7,31.7,22.4,49,3.86,765.0,28.307,38.29,33.6,0,23.71
2020-04-27,118,14,30.7,30.7,22.1,55,3.59,672.0,28.06,37.23,33.11,0,21.95
2020-04-28,119,11,30.6,30.6,21.8,55,1.3,789.0,29.174,39.57,32.93,0,25.56
2020-04-29,120,14,31.9,31.9,22.4,48,1.17,658.0,29.293,39.92,33.72,0,26.80
2020-04-30,121,12,33.4,34.0,23.6,41,1.41,810.0,29.777,41.71,34.66,0,30.75
2020-05-01,122,12,33.4,33.4,23.2,46,4.13,869.0,29.519,40.46,35.94,0,29.37
2020-05-02,123,13,33.3,33.5,21.8,43,3.95,845.0,29.012,40.18,34.97,0,26.45
2020-05-03,124,14,35.0,35.0,23.8,38,3.41,752.0,29.724,41.88,36.63,0,31.74
2020-05-04,125,12,32.6,32.6,24.9,53,2.01,687.0,30.074,40.73,36.33,0,32.74
2020-05-05,126,11,30.7,31.0,23.4,57,1.02,787.0,29.803,39.97,33.54,0,28.89
2020-05-06,127,12,33.0,33.4,21.7,44,0.81,865.0,30.711,41.93,34.7,0,30.83
2020-05-07,128,14,33.3,33.4,22.1,43,0.86,753.0,30.47,41.67,34.97,0,30.40
2020-05-08,129,11,34.3,35.8,22.4,40,0.89,844.0,31.08,42.96,35.95,0,33.20
2020-05-09,130,14,36.0,36.0,24.4,41,3.04,750.0,31.156,43.51,39.5,0,37.39
2020-05-10,131,14,36.1,36.1,23.4,42,3.79,742.0,31.203,43.21,40.07,0,36.31
2020-05-11,132,12,32.6,33.5,20.9,44,0.67,880.0,30.686,41.61,34.02,0,30.29
2020-05-12,133,13,33.6,33.6,23.7,53,0.67,817.0,32.629,43.26,38.52,0,38.81
2020-05-13,134,11,33.4,34.3,23.4,56,0.71,821.0,32.755,43.31,39.09,0,38.95
2020-05-14,135,10,32.7,35.2,23.8,55,0.2,725.0,32.403,40.67,37.14,0,36.12
2020-05-15,136,10,33.1,36.7,25.0,55,0.61,707.0,32.261,42.37,38.04,0,38.81
2020-05-16,137,12,36.3,37.2,24.6,31,3.89,881.0,29.718,43.47,36.89,0,33.91
2020-05-17,138,17,34.3,38.1,23.3,50,1.92,226.0,30.078,39.62,39.06,0,31.10
2020-05-18,139,11,36.3,38.5,24.0,32,0.92,836.0,31.406,44.56,37.17,0,37.29
2020-05-19,140,12,37.6,38.5,22.6,23,2.41,900.0,29.653,45.39,36.81,0,32.81
2020-05-20,141,11,34.7,38.2,23.3,45,0.0,834.0,33.202,41.96,38.21,0,38.38
2020-05-21,142,13,37.3,38.4,22.9,25,2.69,870.0,29.686,44.91,36.87,0,32.90
2020-05-22,143,13,37.9,38.8,23.0,30,0.51,859.0,33.342,46.40,39.27,0,41.89
2020-05-23,144,14,38.3,38.4,26.6,39,1.14,745.0,33.831,47.09,43.64,0,49.14
2020-05-24,145,12,39.8,42.0,27.2,38,2.24,857.0,34.422,48.98,46.65,1,55.11
2020-05-25,146,10,40.2,42.9,26.5,25,4.4,748.0,31.409,47.42,41.42,2,47.19
2020-05-26,147,14,41.8,41.8,28.5,18,1.6,717.0,31.773,49.18,41.26,3,53.09
2020-05-27,148,15,40.7,40.7,27.8,22,0.98,620.0,32.275,47.73,41.1,4,53.78
2020-05-28,149,12,35.4,36.1,25.8,42,5.32,832.0,30.454,42.13,38.63,0,36.38
2020-05-29,150,14,34.8,35.1,25.3,43,4.71,741.0,30.045,41.18,37.76,0,34.01
2020-05-30,151,13,33.9,33.9,25.9,49,3.37,658.0,30.221,40.80,37.85,0,34.80
2020-05-31,152,13,32.3,32.8,24.2,53,1.4,745.0,30.298,41.07,35.71,0,32.36
2020-06-01,153,13,32.1,33.1,24.6,56,0.78,714.0,31.141,41.24,36.13,0,34.70
2020-06-02,154,12,34.3,35.1,24.4,44,2.62,809.0,30.347,42.20,37.09,0,34.02
2020-06-03,155,12,35.0,35.0,26.5,45,2.4,697.0,30.995,42.74,38.83,0,38.74
2020-06-04,156,10,27.0,28.6,24.2,82,1.61,139.0,26.603,32.91,29.93,0,17.34
2020-06-05,157,13,26.4,26.4,23.2,75,3.65,323.0,25.515,31.21,26.73,0,11.80
2020-06-06,158,10,28.4,32.2,20.9,64,0.5,713.0,29.281,37.97,30.59,0,23.73
2020-06-07,159,13,33.4,33.9,22.8,50,1.2,738.0,31.067,42.16,37.11,0,33.49
2020-06-08,160,10,33.4,34.8,25.8,57,0.81,699.0,32.37,42.80,39.44,0,40.78
2020-06-09,161,10,35.4,36.5,26.1,46,1.39,683.0,32.009,43.84,40.06,0,41.43
2020-06-10,162,12,36.5,37.0,27.9,49,2.19,815.0,33.215,45.68,43.96,0,48.59
2020-06-11,163,13,36.2,36.4,28.5,50,3.22,643.0,32.441,43.87,43.65,0,46.41
2020-06-12,164,13,36.3,36.3,29.3,50,2.75,676.0,32.718,44.49,43.91,0,48.41
2020-06-13,165,14,36.8,36.8,29.4,48,3.3,635.0,32.659,44.38,44.26,0,48.47
2020-06-14,166,14,34.9,35.4,29.1,56,3.13,606.0,32.031,42.63,42.92,0,45.16
2020-06-15,167,14,35.9,35.9,28.5,50,3.72,623.0,32.026,43.06,42.88,0,44.75
2020-06-16,168,14,35.7,35.7,27.9,47,5.58,673.0,31.213,42.10,41.13,0,41.17
2020-06-17,169,15,30.3,31.3,25.7,73,2.04,392.0,29.584,38.01,36.58,0,30.88
2020-06-18,170,12,32.7,32.7,26.1,69,2.27,653.0,31.926,42.02,42.12,0,40.73
2020-06-19,171,12,32.4,32.7,26.2,60,4.06,751.0,30.261,39.71,38.03,0,34.51
2020-06-20,172,14,32.3,32.3,25.7,61,5.81,646.0,29.882,38.37,38.11,0,32.28
2020-06-21,173,11,29.1,30.2,25.1,80,3.24,335.0,28.731,35.53,35.02,0,26.20
2020-06-22,174,10,30.6,30.6,25.4,74,3.61,557.0,29.932,37.99,37.69,0,31.59
2020-06-23,175,12,30.6,30.7,25.5,77,3.98,436.0,29.966,37.31,38.6,0,31.61
2020-06-24,176,13,31.7,31.9,25.7,75,2.66,612.0,31.433,40.80,41.34,0,38.16
2020-06-25,177,13,31.5,31.7,25.5,71,2.51,600.0,30.82,40.13,39.31,0,35.53
2020-06-26,178,14,34.1,34.1,25.2,62,3.42,644.0,32.051,42.17,43.32,0,40.47
2020-06-27,179,15,33.4,33.8,26.1,66,5.39,431.0,31.215,39.44,42.99,0,37.84
2020-06-28,180,16,36.1,36.3,25.8,56,2.21,372.0,32.88,43.60,46.31,0,44.88
2020-06-29,181,13,30.8,31.5,24.9,69,1.32,490.0,30.241,39.43,36.78,0,32.29
2020-06-30,182,13,31.6,31.7,24.9,74,3.05,631.0,31.151,40.26,40.66,0,36.05
2020-07-01,183,13,32.1,32.4,26.6,73,0.89,628.0,32.731,42.57,41.85,0,43.13
2020-07-02,184,12,33.6,34.4,27.0,68,1.22,796.0,33.613,44.61,44.5,0,47.72
2020-07-03,185,14,32.9,33.1,27.6,70,3.58,615.0,31.791,41.14,43.15,0,41.97
2020-07-04,186,13,31.7,31.9,26.0,69,3.93,641.0,30.51,39.17,39.2,0,34.79
2020-07-05,187,12,32.4,32.4,25.9,70,2.43,688.0,31.761,41.75,41.6,0,39.80
2020-07-06,188,13,31.9,31.9,26.7,76,2.92,512.0,31.468,40.47,42.38,0,39.54
2020-07-07,189,16,29.3,29.3,25.4,81,2.5,256.0,28.96,36.06,35.83,0,27.66
2020-07-08,190,14,32.7,33.1,25.3,70,0.8,694.0,33.28,43.38,42.53,0,43.48
2020-07-09,191,11,31.5,31.6,26.1,79,1.48,522.0,31.992,41.63,42.2,0,40.60
2020-07-10,192,12,31.7,32.0,26.1,71,5.06,508.0,30.349,38.00,39.89,0,34.01
2020-07-11,193,12,34.5,34.5,26.3,61,5.32,862.0,32.281,42.64,44.04,0,42.79
2020-07-12,194,11,33.9,34.5,27.0,64,3.96,788.0,32.221,42.40,43.62,0,43.17
2020-07-13,195,11,33.7,34.7,27.6,64,2.86,755.0,32.257,42.80,43.02,0,44.00
2020-07-14,196,15,32.9,32.9,27.2,65,0.51,425.0,32.567,41.70,41.12,0,42.62
2020-07-15,197,13,32.7,32.7,26.4,62,3.44,693.0,30.821,40.47,39.46,0,36.88
2020-07-16,198,13,32.2,32.2,26.3,74,3.37,557.0,31.518,40.49,42.56,0,39.25
2020-07-17,199,14,33.5,33.7,27.6,66,2.15,626.0,32.325,42.75,43.29,0,44.19
2020-07-18,200,15,33.1,33.8,27.7,69,0.63,437.0,33.024,42.52,43.36,0,45.49
2020-07-19,201,15,32.6,33.0,26.6,72,0.1,345.0,32.875,40.38,43.04,0,42.26
2020-07-20,202,14,32.3,32.3,27.1,71,3.7,545.0,31.187,39.92,41.69,0,38.83
2020-07-21,203,15,32.6,32.6,25.8,67,2.57,556.0,31.301,40.90,41.03,0,37.98
2020-07-22,204,13,33.3,33.7,26.2,68,4.0,757.0,32.08,41.84,43.55,0,41.54
2020-07-23,205,15,32.1,32.1,25.8,67,1.26,529.0,31.396,41.12,39.62,0,37.80
2020-07-24,206,11,31.6,31.6,25.4,71,1.5,557.0,31.279,40.90,39.6,0,36.94
2020-07-25,207,15,31.6,31.7,25.7,69,1.81,516.0,30.784,40.22,38.92,0,35.61
2020-07-26,208,12,33.2,33.7,25.9,72,1.35,820.0,33.627,44.62,45.02,0,46.67
2020-07-27,209,13,33.7,33.7,28.0,69,2.62,672.0,32.786,43.27,45.28,0,46.65
2020-07-28,210,13,31.8,31.8,26.1,76,1.81,429.0,31.542,40.85,42.05,0,39.13
2020-07-29,211,15,28.6,28.6,25.9,83,0.82,252.0,29.203,36.77,34.24,0,28.63
2020-07-30,212,12,30.1,30.1,25.3,81,2.21,509.0,30.469,39.16,38.27,0,33.55
2020-07-31,213,10,30.9,31.4,25.5,76,0.82,538.0,31.744,40.88,39.2,0,37.78
2020-08-01,214,15,31.2,31.5,26.2,77,0.54,524.0,32.613,41.51,40.47,0,41.16
2020-08-02,215,14,33.0,33.0,25.7,73,2.88,666.0,32.491,42.53,44.8,0,42.70
2020-08-03,216,12,31.5,31.9,26.2,78,2.06,655.0,31.877,41.67,41.82,0,40.39
2020-08-04,217,12,33.0,33.2,26.6,68,0.41,721.0,34.245,43.66,42.62,0,47.07
2020-08-05,218,14,34.0,34.0,27.5,61,4.8,756.0,31.751,41.62,42.6,0,41.92
2020-08-06,219,12,32.1,32.1,28.4,67,9.32,652.0,30.129,38.87,39.62,0,36.81
2020-08-07,220,13,32.6,32.6,27.3,71,2.84,632.0,31.83,41.53,42.62,0,41.78
2020-08-08,221,12,33.2,33.4,27.0,71,0.78,810.0,34.213,44.77,44.56,0,48.99
2020-08-09,222,12,31.1,31.4,26.5,80,2.3,439.0,31.144,39.99,41.21,0,37.91
2020-08-10,223,14,32.3,32.3,26.9,76,2.33,600.0,32.209,42.07,43.72,0,42.83
2020-08-11,224,13,32.8,32.8,27.0,70,0.58,560.0,33.395,42.97,42.84,0,45.50
2020-08-12,225,15,28.3,28.7,26.5,91,0.92,231.0,29.535,37.12,35.18,0,30.56
2020-08-13,226,12,30.7,30.7,25.7,75,1.71,465.0,30.512,39.48,38.28,0,34.33
2020-08-14,227,14,32.7,32.7,25.6,72,2.82,593.0,31.972,41.63,43.36,0,40.41
2020-08-15,228,13,32.9,33.1,26.3,72,2.38,685.0,32.48,42.76,44.02,0,43.25
2020-08-16,229,14,31.8,32.2,26.4,70,3.13,725.0,31.035,40.47,39.83,0,37.42
2020-08-17,230,12,32.8,33.0,26.9,71,3.06,773.0,32.2,42.28,43.26,0,42.79
2020-08-18,231,13,33.7,33.7,27.1,65,3.26,723.0,32.213,42.45,43.46,0,43.25
2020-08-19,232,13,31.9,32.0,26.1,78,1.61,624.0,32.434,42.50,43.18,0,42.43
2020-08-20,233,13,32.8,32.9,26.3,68,5.44,784.0,31.411,40.51,42.02,0,38.86
2020-08-21,234,13,30.7,30.7,27.0,76,7.22,711.0,30.018,37.58,38.59,0,33.65
2020-08-22,235,14,30.2,30.2,26.1,82,5.3,479.0,30.022,36.70,38.89,0,32.09
2020-08-23,236,10,30.3,30.3,25.2,77,5.54,672.0,29.858,37.20,37.71,0,30.65
2020-08-24,237,10,30.2,31.6,25.4,78,2.9,636.0,30.285,38.93,37.7,0,32.94
2020-08-25,238,12,32.7,32.7,25.7,63,3.49,828.0,31.14,41.13,39.82,0,37.28
2020-08-26,239,13,32.9,33.0,26.5,66,2.2,769.0,32.012,42.54,41.51,0,41.51
2020-08-27,240,12,32.7,32.8,26.2,64,2.75,766.0,31.372,41.58,40.18,0,38.76
2020-08-28,241,13,30.6,30.8,27.1,73,4.62,562.0,29.665,37.15,37.4,0,32.35
2020-08-29,242,11,31.1,31.4,25.9,73,6.04,744.0,30.232,38.16,38.82,0,33.28
2020-08-30,243,14,31.5,31.5,26.4,66,5.53,594.0,29.674,37.50,37.69,0,31.91
2020-08-31,244,13,32.3,32.3,25.3,62,4.12,675.0,30.281,39.35,38.44,0,33.39
2020-09-01,245,13,33.3,33.3,25.4,60,3.93,745.0,31.113,40.97,40.29,0,36.93
2020-09-02,246,13,29.9,30.8,26.4,79,1.33,504.0,30.493,39.40,37.09,0,34.61
2020-09-03,247,13,32.5,32.5,26.1,71,3.45,714.0,31.718,41.24,42.31,0,39.85
2020-09-04,248,12,32.8,32.8,26.0,72,1.78,753.0,32.798,43.43,43.69,0,43.86
2020-09-05,249,10,32.5,33.2,26.5,68,0.89,674.0,32.667,42.71,41.13,0,42.72
2020-09-06,250,10,32.6,33.2,26.6,69,1.77,688.0,32.137,42.47,41.81,0,41.92
2020-09-07,251,10,32.8,33.8,26.8,70,2.12,698.0,32.287,42.63,42.84,0,42.94
2020-09-08,252,11,32.9,33.0,27.0,66,1.4,667.0,32.267,42.68,41.51,0,42.67
2020-09-09,253,11,33.0,33.0,27.5,68,0.32,732.0,34.28,43.26,42.62,0,47.89
2020-09-10,254,12,32.3,33.4,26.3,69,1.17,668.0,32.249,42.38,40.92,0,41.38
2020-09-11,255,13,32.5,32.6,25.8,66,1.56,683.0,31.811,42.12,40.37,0,39.58
2020-09-12,256,14,32.8,32.9,26.3,66,0.85,661.0,32.74,42.82,41.22,0,42.74
2020-09-13,257,11,32.1,32.7,26.3,78,1.2,696.0,33.107,43.44,43.88,0,44.87
2020-09-14,258,11,31.9,32.4,26.7,78,1.48,656.0,32.591,42.75,43.18,0,43.61
2020-09-15,259,11,32.1,32.1,26.6,75,0.22,645.0,33.929,42.04,42.64,0,45.30
2020-09-16,260,13,32.4,33.1,25.9,73,0.72,629.0,33.289,43.09,42.81,0,44.10
2020-09-17,261,11,34.4,35.2,26.8,61,2.96,757.0,32.515,43.36,43.75,0,44.23
2020-09-18,262,11,34.0,34.8,27.2,66,1.44,737.0,33.43,44.51,44.84,0,47.66
2020-09-19,263,13,31.9,32.0,26.1,70,2.53,702.0,31.275,41.04,40.12,0,38.05
2020-09-20,264,14,34.0,34.0,25.9,59,2.44,680.0,31.928,42.64,41.76,0,40.81
2020-09-21,265,12,34.6,34.6,26.8,59,2.43,792.0,32.689,43.98,43.42,0,44.88
2020-09-22,266,11,32.0,32.0,25.6,68,5.32,710.0,30.569,39.04,39.69,0,34.52
2020-09-23,267,14,28.5,28.5,25.4,80,4.21,261.0,27.833,33.21,33.38,0,22.56
2020-09-24,268,14,27.2,27.2,24.7,81,3.83,223.0,26.612,31.55,30.3,0,17.10
2020-09-25,269,14,32.5,32.6,23.5,61,4.34,593.0,30.18,38.98,38.6,0,30.89
2020-09-26,270,10,31.7,34.3,24.1,68,1.0,700.0,31.831,41.73,38.86,0,36.79
2020-09-27,271,12,33.1,33.5,24.1,57,3.38,769.0,30.715,40.95,38.71,0,34.06
2020-09-28,272,12,33.1,33.5,23.8,52,2.15,813.0,30.57,41.73,37.09,0,33.40
2020-09-29,273,11,32.5,33.3,23.1,52,2.73,793.0,29.759,40.46,35.84,0,29.67
2020-09-30,274,11,32.0,33.1,22.3,50,2.94,796.0,28.987,39.58,34.36,0,26.09
2020-10-01,275,11,31.7,33.0,21.6,55,1.3,787.0,30.177,40.79,35.03,0,29.11
2020-10-02,276,11,32.1,32.8,22.4,56,0.5,765.0,31.953,41.64,36.13,0,33.96
2020-10-03,277,12,32.7,33.3,24.0,52,0.78,713.0,31.181,41.57,36.25,0,34.36
2020-10-04,278,11,32.1,32.9,24.2,59,0.14,629.0,32.021,39.53,37.0,0,34.99
2020-10-05,279,10,32.4,33.6,24.1,57,0.72,634.0,31.42,41.31,37.08,0,35.05
2020-10-06,280,12,34.0,34.3,23.0,42,0.58,805.0,31.659,42.71,35.96,0,34.81
2020-10-07,281,12,33.8,34.2,22.3,44,0.36,740.0,31.968,41.95,36.14,0,34.10
2020-10-08,282,11,33.0,33.9,23.1,47,0.7,726.0,30.975,41.58,35.46,0,32.64
2020-10-09,283,11,33.1,34.3,22.5,43,1.02,767.0,30.105,41.46,34.63,0,29.90
2020-10-10,284,11,33.5,34.6,21.8,41,0.94,754.0,30.24,41.72,34.83,0,29.83
2020-10-11,285,12,33.7,34.0,23.1,43,1.08,702.0,30.404,41.81,35.68,0,31.80
2020-10-12,286,12,34.1,34.3,23.7,42,1.65,751.0,30.238,42.19,36.14,0,32.63
2020-10-13,287,13,34.1,34.1,23.3,41,2.3,701.0,29.661,41.48,35.87,0,30.47
2020-10-14,288,13,34.3,34.3,25.0,50,2.5,628.0,30.906,41.87,39.06,0,36.27
2020-10-15,289,12,34.0,34.2,25.5,49,1.55,683.0,31.064,42.34,38.06,0,37.12
2020-10-16,290,12,34.2,34.8,24.7,44,1.71,654.0,30.377,41.94,36.9,0,34.17
2020-10-17,291,11,34.1,35.2,21.9,32,1.71,730.0,28.581,41.40,33.79,0,26.08
2020-10-18,292,12,34.5,34.9,21.2,30,2.18,744.0,28.351,41.59,33.97,0,25.85
2020-10-19,293,12,34.0,34.2,21.1,26,2.71,720.0,26.966,40.42,32.66,0,21.90
2020-10-20,294,12,32.0,32.6,20.0,34,1.75,753.0,27.161,39.31,31.33,0,20.98
2020-10-21,295,12,31.7,32.0,20.7,42,0.14,712.0,29.748,37.93,32.2,0,25.19
2020-10-22,296,12,32.0,32.4,20.4,41,1.3,715.0,28.443,39.77,32.46,0,24.14
2020-10-23,297,11,31.7,33.0,21.4,44,2.0,701.0,28.114,39.16,32.57,0,23.13
2020-10-24,298,12,33.4,33.6,18.6,23,4.94,746.0,25.464,38.66,31.61,0,17.40
2020-10-25,299,12,32.9,33.3,18.4,27,2.35,735.0,26.413,39.51,31.49,0,19.77
2020-10-26,300,11,32.1,33.5,17.5,29,2.79,704.0,25.897,38.29,30.82,0,17.66
2020-10-27,301,11,31.1,32.4,18.7,29,1.75,702.0,25.506,37.86,29.75,0,16.21
2020-10-28,302,11,30.2,31.4,16.2,30,2.39,705.0,24.629,36.60,28.94,0,13.34
2020-10-29,303,11,29.6,30.9,15.7,38,1.49,691.0,25.738,36.88,29.04,0,15.68
2020-10-30,304,13,31.1,31.1,17.6,29,1.3,667.0,25.743,37.85,29.75,0,16.65
2020-10-31,305,12,30.7,30.9,17.4,31,3.09,708.0,24.983,36.65,29.52,0,14.26
2020-11-01,306,13,30.1,30.1,18.9,28,3.01,628.0,23.889,35.53,28.71,0,11.09
2020-11-02,307,12,29.5,29.8,15.8,23,3.52,700.0,22.558,34.77,27.94,0,7.74
2020-11-03,308,13,30.1,30.1,14.1,19,4.66,667.0,22.019,34.44,28.29,0,6.61
2020-11-04,309,11,28.8,30.1,13.2,26,2.21,681.0,22.869,35.05,27.51,0,8.36
2020-11-05,310,13,29.5,29.6,14.4,31,2.75,641.0,23.962,35.29,28.37,0,10.92
2020-11-06,311,11,28.4,30.3,15.0,40,1.3,656.0,25.034,35.72,28.02,0,13.13
2020-11-07,312,12,29.8,30.2,13.6,27,3.18,686.0,23.538,35.37,28.38,0,10.19
2020-11-08,313,12,28.7,29.3,13.5,32,1.58,674.0,24.023,35.56,27.74,0,11.00
2020-11-09,314,13,28.4,28.6,14.4,36,0.73,620.0,25.09,35.51,27.74,0,12.98
2020-11-10,315,13,29.0,29.1,14.8,37,2.52,602.0,24.404,34.98,28.35,0,11.53
2020-11-11,316,16,27.0,28.8,16.0,58,1.13,151.0,24.361,31.63,27.94,0,8.88
2020-11-12,317,14,29.8,29.8,16.8,37,0.64,467.0,26.09,36.03,29.15,0,15.77
2020-11-13,318,14,29.6,29.6,18.4,37,2.42,454.0,24.637,34.78,28.94,0,12.05
2020-11-14,319,13,29.4,29.4,15.5,31,2.62,591.0,23.824,35.01,28.28,0,10.43
2020-11-15,320,13,29.8,29.8,15.5,37,0.57,536.0,26.479,36.49,29.15,0,16.83
2020-11-16,321,14,25.1,25.2,16.4,59,1.02,427.0,23.874,32.41,25.15,0,8.17
2020-11-17,322,13,27.2,27.3,15.6,46,2.91,585.0,23.831,33.05,27.35,0,8.68
2020-11-18,323,13,25.9,26.0,16.0,47,1.53,471.0,23.063,32.44,25.84,0,6.66
2020-11-19,324,14,25.8,25.8,16.3,48,2.02,411.0,22.707,31.52,25.74,0,5.32
2020-11-20,325,12,25.0,25.2,15.1,40,3.76,632.0,21.074,29.94,24.8,0,2.85
2020-11-21,326,11,22.5,23.6,12.6,38,4.75,620.0,18.497,26.16,22.15,0,0.12
2020-11-22,327,12,22.6,23.2,10.9,33,3.85,646.0,18.199,27.34,22.19,0,0.97
2020-11-23,328,13,23.7,23.8,9.2,29,0.82,589.0,19.972,31.00,23.29,0,3.61
2020-11-24,329,13,23.9,24.0,9.9,36,0.22,587.0,21.791,30.19,23.59,0,3.03
2020-11-25,330,12,24.9,25.4,10.6,40,1.62,589.0,21.611,31.87,24.69,0,4.24
2020-11-26,331,12,25.3,25.5,12.6,43,2.65,607.0,21.914,31.43,25.15,0,3.92
2020-11-27,332,13,25.9,26.0,11.3,37,2.26,576.0,21.783,32.00,25.71,0,4.33
2020-11-28,333,13,26.4,26.5,12.4,34,3.47,579.0,21.493,31.16,26.19,0,3.73
2020-11-29,334,12,25.5,26.1,11.4,37,2.42,615.0,21.461,31.70,25.29,0,4.12
2020-11-30,335,12,25.0,25.6,10.5,31,2.37,617.0,20.293,31.11,24.68,0,3.69
2020-12-01,336,13,25.4,25.6,10.9,37,1.92,564.0,21.468,31.79,25.18,0,4.18
2020-12-02,337,13,25.5,25.6,12.2,44,3.09,560.0,21.997,30.89,25.38,0,3.53
2020-12-03,338,11,24.6,26.3,12.1,50,1.22,563.0,22.684,32.22,24.51,0,5.78
2020-12-04,339,10,23.0,25.9,13.3,56,0.58,472.0,22.4,30.94,22.91,0,4.33
2020-12-05,340,12,25.6,26.4,12.4,45,0.22,588.0,24.326,32.11,25.5,0,8.80
2020-12-06,341,12,26.7,27.4,13.5,44,0.2,581.0,25.156,32.88,26.84,0,10.93
2020-12-07,342,12,26.4,26.9,13.4,46,2.69,587.0,23.185,32.48,26.35,0,6.92
2020-12-08,343,12,25.6,26.4,13.0,48,1.94,583.0,22.967,32.54,25.53,0,6.55
2020-12-09,344,13,26.4,26.6,12.2,47,2.87,550.0,23.178,32.11,26.36,0,6.64
2020-12-10,345,13,27.5,27.6,12.7,41,3.45,556.0,23.303,32.43,27.31,0,7.22
2020-12-11,346,11,24.8,26.1,13.3,58,1.81,460.0,23.081,31.63,24.83,0,6.10
2020-12-12,347,11,24.4,25.3,15.2,59,2.02,487.0,22.79,31.25,24.42,0,5.28
2020-12-13,348,12,24.2,24.9,15.2,45,5.01,592.0,20.68,27.78,24.03,0,1.29
2020-12-14,349,13,22.5,22.6,11.7,38,3.5,547.0,18.584,27.13,22.15,0,0.82
2020-12-15,350,12,21.1,21.9,11.3,42,1.66,530.0,18.352,28.26,20.73,0,1.63
2020-12-16,351,12,21.2,22.3,12.6,42,2.55,500.0,18.018,26.98,20.84,0,0.71
2020-12-17,352,13,18.4,18.4,8.5,33,4.39,585.0,14.471,21.98,17.78,0,0.00
2020-12-18,353,13,17.5,17.9,6.4,45,3.55,573.0,14.944,22.60,16.99,0,0.00
2020-12-19,354,14,19.5,19.5,6.6,35,3.28,482.0,15.615,23.99,18.96,0,0.00
2020-12-20,355,13,18.8,19.2,5.1,48,2.4,569.0,16.664,25.75,18.39,0,0.00
2020-12-21,356,14,19.7,19.7,5.2,52,2.83,467.0,17.503,25.26,19.39,0,0.00
2020-12-22,357,13,20.4,20.8,6.9,55,1.13,524.0,19.339,28.67,20.17,0,1.93
2020-12-23,358,13,21.8,22.1,9.2,48,1.72,573.0,19.649,29.28,21.54,0,2.37
2020-12-24,359,13,21.6,22.0,7.4,44,2.24,578.0,18.844,28.37,21.28,0,1.71
2020-12-25,360,13,22.1,22.1,8.6,35,4.3,582.0,17.824,25.91,21.69,0,0.00
2020-12-26,361,13,20.8,21.2,7.9,43,3.01,580.0,17.804,26.56,20.43,0,0.40
2020-12-27,362,13,21.1,21.4,6.4,43,1.52,581.0,18.659,28.79,20.74,0,2.02
2020-12-28,363,13,20.8,21.0,10.8,45,1.57,525.0,18.428,28.18,20.46,0,1.57
2020-12-29,364,13,20.7,20.9,9.5,45,2.63,576.0,18.012,27.05,20.35,0,0.76
2020-12-30,365,13,19.4,19.7,6.3,41,1.71,588.0,16.875,27.18,18.93,0,0.85
2020-12-31,366,13,18.9,19.2,6.0,37,3.1,602.0,15.573,24.68,18.36,0,0.00
2021-01-01,1,16,18.1,19.3,3.6,70,0.57,184.0,17.786,24.69,17.95,0,0.00
2021-01-02,2,14,21.7,21.7,7.3,51,0.5,453.0,20.833,29.55,21.48,0,2.57
2021-01-03,3,13,23.9,24.2,11.2,47,0.41,495.0,22.685,31.26,23.74,0,5.10
2021-01-04,4,13,24.2,24.2,14.6,57,0.1,413.0,23.665,29.90,24.18,0,5.96
2021-01-05,5,14,24.9,24.9,15.1,51,0.86,396.0,22.909,31.64,24.84,0,5.79
2021-01-06,6,13,26.3,26.6,13.9,49,1.8,506.0,23.596,32.92,26.28,0,8.02
2021-01-07,7,13,26.2,26.3,15.3,48,3.5,586.0,23.034,31.49,26.16,0,5.92
2021-01-08,8,12,22.9,23.9,13.0,47,2.14,590.0,20.373,29.83,22.69,0,2.77
2021-01-09,9,13,24.1,24.1,13.3,53,3.32,492.0,21.542,29.12,24.02,0,2.25
2021-01-10,10,13,24.5,24.8,14.8,56,5.05,586.0,22.107,28.49,24.48,0,2.00
2021-01-11,11,13,19.1,19.5,8.9,34,4.16,636.0,15.283,23.42,18.53,0,0.00
2021-01-12,12,14,18.8,18.8,6.7,46,4.22,540.0,16.012,22.61,18.37,0,0.00
2021-01-13,13,13,18.2,18.6,6.2,50,2.84,626.0,16.278,24.97,17.79,0,0.00
2021-01-14,14,14,18.2,18.2,5.3,53,1.32,529.0,17.008,26.66,17.83,0,0.48
2021-01-15,15,12,18.5,19.5,6.3,61,0.22,632.0,19.604,27.17,18.25,0,0.84
2021-01-16,16,14,20.1,20.1,7.6,52,2.35,553.0,18.188,26.99,19.81,0,0.72
2021-01-17,17,13,20.3,20.6,7.7,56,3.24,623.0,18.622,26.48,20.07,0,0.35
2021-01-18,18,13,19.7,19.8,8.4,64,0.63,432.0,19.836,28.25,19.55,0,1.62
2021-01-19,19,13,21.7,22.3,11.0,59,2.12,490.0,20.257,28.59,21.58,0,1.87
2021-01-20,20,13,22.4,22.8,10.9,47,4.28,650.0,19.489,27.04,22.16,0,0.75
2021-01-21,21,14,21.6,21.6,10.0,43,4.96,579.0,18.156,24.83,21.27,0,0.00
2021-01-22,22,13,19.6,20.0,7.8,61,0.86,635.0,19.761,29.24,19.4,0,2.34
2021-01-23,23,13,20.2,20.9,7.3,57,0.9,648.0,19.936,29.59,19.98,0,2.59
2021-01-24,24,12,20.7,21.7,8.7,64,0.81,662.0,21.21,30.44,20.6,0,3.21
2021-01-25,25,12,20.1,20.6,9.2,59,2.63,640.0,18.91,27.42,19.9,0,1.03
2021-01-26,26,13,18.0,18.3,6.9,55,1.98,631.0,16.854,26.37,17.65,0,0.26
2021-01-27,27,14,19.3,19.3,8.5,51,1.48,590.0,17.869,27.70,18.96,0,1.23
2021-01-28,28,14,18.4,18.4,7.2,57,1.3,584.0,17.696,27.36,18.09,0,0.99
2021-01-29,29,13,18.2,18.5,8.3,55,3.05,666.0,16.729,25.06,17.86,0,0.00
2021-01-30,30,14,19.6,19.6,7.7,44,4.1,612.0,16.674,24.08,19.18,0,0.00
2021-01-31,31,13,20.3,20.6,6.3,41,2.4,693.0,17.564,27.67,19.88,0,1.20
2021-02-01,32,13,21.0,21.3,7.3,43,2.21,692.0,18.453,28.57,20.64,0,1.86
2021-02-02,33,13,22.9,23.4,7.7,47,1.58,692.0,20.879,31.04,22.69,0,3.64
2021-02-03,34,13,24.0,24.2,9.0,48,1.7,690.0,21.889,31.92,23.85,0,4.27
2021-02-04,35,13,26.4,26.4,11.4,37,1.9,689.0,22.601,33.45,26.23,0,6.52
2021-02-05,36,13,21.3,21.3,13.6,62,4.11,410.0,19.544,24.94,21.2,0,0.00
2021-02-06,37,11,20.4,22.1,9.8,57,3.01,660.0,18.93,27.18,20.19,0,0.86
2021-02-07,38,13,21.6,22.0,10.0,48,3.1,719.0,19.237,28.21,21.33,0,1.60
2021-02-08,39,14,22.5,22.5,8.7,52,2.47,618.0,20.457,29.43,22.33,0,2.48
2021-02-09,40,14,24.1,24.1,10.5,49,2.8,634.0,21.519,30.50,23.97,0,3.25
2021-02-10,41,13,25.3,25.6,10.6,43,1.66,698.0,22.528,32.94,25.15,0,6.01
2021-02-11,42,11,24.2,25.9,11.5,53,1.03,679.0,23.126,32.80,24.13,0,7.04
2021-02-12,43,11,23.6,25.3,11.4,56,0.5,594.0,23.587,32.30,23.54,0,7.55
2021-02-13,44,10,21.6,25.1,12.2,68,0.41,559.0,22.878,30.80,21.6,0,5.13
2021-02-14,45,13,25.6,26.0,10.9,37,2.67,749.0,21.707,32.28,25.39,0,4.54
2021-02-15,46,13,26.8,27.2,11.1,34,2.53,748.0,22.389,33.46,26.46,0,6.13
2021-02-16,47,13,27.7,27.7,13.3,39,0.32,705.0,25.839,34.89,27.35,0,13.80
2021-02-17,48,13,26.7,26.9,12.4,42,1.03,730.0,24.252,34.74,26.74,0,10.57
2021-02-18,49,12,26.3,27.0,12.7,38,0.51,746.0,24.453,34.50,26.14,0,10.77
2021-02-19,50,12,26.0,26.8,12.7,41,0.86,762.0,23.833,34.30,25.86,0,9.46
2021-02-20,51,13,27.0,27.2,12.5,34,1.98,761.0,22.819,34.21,26.58,0,7.47
2021-02-21,52,14,27.0,27.0,12.9,33,3.67,691.0,22.012,32.22,26.54,0,4.52
2021-02-22,53,12,27.0,28.3,14.1,46,4.08,774.0,23.701,32.72,27.18,0,8.14
2021-02-23,54,12,28.6,30.0,15.0,38,3.13,781.0,24.328,35.01,28.06,0,11.30
2021-02-24,55,12,30.4,31.5,15.3,31,4.47,795.0,24.569,35.79,29.21,0,12.74
2021-02-25,56,12,32.0,32.6,16.9,28,6.12,793.0,25.166,37.02,30.6,0,15.28
2021-02-26,57,13,32.2,32.4,18.2,25,7.62,801.0,24.658,37.29,30.52,0,14.48
2021-02-27,58,12,32.0,33.3,17.6,31,4.3,797.0,25.935,37.73,30.93,0,17.37
2021-02-28,59,13,32.6,32.6,18.7,23,4.11,788.0,25.029,38.26,30.77,0,15.98
2021-03-01,60,13,31.1,31.1,17.4,24,4.88,795.0,23.898,36.23,29.37,0,11.86
2021-03-02,61,14,28.7,28.7,15.2,25,6.4,735.0,21.877,32.61,27.4,0,4.93
2021-03-03,62,13,29.6,30.2,15.2,22,4.56,822.0,22.435,34.80,27.98,0,7.54
2021-03-04,63,12,31.3,32.3,14.4,25,3.34,828.0,24.595,37.51,29.63,0,14.20
2021-03-05,64,13,32.4,32.5,15.5,23,5.19,814.0,24.726,37.72,30.56,0,14.94
2021-03-06,65,11,29.2,31.2,17.2,23,5.54,795.0,22.114,33.77,27.7,0,6.09
2021-03-07,66,13,33.0,33.5,15.8,21,1.3,815.0,26.134,40.02,31.01,0,19.43
2021-03-08,67,14,31.7,31.7,19.3,36,3.01,724.0,26.644,38.09,31.23,0,19.08
2021-03-09,68,12,32.0,32.7,18.9,38,1.03,819.0,28.533,40.14,31.94,0,24.39
2021-03-10,69,12,33.0,34.1,17.9,33,0.73,814.0,29.083,40.89,32.46,0,26.17
2021-03-11,70,11,31.9,34.1,18.0,34,0.51,791.0,28.812,39.77,31.2,0,24.37
2021-03-12,71,12,31.4,31.4,18.5,35,1.0,803.0,27.574,39.25,30.73,0,21.49
2021-03-13,72,13,30.0,30.7,19.0,38,1.3,793.0,26.459,37.87,29.47,0,17.91
2021-03-14,73,12,31.2,32.2,18.2,32,4.77,859.0,25.43,36.88,30.14,0,15.50
2021-03-15,74,13,33.2,33.6,17.4,26,5.61,849.0,25.919,38.81,31.72,0,18.41
2021-03-16,75,13,33.8,33.9,18.3,21,5.19,855.0,25.48,39.56,31.84,0,18.17
2021-03-17,76,12,33.5,34.3,17.8,20,4.83,880.0,25.123,39.38,31.44,0,17.22
2021-03-18,77,12,33.8,34.5,18.0,28,2.67,863.0,27.425,40.97,32.7,0,23.18
2021-03-19,78,12,33.6,33.7,19.6,26,3.38,731.0,26.472,39.63,32.18,0,20.22
2021-03-20,79,12,33.5,33.9,19.9,25,4.18,861.0,26.221,39.67,31.94,0,19.68
2021-03-21,80,11,33.0,34.4,17.7,27,2.12,828.0,26.763,40.18,31.61,0,20.96
2021-03-22,81,11,34.6,35.8,19.7,22,1.06,836.0,27.902,41.87,32.83,0,24.78
2021-03-23,82,12,35.4,35.8,18.7,22,1.21,874.0,28.442,42.92,33.77,0,26.90
2021-03-24,83,13,34.0,34.0,20.3,21,4.58,861.0,25.742,39.99,32.06,0,19.06
2021-03-25,84,12,32.4,32.6,19.9,19,5.87,914.0,23.95,38.00,30.3,0,13.58
2021-03-26,85,13,31.8,32.1,18.4,21,5.61,894.0,23.905,37.25,29.85,0,12.79
2021-03-27,86,10,29.9,33.4,16.9,32,0.63,733.0,26.32,37.31,28.81,0,17.00
2021-03-28,87,12,33.7,34.5,18.9,23,0.36,899.0,28.876,40.79,31.94,0,25.50
2021-03-29,88,11,35.1,37.3,20.7,27,0.78,836.0,29.727,42.81,34.22,0,29.42
2021-03-30,89,13,38.7,39.8,20.9,18,4.8,884.0,28.667,45.74,37.11,0,30.61
2021-03-31,90,12,36.7,37.2,24.0,11,7.13,941.0,24.996,43.41,33.68,0,23.05
2021-04-01,91,13,35.2,35.3,20.2,7,6.89,938.0,22.696,41.20,31.64,0,14.02
2021-04-02,92,14,34.9,34.9,18.8,9,3.3,820.0,23.57,40.64,31.67,0,15.28
2021-04-03,93,13,35.7,35.9,19.0,8,3.79,923.0,23.83,41.73,32.23,0,16.76
2021-04-04,94,12,36.3,36.8,19.1,9,4.39,944.0,24.47,42.48,32.94,0,18.78
2021-04-05,95,17,35.8,38.3,19.6,31,1.5,210.0,28.519,39.97,36.1,0,25.79
2021-04-06,96,17,37.9,39.5,22.5,26,0.71,197.0,29.709,41.89,38.03,0,30.72
2021-04-07,97,14,38.5,38.5,25.7,21,1.0,768.0,30.658,45.82,37.56,0,38.92
2021-04-08,98,11,37.1,37.8,22.8,19,1.4,865.0,28.884,44.52,35.34,0,30.42
2021-04-09,99,10,34.9,37.7,22.9,15,0.5,705.0,27.252,40.81,32.48,0,23.71
2021-04-10,100,10,34.9,37.5,19.5,12,0.85,788.0,25.901,40.94,32.17,0,20.08
2021-04-11,101,11,37.3,38.5,20.4,12,4.24,896.0,26.078,43.74,34.48,0,23.30
2021-04-12,102,12,38.6,38.9,21.3,11,3.55,923.0,26.892,45.42,35.55,0,26.45
2021-04-13,103,11,38.9,39.8,21.5,12,4.53,886.0,27.163,45.61,36.1,0,27.30
2021-04-14,104,11,39.0,40.3,22.2,14,3.98,894.0,27.961,45.99,36.65,1,31.19
2021-04-15,105,12,39.4,39.7,23.7,13,3.58,904.0,28.061,46.50,36.91,0,31.92
2021-04-16,106,11,38.2,39.7,22.9,16,0.85,887.0,29.671,45.40,36.11,0,32.94
2021-04-17,107,14,36.0,36.6,26.0,21,0.5,709.0,29.531,42.65,34.34,0,33.65
2021-04-18,108,9,33.1,37.7,23.0,29,0.72,603.0,27.922,39.66,31.98,0,24.07
2021-04-19,109,14,39.1,39.2,22.7,10,7.28,788.0,26.187,45.84,35.8,0,26.33
2021-04-20,110,16,38.8,39.5,21.9,12,0.4,401.0,28.264,42.67,36.0,0,27.22
2021-04-21,111,12,34.9,34.9,26.5,22,3.2,679.0,26.676,40.81,33.18,0,27.07
2021-04-22,112,11,32.9,35.0,21.2,29,1.68,873.0,27.37,40.58,31.74,0,22.44
2021-04-23,113,12,37.2,37.9,20.6,15,2.27,927.0,27.499,44.47,34.84,0,26.64
2021-04-24,114,12,36.7,37.9,23.5,21,2.33,926.0,28.574,44.34,35.2,0,30.47
2021-04-25,115,13,35.8,36.1,21.7,17,4.24,900.0,26.332,42.28,33.58,0,22.39
2021-04-26,116,13,38.9,39.1,20.4,13,3.42,904.0,27.738,45.93,36.37,0,28.72
2021-04-27,117,12,40.2,40.6,21.2,12,3.06,934.0,28.515,47.55,37.48,1,33.44
2021-04-28,118,12,41.0,41.3,23.5,14,3.4,874.0,29.543,48.43,38.94,2,39.97
2021-04-29,119,12,38.9,39.9,24.5,25,2.26,902.0,31.201,47.12,39.29,0,40.12
2021-04-30,120,12,37.1,37.1,24.7,28,3.18,892.0,30.008,44.70,37.35,0,35.63
2021-05-01,121,12,38.4,39.0,24.7,25,2.01,889.0,30.902,46.54,38.51,0,39.08
2021-05-02,122,13,36.9,36.9,25.9,30,1.12,763.0,31.109,44.74,37.59,0,39.23
2021-05-03,123,14,36.7,36.7,25.3,26,2.35,680.0,29.205,43.52,36.24,0,33.55
2021-05-04,124,12,38.2,38.7,25.1,22,1.4,836.0,30.388,45.92,37.4,0,37.72
2021-05-05,125,13,36.7,37.1,25.0,33,2.72,853.0,30.696,44.53,38.15,0,37.46
2021-05-06,126,13,36.5,36.5,25.2,34,3.96,811.0,30.306,43.50,38.1,0,36.19
2021-05-07,127,12,34.3,34.3,26.0,42,5.45,679.0,29.268,39.95,36.5,0,32.01
2021-05-08,128,12,34.7,35.3,24.3,36,1.24,809.0,30.282,42.87,35.59,0,33.71
2021-05-09,129,12,36.1,36.8,25.3,30,1.44,847.0,30.322,44.16,36.32,0,36.15
2021-05-10,130,12,36.2,36.8,24.1,33,0.9,878.0,31.629,44.71,37.29,0,37.98
2021-05-11,131,13,35.9,36.1,25.8,34,0.73,784.0,31.618,44.05,37.06,0,39.38
2021-05-12,132,11,32.5,34.3,26.0,49,4.12,590.0,28.701,38.20,35.04,0,29.13
2021-05-13,133,12,32.1,32.9,22.7,47,0.92,842.0,30.085,41.03,33.84,0,29.49
2021-05-14,134,13,34.0,34.9,22.7,41,1.08,829.0,30.672,42.58,35.69,0,32.41
2021-05-15,135,10,35.1,37.9,23.6,35,0.14,737.0,31.703,41.23,35.99,0,34.54
2021-05-16,136,13,38.4,38.8,24.6,27,0.42,729.0,32.946,45.94,39.13,0,42.62
2021-05-17,137,12,35.1,35.1,25.9,37,1.88,384.0,29.365,40.81,36.53,0,32.71
2021-05-18,138,15,31.1,31.5,24.5,54,0.7,397.0,29.103,38.17,33.63,0,27.59
2021-05-19,139,16,24.7,24.8,22.9,86,5.17,145.0,24.313,26.41,25.09,0,5.72
2021-05-20,140,14,30.1,30.1,22.8,71,5.24,541.0,28.856,35.82,35.53,0,24.15
2021-05-21,141,15,31.4,31.4,23.3,53,2.9,536.0,28.371,37.79,33.96,0,24.66
2021-05-22,142,13,34.2,34.6,22.1,44,2.66,852.0,30.315,42.25,36.9,0,31.24
2021-05-23,143,12,34.8,35.7,23.6,44,3.05,873.0,30.748,42.78,38.08,0,34.63
2021-05-24,144,10,33.9,35.3,24.8,39,4.52,748.0,28.7,39.95,35.01,0,28.98
2021-05-25,145,13,36.4,36.8,23.5,31,2.11,866.0,30.362,44.43,37.06,0,34.60
2021-05-26,146,13,35.4,35.9,24.8,48,1.4,816.0,32.576,44.64,40.83,0,41.85
2021-05-27,147,11,33.0,33.0,25.8,52,4.83,701.0,29.607,39.21,36.88,0,32.02
2021-05-28,148,10,31.8,32.1,23.9,54,3.68,672.0,28.925,38.41,34.97,0,27.23
2021-05-29,149,13,28.4,28.4,23.2,67,4.02,593.0,27.066,34.49,31.01,0,18.59
2021-05-30,150,15,32.7,32.7,23.1,58,1.78,400.0,30.236,39.83,38.09,0,30.96
2021-05-31,151,13,35.9,37.2,25.0,49,0.85,817.0,33.815,45.59,42.44,0,45.71
2021-06-01,152,14,34.5,34.5,26.5,60,3.09,740.0,32.417,43.20,43.59,0,43.52
2021-06-02,153,12,34.0,34.8,24.6,56,0.7,773.0,33.199,43.84,40.56,0,42.11
2021-06-03,154,11,35.4,36.1,26.9,48,0.89,794.0,33.103,44.75,40.83,0,45.37
2021-06-04,155,14,36.3,36.3,26.4,39,0.5,444.0,32.205,43.16,39.39,0,41.41
2021-06-05,156,14,36.3,36.4,27.8,38,2.4,722.0,31.101,43.93,39.04,0,41.39
2021-06-06,157,13,38.3,38.7,27.5,37,2.53,809.0,32.755,46.65,42.74,0,47.50
2021-06-07,158,12,39.3,39.6,28.8,33,3.34,841.0,32.677,47.39,43.07,0,49.53
2021-06-08,159,13,38.4,39.1,28.6,37,4.22,789.0,32.364,45.89,42.96,0,47.58
2021-06-09,160,11,35.0,35.5,28.9,54,5.57,702.0,31.594,41.88,42.32,0,43.34
2021-06-10,161,14,33.2,33.5,26.4,58,2.41,626.0,30.97,41.27,39.31,0,37.68
2021-06-11,162,13,32.9,33.5,26.0,64,1.79,667.0,31.778,42.18,40.73,0,39.93
2021-06-12,163,13,31.9,32.3,26.3,67,3.05,726.0,30.811,40.37,39.07,0,36.53
2021-06-13,164,16,28.1,28.2,25.7,84,4.79,323.0,27.933,33.06,33.01,0,22.86
2021-06-14,165,12,30.3,30.3,24.6,72,2.76,427.0,29.35,37.44,36.31,0,28.64
2021-06-15,166,12,28.1,29.5,24.6,83,4.2,491.0,28.234,34.58,32.84,0,23.18
2021-06-16,167,11,31.3,32.4,24.4,67,0.67,605.0,31.583,40.83,37.48,0,35.51
2021-06-17,168,10,30.0,30.0,25.1,74,2.97,424.0,29.224,37.02,36.04,0,28.58
2021-06-18,169,16,27.9,28.7,24.9,84,2.41,243.0,27.88,34.48,32.46,0,22.65
2021-06-19,170,15,27.3,27.3,24.7,87,1.06,146.0,27.641,34.32,31.36,0,21.44
2021-06-20,171,14,30.5,30.7,23.9,66,2.47,581.0,29.286,38.33,35.24,0,27.95
2021-06-21,172,13,32.1,32.4,24.4,62,0.45,672.0,32.528,41.76,37.94,0,38.14
2021-06-22,173,13,33.3,33.5,26.2,63,0.95,716.0,32.855,43.34,41.46,0,43.31
2021-06-23,174,11,31.5,31.5,27.2,72,3.27,561.0,30.652,39.34,39.65,0,36.75
2021-06-24,175,12,31.1,31.4,25.4,74,2.59,599.0,30.743,39.84,39.14,0,34.99
2021-06-25,176,13,31.4,31.4,25.4,70,2.08,688.0,30.952,40.72,38.69,0,35.85
2021-06-26,177,11,31.0,31.0,25.3,75,2.41,631.0,30.879,40.14,39.17,0,35.36
2021-06-27,178,14,32.3,32.3,25.2,70,2.55,664.0,31.579,41.39,41.3,0,38.26
2021-06-28,179,14,32.1,32.4,25.4,69,0.73,599.0,32.44,42.00,40.34,0,40.21
2021-06-29,180,14,36.1,36.3,27.1,52,3.31,637.0,32.599,43.86,44.32,0,45.31
2021-06-30,181,16,38.7,38.9,28.2,42,1.36,413.0,33.636,46.01,46.08,0,50.76
2021-07-01,182,12,38.6,38.9,29.8,42,5.22,880.0,33.334,46.71,45.83,0,52.47
2021-07-02,183,14,37.9,37.9,29.7,44,3.54,750.0,33.165,45.89,45.1,0,51.17
2021-07-03,184,18,31.5,32.6,27.7,77,0.5,98.0,30.802,38.52,41.44,0,37.69
2021-07-04,185,12,35.1,35.3,27.2,56,1.97,847.0,33.072,44.89,43.46,0,46.75
2021-07-05,186,12,34.5,35.0,27.7,59,0.32,722.0,34.558,44.08,43.14,0,49.43
2021-07-06,187,11,34.8,36.3,28.1,62,0.67,702.0,34.566,45.33,45.42,0,51.67
2021-07-07,188,11,36.8,38.8,29.2,50,2.01,774.0,33.641,46.11,45.23,0,51.70
2021-07-08,189,13,35.7,35.7,27.7,58,2.81,715.0,33.311,44.76,46.15,0,48.69
2021-07-09,190,13,32.7,32.7,26.0,69,2.6,727.0,31.941,42.08,42.12,0,40.68
2021-07-10,191,14,32.8,33.2,27.2,65,3.1,575.0,31.147,40.60,40.84,0,39.03
2021-07-11,192,15,31.6,31.6,27.3,71,5.72,287.0,29.778,36.19,39.6,0,32.92
2021-07-12,193,12,33.0,33.0,27.0,65,4.4,709.0,31.297,40.59,41.4,0,39.29
2021-07-13,194,13,34.9,34.9,27.7,58,4.53,775.0,32.277,42.80,43.82,0,44.45
2021-07-14,195,13,33.9,34.4,27.5,61,4.41,766.0,31.736,41.70,42.32,0,41.85
2021-07-15,196,12,33.7,33.7,28.0,68,4.3,709.0,32.331,42.05,44.82,0,44.74
2021-07-16,197,12,35.2,35.2,27.9,59,2.04,843.0,33.511,45.32,45.16,0,49.34
2021-07-17,198,12,34.9,35.0,27.7,60,1.13,645.0,33.588,44.69,44.75,0,48.64
2021-07-18,199,15,30.0,30.0,26.5,79,1.0,238.0,29.939,37.93,37.39,0,32.73
2021-07-19,200,16,32.0,32.0,25.8,65,1.12,420.0,30.868,40.21,38.66,0,35.79
2021-07-20,201,12,31.4,31.4,26.1,71,1.36,433.0,30.85,40.03,39.02,0,36.11
2021-07-21,202,13,31.7,31.7,26.1,73,0.58,681.0,33.076,42.46,40.6,0,42.65
2021-07-22,203,14,31.7,31.7,25.7,73,3.49,634.0,31.037,39.91,40.6,0,36.50
2021-07-23,204,11,33.0,33.5,26.2,72,1.9,728.0,32.873,43.52,44.35,0,44.55
2021-07-24,205,14,33.6,33.6,27.7,60,6.84,570.0,30.763,39.72,41.09,0,38.36
2021-07-25,206,13,33.7,33.9,27.5,60,5.87,744.0,31.189,40.73,41.36,0,39.76
2021-07-26,207,13,32.4,32.4,27.6,74,2.81,594.0,31.916,41.47,43.22,0,42.47
2021-07-27,208,14,31.8,31.8,26.3,75,2.14,628.0,31.747,41.50,41.66,0,40.08
2021-07-28,209,13,31.1,31.1,25.5,70,2.3,642.0,30.484,39.91,37.87,0,34.20
2021-07-29,210,12,32.1,32.1,25.9,73,2.04,716.0,32.031,42.17,41.85,0,40.70
2021-07-30,211,15,32.1,32.1,26.0,65,4.84,508.0,30.068,38.07,38.93,0,33.06
2021-07-31,212,13,32.1,32.1,26.5,69,4.1,724.0,30.988,39.99,40.34,0,37.30
2021-08-01,213,13,29.4,29.9,26.1,76,9.64,676.0,28.553,35.48,34.93,0,26.96
2021-08-02,214,15,31.4,31.4,25.4,66,6.75,534.0,29.373,36.82,37.43,0,29.59
2021-08-03,215,15,31.4,31.4,25.6,66,4.77,512.0,29.54,37.25,37.43,0,30.45
2021-08-04,216,13,31.7,31.7,25.7,64,5.15,712.0,29.849,38.33,37.57,0,31.98
2021-08-05,217,13,32.5,32.7,25.9,63,3.49,734.0,30.808,40.45,39.29,0,36.20
2021-08-06,218,10,32.5,32.5,26.7,70,2.9,677.0,31.683,41.42,41.91,0,40.46
2021-08-07,219,12,31.0,31.1,26.9,77,3.26,480.0,30.567,38.77,39.84,0,35.90
2021-08-08,220,14,31.8,31.8,26.1,74,2.28,631.0,31.586,41.26,41.28,0,39.22
2021-08-09,221,12,30.0,30.6,25.9,82,0.1,519.0,32.193,38.91,38.24,0,37.31
2021-08-10,222,15,30.5,30.5,25.9,76,3.86,442.0,29.792,37.19,38.0,0,31.44
2021-08-11,223,12,33.3,33.5,26.0,65,3.71,618.0,31.561,41.03,42.27,0,39.27
2021-08-12,224,14,32.8,32.8,27.0,64,3.4,578.0,30.965,40.26,40.46,0,38.07
2021-08-13,225,13,32.1,32.2,27.1,67,3.11,550.0,30.671,39.71,39.62,0,36.93
2021-08-14,226,13,33.6,33.8,26.4,60,4.3,814.0,31.421,41.45,41.09,0,39.33
2021-08-15,227,13,33.4,33.4,26.6,64,3.2,824.0,31.987,42.40,42.15,0,41.71
2021-08-16,228,11,33.5,33.9,26.2,62,1.25,830.0,32.841,43.84,41.61,0,43.70
2021-08-17,229,11,33.2,33.6,27.3,67,0.7,803.0,33.886,44.23,42.81,0,47.68
2021-08-18,230,12,31.7,31.7,26.5,73,1.35,493.0,31.534,41.03,40.6,0,39.17
2021-08-19,231,11,30.5,30.5,26.0,77,3.1,557.0,30.27,38.64,38.3,0,33.62
2021-08-20,232,11,29.8,29.8,25.5,80,5.2,561.0,29.567,36.37,37.06,0,29.61
2021-08-21,233,12,30.7,31.1,25.2,76,3.66,678.0,30.442,38.90,38.59,0,33.31
2021-08-22,234,13,31.4,31.9,25.6,74,0.67,771.0,32.948,42.53,40.04,0,41.67
2021-08-23,235,10,31.0,31.4,27.1,77,3.36,417.0,30.418,38.30,39.84,0,35.51
2021-08-24,236,11,31.6,31.6,26.8,73,4.3,687.0,30.871,39.40,40.3,0,36.99
2021-08-25,237,13,32.9,32.9,25.8,67,5.12,720.0,31.346,40.37,41.91,0,38.01
2021-08-26,238,13,33.0,33.0,27.6,61,5.2,783.0,30.798,40.16,39.88,0,38.17
2021-08-27,239,14,29.9,29.9,25.9,73,1.21,324.0,29.389,37.70,35.52,0,30.13
2021-08-28,240,11,30.2,30.4,25.7,79,1.3,643.0,31.159,40.54,37.99,0,36.21
2021-08-29,241,11,30.7,30.7,25.6,75,1.81,601.0,30.784,40.14,38.28,0,35.20
2021-08-30,242,12,29.4,29.7,24.8,79,4.1,421.0,28.97,35.63,35.64,0,26.60
2021-08-31,243,12,30.8,30.8,25.7,77,3.88,568.0,30.42,38.42,39.22,0,33.74
2021-09-01,244,11,31.8,31.8,26.0,72,2.27,596.0,31.296,40.85,40.54,0,37.99
2021-09-02,245,14,33.2,33.2,26.4,61,0.89,578.0,32.226,42.32,40.41,0,41.23
2021-09-03,246,12,31.0,31.1,26.5,74,0.5,526.0,32.203,40.90,38.85,0,39.69
2021-09-04,247,13,32.1,32.1,25.2,69,0.73,645.0,32.577,42.24,40.34,0,40.40
2021-09-05,248,13,32.7,33.1,26.0,65,0.51,738.0,33.482,43.15,40.56,0,43.78
2021-09-06,249,11,32.5,32.5,26.9,73,3.32,724.0,31.993,41.65,43.13,0,41.90
2021-09-07,250,12,32.5,32.5,27.3,67,6.7,813.0,30.901,39.89,40.75,0,38.14
2021-09-08,251,12,30.2,30.2,26.6,77,5.79,613.0,29.648,36.67,37.41,0,31.39
2021-09-09,252,12,30.6,30.6,26.0,76,3.72,592.0,30.19,38.28,38.29,0,33.21
2021-09-10,253,13,29.3,29.7,24.8,82,3.77,396.0,29.183,35.92,36.07,0,27.38
2021-09-11,254,10,31.0,31.3,25.1,79,3.38,648.0,31.068,39.79,40.52,0,35.73
2021-09-12,255,14,31.2,31.8,26.2,72,0.81,454.0,31.336,40.33,38.78,0,37.27
2021-09-13,256,11,32.9,32.9,26.7,67,3.75,752.0,31.627,41.29,41.91,0,40.26
2021-09-14,257,12,32.9,32.9,26.8,62,8.02,759.0,30.504,39.91,39.98,0,36.54
2021-09-15,258,9,28.1,28.1,24.2,76,9.78,463.0,27.023,32.23,31.73,0,18.31
2021-09-16,259,15,25.6,25.6,24.0,94,7.91,93.0,25.685,26.18,26.14,0,9.42
2021-09-17,260,12,28.8,28.8,24.6,81,4.66,355.0,28.391,34.10,34.4,0,23.71
2021-09-18,261,14,31.5,31.5,24.8,71,2.62,532.0,30.649,39.67,39.31,0,34.06
2021-09-19,262,13,32.6,32.6,25.5,60,1.57,687.0,31.192,41.65,38.51,0,37.03
2021-09-20,263,13,31.8,31.8,25.2,65,1.58,617.0,30.875,40.78,38.14,0,35.32
2021-09-21,264,13,31.4,31.6,25.2,72,0.92,626.0,31.903,41.47,39.36,0,38.21
2021-09-22,265,11,30.5,30.5,25.6,76,3.51,623.0,30.189,38.49,38.0,0,32.78
2021-09-23,266,12,30.9,31.0,25.7,69,4.95,675.0,29.638,37.58,37.04,0,30.85
2021-09-24,267,13,28.6,29.0,24.4,90,3.55,408.0,29.374,36.15,35.9,0,27.37
2021-09-25,268,13,28.8,28.8,24.7,82,2.4,427.0,29.056,36.84,34.61,0,27.14
2021-09-26,269,15,30.1,30.4,24.4,78,2.48,337.0,29.654,37.47,37.4,0,29.41
2021-09-27,270,12,32.8,32.8,26.0,71,3.4,726.0,32.035,41.78,43.26,0,41.07
2021-09-28,271,10,30.6,30.6,26.5,77,4.49,579.0,30.146,37.73,38.6,0,33.43
2021-09-29,272,12,31.6,31.7,25.5,73,3.03,716.0,31.193,40.57,40.3,0,36.92
2021-09-30,273,14,31.9,31.9,25.2,62,2.14,587.0,30.271,40.03,37.45,0,33.38
2021-10-01,274,12,31.3,31.4,24.6,70,1.24,673.0,31.358,41.17,38.42,0,35.91
2021-10-02,275,12,31.2,31.2,24.5,70,2.05,566.0,30.523,39.87,38.14,0,33.18
2021-10-03,276,13,32.6,32.6,24.7,70,4.7,626.0,31.33,40.01,42.22,0,36.56
2021-10-04,277,12,32.5,32.8,24.7,68,2.38,725.0,31.713,41.87,41.13,0,38.22
2021-10-05,278,13,30.9,31.2,25.2,75,0.36,586.0,32.566,40.82,38.87,0,38.81
2021-10-06,279,12,31.0,31.5,24.6,75,1.14,649.0,31.66,41.28,39.17,0,36.84
2021-10-07,280,11,31.0,32.1,23.8,69,1.49,636.0,30.677,40.34,37.3,0,32.68
2021-10-08,281,11,30.9,31.3,22.5,61,2.83,638.0,29.086,38.38,34.88,0,25.84
2021-10-09,282,10,30.6,32.2,23.6,64,2.02,610.0,29.386,38.85,34.97,0,28.07
2021-10-10,283,10,31.4,32.9,22.4,58,0.81,661.0,30.544,40.33,35.18,0,30.00
2021-10-11,284,13,32.5,32.6,23.7,50,0.9,694.0,30.501,41.04,35.3,0,31.99
2021-10-12,285,12,32.4,32.8,22.0,54,0.73,762.0,31.388,41.66,36.2,0,32.46
2021-10-13,286,12,32.9,33.2,23.5,53,1.33,759.0,30.933,41.87,36.97,0,33.79
2021-10-14,287,13,32.1,32.2,23.2,52,2.1,715.0,29.504,40.14,35.05,0,28.78
2021-10-15,288,12,32.1,32.8,20.9,54,0.61,763.0,31.383,41.38,35.58,0,32.02
2021-10-16,289,13,33.5,33.5,23.3,58,2.42,634.0,31.259,41.68,40.06,0,35.19
2021-10-17,290,12,33.0,33.2,25.0,62,3.51,688.0,31.077,40.79,40.25,0,36.26
2021-10-18,291,14,28.8,28.8,23.9,76,6.77,382.0,27.741,32.93,33.4,0,20.45
2021-10-19,292,13,29.0,29.0,22.9,69,3.57,541.0,27.841,35.47,32.54,0,20.98
2021-10-20,293,12,29.5,29.9,21.5,59,4.29,694.0,27.325,35.61,31.73,0,18.76
2021-10-21,294,12,29.9,30.2,20.4,54,4.1,732.0,27.2,36.12,31.55,0,18.82
2021-10-22,295,13,29.6,29.6,19.4,53,4.16,696.0,26.742,35.49,30.92,0,17.27
2021-10-23,296,11,29.5,30.8,18.7,53,0.85,709.0,28.271,38.10,30.77,0,21.99
2021-10-24,297,13,30.1,30.1,19.2,45,0.41,629.0,28.46,37.71,30.45,0,21.95
2021-10-25,298,11,28.9,29.7,19.3,53,2.15,690.0,26.647,36.51,29.9,0,17.45
2021-10-26,299,12,28.2,28.5,18.4,53,3.19,713.0,25.703,34.87,28.97,0,14.13
2021-10-27,300,12,27.2,27.5,16.4,50,3.26,723.0,24.45,33.64,27.61,0,10.37
2021-10-28,301,12,27.4,27.9,15.6,48,0.9,720.0,25.736,35.73,27.67,0,14.33
2021-10-29,302,11,27.1,28.0,16.0,49,0.36,688.0,26.473,35.08,27.45,0,15.17
2021-10-30,303,13,28.7,28.7,17.4,48,3.14,650.0,25.468,34.88,29.06,0,13.73
2021-10-31,304,12,27.6,28.1,16.5,44,3.42,710.0,24.035,33.57,27.58,0,9.53
2021-11-01,305,11,26.9,28.4,15.8,50,0.73,676.0,25.677,35.23,27.32,0,13.73
2021-11-02,306,13,28.3,28.3,15.5,39,0.85,647.0,25.291,35.70,27.86,0,13.54
2021-11-03,307,12,27.5,27.8,15.2,42,1.53,689.0,24.405,34.99,27.37,0,11.17
2021-11-04,308,12,27.9,28.3,15.4,48,2.34,680.0,25.056,34.97,28.17,0,12.69
2021-11-05,309,11,27.9,29.0,16.0,49,1.9,648.0,25.303,35.25,28.25,0,13.39
2021-11-06,310,12,27.0,27.4,15.1,42,3.36,672.0,23.213,32.72,26.97,0,7.14
2021-11-07,311,12,26.6,27.2,15.2,49,2.87,616.0,23.712,32.80,26.6,0,8.14
2021-11-08,312,13,27.7,27.8,14.3,46,3.47,627.0,24.216,33.26,27.81,0,9.73
2021-11-09,313,12,27.0,27.7,14.2,49,1.3,670.0,24.931,34.94,27.36,0,12.12
2021-11-10,314,13,27.5,27.6,14.2,45,1.14,619.0,24.925,35.01,27.56,0,12.24
2021-11-11,315,12,27.5,27.9,15.4,44,0.36,659.0,26.137,35.00,27.49,0,14.50
2021-11-12,316,11,26.5,27.7,14.5,49,0.54,623.0,25.461,34.61,26.49,0,12.76
2021-11-13,317,11,26.6,27.5,15.0,49,0.94,625.0,24.829,34.52,26.6,0,11.50
2021-11-14,318,12,26.5,26.8,14.1,46,0.57,645.0,25.108,34.54,26.45,0,12.04
2021-11-15,319,12,26.1,26.6,13.8,45,0.4,641.0,24.956,33.89,26.02,0,11.28
2021-11-16,320,13,26.2,26.3,13.9,47,0.1,592.0,25.103,32.12,26.15,0,10.28
2021-11-17,321,13,26.4,26.5,13.3,44,1.46,568.0,23.448,33.43,26.32,0,8.10
2021-11-18,322,12,25.3,25.6,14.7,46,1.53,602.0,22.74,32.65,25.19,0,6.20
2021-11-19,323,12,24.6,24.6,17.4,50,1.58,485.0,22.236,31.42,24.51,0,4.36
2021-11-20,324,14,24.3,24.3,18.0,54,1.03,262.0,22.021,29.99,24.25,0,2.92
2021-11-21,325,12,27.6,28.4,15.5,45,3.82,617.0,23.919,32.72,27.65,0,8.72
2021-11-22,326,13,26.0,26.1,15.1,41,4.1,591.0,21.934,30.42,25.86,0,3.19
2021-11-23,327,13,24.8,25.0,13.0,40,2.21,593.0,21.251,31.24,24.59,0,3.78
2021-11-24,328,13,25.7,25.8,11.8,38,0.72,578.0,22.924,32.96,25.51,0,6.77
2021-11-25,329,12,25.1,25.5,11.6,42,1.24,615.0,22.353,32.58,24.93,0,5.42
2021-11-26,330,11,23.8,25.4,11.5,51,0.73,581.0,22.704,31.98,23.68,0,5.65
2021-11-27,331,13,25.9,26.0,13.8,43,1.42,566.0,22.911,32.93,25.78,0,6.72
2021-11-28,332,11,24.6,26.1,12.8,50,1.0,579.0,22.941,32.46,24.51,0,6.44
2021-11-29,333,12,25.5,25.9,12.9,49,3.19,597.0,22.607,31.21,25.44,0,4.91
2021-11-30,334,12,24.2,25.0,12.7,46,1.14,590.0,22.035,31.89,24.04,0,4.32
2021-12-01,335,12,23.8,24.1,12.3,50,1.32,585.0,21.938,31.56,23.67,0,4.02
2021-12-02,336,11,23.3,23.9,15.3,58,1.17,469.0,22.104,30.88,23.25,0,3.72
2021-12-03,337,12,21.5,22.2,16.5,62,1.33,314.0,20.222,28.06,21.41,0,1.49
2021-12-04,338,13,25.6,25.7,12.6,55,2.01,546.0,23.619,32.60,25.63,0,7.82
2021-12-05,339,13,26.9,26.9,14.3,44,1.61,540.0,23.729,33.62,26.99,0,8.77
2021-12-06,340,12,25.9,25.9,17.2,54,3.58,539.0,23.327,31.07,25.93,0,6.17
2021-12-07,341,12,25.2,25.8,14.8,43,3.33,599.0,21.633,30.52,25.05,0,3.26
2021-12-08,342,11,22.4,24.0,11.9,54,1.63,563.0,20.815,30.08,22.25,0,2.95
2021-12-09,343,11,22.7,23.9,10.7,47,0.58,554.0,21.508,30.81,22.48,0,3.47
2021-12-10,344,13,23.0,23.0,10.1,44,3.16,556.0,19.765,28.31,22.75,0,1.67
2021-12-11,345,12,22.8,23.1,11.7,43,3.58,592.0,19.456,27.78,22.53,0,1.29
2021-12-12,346,13,22.1,22.2,9.1,44,0.7,513.0,20.288,29.85,21.81,0,2.78
2021-12-13,347,12,21.7,22.0,9.2,44,0.22,588.0,20.767,28.76,21.39,0,1.99
2021-12-14,348,12,21.8,22.6,8.7,47,0.92,581.0,20.217,30.03,21.53,0,2.91
2021-12-15,349,14,23.7,23.7,10.6,44,3.8,455.0,20.064,27.49,23.49,0,1.07
2021-12-16,350,13,23.7,23.8,11.6,46,1.36,505.0,21.188,30.75,23.51,0,3.43
2021-12-17,351,14,22.3,22.3,13.4,43,4.58,406.0,18.518,24.65,22.0,0,0.00
2021-12-18,352,13,18.5,18.8,8.2,40,4.27,582.0,15.252,22.39,17.97,0,0.00
2021-12-19,353,14,17.7,17.7,7.3,51,2.96,480.0,15.597,23.24,17.28,0,0.00
2021-12-20,354,13,18.3,18.6,6.6,50,1.9,549.0,16.548,26.01,17.9,0,0.00
2021-12-21,355,13,19.5,19.8,6.0,49,2.46,562.0,17.349,26.26,19.14,0,0.19
2021-12-22,356,13,21.0,21.2,7.2,44,1.73,567.0,18.517,28.41,20.65,0,1.74
2021-12-23,357,12,21.0,22.0,7.3,46,0.67,588.0,19.814,29.59,20.68,0,2.59
2021-12-24,358,13,22.7,22.9,8.1,43,1.35,559.0,20.129,30.13,22.42,0,2.99
2021-12-25,359,12,22.6,23.3,9.5,46,0.36,586.0,21.764,30.46,22.36,0,3.22
2021-12-26,360,13,22.7,22.8,9.7,46,0.5,480.0,21.33,30.33,22.46,0,3.13
2021-12-27,361,13,23.0,23.2,12.4,46,0.2,553.0,21.999,29.57,22.78,0,2.58
2021-12-28,362,12,18.2,18.2,12.1,74,1.08,153.0,17.621,23.97,18.1,0,0.00
2021-12-29,363,12,16.0,16.2,11.9,74,4.72,228.0,15.073,16.55,15.79,0,0.00
2021-12-30,364,13,19.2,19.2,11.0,61,3.0,404.0,17.673,24.32,18.98,0,0.00
2021-12-31,365,13,20.2,20.3,9.3,55,2.16,550.0,18.62,27.44,19.96,0,1.04
2022-01-01,1,12,19.2,20.1,8.3,53,2.12,595.0,17.637,26.87,18.88,0,0.63
2022-01-02,2,13,19.5,19.7,6.6,53,1.77,573.0,18.023,27.46,19.19,0,1.05
2022-01-03,3,13,19.9,20.3,7.0,56,2.16,581.0,18.503,27.43,19.65,0,1.03
2022-01-04,4,13,21.1,21.5,8.4,53,1.3,579.0,19.793,29.37,20.87,0,2.43
2022-01-05,5,12,20.7,21.1,10.4,64,0.8,530.0,20.836,29.63,20.6,0,2.62
2022-01-06,6,13,19.1,19.1,13.5,69,3.24,286.0,17.945,23.00,18.98,0,0.00
2022-01-07,7,14,20.0,20.1,13.0,72,1.72,362.0,19.667,27.13,19.97,0,0.82
2022-01-08,8,14,19.3,19.3,13.2,80,3.64,359.0,19.195,23.81,19.34,0,0.00
2022-01-09,9,15,20.5,20.7,12.8,76,2.32,268.0,20.027,26.03,20.55,0,0.02
2022-01-10,10,13,19.9,19.9,13.0,73,1.1,385.0,20.09,28.02,19.88,0,1.46
2022-01-11,11,14,20.4,20.4,11.4,64,2.15,465.0,19.437,27.39,20.28,0,1.00
2022-01-12,12,12,19.1,19.2,9.6,55,2.92,558.0,17.39,25.35,18.8,0,0.00
2022-01-13,13,13,18.6,18.7,7.6,53,1.41,614.0,17.519,27.45,18.25,0,1.05
2022-01-14,14,12,17.7,18.2,6.7,59,0.72,636.0,18.052,27.85,17.38,0,1.33
2022-01-15,15,13,17.1,17.3,6.2,56,2.28,629.0,15.982,25.15,16.71,0,0.00
2022-01-16,16,14,17.0,17.0,5.4,60,2.06,506.0,16.045,24.66,16.66,0,0.00
2022-01-17,17,14,17.0,17.0,4.4,66,2.06,522.0,16.575,24.99,16.74,0,0.00
2022-01-18,18,13,16.7,17.2,5.2,66,2.72,629.0,16.282,24.37,16.42,0,0.00
2022-01-19,19,14,17.5,17.6,5.5,68,1.9,502.0,17.233,25.61,17.29,0,0.00
2022-01-20,20,13,17.8,18.2,6.5,69,0.32,589.0,19.47,27.42,17.62,0,1.03
2022-01-21,21,13,19.2,19.7,9.1,68,1.52,622.0,19.329,28.43,19.08,0,1.75
2022-01-22,22,12,17.5,17.6,10.7,80,4.37,414.0,17.457,21.22,17.45,0,0.00
2022-01-23,23,14,19.0,19.0,11.9,77,2.84,305.0,18.656,24.12,18.98,0,0.00
2022-01-24,24,12,17.3,18.4,10.6,72,3.05,451.0,16.903,23.22,17.13,0,0.00
2022-01-25,25,13,18.0,18.2,8.1,55,3.18,646.0,16.478,24.52,17.65,0,0.00
2022-01-26,26,12,16.3,16.6,6.6,53,4.2,626.0,14.516,20.95,15.83,0,0.00
2022-01-27,27,12,17.7,18.2,7.0,57,4.8,632.0,16.049,21.68,17.36,0,0.00
2022-01-28,28,13,18.2,18.3,8.4,50,5.39,681.0,15.893,21.58,17.79,0,0.00
2022-01-29,29,13,19.1,19.2,7.6,49,3.89,673.0,16.833,24.45,18.72,0,0.00
2022-01-30,30,14,20.8,20.8,9.5,53,4.55,601.0,18.518,24.94,20.56,0,0.00
2022-01-31,31,13,21.0,21.4,7.1,59,0.45,682.0,21.918,30.82,20.85,0,3.48
2022-02-01,32,14,22.3,22.3,8.3,61,4.3,599.0,20.695,27.13,22.24,0,0.81
2022-02-02,33,14,20.4,20.4,8.6,52,0.5,615.0,20.347,29.68,20.13,0,2.66
2022-02-03,34,14,22.0,22.0,11.3,61,8.68,575.0,19.958,23.64,21.92,0,0.00
2022-02-04,35,14,18.4,18.4,9.8,54,5.16,600.0,16.336,21.63,18.05,0,0.00
2022-02-05,36,13,17.9,18.2,6.9,54,3.4,633.0,16.226,23.94,17.53,0,0.00
2022-02-06,37,13,18.9,19.2,6.2,60,2.0,701.0,18.25,27.70,18.66,0,1.23
2022-02-07,38,13,20.5,20.9,6.2,54,1.36,714.0,19.612,29.67,20.26,0,2.65
2022-02-08,39,14,22.9,22.9,8.5,57,0.61,622.0,22.855,31.84,22.82,0,5.83
2022-02-09,40,11,20.8,20.9,12.0,68,4.85,550.0,19.775,24.83,20.76,0,0.00
2022-02-10,41,13,20.7,20.7,10.2,55,4.8,723.0,18.761,25.40,20.48,0,0.00
2022-02-11,42,12,20.4,21.0,10.2,47,6.04,756.0,17.614,23.79,20.06,0,0.00
2022-02-12,43,14,20.8,20.8,10.7,50,4.24,664.0,18.38,25.64,20.52,0,0.00
2022-02-13,44,11,20.2,21.6,8.6,57,1.53,700.0,19.455,29.27,19.98,0,2.36
2022-02-14,45,13,22.1,22.2,8.1,51,2.36,741.0,20.266,29.88,21.9,0,2.81
2022-02-15,46,12,22.6,23.2,10.1,52,1.63,754.0,21.217,31.27,22.44,0,3.81
2022-02-16,47,12,23.7,24.1,10.8,45,4.0,759.0,20.651,29.26,23.5,0,2.35
2022-02-17,48,12,24.5,25.1,10.9,44,3.81,775.0,21.312,30.33,24.33,0,3.13
2022-02-18,49,12,24.6,25.8,10.1,46,2.73,768.0,21.898,31.69,24.46,0,4.11
2022-02-19,50,11,24.7,26.2,10.6,38,3.31,714.0,20.811,30.56,24.46,0,3.29
2022-02-20,51,11,23.0,24.4,12.9,44,5.66,724.0,19.619,26.72,22.75,0,0.52
2022-02-21,52,12,24.3,24.9,11.8,34,5.32,791.0,19.729,28.55,23.99,0,1.84
2022-02-22,53,13,26.1,26.3,9.9,31,3.11,771.0,21.249,32.26,25.84,0,4.52
2022-02-23,54,14,26.8,26.8,15.5,43,4.78,666.0,22.889,31.23,26.86,0,5.46
2022-02-24,55,13,27.8,28.3,15.3,41,1.65,736.0,24.561,35.39,27.56,0,11.83
2022-02-25,56,10,24.0,27.2,13.9,60,0.51,601.0,24.354,32.90,24.01,0,9.43
2022-02-26,57,14,28.5,28.5,14.3,31,3.2,683.0,23.079,34.10,27.52,0,8.08
2022-02-27,58,14,26.6,26.6,15.3,40,3.38,697.0,22.654,32.35,26.48,0,5.82
2022-02-28,59,13,24.8,25.1,13.9,35,3.54,813.0,20.63,30.86,24.52,0,3.51
2022-03-01,60,13,25.9,26.1,12.4,39,1.88,798.0,22.644,33.65,25.73,0,6.74
2022-03-02,61,14,27.6,27.6,11.9,33,1.92,720.0,23.14,34.57,26.95,0,8.34
2022-03-03,62,13,28.2,28.7,12.2,32,1.17,806.0,24.236,35.93,27.34,0,11.52
2022-03-04,63,11,28.9,30.4,14.8,35,2.33,758.0,24.403,35.79,28.11,0,12.02
2022-03-05,64,13,27.8,28.1,15.4,34,5.15,827.0,22.762,32.70,27.15,0,6.33
2022-03-06,65,12,26.6,27.6,13.4,40,0.67,840.0,24.798,35.23,26.48,0,11.95
2022-03-07,66,13,28.7,29.1,14.2,34,0.82,793.0,25.384,36.54,27.87,0,14.33
2022-03-08,67,12,29.1,30.2,13.8,34,3.54,858.0,24.209,35.42,28.22,0,11.43
2022-03-09,68,12,30.5,31.7,16.2,28,3.57,863.0,24.454,36.74,29.08,0,13.17
2022-03-10,69,13,31.6,31.8,17.2,27,5.19,814.0,24.812,36.84,30.08,0,14.29
2022-03-11,70,12,30.0,30.9,17.4,32,5.2,848.0,24.343,35.23,28.91,0,11.80
2022-03-12,71,13,31.1,31.4,16.8,29,4.14,847.0,24.963,36.98,29.75,0,14.55
2022-03-13,72,13,32.1,32.4,16.3,30,3.5,837.0,26.082,38.49,30.93,0,18.20
2022-03-14,73,11,31.5,33.5,17.7,41,1.5,792.0,28.01,39.50,31.74,0,22.87
2022-03-15,74,12,32.8,34.1,18.3,38,1.8,858.0,28.626,40.87,33.07,0,25.51
2022-03-16,75,12,34.4,35.7,20.8,36,3.3,857.0,29.08,41.61,35.1,0,27.66
2022-03-17,76,14,35.5,35.5,20.9,34,2.73,736.0,29.659,42.61,36.39,0,29.96
2022-03-18,77,13,35.2,35.5,21.5,35,1.14,833.0,30.702,43.49,36.16,0,32.48
2022-03-19,78,11,34.4,36.0,21.7,39,0.0,799.0,31.938,40.94,35.86,0,32.86
2022-03-20,79,9,31.6,37.3,21.9,50,0.6,517.0,29.67,39.19,33.64,0,26.49
2022-03-21,80,12,36.9,38.2,21.1,23,3.07,882.0,28.832,44.22,35.85,0,29.36
2022-03-22,81,10,33.5,37.2,21.5,30,4.4,723.0,26.889,39.06,32.63,0,20.76
2022-03-23,82,13,35.7,36.1,19.5,18,4.12,884.0,26.501,42.17,33.58,0,22.63
2022-03-24,83,12,36.5,37.0,20.1,22,4.05,890.0,28.062,43.35,35.13,0,27.01
2022-03-25,84,10,33.3,36.9,20.8,29,2.27,725.0,27.109,40.05,32.23,0,21.74
2022-03-26,85,11,34.9,36.2,20.8,17,7.6,867.0,25.169,41.08,32.63,0,18.97
2022-03-27,86,11,34.8,36.8,22.6,22,4.78,867.0,26.555,40.95,33.06,0,22.36
2022-03-28,87,12,37.6,38.6,19.3,15,3.76,914.0,27.286,44.50,35.28,0,26.43
2022-03-29,88,13,38.3,38.9,19.3,16,3.47,890.0,28.119,45.39,36.23,0,29.00
2022-03-30,89,13,37.2,38.3,19.8,26,0.41,875.0,32.218,45.08,36.97,0,36.79
2022-03-31,90,12,37.4,39.3,22.7,29,0.4,893.0,33.033,45.63,38.11,0,39.97
2022-04-01,91,9,33.5,39.1,23.1,44,0.99,558.0,30.094,40.94,35.59,0,30.56
2022-04-02,92,11,36.4,38.0,20.8,17,1.9,876.0,27.525,43.59,34.23,0,25.83
2022-04-03,93,10,34.5,39.6,21.4,36,1.12,745.0,30.091,42.38,35.27,0,30.19
2022-04-04,94,10,37.3,40.5,21.5,15,3.55,773.0,26.907,43.58,34.95,1,26.59
2022-04-05,95,10,37.1,39.8,22.1,16,1.24,766.0,28.066,43.76,34.87,0,27.33
2022-04-06,96,11,38.5,40.3,20.9,12,3.83,889.0,27.02,45.21,35.69,1,28.26
2022-04-07,97,11,38.4,40.2,22.1,13,1.94,886.0,27.913,45.48,35.84,2,31.98
2022-04-08,98,11,38.1,41.1,21.5,16,0.92,885.0,29.477,45.31,36.0,3,36.42
2022-04-09,99,11,37.9,41.7,22.6,17,0.32,887.0,30.731,44.44,35.94,4,40.50
2022-04-10,100,12,37.9,41.4,23.0,32,0.14,910.0,34.067,44.86,39.96,5,50.73
2022-04-11,101,11,38.2,41.8,22.2,31,1.12,873.0,32.625,46.84,40.15,6,50.25
2022-04-12,102,13,40.0,40.9,24.5,24,0.63,871.0,33.472,48.26,40.72,7,55.77
2022-04-13,103,10,36.6,40.7,26.8,42,0.61,739.0,33.669,45.43,41.15,8,56.94
2022-04-14,104,11,39.3,40.9,23.8,16,3.09,886.0,28.97,46.67,37.41,9,44.07
2022-04-15,105,10,37.8,40.9,23.2,17,1.97,767.0,28.346,44.69,35.82,10,40.16
2022-04-16,106,11,39.6,40.8,24.8,12,2.64,868.0,28.125,46.63,36.84,11,43.39
2022-04-17,107,11,40.4,41.9,22.9,10,2.14,903.0,28.302,47.46,37.11,12,42.22
2022-04-18,108,11,40.7,42.4,23.2,11,0.92,893.0,29.888,47.57,37.71,13,45.86
2022-04-19,109,11,39.1,42.3,25.2,23,0.63,877.0,32.543,47.14,38.98,14,53.38
2022-04-20,110,12,40.8,42.1,25.1,16,2.75,923.0,30.264,48.68,39.26,15,50.17
2022-04-21,111,13,38.5,39.9,25.3,27,0.76,870.0,32.62,46.82,39.3,0,43.53
2022-04-22,112,14,39.6,39.6,26.4,14,5.94,792.0,27.956,46.37,37.33,0,34.94
2022-04-23,113,10,38.9,41.0,24.8,14,4.06,775.0,27.702,45.33,36.54,1,33.22
2022-04-24,114,13,40.7,41.0,25.7,10,8.7,909.0,27.33,49.20,37.42,2,38.35
2022-04-25,115,12,40.7,41.5,26.1,12,6.24,935.0,28.27,48.33,38.02,3,41.86
2022-04-26,116,10,38.8,41.0,27.7,16,2.43,771.0,28.634,45.71,36.81,4,43.73
2022-04-27,117,13,42.3,42.5,24.4,11,4.49,896.0,29.288,49.74,39.44,5,46.67
2022-04-28,118,11,40.6,43.0,24.8,14,0.45,888.0,31.905,47.75,38.47,6,51.95
2022-04-29,119,11,39.6,43.9,25.6,25,0.73,870.0,33.143,47.91,40.42,7,56.06
2022-04-30,120,12,40.9,42.5,25.6,25,2.14,904.0,32.871,49.56,42.62,8,57.56
2022-05-01,121,14,37.8,38.3,25.7,32,4.4,766.0,30.892,44.69,39.78,0,39.36
2022-05-02,122,12,35.1,35.1,25.8,43,2.4,861.0,31.078,43.47,38.36,0,38.43
2022-05-03,123,13,36.7,37.1,24.4,39,3.3,851.0,31.533,44.55,40.2,0,39.11
2022-05-04,124,15,36.1,36.7,24.0,38,0.51,521.0,32.141,43.31,38.66,0,38.33
2022-05-05,125,14,34.7,34.8,24.3,43,1.4,731.0,31.05,42.98,37.56,0,35.97
2022-05-06,126,11,34.8,36.9,24.9,40,0.81,844.0,31.65,43.55,36.85,0,37.95
2022-05-07,127,12,36.0,36.0,25.2,39,2.25,872.0,31.33,44.42,38.8,0,39.05
2022-05-08,128,12,34.9,34.9,26.5,43,4.7,863.0,30.302,41.86,37.96,0,36.47
2022-05-09,129,13,36.6,36.8,26.3,36,3.62,794.0,30.784,43.81,38.94,0,38.92
2022-05-10,130,14,37.3,37.3,27.5,38,2.09,697.0,32.045,45.19,41.05,0,44.48
2022-05-11,131,13,36.7,37.0,27.0,40,1.35,775.0,32.474,45.32,40.58,0,44.63
2022-05-12,132,12,37.3,38.0,28.3,38,0.82,792.0,33.345,46.07,41.05,0,48.50
2022-05-13,133,12,40.5,42.1,27.0,30,1.68,871.0,33.834,49.41,44.12,1,53.13
2022-05-14,134,12,40.1,42.6,27.0,34,0.28,881.0,36.209,48.59,45.24,2,59.11
2022-05-15,135,15,41.0,41.0,27.7,31,0.1,604.0,35.483,47.16,45.64,3,59.34
2022-05-16,136,13,40.7,42.9,29.6,35,0.2,747.0,36.495,48.35,47.13,4,66.55
2022-05-17,137,12,38.0,41.2,26.6,41,0.3,875.0,35.614,46.91,43.89,5,60.80
2022-05-18,138,11,38.8,41.3,25.9,37,0.22,832.0,35.501,46.75,43.83,6,61.30
2022-05-19,139,10,39.6,41.2,26.0,25,1.26,719.0,32.051,47.27,40.42,7,54.01
2022-05-20,140,12,41.4,43.8,28.7,23,2.73,881.0,32.514,49.79,42.63,8,60.67
2022-05-21,141,12,39.1,41.3,26.6,29,0.36,879.0,34.392,47.34,41.04,9,59.41
2022-05-22,142,13,36.7,36.7,25.9,33,2.86,779.0,30.529,44.12,38.15,0,37.90
2022-05-23,143,11,35.1,35.1,23.3,42,4.95,828.0,30.241,41.82,38.03,0,32.61
2022-05-24,144,13,33.0,33.5,22.3,47,0.36,801.0,31.869,41.58,35.46,0,33.39
2022-05-25,145,12,34.1,35.1,21.4,36,1.5,873.0,29.67,42.39,34.63,0,29.16
2022-05-26,146,12,35.0,35.9,24.2,39,1.61,819.0,30.73,43.34,36.92,0,35.27
2022-05-27,147,12,37.0,38.7,25.1,34,2.27,842.0,31.286,45.14,39.0,0,39.45
2022-05-28,148,14,37.4,37.9,27.0,37,1.56,731.0,32.327,45.63,40.86,0,44.68
2022-05-29,149,14,38.7,39.5,28.1,36,1.22,736.0,33.554,47.23,43.16,0,50.29
2022-05-30,150,14,37.5,37.6,27.2,42,0.81,705.0,33.96,46.30,43.18,0,49.34
2022-05-31,151,12,38.4,38.6,28.4,42,0.71,869.0,35.368,48.22,45.33,0,55.59
2022-06-01,152,10,37.5,41.4,26.7,40,0.32,742.0,34.605,45.72,42.3,1,50.89
2022-06-02,153,9,34.9,41.6,26.8,50,0.0,591.0,33.286,41.76,40.44,2,46.63
2022-06-03,154,12,41.3,42.9,26.1,20,2.21,888.0,31.907,49.56,41.27,3,50.82
2022-06-04,155,10,38.3,44.0,25.5,30,0.81,763.0,32.694,46.38,39.97,4,50.49
2022-06-05,156,12,39.6,42.6,25.6,33,0.41,887.0,35.615,48.66,43.69,5,60.82
2022-06-06,157,12,40.1,41.9,26.7,32,0.76,876.0,34.962,49.22,44.26,6,63.16
2022-06-07,158,11,39.7,42.8,27.9,35,1.51,839.0,34.195,48.77,44.86,7,63.01
2022-06-08,159,10,37.9,43.0,28.8,43,1.43,745.0,33.871,46.92,44.6,8,62.01
2022-06-09,160,11,41.6,43.4,27.1,20,4.18,856.0,31.496,49.47,41.72,9,56.32
2022-06-10,161,11,38.7,42.6,28.1,41,1.68,837.0,34.254,48.04,45.56,10,63.09
2022-06-11,162,13,42.9,43.5,28.4,19,5.09,861.0,32.08,51.14,43.29,11,60.73
2022-06-12,163,11,39.2,43.4,28.5,36,1.17,846.0,34.278,48.36,44.24,12,63.34
2022-06-13,164,9,38.4,43.1,30.1,41,2.02,587.0,33.302,46.28,44.83,13,62.08
2022-06-14,165,12,42.9,43.4,33.3,20,4.8,834.0,32.364,51.05,43.75,14,67.09
2022-06-15,166,14,42.5,42.5,31.7,23,5.04,640.0,32.518,49.83,44.51,15,64.91
2022-06-16,167,12,39.1,40.1,30.8,33,4.87,824.0,32.173,46.59,42.67,16,60.19
2022-06-17,168,13,38.9,39.4,29.1,36,3.99,767.0,32.628,46.46,43.59,0,49.31
2022-06-18,169,11,35.8,35.8,29.7,47,2.69,778.0,32.036,44.08,41.36,0,46.34
2022-06-19,170,13,37.4,37.8,28.6,40,3.76,801.0,32.116,45.03,42.08,0,46.16
2022-06-20,171,13,34.7,35.3,27.5,48,3.2,807.0,31.086,42.55,39.24,0,40.09
2022-06-21,172,11,35.2,36.5,26.7,44,0.71,820.0,32.736,44.29,38.9,0,43.40
2022-06-22,173,11,35.3,37.1,27.4,48,0.98,782.0,32.856,44.54,40.6,0,45.25
2022-06-23,174,12,37.3,38.6,28.3,40,1.46,787.0,32.93,46.07,41.86,0,48.02
2022-06-24,175,14,38.3,38.5,28.6,38,0.58,707.0,34.474,46.92,43.19,0,52.39
2022-06-25,176,12,36.7,36.8,26.9,47,4.0,833.0,32.579,44.70,43.54,0,45.36
2022-06-26,177,14,37.7,37.7,28.7,44,4.93,695.0,32.654,44.84,44.6,0,48.09
2022-06-27,178,11,36.1,36.7,27.5,51,2.96,759.0,32.758,44.58,43.85,0,46.42
2022-06-28,179,12,37.7,37.7,27.0,48,0.85,659.0,34.874,47.03,46.64,0,52.65
2022-06-29,180,15,31.1,31.2,26.5,72,1.75,270.0,29.985,38.31,38.49,0,33.50
2022-06-30,181,15,29.9,29.9,25.1,73,2.1,298.0,28.92,36.77,35.52,0,27.63
2022-07-01,182,15,33.0,33.0,24.9,65,1.08,598.0,32.356,42.54,41.4,0,40.25
2022-07-02,183,11,32.6,33.0,25.8,69,1.91,778.0,32.238,42.76,41.81,0,41.39
2022-07-03,184,13,33.9,33.9,24.8,63,1.82,816.0,32.874,44.06,43.18,0,42.87
2022-07-04,185,13,34.4,34.7,26.4,63,2.53,802.0,32.983,44.15,44.67,0,45.56
2022-07-05,186,13,35.7,35.7,28.7,53,4.31,809.0,32.434,43.65,43.72,0,46.49
2022-07-06,187,12,35.2,35.4,29.3,58,5.2,803.0,32.488,43.12,44.68,0,47.27
2022-07-07,188,13,35.0,35.3,28.9,55,4.66,810.0,32.004,42.72,42.75,0,44.88
2022-07-08,189,14,36.1,36.1,28.7,51,2.73,741.0,32.799,44.65,43.85,0,47.96
2022-07-09,190,14,33.2,33.7,29.3,64,5.16,708.0,31.25,40.42,41.58,0,41.83
2022-07-10,191,13,36.2,36.3,28.1,50,3.23,835.0,32.751,44.77,43.65,0,47.17
2022-07-11,192,14,36.3,36.3,28.5,50,3.31,730.0,32.655,44.37,43.91,0,47.27
2022-07-12,193,13,36.8,37.0,29.5,49,3.91,836.0,32.984,45.08,44.74,0,49.88
2022-07-13,194,13,37.6,37.8,29.4,43,5.12,831.0,32.568,45.20,43.88,0,48.74
2022-07-14,195,14,38.7,38.7,30.1,37,7.55,783.0,32.198,46.46,43.61,0,49.67
2022-07-15,196,13,38.5,38.5,27.3,39,7.86,820.0,32.386,46.57,44.1,0,47.02
2022-07-16,197,12,35.7,37.4,28.3,53,5.47,818.0,32.264,43.32,43.72,0,45.47
2022-07-17,198,12,36.1,36.7,27.0,52,4.92,840.0,32.598,44.01,44.32,0,45.31
2022-07-18,199,13,36.9,37.2,30.0,49,5.25,833.0,32.836,44.75,45.0,0,50.04
2022-07-19,200,15,37.1,37.3,29.6,46,1.41,591.0,33.291,45.46,44.07,0,50.60
2022-07-20,201,14,34.2,34.3,27.6,63,2.41,730.0,32.715,43.64,44.07,0,45.86
2022-07-21,202,13,33.1,33.1,25.9,61,1.33,679.0,31.939,42.48,40.14,0,40.12
2022-07-22,203,14,31.2,31.2,25.7,71,2.7,548.0,30.372,39.28,38.46,0,33.99
2022-07-23,204,13,33.8,34.1,25.1,58,5.96,752.0,31.031,40.71,40.83,0,36.44
2022-07-24,205,13,33.3,33.4,25.9,63,5.89,704.0,31.128,40.26,41.46,0,37.47
2022-07-25,206,13,32.6,32.6,25.5,63,6.17,790.0,30.552,39.58,39.55,0,34.72
2022-07-26,207,13,32.4,32.4,24.9,66,3.66,783.0,31.105,40.69,40.09,0,36.06
2022-07-27,208,14,31.9,31.9,25.0,69,1.35,765.0,31.927,42.18,39.76,0,38.69
2022-07-28,209,14,30.4,31.1,25.3,75,1.3,609.0,30.841,40.19,37.42,0,34.68
2022-07-29,210,12,30.7,31.7,25.5,74,1.3,688.0,31.209,40.85,37.98,0,36.29
2022-07-30,211,13,31.4,31.4,25.1,71,3.04,673.0,30.702,39.87,39.02,0,34.54
2022-07-31,212,12,32.7,32.7,25.9,63,3.83,616.0,30.732,39.89,39.82,0,35.85
2022-08-01,213,11,33.3,33.3,27.0,62,3.93,759.0,31.379,41.22,41.06,0,39.78
2022-08-02,214,11,32.3,32.3,26.3,69,0.8,759.0,32.958,43.00,40.92,0,43.18
2022-08-03,215,13,32.3,32.3,25.0,68,2.19,686.0,31.527,41.59,40.55,0,37.79
2022-08-04,216,15,31.4,31.4,25.3,73,2.86,590.0,30.823,39.84,39.7,0,35.23
2022-08-05,217,14,32.2,32.2,25.7,70,1.77,637.0,31.763,41.79,41.0,0,39.37
2022-08-06,218,12,32.5,33.1,26.5,72,0.85,751.0,33.387,43.60,42.72,0,45.32
2022-08-07,219,14,32.6,32.6,26.0,68,2.64,653.0,31.583,41.44,41.42,0,39.29
2022-08-08,220,14,33.9,33.9,26.4,67,2.95,719.0,32.719,43.23,44.99,0,44.52
2022-08-09,221,13,34.5,34.5,27.4,58,6.41,809.0,31.699,41.97,42.7,0,41.99
2022-08-10,222,12,33.7,33.7,27.8,54,9.09,845.0,30.26,41.03,39.09,0,37.72
2022-08-11,223,15,32.8,33.0,27.9,59,8.23,603.0,29.839,38.80,38.67,0,35.28
2022-08-12,224,14,32.7,32.7,27.1,61,6.89,691.0,30.207,39.08,39.11,0,35.40
2022-08-13,225,13,33.6,33.6,25.7,60,2.69,795.0,31.796,42.54,41.09,0,40.01
2022-08-14,226,13,32.3,32.3,26.1,68,3.61,737.0,31.183,40.59,40.55,0,37.71
2022-08-15,227,13,29.9,29.9,26.8,72,8.71,569.0,28.528,35.35,35.28,0,27.76
2022-08-16,228,14,31.9,32.0,26.8,67,4.96,648.0,30.318,38.65,39.07,0,34.94
2022-08-17,229,14,32.9,33.0,25.5,59,2.62,711.0,30.902,41.22,38.91,0,36.32
2022-08-18,230,13,33.2,33.3,26.4,64,4.83,769.0,31.383,40.83,41.58,0,38.99
2022-08-19,231,12,33.7,33.7,26.8,62,2.61,821.0,32.208,43.07,42.17,0,42.85
2022-08-20,232,13,32.7,32.7,25.4,71,2.25,800.0,32.437,42.96,42.94,0,41.86
2022-08-21,233,12,31.7,31.7,25.9,65,8.61,797.0,29.733,38.61,37.89,0,32.32
2022-08-22,234,13,32.6,32.6,25.6,64,7.43,753.0,30.503,39.53,39.91,0,34.83
2022-08-23,235,13,32.6,32.8,26.2,60,3.74,865.0,30.68,40.70,38.51,0,36.20
2022-08-24,236,14,31.0,31.2,25.4,70,1.36,646.0,30.907,40.58,37.6,0,35.26
2022-08-25,237,13,31.5,31.5,25.2,72,0.86,722.0,32.34,42.10,39.65,0,39.60
2022-08-26,238,12,31.3,31.8,25.3,70,0.1,608.0,32.475,39.55,38.42,0,37.67
2022-08-27,239,14,32.7,32.7,25.5,71,3.28,631.0,31.809,41.29,42.94,0,39.59
2022-08-28,240,12,32.1,32.1,26.1,69,1.87,630.0,31.486,41.43,40.34,0,38.81
2022-08-29,241,13,31.1,31.2,25.6,73,0.85,714.0,32.063,41.66,38.82,0,38.91
2022-08-30,242,10,31.5,33.0,25.3,72,0.92,667.0,32.109,41.80,39.65,0,39.07
2022-08-31,243,11,32.6,32.6,26.6,71,2.14,736.0,32.274,42.63,42.62,0,42.60
2022-09-01,244,12,32.1,32.1,25.3,74,0.32,704.0,34.016,42.70,42.24,0,44.28
2022-09-02,245,15,31.5,31.5,25.2,74,1.84,488.0,31.167,40.47,40.35,0,36.47
2022-09-03,246,12,33.3,33.5,26.0,67,4.15,819.0,32.022,41.89,43.11,0,41.07
2022-09-04,247,12,33.7,33.9,26.6,61,3.49,825.0,31.827,42.28,41.76,0,41.18
2022-09-05,248,12,33.5,33.5,26.1,61,2.65,827.0,31.894,42.69,41.21,0,40.81
2022-09-06,249,13,33.7,33.9,25.7,57,1.84,781.0,31.863,42.98,40.19,0,40.12
2022-09-07,250,13,33.0,33.0,25.9,67,0.58,785.0,33.937,43.95,42.21,0,45.72
2022-09-08,251,11,32.4,32.7,26.0,68,3.1,748.0,31.422,41.21,40.83,0,38.59
2022-09-09,252,12,32.6,32.9,26.1,67,2.9,794.0,31.629,41.75,41.03,0,39.57
2022-09-10,253,12,32.5,32.8,25.5,68,4.23,816.0,31.362,40.78,41.13,0,37.70
2022-09-11,254,13,32.7,32.7,26.5,63,4.47,778.0,30.866,40.24,39.82,0,37.05
2022-09-12,255,12,31.3,31.3,26.3,68,6.2,726.0,29.823,37.87,37.79,0,32.38
2022-09-13,256,13,29.9,29.9,24.5,70,7.54,715.0,28.577,35.88,34.8,0,25.37
2022-09-14,257,13,28.8,28.8,24.1,81,6.55,689.0,28.738,35.16,34.4,0,24.55
2022-09-15,258,13,29.3,29.3,24.4,76,4.66,471.0,28.577,35.09,34.67,0,24.65
2022-09-16,259,13,28.8,28.8,24.4,77,4.66,460.0,28.179,34.44,33.59,0,23.02
2022-09-17,260,14,29.2,29.2,23.8,72,1.61,438.0,28.728,37.24,33.57,0,25.37
2022-09-18,261,11,30.2,31.1,24.1,74,1.24,736.0,30.893,40.49,36.58,0,33.27
2022-09-19,262,14,32.3,32.3,24.4,70,1.33,656.0,32.193,42.34,41.3,0,39.18
2022-09-20,263,13,30.9,30.9,24.7,75,1.26,538.0,31.173,40.50,38.87,0,35.37
2022-09-21,264,13,29.8,29.8,24.9,78,3.7,484.0,29.438,36.81,36.53,0,28.79
2022-09-22,265,11,29.6,30.0,24.0,81,4.83,625.0,29.625,36.73,36.72,0,28.10
2022-09-23,266,14,30.6,30.6,23.6,73,4.24,560.0,29.718,37.40,37.4,0,28.55
2022-09-24,267,13,30.3,30.3,24.2,70,4.33,632.0,29.206,37.04,35.78,0,27.42
2022-09-25,268,14,29.0,29.3,24.0,76,1.32,416.0,29.065,37.45,33.9,0,26.51
2022-09-26,269,11,29.9,30.9,23.5,75,0.5,694.0,31.832,40.49,36.03,0,34.15
2022-09-27,270,11,30.6,31.6,23.7,69,1.86,702.0,30.216,39.87,36.27,0,30.97
2022-09-28,271,12,31.9,32.0,23.4,58,2.83,782.0,29.908,40.05,36.26,0,30.16
2022-09-29,272,12,32.0,32.3,23.2,60,2.06,766.0,30.516,40.92,37.07,0,32.01
2022-09-30,273,13,31.8,32.1,23.7,57,0.86,739.0,30.922,41.06,35.76,0,32.97
2022-10-01,274,13,32.3,32.3,23.0,55,1.36,746.0,30.585,41.26,36.27,0,31.85
2022-10-02,275,12,32.6,32.8,23.8,58,2.13,775.0,30.812,41.46,37.86,0,33.95
2022-10-03,276,12,32.6,32.8,24.5,61,1.64,750.0,31.4,41.99,38.85,0,36.63
2022-10-04,277,12,31.3,31.3,24.7,68,4.14,715.0,30.094,38.73,37.79,0,31.65
2022-10-05,278,11,27.2,27.6,23.9,85,2.73,465.0,27.788,34.97,30.73,0,21.02
2022-10-06,279,14,27.6,27.6,23.5,82,1.3,389.0,28.255,36.16,31.38,0,22.53
2022-10-07,280,13,27.7,27.9,23.0,79,4.24,335.0,27.123,32.62,31.23,0,17.20
2022-10-08,281,13,28.6,28.7,23.7,77,2.12,484.0,28.571,36.76,33.09,0,24.43
2022-10-09,282,13,30.9,31.1,24.1,72,1.65,614.0,30.764,40.28,37.93,0,33.38
2022-10-10,283,13,29.4,29.4,23.6,75,1.63,559.0,29.534,38.43,34.7,0,27.94
2022-10-11,284,14,28.6,28.6,21.7,71,0.5,492.0,29.454,37.53,32.04,0,24.28
2022-10-12,285,13,29.8,30.0,21.1,61,1.2,574.0,28.718,38.13,32.65,0,23.55
2022-10-13,286,11,28.9,29.5,21.4,67,1.49,710.0,28.632,38.08,31.98,0,23.11
2022-10-14,287,10,28.4,29.3,20.0,63,1.3,639.0,27.711,37.05,30.45,0,20.05
2022-10-15,288,11,29.3,30.0,19.2,52,0.71,696.0,28.177,37.82,30.33,0,21.45
2022-10-16,289,12,29.7,30.1,20.3,48,0.22,698.0,28.719,36.79,30.33,0,21.73
2022-10-17,290,12,29.8,29.9,20.2,54,2.51,675.0,27.417,37.14,31.39,0,19.91
2022-10-18,291,10,29.1,30.3,19.9,56,2.24,632.0,27.028,36.52,30.6,0,18.44
2022-10-19,292,10,28.8,30.5,19.4,60,1.22,625.0,27.787,37.24,30.7,0,20.43
2022-10-20,293,11,29.7,30.5,19.3,53,0.98,711.0,28.275,38.26,31.07,0,22.22
2022-10-21,294,12,29.9,30.2,18.9,50,3.05,734.0,26.959,36.81,30.9,0,18.62
2022-10-22,295,12,30.2,30.6,18.6,53,1.84,732.0,28.065,38.37,31.86,0,22.20
2022-10-23,296,11,28.8,30.0,18.3,59,0.76,702.0,28.453,37.81,30.56,0,22.04
2022-10-24,297,13,30.6,30.6,18.8,47,3.22,687.0,27.086,37.04,31.45,0,19.24
2022-10-25,298,11,28.1,29.4,18.2,53,3.52,716.0,25.537,34.46,28.85,0,13.48
2022-10-26,299,11,28.1,29.4,15.9,50,1.25,706.0,26.166,36.28,28.56,0,15.87
2022-10-27,300,12,29.1,29.6,16.7,47,1.5,719.0,26.527,37.02,29.43,0,17.41
2022-10-28,301,16,28.0,29.4,17.1,72,0.58,197.0,27.483,34.61,30.94,0,18.04
2022-10-29,302,12,28.7,29.0,17.7,49,0.71,648.0,27.136,36.77,29.17,0,18.29
2022-10-30,303,12,28.5,29.0,18.2,52,1.14,702.0,26.86,36.84,29.25,0,17.85
2022-10-31,304,12,28.6,29.0,17.3,52,1.1,702.0,26.993,36.96,29.38,0,18.24
2022-11-01,305,12,28.6,28.9,16.6,49,1.2,691.0,26.509,36.67,29.05,0,16.99
2022-11-02,306,12,29.9,30.2,18.5,51,3.45,680.0,26.891,36.23,31.06,0,18.14
2022-11-03,307,11,29.2,30.1,18.2,54,2.0,659.0,27.044,36.86,30.46,0,18.66
2022-11-04,308,12,28.7,29.3,17.8,56,1.36,672.0,27.236,37.02,30.0,0,18.97
2022-11-05,309,13,29.8,29.8,18.7,47,1.36,620.0,27.031,37.31,30.33,0,18.91
2022-11-06,310,11,28.4,29.1,18.3,52,0.64,631.0,27.31,36.61,29.12,0,18.48
2022-11-07,311,11,28.8,29.0,18.3,53,1.22,630.0,26.998,36.80,29.76,0,18.27
2022-11-08,312,12,29.2,29.4,18.9,48,1.35,650.0,26.698,36.92,29.67,0,17.75
2022-11-09,313,12,28.9,28.9,18.5,51,1.77,635.0,26.482,36.43,29.65,0,16.98
2022-11-10,314,12,28.0,28.0,18.1,58,2.56,621.0,26.105,35.09,29.23,0,15.15
2022-11-11,315,11,27.1,28.0,17.9,47,4.34,634.0,23.649,31.89,27.33,0,7.49
2022-11-12,316,12,26.4,26.8,16.0,40,4.48,669.0,22.223,30.95,26.27,0,3.99
2022-11-13,317,13,26.5,26.6,15.6,37,4.09,616.0,21.914,30.99,26.34,0,3.60
2022-11-14,318,11,26.1,27.1,13.3,42,1.86,626.0,22.847,33.07,25.98,0,6.70
2022-11-15,319,13,27.7,27.7,14.4,40,3.54,595.0,23.402,32.75,27.41,0,7.68
2022-11-16,320,12,27.6,28.0,16.2,44,3.62,630.0,23.858,32.94,27.58,0,8.74
2022-11-17,321,12,25.0,25.3,15.4,41,4.83,647.0,21.038,29.03,24.81,0,2.19
2022-11-18,322,13,24.7,24.7,12.5,39,2.19,598.0,21.065,31.16,24.47,0,3.73
2022-11-19,323,14,24.6,24.6,13.4,39,1.14,487.0,21.31,31.27,24.37,0,3.81
2022-11-20,324,12,25.8,26.4,12.8,47,1.34,625.0,23.488,33.43,25.73,0,8.18
2022-11-21,325,11,24.9,26.3,13.9,49,2.8,608.0,22.189,31.13,24.81,0,4.06
2022-11-22,326,12,25.8,26.3,13.4,38,3.58,637.0,21.57,30.92,25.61,0,3.55
2022-11-23,327,11,24.2,25.9,13.1,43,2.72,605.0,20.921,30.29,24.0,0,3.09
2022-11-24,328,13,25.3,25.4,11.9,36,2.88,590.0,20.975,30.82,25.06,0,3.48
2022-11-25,329,13,25.7,25.7,11.3,37,2.56,586.0,21.528,31.56,25.5,0,4.02
2022-11-26,330,13,25.5,25.7,12.2,42,2.19,580.0,22.078,31.91,25.35,0,4.42
2022-11-27,331,12,25.4,26.2,12.1,48,1.39,613.0,23.176,33.01,25.32,0,7.29
2022-11-28,332,12,25.5,26.0,12.8,49,0.3,606.0,24.752,32.84,25.44,0,10.14
2022-11-29,333,12,25.6,26.1,13.0,47,0.86,606.0,23.76,33.43,25.52,0,8.69
2022-11-30,334,12,24.8,25.1,13.2,46,1.41,577.0,22.316,32.14,24.67,0,5.03
2022-12-01,335,13,24.2,24.3,12.1,47,1.62,567.0,21.733,31.41,24.05,0,3.91
2022-12-02,336,12,23.9,24.3,11.4,46,1.14,600.0,21.794,31.69,23.72,0,4.11
2022-12-03,337,13,24.3,24.5,11.7,48,1.42,562.0,22.044,31.69,24.17,0,4.19
2022-12-04,338,13,24.2,24.3,12.6,48,2.51,560.0,21.446,30.45,24.06,0,3.21
2022-12-05,339,14,23.6,23.6,11.4,49,1.97,460.0,20.983,29.87,23.45,0,2.80
2022-12-06,340,12,22.9,23.4,12.0,44,4.34,601.0,19.531,27.07,22.65,0,0.77
2022-12-07,341,13,22.9,23.2,11.9,46,4.13,570.0,19.725,27.17,22.67,0,0.85
2022-12-08,342,13,22.8,23.0,10.8,48,1.86,560.0,20.445,29.91,22.59,0,2.83
2022-12-09,343,13,23.3,23.5,10.4,50,0.51,556.0,22.539,31.50,23.15,0,4.99
2022-12-10,344,12,24.7,25.3,11.4,49,1.17,591.0,22.783,32.46,24.6,0,6.14
2022-12-11,345,13,26.4,26.7,11.6,46,3.31,563.0,22.981,31.67,26.35,0,5.95
2022-12-12,346,13,26.4,26.9,12.3,39,3.32,562.0,22.135,31.37,26.26,0,4.14
2022-12-13,347,12,24.8,25.9,12.4,39,3.7,603.0,20.745,29.59,24.58,0,2.59
2022-12-14,348,13,23.6,24.0,12.8,38,3.45,575.0,19.593,28.47,23.3,0,1.78
2022-12-15,349,13,21.9,22.0,9.5,33,4.03,578.0,17.464,25.97,21.45,0,0.00
2022-12-16,350,13,22.4,22.7,9.7,40,2.66,567.0,18.96,28.34,22.07,0,1.69
2022-12-17,351,13,22.4,22.6,8.6,47,3.12,562.0,19.568,27.93,22.16,0,1.39
2022-12-18,352,13,22.6,22.8,8.7,47,2.13,561.0,20.047,29.39,22.37,0,2.45
2022-12-19,353,13,23.0,23.3,9.1,47,0.92,562.0,21.234,30.89,22.79,0,3.53
2022-12-20,354,13,22.8,23.2,10.0,52,2.51,557.0,20.594,29.27,22.65,0,2.36
2022-12-21,355,13,22.4,22.8,8.3,46,1.84,564.0,19.899,29.53,22.15,0,2.55
2022-12-22,356,13,23.0,23.5,9.6,42,1.91,557.0,19.956,29.79,22.73,0,2.73
2022-12-23,357,13,24.2,24.3,10.3,32,1.49,555.0,20.037,30.87,23.86,0,3.52
2022-12-24,358,13,23.2,23.5,12.9,50,0.5,547.0,22.444,31.37,23.04,0,4.72
2022-12-25,359,13,22.1,22.3,11.1,44,2.15,567.0,19.297,28.85,21.81,0,2.06
2022-12-26,360,12,20.2,21.0,8.1,48,1.2,593.0,18.622,28.64,19.86,0,1.91
2022-12-27,361,13,20.8,21.1,8.3,48,4.5,574.0,18.002,24.63,20.49,0,0.00
2022-12-28,362,13,19.9,20.3,8.8,45,4.72,581.0,16.89,23.36,19.51,0,0.00
2022-12-29,363,14,19.8,19.9,7.1,53,1.66,470.0,18.104,27.11,19.51,0,0.80
2022-12-30,364,13,20.9,21.3,9.0,54,0.71,535.0,20.254,29.46,20.68,0,2.50
2022-12-31,365,13,21.3,21.4,9.6,57,2.44,570.0,19.759,28.26,21.14,0,1.63
2023-01-01,1,13,20.4,20.6,8.7,60,0.63,568.0,20.608,29.60,20.23,0,2.60
2023-01-02,2,13,19.2,19.4,7.7,54,0.81,577.0,18.673,28.33,18.89,0,1.68
2023-01-03,3,13,18.8,19.1,7.0,58,1.8,578.0,17.823,27.04,18.52,0,0.75
2023-01-04,4,14,17.7,17.7,5.9,57,1.93,503.0,16.488,25.34,17.36,0,0.00
2023-01-05,5,14,16.9,17.0,4.4,56,1.55,507.0,15.868,25.24,16.5,0,0.00
2023-01-06,6,14,15.9,16.0,4.5,66,3.01,511.0,15.222,22.21,15.58,0,0.00
2023-01-07,7,14,17.1,17.3,4.8,58,2.94,515.0,15.718,23.23,16.74,0,0.00
2023-01-08,8,14,17.9,18.0,4.4,58,1.91,514.0,16.792,25.66,17.58,0,0.00
2023-01-09,9,14,18.3,18.5,5.1,67,2.26,510.0,17.784,25.77,18.12,0,0.00
2023-01-10,10,14,20.0,20.2,7.4,61,2.33,510.0,18.833,26.97,19.82,0,0.70
2023-01-11,11,13,18.7,19.4,6.2,61,1.1,605.0,18.553,28.11,18.46,0,1.52
2023-01-12,12,16,19.1,19.8,6.5,79,0.41,204.0,19.813,26.15,19.11,0,0.11
2023-01-13,13,14,20.9,20.9,11.7,71,2.56,465.0,20.409,27.59,20.9,0,1.15
2023-01-14,14,12,20.6,21.2,9.8,69,4.2,622.0,19.887,25.95,20.56,0,0.00
2023-01-15,15,13,16.8,16.9,7.0,50,4.36,646.0,14.725,21.26,16.32,0,0.00
2023-01-16,16,14,16.4,16.4,5.1,50,2.34,551.0,14.664,23.69,15.9,0,0.00
2023-01-17,17,14,17.2,17.2,5.0,55,2.56,553.0,15.741,24.18,16.81,0,0.00
2023-01-18,18,14,17.7,17.7,4.8,50,2.48,556.0,15.8,24.63,17.27,0,0.00
2023-01-19,19,14,18.8,18.8,5.0,49,0.28,552.0,18.533,26.92,18.41,0,0.67
2023-01-20,20,13,20.2,20.6,8.2,51,1.75,631.0,18.613,28.38,19.9,0,1.72
2023-01-21,21,13,22.2,22.5,8.7,50,0.85,633.0,21.119,30.84,21.99,0,3.50
2023-01-22,22,11,20.8,21.4,9.8,64,1.33,550.0,20.442,29.37,20.7,0,2.43
2023-01-23,23,12,23.2,23.2,11.2,51,1.02,517.0,21.584,30.88,23.05,0,3.53
2023-01-24,24,14,24.5,24.5,14.6,52,2.92,546.0,21.998,30.33,24.43,0,3.13
2023-01-25,25,13,22.4,22.4,14.9,74,3.11,468.0,21.988,28.48,22.51,0,1.79
2023-01-26,26,13,23.6,23.6,13.7,61,3.88,632.0,22.032,29.19,23.6,0,2.37
2023-01-27,27,14,21.6,21.6,12.4,58,4.27,586.0,19.743,26.21,21.46,0,0.15
2023-01-28,28,14,21.1,21.1,9.5,55,2.6,602.0,19.398,27.98,20.9,0,1.43
2023-01-29,29,13,21.2,21.6,6.5,59,1.84,681.0,20.335,29.72,21.06,0,2.69
2023-01-30,30,13,22.8,23.0,10.4,61,2.53,663.0,21.682,30.28,22.76,0,3.09
2023-01-31,31,13,23.2,23.2,12.3,55,4.84,660.0,20.953,27.65,23.11,0,1.19
2023-02-01,32,14,21.5,21.5,10.5,58,4.37,609.0,19.673,26.14,21.36,0,0.10
2023-02-02,33,14,21.3,21.3,10.1,53,2.83,619.0,19.354,27.88,21.08,0,1.35
2023-02-03,34,13,22.0,22.4,10.5,52,3.58,696.0,19.839,27.96,21.81,0,1.41
2023-02-04,35,13,23.6,23.8,11.0,44,4.59,700.0,20.263,28.17,23.38,0,1.56
2023-02-05,36,14,24.2,24.2,11.9,48,3.48,620.0,21.306,29.66,24.06,0,2.64
2023-02-06,37,12,24.1,25.2,10.2,42,1.62,713.0,21.417,31.96,23.88,0,4.30
2023-02-07,38,12,25.9,26.7,12.4,54,3.23,708.0,23.699,32.43,25.93,0,7.85
2023-02-08,39,13,23.8,24.0,12.5,35,5.33,726.0,19.339,27.64,23.47,0,1.18
2023-02-09,40,13,24.8,25.2,10.7,35,3.45,726.0,20.517,30.49,24.52,0,3.24
2023-02-10,41,14,27.6,27.6,11.0,43,1.02,628.0,24.918,35.10,27.52,0,12.28
2023-02-11,42,12,27.8,29.2,12.8,46,2.02,727.0,24.955,35.30,27.91,0,12.64
2023-02-12,43,11,24.0,25.1,13.6,29,6.17,706.0,18.627,27.07,23.61,0,0.77
2023-02-13,44,14,22.0,22.0,12.7,27,7.54,674.0,16.564,23.74,21.48,0,0.00
2023-02-14,45,14,22.6,22.7,9.6,34,3.33,662.0,18.454,28.11,22.2,0,1.53
2023-02-15,46,13,23.7,24.5,9.5,42,1.0,746.0,21.7,32.25,23.46,0,4.52
2023-02-16,47,13,25.8,26.1,11.5,40,2.02,744.0,22.503,33.20,25.64,0,6.15
2023-02-17,48,14,27.3,27.3,12.7,43,1.12,655.0,24.616,34.92,27.26,0,11.48
2023-02-18,49,14,27.6,27.6,14.6,42,0.4,663.0,25.992,35.20,27.45,0,14.35
2023-02-19,50,13,27.9,28.6,14.9,46,1.22,748.0,25.634,36.07,28.01,0,14.52
2023-02-20,51,13,30.2,30.9,14.7,40,1.77,750.0,26.474,37.72,29.92,0,18.00
2023-02-21,52,14,31.0,31.0,15.9,37,2.35,675.0,26.321,37.63,30.5,0,17.86
2023-02-22,53,10,28.9,31.9,16.4,44,2.06,598.0,25.404,35.59,28.88,0,14.06
2023-02-23,54,12,30.1,31.0,15.8,21,4.9,813.0,22.575,35.13,28.35,0,8.18
2023-02-24,55,12,28.5,29.6,13.6,23,3.77,753.0,21.792,33.82,27.18,0,5.71
2023-02-25,56,13,29.1,29.7,13.5,26,0.85,786.0,24.43,36.44,27.75,0,12.41
2023-02-26,57,13,29.6,30.8,14.5,32,0.6,766.0,26.237,37.19,28.53,0,16.66
2023-02-27,58,12,30.0,31.2,17.0,33,1.14,764.0,25.832,37.51,28.99,0,16.29
2023-02-28,59,12,31.1,32.0,15.6,29,3.3,799.0,25.084,37.31,29.75,0,15.02
2023-03-01,60,11,29.8,32.0,16.1,35,2.12,742.0,25.229,36.78,28.96,0,14.62
2023-03-02,61,12,32.0,32.7,17.0,24,4.58,813.0,24.691,37.49,30.24,0,14.59
2023-03-03,62,13,32.9,33.1,19.6,24,6.74,796.0,25.108,38.08,31.17,0,16.15
2023-03-04,63,13,32.7,32.9,19.3,25,5.66,805.0,25.269,37.96,31.05,0,16.32
2023-03-05,64,12,31.5,32.6,18.4,28,5.19,817.0,24.906,36.76,30.07,0,14.40
2023-03-06,65,13,31.4,31.4,18.7,23,6.09,818.0,23.821,36.34,29.59,0,11.87
2023-03-07,66,12,30.8,31.8,16.3,25,2.88,821.0,24.316,37.26,29.15,0,13.31
2023-03-08,67,12,30.1,30.8,18.4,34,0.71,778.0,26.736,37.83,29.18,0,18.30
2023-03-09,68,13,30.0,30.0,17.1,31,1.77,751.0,25.001,37.07,28.83,0,14.34
2023-03-10,69,12,29.6,30.3,16.1,32,0.82,830.0,25.943,37.44,28.53,0,16.28
2023-03-11,70,14,31.1,31.1,15.5,24,0.85,745.0,25.59,38.01,29.37,0,16.33
2023-03-12,71,11,29.9,31.2,17.2,35,0.1,788.0,27.445,35.77,29.07,0,18.11
2023-03-13,72,11,30.9,32.6,18.8,32,0.36,756.0,27.737,37.98,29.82,0,20.54
2023-03-14,73,11,32.2,33.3,18.1,32,2.2,786.0,26.841,39.32,31.3,0,20.37
2023-03-15,74,10,30.7,33.6,17.3,38,0.81,678.0,27.374,38.17,30.27,0,20.16
2023-03-16,75,12,32.8,33.0,20.3,22,1.8,763.0,25.705,39.54,30.89,0,18.22
2023-03-17,76,12,31.0,31.0,19.1,32,3.45,828.0,25.487,37.33,29.93,0,15.86
2023-03-18,77,13,28.1,28.4,17.9,48,3.34,818.0,25.153,34.89,28.38,0,12.89
2023-03-19,78,14,29.4,29.4,16.7,41,1.1,674.0,26.269,36.94,29.12,0,16.76
2023-03-20,79,13,24.4,24.9,17.2,61,1.6,749.0,23.786,33.29,24.44,0,8.64
2023-03-21,80,13,25.0,25.0,16.7,64,3.06,719.0,23.972,32.24,25.11,0,8.23
2023-03-22,81,13,26.6,26.8,15.0,47,3.23,857.0,23.783,33.58,26.57,0,8.84
2023-03-23,82,11,28.3,29.3,17.4,41,4.52,822.0,24.217,33.84,28.01,0,10.22
2023-03-24,83,13,31.2,31.2,15.9,34,1.56,848.0,26.799,39.00,30.37,0,19.71
2023-03-25,84,14,30.3,30.3,19.2,42,3.3,759.0,26.262,36.75,30.3,0,17.04
2023-03-26,85,11,30.0,31.3,18.4,40,2.97,810.0,25.903,36.86,29.69,0,16.21
2023-03-27,86,12,31.1,31.3,17.9,26,5.83,839.0,24.179,36.17,29.5,0,12.39
2023-03-28,87,12,31.3,31.7,18.0,26,4.93,905.0,24.552,37.00,29.7,0,13.77
2023-03-29,88,11,32.2,33.4,17.2,26,2.3,846.0,25.882,39.26,30.62,0,18.26
2023-03-30,89,11,33.0,34.5,18.3,26,0.86,833.0,27.687,40.46,31.49,0,22.86
2023-03-31,90,14,30.7,30.7,19.5,39,4.09,712.0,25.953,36.22,30.4,0,16.11
2023-04-01,91,11,26.7,27.9,17.2,57,0.92,799.0,26.283,35.97,27.53,0,15.48
2023-04-02,92,12,29.8,30.1,17.0,35,5.97,834.0,24.499,34.72,28.96,0,11.75
2023-04-03,93,11,32.5,33.5,18.2,30,5.38,852.0,26.086,38.10,31.39,0,18.09
2023-04-04,94,12,33.2,33.2,20.4,28,3.95,842.0,26.549,39.44,31.97,0,20.15
2023-04-05,95,13,33.5,33.5,19.2,16,5.85,906.0,24.107,39.24,31.18,0,15.10
2023-04-06,96,15,33.8,34.1,17.0,17,5.13,642.0,24.312,38.41,31.53,0,15.01
2023-04-07,97,14,34.8,34.9,19.5,15,6.22,808.0,24.669,40.37,32.38,0,17.42
2023-04-08,98,13,35.4,35.4,18.6,16,3.98,854.0,25.772,41.63,33.06,0,20.67
2023-04-09,99,12,35.9,36.4,19.9,16,4.41,916.0,26.145,42.38,33.58,0,22.11
2023-04-10,100,10,34.2,36.0,18.9,15,3.48,781.0,24.631,40.05,31.8,0,16.90
2023-04-11,101,13,36.7,36.7,19.0,12,6.86,917.0,25.297,43.28,33.88,0,21.27
2023-04-12,102,14,38.6,38.8,21.9,14,7.13,795.0,27.099,45.43,36.21,0,27.09
2023-04-13,103,13,39.2,39.2,24.4,15,6.94,888.0,27.957,46.62,37.07,0,32.69
2023-04-14,104,11,38.4,39.6,22.5,14,2.47,831.0,27.861,45.31,36.0,0,28.95
2023-04-15,105,17,36.1,39.6,22.3,34,1.39,162.0,29.136,40.07,37.41,0,27.86
2023-04-16,106,10,38.5,41.4,23.1,20,2.45,769.0,29.426,45.66,37.32,1,35.02
2023-04-17,107,11,40.8,41.7,24.1,13,4.02,882.0,28.949,48.05,38.45,2,39.10
2023-04-18,108,13,42.0,42.0,23.6,12,4.73,863.0,29.332,49.36,39.46,3,42.22
2023-04-19,109,13,42.1,42.1,26.7,12,6.36,896.0,29.22,50.04,39.58,4,47.83
2023-04-20,110,12,39.8,40.3,25.6,17,4.79,819.0,29.154,46.81,38.26,5,45.26
2023-04-21,111,13,35.1,35.3,25.2,22,2.15,851.0,27.495,42.32,33.41,0,28.28
2023-04-22,112,13,35.4,36.3,21.8,20,1.48,860.0,27.726,42.69,33.5,0,25.29
2023-04-23,113,13,35.0,35.0,23.8,17,2.38,801.0,26.099,41.59,32.74,0,23.23
2023-04-24,114,12,30.0,30.0,21.1,32,2.16,678.0,24.814,36.50,28.91,0,13.61
2023-04-25,115,12,32.0,32.9,18.1,32,2.28,904.0,26.841,39.59,31.06,0,20.47
2023-04-26,116,13,34.1,34.3,21.8,26,0.63,827.0,29.027,41.60,32.78,0,26.69
2023-04-27,117,12,35.6,36.0,22.6,22,1.34,883.0,28.489,43.18,34.01,0,27.97
2023-04-28,118,11,36.5,36.7,21.9,21,2.87,855.0,28.096,43.61,34.95,0,27.19
2023-04-29,119,12,34.7,35.0,23.1,28,2.01,873.0,28.47,42.37,33.87,0,27.88
2023-04-30,120,13,29.8,29.8,20.8,47,2.45,560.0,26.357,36.15,30.33,0,16.80
2023-05-01,121,11,27.3,27.3,20.3,59,2.84,400.0,25.028,32.72,28.39,0,11.09
2023-05-02,122,13,29.2,29.4,19.8,56,0.73,731.0,28.615,38.17,30.75,0,22.68
2023-05-03,123,12,29.3,29.5,21.4,59,0.4,750.0,29.831,38.47,31.39,0,25.43
2023-05-04,124,13,28.8,29.4,20.4,56,1.17,784.0,27.757,37.78,30.15,0,20.55
2023-05-05,125,12,32.1,32.6,20.7,39,2.5,894.0,27.883,39.85,32.24,0,23.06
2023-05-06,126,13,35.4,35.4,21.5,28,5.82,865.0,28.077,41.67,34.83,0,25.71
2023-05-07,127,10,34.8,36.9,23.1,29,4.24,770.0,27.883,40.90,34.19,0,25.83
2023-05-08,128,15,35.8,35.9,22.0,25,1.28,603.0,28.701,42.30,34.78,0,27.33
2023-05-09,129,11,37.3,38.9,23.6,30,2.69,846.0,30.645,45.08,38.25,0,36.16
2023-05-10,130,10,34.9,37.2,21.8,24,4.1,777.0,27.044,40.95,33.46,0,22.73
2023-05-11,131,11,36.3,38.1,20.8,19,1.41,881.0,28.291,43.69,34.39,0,27.41
2023-05-12,132,11,37.2,38.8,21.8,20,0.54,865.0,30.577,44.60,35.64,0,32.85
2023-05-13,133,14,38.9,38.9,23.0,18,0.45,770.0,31.395,45.85,37.37,0,37.11
2023-05-14,134,12,40.5,41.5,23.8,20,1.28,884.0,31.911,48.60,40.09,1,43.68
2023-05-15,135,11,37.1,40.5,24.7,25,0.71,839.0,31.095,44.89,36.58,2,40.87
2023-05-16,136,13,39.5,40.6,23.3,19,0.86,852.0,31.348,47.09,38.4,3,43.65
2023-05-17,137,11,39.2,41.6,26.1,23,2.22,849.0,30.922,47.13,39.13,4,48.07
2023-05-18,138,13,40.7,41.1,26.1,18,4.52,847.0,30.194,48.15,39.73,5,49.33
2023-05-19,139,11,37.9,40.7,26.2,28,3.67,851.0,30.475,45.29,38.63,6,49.16
2023-05-20,140,11,39.8,41.4,26.6,18,5.82,860.0,29.329,47.13,38.53,7,48.76
2023-05-21,141,12,41.9,43.9,24.9,15,1.33,890.0,31.545,49.66,40.34,8,53.46
2023-05-22,142,13,41.6,42.6,26.3,22,1.65,844.0,32.892,49.93,42.53,9,58.65
2023-05-23,143,13,41.4,43.0,28.4,20,1.58,843.0,32.273,49.50,41.42,10,59.21
2023-05-24,144,14,38.8,38.9,27.4,30,0.41,733.0,33.893,46.68,40.87,0,48.86
2023-05-25,145,13,32.5,32.5,24.1,48,1.58,667.0,29.528,40.43,34.79,0,29.99
2023-05-26,146,12,31.1,31.1,23.4,54,1.26,664.0,29.262,39.47,33.63,0,27.55
2023-05-27,147,11,33.5,35.4,22.4,44,0.81,806.0,31.007,42.23,35.59,0,32.40
2023-05-28,148,13,34.4,34.8,22.2,38,0.92,775.0,30.646,42.60,35.6,0,31.75
2023-05-29,149,13,35.7,35.9,23.4,35,0.85,830.0,31.517,44.10,37.01,0,36.41
2023-05-30,150,12,36.8,37.5,24.3,34,1.5,850.0,31.585,45.26,38.64,0,39.03
2023-05-31,151,13,36.9,36.9,25.6,30,3.93,857.0,29.989,44.05,37.59,0,36.26
2023-06-01,152,13,37.0,37.3,25.5,23,5.29,872.0,28.436,43.67,35.99,0,32.35
2023-06-02,153,12,37.4,37.4,25.6,26,4.79,835.0,29.421,44.17,37.27,0,35.16
2023-06-03,154,12,38.1,38.6,25.8,28,4.61,807.0,30.39,45.05,38.96,0,38.49
2023-06-04,155,13,39.7,40.1,24.2,25,4.1,836.0,31.188,47.23,40.59,1,41.98
2023-06-05,156,11,36.8,36.8,27.3,33,2.51,780.0,30.735,44.44,38.32,0,40.21
2023-06-06,157,11,38.3,38.7,25.7,29,4.4,816.0,30.803,45.43,39.63,0,39.68
2023-06-07,158,11,39.4,40.6,26.5,23,3.45,847.0,30.658,46.98,39.43,1,43.05
2023-06-08,159,13,41.6,41.6,26.9,15,6.47,876.0,29.777,49.61,39.96,2,45.61
2023-06-09,160,13,41.4,41.4,26.3,19,5.51,793.0,30.778,48.95,41.05,3,48.40
2023-06-10,161,12,41.5,42.1,28.4,26,3.91,833.0,32.9,49.61,44.15,4,58.15
2023-06-11,162,10,39.7,42.1,30.2,30,5.55,724.0,31.861,46.79,42.56,5,57.33
2023-06-12,163,11,40.5,41.5,31.2,28,6.8,755.0,32.011,48.24,43.2,6,61.74
2023-06-13,164,14,42.1,42.6,32.0,28,6.77,600.0,33.121,49.80,46.33,7,67.05
2023-06-14,165,14,42.2,42.2,33.6,21,10.07,721.0,31.456,51.92,43.08,8,66.10
2023-06-15,166,11,40.6,40.6,33.0,28,10.25,826.0,31.917,50.15,43.39,9,65.11
2023-06-16,167,14,41.9,41.9,31.3,24,7.14,745.0,32.198,50.20,43.93,10,63.89
2023-06-17,168,13,41.1,41.5,31.6,29,5.22,792.0,32.947,48.94,44.83,11,65.08
2023-06-18,169,12,41.3,42.1,31.8,28,3.11,857.0,33.416,49.77,44.74,12,66.77
2023-06-19,170,10,38.4,41.3,31.3,35,0.7,705.0,33.756,46.69,42.09,13,63.61
2023-06-20,171,12,35.6,36.0,28.7,48,4.61,647.0,31.359,42.16,41.3,0,42.49
2023-06-21,172,13,32.0,32.0,26.5,66,6.16,632.0,30.133,38.26,39.0,0,33.93
2023-06-22,173,14,35.9,35.9,26.7,52,4.33,711.0,32.333,43.37,43.79,0,43.79
2023-06-23,174,14,36.3,36.3,27.0,51,2.28,672.0,33.017,44.90,44.38,0,46.76
2023-06-24,175,10,34.8,35.5,27.0,64,0.85,640.0,34.322,45.24,46.41,0,50.23
2023-06-25,176,12,35.0,35.0,26.8,60,1.7,791.0,33.551,45.18,45.05,0,47.99
2023-06-26,177,12,34.4,35.0,25.5,61,3.22,648.0,32.261,42.64,43.75,0,41.72
2023-06-27,178,13,35.8,36.0,27.4,51,5.05,815.0,32.134,43.34,43.07,0,43.95
2023-06-28,179,12,33.8,33.8,28.1,56,4.71,769.0,30.968,40.95,40.06,0,39.71
2023-06-29,180,14,31.3,32.0,25.9,70,1.25,630.0,31.245,40.95,38.42,0,37.06
2023-06-30,181,14,30.8,30.8,25.1,74,1.58,471.0,30.581,39.64,38.26,0,33.87
2023-07-01,182,14,31.2,31.6,24.8,73,2.43,474.0,30.517,39.33,39.11,0,33.49
2023-07-02,183,12,31.5,31.7,25.6,71,0.71,580.0,32.072,41.36,39.31,0,38.90
2023-07-03,184,14,33.0,33.0,26.2,70,1.71,656.0,32.599,43.05,43.47,0,43.36
2023-07-04,185,12,32.5,32.8,25.5,71,2.33,750.0,32.123,42.39,42.31,0,40.74
2023-07-05,186,15,32.0,32.0,24.7,75,3.18,420.0,31.203,39.72,42.31,0,36.14
2023-07-06,187,12,32.6,32.6,27.2,72,1.91,611.0,32.245,42.37,43.04,0,43.21
2023-07-07,188,12,33.3,33.3,25.8,66,3.98,753.0,31.841,41.60,42.69,0,40.12
2023-07-08,189,14,32.8,33.1,25.6,69,4.83,656.0,31.432,40.28,42.42,0,38.06
2023-07-09,190,11,32.9,32.9,26.3,67,4.03,669.0,31.443,40.71,41.91,0,39.03
2023-07-10,191,14,33.8,33.8,26.0,64,1.92,703.0,32.628,43.47,43.32,0,43.43
2023-07-11,192,15,32.6,33.6,26.2,69,0.94,536.0,32.427,42.24,41.81,0,41.83
2023-07-12,193,13,31.8,32.3,25.9,76,1.3,683.0,32.476,42.57,42.05,0,41.90
2023-07-13,194,14,32.6,32.6,26.3,72,1.9,699.0,32.433,42.80,43.04,0,42.82
2023-07-14,195,13,32.3,32.5,26.4,76,1.0,547.0,32.897,42.82,43.72,0,44.09
2023-07-15,196,13,31.6,32.1,25.6,72,0.92,558.0,31.903,41.39,39.94,0,38.83
2023-07-16,197,13,33.3,33.3,25.8,68,0.67,704.0,33.889,44.07,43.55,0,46.10
2023-07-17,198,14,33.4,33.4,25.8,66,3.57,720.0,31.971,41.88,42.99,0,40.69
2023-07-18,199,13,33.2,33.3,27.6,67,4.7,795.0,31.796,41.33,42.81,0,41.99
2023-07-19,200,12,34.2,34.2,27.3,64,4.23,832.0,32.512,42.87,44.53,0,44.75
2023-07-20,201,14,35.4,35.4,28.4,57,4.01,735.0,32.644,43.49,44.77,0,46.81
2023-07-21,202,12,35.2,35.7,28.8,60,4.49,862.0,32.938,43.87,45.65,0,48.44
2023-07-22,203,13,34.3,34.3,29.1,63,5.9,800.0,32.188,42.21,44.37,0,45.69
2023-07-23,204,13,34.2,34.3,28.9,62,5.58,790.0,31.998,41.94,43.61,0,44.63
2023-07-24,205,11,34.0,34.2,26.1,66,4.03,786.0,32.54,42.75,44.84,0,43.43
2023-07-25,206,12,32.6,33.0,26.1,74,2.42,655.0,32.349,42.42,43.89,0,42.48
2023-07-26,207,14,34.0,34.1,26.7,65,1.22,714.0,33.446,44.40,44.38,0,46.86
2023-07-27,208,14,34.5,34.5,26.8,62,2.11,735.0,33.007,44.20,44.51,0,46.05
2023-07-28,209,12,33.7,33.9,27.5,68,0.73,850.0,34.537,45.26,44.82,0,50.64
2023-07-29,210,12,32.6,32.8,26.0,72,1.63,679.0,32.545,42.92,43.04,0,42.77
2023-07-30,211,12,32.8,32.8,26.8,68,3.34,774.0,31.779,41.68,42.02,0,40.98
2023-07-31,212,14,33.2,33.5,26.1,70,2.73,717.0,32.472,42.78,44.11,0,43.05
2023-08-01,213,12,33.3,33.3,26.3,71,2.8,711.0,32.651,42.98,44.89,0,44.05
2023-08-02,214,14,32.2,32.6,26.6,75,1.32,656.0,32.67,42.87,42.97,0,43.65
2023-08-03,215,11,32.2,32.2,27.7,68,3.94,648.0,30.879,39.79,40.26,0,38.31
2023-08-04,216,13,31.3,31.7,25.8,76,2.41,540.0,31.093,40.21,40.44,0,36.87
2023-08-05,217,13,33.0,33.2,26.3,70,1.33,819.0,33.221,44.05,43.47,0,45.38
2023-08-06,218,11,32.0,32.0,26.5,74,3.4,747.0,31.643,41.07,41.92,0,39.90
2023-08-07,219,13,32.9,32.9,26.5,65,4.46,734.0,31.23,40.53,41.12,0,38.43
2023-08-08,220,13,33.2,33.2,27.1,61,5.15,793.0,31.005,40.50,40.41,0,38.42
2023-08-09,221,10,31.0,31.0,27.3,71,4.39,519.0,29.787,37.43,37.9,0,33.20
2023-08-10,222,13,31.4,31.6,27.1,70,2.67,438.0,30.226,38.84,38.69,0,35.11
2023-08-11,223,14,33.6,33.6,27.0,63,3.62,716.0,31.78,41.77,42.31,0,41.39
2023-08-12,224,12,33.4,34.1,28.1,63,5.12,746.0,31.375,40.79,41.74,0,40.99
2023-08-13,225,14,31.6,31.7,27.3,66,2.12,440.0,30.132,39.21,37.95,0,35.16
2023-08-14,226,13,31.8,31.8,25.9,71,0.78,773.0,32.781,42.65,40.18,0,41.84
2023-08-15,227,12,32.7,33.0,25.5,65,1.81,842.0,32.043,42.80,40.56,0,40.23
2023-08-16,228,11,33.7,34.3,26.7,61,2.98,832.0,31.978,42.70,41.76,0,41.89
2023-08-17,229,11,33.2,33.6,27.4,69,1.9,773.0,32.804,43.59,43.67,0,45.62
2023-08-18,230,13,33.4,33.7,26.0,67,1.6,800.0,32.996,43.96,43.42,0,44.52
2023-08-19,231,12,33.7,33.7,27.1,68,3.9,835.0,32.593,42.85,44.82,0,44.76
2023-08-20,232,14,34.1,34.1,27.8,61,3.96,722.0,31.94,42.05,42.88,0,43.04
2023-08-21,233,12,33.8,33.8,27.3,63,2.21,789.0,32.53,43.51,42.88,0,44.63
2023-08-22,234,15,30.1,30.3,25.8,82,1.35,273.0,30.279,38.51,38.57,0,33.41
2023-08-23,235,12,31.9,31.9,25.9,64,1.36,709.0,31.218,41.41,38.08,0,37.21
2023-08-24,236,11,29.9,29.9,25.3,78,5.61,670.0,29.566,36.68,36.82,0,29.51
2023-08-25,237,13,33.2,33.3,25.4,57,4.18,773.0,30.641,40.53,38.95,0,35.23
2023-08-26,238,12,33.0,33.3,24.9,59,4.83,855.0,30.704,40.45,39.16,0,34.78
2023-08-27,239,12,33.4,33.7,26.8,56,6.49,847.0,30.468,40.34,39.09,0,36.45
2023-08-28,240,12,32.5,32.5,26.0,61,5.41,875.0,30.421,39.79,38.6,0,34.85
2023-08-29,241,13,32.6,32.9,24.4,68,2.65,792.0,31.825,42.07,41.42,0,38.33
2023-08-30,242,12,33.2,33.8,26.2,65,2.65,868.0,32.164,42.88,41.98,0,41.87
2023-08-31,243,10,33.2,34.7,26.1,66,1.97,693.0,32.258,42.80,42.39,0,42.02
2023-09-01,244,13,35.0,35.0,26.4,55,4.08,811.0,32.11,43.01,42.75,0,42.37
2023-09-02,245,10,34.5,35.8,27.0,57,3.91,738.0,31.839,42.29,42.27,0,41.87
2023-09-03,246,11,34.9,35.9,26.1,53,3.18,843.0,32.013,43.40,41.64,0,41.71
2023-09-04,247,13,34.5,34.5,26.6,60,1.46,772.0,33.217,44.56,43.59,0,46.13
2023-09-05,248,13,32.6,32.7,27.0,67,6.0,749.0,30.991,39.82,41.03,0,38.02
2023-09-06,249,14,32.3,32.6,26.2,61,3.7,512.0,29.96,38.71,38.11,0,33.25
2023-09-07,250,16,31.7,31.7,27.3,71,3.42,348.0,30.263,38.10,39.89,0,35.33
2023-09-08,251,12,32.7,32.7,25.9,68,3.91,778.0,31.56,41.12,41.72,0,39.00
2023-09-09,252,12,30.3,30.3,24.7,74,5.5,551.0,29.36,36.31,36.85,0,28.16
2023-09-10,253,10,29.7,29.7,24.8,79,4.03,424.0,29.277,36.12,36.5,0,27.86
2023-09-11,254,12,30.3,30.3,25.6,77,3.26,417.0,29.76,37.40,37.71,0,31.07
2023-09-12,255,15,30.9,31.1,25.1,77,0.9,426.0,31.393,40.32,39.53,0,36.36
2023-09-13,256,14,33.0,33.0,25.4,66,1.04,585.0,32.481,42.61,41.8,0,41.27
2023-09-14,257,13,33.6,33.6,26.7,67,3.04,740.0,32.445,42.81,44.04,0,43.69
2023-09-15,258,13,33.3,33.3,27.4,65,5.91,775.0,31.459,40.79,42.27,0,40.53
2023-09-16,259,12,31.6,31.6,26.0,71,6.36,709.0,30.408,38.49,39.6,0,34.26
2023-09-17,260,13,32.4,32.5,26.7,65,4.44,656.0,30.646,39.47,39.73,0,36.28
2023-09-18,261,15,32.3,32.3,25.8,67,0.5,527.0,32.657,41.78,40.18,0,40.86
2023-09-19,262,12,32.5,32.6,25.6,70,0.81,797.0,33.343,43.56,41.91,0,43.86
2023-09-20,263,13,32.7,32.7,25.9,71,0.61,750.0,33.937,43.88,42.94,0,45.94
2023-09-21,264,11,32.1,32.3,25.5,72,0.36,752.0,33.947,42.84,41.46,0,44.19
2023-09-22,265,12,31.2,31.2,24.2,70,1.17,771.0,31.558,41.53,38.14,0,35.99
2023-09-23,266,12,31.2,31.2,24.6,66,2.5,765.0,30.279,40.06,36.93,0,32.52
2023-09-24,267,13,32.1,32.1,23.6,60,1.5,751.0,30.913,41.39,37.31,0,33.65
2023-09-25,268,13,31.2,31.2,24.4,70,2.15,715.0,30.783,40.52,38.14,0,34.02
2023-09-26,269,13,31.7,31.7,24.2,62,3.05,717.0,30.026,39.63,36.97,0,31.28
2023-09-27,270,10,31.7,33.0,24.9,67,0.76,678.0,32.01,41.65,38.53,0,37.88
2023-09-28,271,12,32.8,33.1,24.8,60,0.36,760.0,33.228,42.39,39.01,0,40.78
2023-09-29,272,10,32.7,34.1,24.5,57,0.5,682.0,32.367,42.03,37.77,0,38.08
2023-09-30,273,12,33.6,33.8,24.8,55,1.56,797.0,31.727,42.92,39.21,0,38.40
2023-10-01,274,13,33.1,33.2,24.9,58,0.41,751.0,33.231,42.76,39.06,0,41.19
2023-10-02,275,13,30.9,30.9,25.4,75,0.81,595.0,31.821,41.07,38.87,0,37.82
2023-10-03,276,10,31.3,32.2,24.4,70,1.5,586.0,30.951,40.55,38.42,0,34.47
2023-10-04,277,12,31.1,31.4,23.9,68,2.47,740.0,30.379,40.03,37.26,0,31.99
2023-10-05,278,13,31.4,31.5,24.1,68,1.68,695.0,30.951,40.88,38.05,0,34.22
2023-10-06,279,13,33.0,33.0,22.8,43,1.22,763.0,29.785,41.26,34.46,0,29.44
2023-10-07,280,11,32.6,33.2,23.0,48,1.81,770.0,29.689,40.89,34.98,0,29.42
2023-10-08,281,12,34.5,34.9,23.3,48,3.34,783.0,30.832,42.09,38.8,0,34.21
2023-10-09,282,11,34.3,35.2,23.9,51,3.64,752.0,30.944,41.72,39.42,0,35.09
2023-10-10,283,12,34.6,35.4,24.8,48,2.67,781.0,31.118,42.69,39.02,0,37.02
2023-10-11,284,10,32.8,34.7,23.1,49,2.31,663.0,29.558,40.32,35.62,0,29.11
2023-10-12,285,10,31.7,34.0,20.6,47,1.24,664.0,28.932,39.63,33.17,0,25.23
2023-10-13,286,12,32.9,33.5,20.3,41,1.79,773.0,29.0,40.78,33.84,0,26.45
2023-10-14,287,11,33.6,34.6,21.4,40,2.42,732.0,29.087,40.91,34.75,0,27.04
2023-10-15,288,11,34.5,35.4,21.4,37,3.77,737.0,29.03,40.93,35.51,0,27.23
2023-10-16,289,10,32.4,33.7,21.3,50,0.91,544.0,29.981,40.13,35.11,0,28.30
2023-10-17,290,13,29.7,29.7,20.0,52,1.12,680.0,27.917,37.98,30.91,0,21.28
2023-10-18,291,13,30.5,30.5,20.0,45,3.0,683.0,26.789,36.99,30.99,0,18.47
2023-10-19,292,11,29.3,30.5,19.3,45,2.72,728.0,25.887,36.17,29.44,0,15.59
2023-10-20,293,11,29.4,30.1,18.1,39,2.12,728.0,25.419,36.49,28.93,0,14.75
2023-10-21,294,11,29.3,30.4,18.6,43,0.5,721.0,27.657,37.44,29.22,0,19.77
2023-10-22,295,10,28.2,30.5,18.9,48,0.4,617.0,27.098,35.91,28.49,0,17.34
2023-10-23,296,10,29.0,31.1,18.7,49,0.2,614.0,27.926,35.63,29.54,0,19.09
2023-10-24,297,10,28.7,30.4,18.8,50,0.42,605.0,27.745,36.57,29.28,0,19.33
2023-10-25,298,10,28.9,30.4,18.7,50,1.22,598.0,26.652,36.54,29.53,0,17.34
2023-10-26,299,11,29.9,31.3,18.9,47,2.42,700.0,26.729,37.04,30.46,0,18.19
2023-10-27,300,11,30.7,31.4,18.0,35,1.84,698.0,26.048,37.68,29.92,0,17.17
2023-10-28,301,10,29.2,31.2,16.7,46,0.78,594.0,26.933,36.75,29.44,0,17.99
2023-10-29,302,12,30.4,30.6,20.3,36,0.51,705.0,27.572,37.97,29.69,0,20.17
2023-10-30,303,11,29.4,30.4,17.4,44,0.32,674.0,27.866,36.70,29.45,0,19.72
2023-10-31,304,11,29.3,30.3,18.1,48,0.81,663.0,27.422,37.34,29.8,0,19.47
2023-11-01,305,12,30.2,30.5,19.8,43,0.95,683.0,27.434,37.98,30.3,0,20.14
2023-11-02,306,12,30.0,30.1,18.8,44,0.8,672.0,27.579,37.83,30.18,0,20.27
2023-11-03,307,10,28.0,30.2,18.3,58,1.51,565.0,26.457,35.75,29.23,0,16.29
2023-11-04,308,11,29.1,30.4,18.0,51,1.61,650.0,26.789,36.83,29.92,0,17.96
2023-11-05,309,10,28.1,30.2,18.1,56,1.14,566.0,26.611,35.97,29.16,0,16.72
2023-11-06,310,11,29.2,30.1,16.5,42,0.5,650.0,27.209,36.90,29.01,0,18.46
2023-11-07,311,10,27.4,29.7,16.6,51,1.12,565.0,25.42,34.97,27.88,0,13.26
2023-11-08,312,13,30.3,30.4,16.7,41,3.11,587.0,25.88,35.96,30.17,0,15.70
2023-11-09,313,11,29.4,31.0,17.8,49,3.01,634.0,26.224,35.73,30.06,0,16.14
2023-11-10,314,10,28.2,29.6,18.0,55,0.67,523.0,27.067,35.99,29.18,0,17.60
2023-11-11,315,13,27.1,27.1,19.1,57,1.84,565.0,25.333,34.49,27.99,0,12.79
2023-11-12,316,12,27.2,27.7,17.3,44,2.26,644.0,23.915,33.95,27.24,0,9.45
2023-11-13,317,11,26.8,27.6,15.2,48,0.6,613.0,25.434,34.74,27.12,0,12.84
2023-11-14,318,10,25.5,27.0,16.8,54,0.73,460.0,24.172,32.89,25.51,0,9.08
2023-11-15,319,10,25.3,27.3,14.8,54,0.32,529.0,24.831,32.64,25.3,0,10.14
2023-11-16,320,12,27.1,27.5,14.6,45,1.24,634.0,24.516,34.66,27.21,0,11.08
2023-11-17,321,12,27.6,27.9,15.6,45,0.72,602.0,25.514,35.19,27.65,0,13.52
2023-11-18,322,11,26.8,27.7,15.6,46,1.0,604.0,24.531,34.39,27.02,0,10.85
2023-11-19,323,13,28.1,28.2,14.9,46,0.41,565.0,26.58,35.44,28.21,0,15.92
2023-11-20,324,10,25.6,27.8,15.4,51,0.41,503.0,24.679,33.03,25.57,0,10.14
2023-11-21,325,12,26.5,26.9,15.4,45,3.36,629.0,23.06,32.07,26.44,0,6.39
2023-11-22,326,13,26.1,26.2,14.5,43,2.91,585.0,22.501,31.80,25.99,0,5.14
2023-11-23,327,11,24.5,25.7,13.1,45,0.54,600.0,23.148,32.51,24.34,0,6.87
2023-11-24,328,12,25.7,26.3,13.2,47,0.61,618.0,24.329,33.71,25.63,0,9.97
2023-11-25,329,10,23.6,26.6,13.3,62,0.51,494.0,23.794,31.99,23.62,0,7.72
2023-11-26,330,13,27.2,27.2,13.7,46,2.38,546.0,23.911,33.36,27.35,0,9.06
2023-11-27,331,11,23.3,23.4,16.5,62,1.5,250.0,21.595,28.95,23.3,0,2.13
2023-11-28,332,13,26.6,26.7,14.5,46,2.48,546.0,23.345,32.65,26.56,0,7.35
2023-11-29,333,13,26.9,26.9,16.3,46,1.3,547.0,24.189,33.99,27.1,0,9.94
2023-11-30,334,12,24.0,24.7,17.4,70,2.16,473.0,23.416,31.18,24.14,0,6.42
2023-12-01,335,14,26.0,26.0,16.3,54,0.28,443.0,25.128,32.55,26.03,0,10.64
2023-12-02,336,13,26.6,26.7,15.4,54,1.9,534.0,24.446,33.57,26.66,0,10.09
2023-12-03,337,12,27.2,28.1,15.6,45,0.5,584.0,25.596,34.82,27.29,0,13.27
2023-12-04,338,11,23.1,23.1,17.0,61,4.48,373.0,21.006,26.12,23.08,0,0.09
2023-12-05,339,14,21.9,22.3,15.5,68,1.21,280.0,21.104,28.53,21.91,0,1.83
2023-12-06,340,13,25.8,26.0,14.1,54,0.51,514.0,25.078,33.64,25.82,0,11.33
2023-12-07,341,14,25.5,25.5,16.6,55,0.71,440.0,24.239,32.82,25.52,0,9.16
2023-12-08,342,12,24.7,25.4,14.4,55,2.87,580.0,22.575,30.94,24.68,0,4.66
2023-12-09,343,12,23.7,24.2,13.7,47,3.77,600.0,20.658,28.65,23.53,0,1.91
2023-12-10,344,12,22.7,23.2,12.5,49,4.66,600.0,19.825,26.68,22.5,0,0.49
2023-12-11,345,11,21.2,22.7,10.3,55,1.43,566.0,19.947,29.32,21.01,0,2.40
2023-12-12,346,10,19.8,22.6,10.2,66,0.61,466.0,20.271,28.70,19.68,0,1.95
2023-12-13,347,13,22.9,23.0,9.5,46,3.76,557.0,19.767,27.53,22.67,0,1.10
2023-12-14,348,12,22.8,23.3,10.0,45,3.81,596.0,19.631,27.59,22.56,0,1.15
2023-12-15,349,11,21.0,22.7,8.8,53,1.41,565.0,19.585,29.08,20.77,0,2.23
2023-12-16,350,13,22.8,22.8,8.7,44,3.27,556.0,19.563,27.97,22.54,0,1.42
2023-12-17,351,11,20.9,22.3,7.7,45,1.97,565.0,18.408,28.05,20.56,0,1.48
2023-12-18,352,12,21.2,22.1,9.2,48,4.21,588.0,18.428,25.51,20.91,0,0.00
2023-12-19,353,13,21.4,21.6,9.4,49,2.97,565.0,18.916,27.27,21.14,0,0.92
2023-12-20,354,12,21.1,21.6,8.5,51,1.56,573.0,19.406,28.98,20.85,0,2.15
2023-12-21,355,14,21.1,21.1,9.0,49,1.39,432.0,18.95,28.08,20.82,0,1.50
2023-12-22,356,12,21.0,21.7,9.9,53,0.51,511.0,20.588,29.49,20.77,0,2.52
2023-12-23,357,13,23.2,23.3,10.1,48,1.3,536.0,21.079,30.66,23.01,0,3.36
2023-12-24,358,12,23.9,24.4,10.6,48,1.22,579.0,21.883,31.60,23.75,0,4.04
2023-12-25,359,13,23.6,23.8,10.7,48,1.39,557.0,21.426,31.06,23.43,0,3.66
2023-12-26,360,12,22.9,23.8,10.3,51,0.85,581.0,21.704,31.15,22.74,0,3.72
2023-12-27,361,13,23.2,23.4,10.3,51,1.14,557.0,21.579,31.05,23.05,0,3.65
2023-12-28,362,12,21.1,22.0,9.4,59,0.41,590.0,21.691,30.14,20.95,0,2.99
2023-12-29,363,13,21.5,21.7,8.6,57,0.36,567.0,21.789,29.96,21.35,0,2.86
2023-12-30,364,13,20.6,20.8,7.9,60,1.25,531.0,19.901,28.98,20.44,0,2.15
2023-12-31,365,13,18.8,19.4,6.3,62,0.57,574.0,19.449,28.53,18.58,0,1.83
2024-01-01,1,14,20.5,20.5,8.1,60,1.36,465.0,19.549,28.31,20.34,0,1.67
2024-01-02,2,14,19.1,19.1,8.1,63,1.52,489.0,18.476,27.23,18.91,0,0.89
2024-01-03,3,12,19.5,19.5,9.2,66,1.04,485.0,19.463,28.20,19.36,0,1.59
2024-01-04,4,13,20.7,21.1,10.7,66,1.1,565.0,20.764,29.70,20.62,0,2.67
2024-01-05,5,13,20.7,21.2,10.9,65,0.5,500.0,21.407,29.73,20.61,0,2.69
2024-01-06,6,11,18.8,20.2,11.0,74,0.81,457.0,19.658,27.98,18.73,0,1.43
2024-01-07,7,13,20.5,20.5,9.7,57,1.44,530.0,19.394,28.56,20.3,0,1.85
2024-01-08,8,13,20.0,20.4,8.6,62,1.08,586.0,19.823,29.09,19.84,0,2.23
2024-01-09,9,13,20.5,21.3,8.4,59,2.12,538.0,19.254,27.84,20.32,0,1.33
2024-01-10,10,14,19.7,19.7,9.5,57,4.1,525.0,17.82,23.97,19.46,0,0.00
2024-01-11,11,14,18.6,18.6,7.3,62,2.77,522.0,17.508,25.12,18.37,0,0.00
2024-01-12,12,14,17.6,17.8,6.0,64,2.42,528.0,16.857,24.90,17.34,0,0.00
2024-01-13,13,14,19.1,19.1,6.0,56,2.28,525.0,17.603,26.15,18.81,0,0.11
2024-01-14,14,14,19.3,19.4,5.6,66,1.78,535.0,18.899,27.51,19.15,0,1.09
2024-01-15,15,13,17.8,18.4,5.0,64,0.67,624.0,18.626,28.08,17.55,0,1.50
2024-01-16,16,14,17.9,18.1,5.2,64,0.36,536.0,18.95,27.21,17.66,0,0.87
2024-01-17,17,14,17.6,17.6,5.7,65,2.2,533.0,17.028,25.34,17.36,0,0.00
2024-01-18,18,13,16.8,17.2,5.6,65,0.72,624.0,17.674,27.31,16.52,0,0.95
2024-01-19,19,13,16.9,17.0,4.8,65,2.22,473.0,16.227,24.21,16.62,0,0.00
2024-01-20,20,13,16.9,17.4,5.2,68,0.64,635.0,18.204,27.65,16.66,0,1.19
2024-01-21,21,14,17.5,17.6,6.1,67,3.2,539.0,16.825,23.67,17.28,0,0.00
2024-01-22,22,13,16.8,17.5,5.7,64,0.41,648.0,18.321,27.42,16.5,0,1.03
2024-01-23,23,14,17.4,17.5,4.7,67,2.46,555.0,16.962,24.97,17.17,0,0.00
2024-01-24,24,13,17.2,18.4,5.0,67,1.17,636.0,17.662,27.27,16.96,0,0.92
2024-01-25,25,14,18.6,18.9,6.4,67,1.24,554.0,18.714,27.77,18.43,0,1.28
2024-01-26,26,13,18.6,19.1,5.6,64,1.56,650.0,18.456,27.89,18.39,0,1.37
2024-01-27,27,13,19.9,20.3,7.5,59,3.73,664.0,18.488,25.75,19.69,0,0.00
2024-01-28,28,13,20.4,20.8,6.9,60,0.81,650.0,20.532,29.96,20.23,0,2.86
2024-01-29,29,14,21.7,21.7,8.0,58,1.13,580.0,20.969,30.25,21.57,0,3.07
2024-01-30,30,13,21.5,21.8,9.2,60,0.4,659.0,22.398,30.86,21.39,0,4.26
2024-01-31,31,13,22.2,22.4,9.8,59,1.08,664.0,21.794,31.25,22.11,0,3.79
2024-02-01,32,13,21.8,21.9,11.9,61,3.83,599.0,20.31,27.18,21.71,0,0.86
2024-02-02,33,12,21.0,21.6,9.3,62,4.46,701.0,19.709,26.24,20.89,0,0.18
2024-02-03,34,14,22.8,22.8,10.5,44,5.31,604.0,19.314,26.02,22.54,0,0.01
2024-02-04,35,11,20.2,20.2,13.2,64,3.42,551.0,19.085,25.94,20.07,0,0.00
2024-02-05,36,12,20.2,20.7,12.5,77,0.78,469.0,21.347,29.43,20.24,0,2.47
2024-02-06,37,12,19.6,20.7,11.0,65,3.54,647.0,18.753,25.85,19.46,0,0.00
2024-02-07,38,13,20.4,20.7,8.9,50,4.7,706.0,18.008,24.92,20.1,0,0.00
2024-02-08,39,14,19.7,19.7,9.7,50,6.76,651.0,17.059,21.80,19.37,0,0.00
2024-02-09,40,13,19.7,20.1,6.8,52,0.8,731.0,19.396,29.58,19.39,0,2.58
2024-02-10,41,11,19.5,21.0,7.5,56,0.41,682.0,20.26,29.33,19.23,0,2.40
2024-02-11,42,13,21.7,21.9,7.4,49,0.58,740.0,21.406,31.20,21.45,0,3.75
2024-02-12,43,13,23.1,23.6,7.7,48,0.86,724.0,21.954,31.99,22.91,0,4.32
2024-02-13,44,13,24.6,24.8,12.2,55,1.71,696.0,23.177,32.80,24.58,0,7.14
2024-02-14,45,14,23.6,23.7,14.1,59,1.5,563.0,22.493,31.52,23.58,0,4.92
2024-02-15,46,12,24.0,24.9,12.4,57,1.14,737.0,23.373,33.05,23.97,0,7.69
2024-02-16,47,10,22.3,25.1,11.6,64,0.2,566.0,23.192,29.95,22.28,0,5.11
2024-02-17,48,12,23.9,24.4,12.2,39,3.81,780.0,20.226,29.61,23.63,0,2.61
2024-02-18,49,14,25.8,25.8,10.4,40,0.76,673.0,23.466,33.66,25.64,0,8.30
2024-02-19,50,14,26.9,26.9,13.6,43,3.64,597.0,23.059,31.94,26.94,0,6.29
2024-02-20,51,15,26.9,27.0,14.4,49,0.36,486.0,25.56,33.77,27.27,0,12.44
2024-02-21,52,13,26.3,26.3,15.7,50,1.91,609.0,23.891,33.50,26.3,0,8.99
2024-02-22,53,10,22.9,25.0,12.7,56,3.11,584.0,20.971,28.93,22.8,0,2.11
2024-02-23,54,11,23.2,24.8,10.2,35,2.76,750.0,19.387,29.92,22.84,0,2.83
2024-02-24,55,12,24.2,24.7,9.9,30,1.7,767.0,20.114,31.88,23.83,0,4.24
2024-02-25,56,10,23.1,25.5,10.9,36,1.61,616.0,19.66,30.35,22.75,0,3.14
2024-02-26,57,10,22.6,25.2,12.2,39,0.92,582.0,20.08,30.37,22.27,0,3.16
2024-02-27,58,14,26.1,26.1,13.5,27,2.36,668.0,20.747,32.33,25.79,0,4.57
2024-02-28,59,14,25.8,25.8,13.5,32,5.77,712.0,20.572,29.43,25.54,0,2.48
2024-02-29,60,13,26.2,26.7,13.2,38,3.72,806.0,22.151,32.12,26.03,0,4.70
2024-03-01,61,13,27.7,28.4,12.9,37,0.73,795.0,25.116,35.82,27.23,0,13.06
2024-03-02,62,11,22.7,24.7,17.4,74,0.36,447.0,24.044,31.11,22.83,0,7.55
2024-03-03,63,13,23.0,23.0,16.8,69,1.93,607.0,22.763,31.28,23.08,0,5.25
2024-03-04,64,11,23.0,25.1,15.2,63,1.62,726.0,22.615,31.98,23.0,0,5.48
2024-03-05,65,14,23.1,23.1,12.4,33,5.41,758.0,18.539,26.97,22.71,0,0.70
2024-03-06,66,14,23.4,23.4,11.0,38,4.56,740.0,19.481,28.05,23.09,0,1.48
2024-03-07,67,14,24.8,24.8,10.5,40,4.55,743.0,20.93,29.60,24.59,0,2.60
2024-03-08,68,12,25.8,26.6,13.3,38,4.0,854.0,21.814,31.68,25.61,0,4.10
2024-03-09,69,13,26.0,26.2,12.9,35,5.16,849.0,21.396,30.84,25.78,0,3.50
2024-03-10,70,14,26.2,26.2,12.2,36,1.51,760.0,22.688,33.90,26.01,0,7.00
2024-03-11,71,11,26.5,28.7,13.8,42,0.2,789.0,25.438,33.54,26.4,0,11.94
2024-03-12,72,12,30.5,31.2,15.1,39,4.0,850.0,25.999,36.73,30.16,0,16.48
2024-03-13,73,12,29.9,30.9,15.5,35,2.33,858.0,25.427,37.28,29.07,0,15.39
2024-03-14,74,12,29.9,31.0,16.4,36,0.81,857.0,26.866,38.10,29.16,0,18.73
2024-03-15,75,13,29.7,29.8,16.0,27,3.71,859.0,23.597,35.74,28.29,0,10.53
2024-03-16,76,13,28.5,28.8,13.9,27,1.5,824.0,23.469,35.94,27.33,0,10.08
2024-03-17,77,12,28.3,29.0,12.1,33,0.89,873.0,24.983,36.46,27.48,0,13.37
2024-03-18,78,12,27.1,28.1,13.8,23,0.67,912.0,23.011,35.18,26.24,0,8.54
2024-03-19,79,10,26.2,29.0,13.9,47,0.63,707.0,25.002,34.62,26.15,0,11.90
2024-03-20,80,12,29.8,30.5,13.9,27,0.9,891.0,25.335,37.61,28.38,0,15.20
2024-03-21,81,13,28.0,28.0,16.0,40,4.08,761.0,23.821,33.51,27.66,0,9.11
2024-03-22,82,12,28.8,30.3,15.6,44,1.62,864.0,26.093,37.14,28.77,0,16.44
2024-03-23,83,10,30.1,33.6,16.8,44,0.63,712.0,28.111,38.20,30.31,0,21.58
2024-03-24,84,13,33.3,33.9,17.2,28,2.5,861.0,27.077,40.50,32.09,0,21.96
2024-03-25,85,11,32.0,34.0,19.6,36,2.42,827.0,27.274,39.35,31.62,0,21.32
2024-03-26,86,13,33.6,33.7,17.5,25,4.08,863.0,26.324,39.84,32.05,0,20.05
2024-03-27,87,11,32.2,34.9,17.9,33,0.67,820.0,28.555,40.09,31.43,0,24.20
2024-03-28,88,12,33.1,35.0,20.2,42,0.45,872.0,31.473,42.05,34.39,0,32.24
2024-03-29,89,14,35.1,35.1,21.9,39,0.32,758.0,32.415,42.86,37.1,0,35.60
2024-03-30,90,12,36.9,37.8,22.3,32,1.53,894.0,31.375,45.41,38.18,0,36.24
2024-03-31,91,12,36.3,37.6,21.0,29,2.73,882.0,29.673,43.97,36.37,0,30.95
2024-04-01,92,13,34.9,35.0,22.6,19,7.43,887.0,25.675,41.15,32.82,0,20.75
2024-04-02,93,13,34.3,34.5,20.2,19,6.17,845.0,25.294,40.01,32.19,0,18.27
2024-04-03,94,13,36.3,36.4,18.9,15,5.16,861.0,25.987,42.47,33.89,0,21.99
2024-04-04,95,13,38.0,38.0,20.1,17,3.4,849.0,28.117,44.94,36.06,0,28.60
2024-04-05,96,13,38.1,38.1,21.7,14,4.75,867.0,27.116,44.69,35.67,0,26.38
2024-04-06,97,14,36.0,36.2,22.8,15,4.21,666.0,25.642,41.32,33.58,0,21.33
2024-04-07,98,11,35.7,37.0,21.6,16,3.0,875.0,26.279,42.42,33.37,0,22.31
2024-04-08,99,12,37.2,37.6,19.1,10,4.77,946.0,25.354,43.60,33.96,0,21.64
2024-04-09,100,11,36.9,38.4,19.9,15,2.35,798.0,27.022,43.56,34.52,0,24.96
2024-04-10,101,12,37.2,38.6,21.0,18,0.82,930.0,29.587,44.69,35.29,0,30.92
2024-04-11,102,11,36.4,38.1,21.3,22,2.02,875.0,28.627,43.94,35.0,0,28.45
2024-04-12,103,12,37.2,38.3,21.5,22,0.98,903.0,30.208,45.03,36.04,0,32.61
2024-04-13,104,11,35.2,36.9,25.0,28,0.76,813.0,29.978,42.90,34.55,0,33.58
2024-04-14,105,14,36.7,36.7,24.1,25,0.8,750.0,30.368,44.03,36.01,0,34.63
2024-04-15,106,14,38.1,38.4,23.9,27,2.31,733.0,30.66,45.51,38.64,0,37.00
2024-04-16,107,13,38.9,38.9,24.9,21,6.1,881.0,29.38,46.19,38.12,0,36.04
2024-04-17,108,12,37.1,37.5,25.0,11,8.0,959.0,25.219,44.33,34.07,0,25.45
2024-04-18,109,14,39.3,39.3,25.5,17,8.3,790.0,28.358,47.00,37.63,0,35.22
2024-04-19,110,13,40.0,40.2,28.1,16,6.83,890.0,28.852,47.72,38.26,1,41.60
2024-04-20,111,10,38.6,40.6,26.6,18,5.16,775.0,28.392,45.12,36.99,2,38.30
2024-04-21,112,13,38.7,38.7,24.2,17,6.3,794.0,28.089,45.44,36.9,0,31.79
2024-04-22,113,12,38.8,39.4,24.6,16,3.2,917.0,28.608,46.17,36.81,0,33.73
2024-04-23,114,10,37.2,39.7,23.9,18,1.12,768.0,28.781,44.07,35.29,0,31.16
2024-04-24,115,13,39.8,40.0,24.1,12,5.48,877.0,27.65,46.74,37.05,1,33.51
2024-04-25,116,12,39.7,40.4,24.1,13,5.77,930.0,27.916,46.98,37.23,2,35.91
2024-04-26,117,13,41.7,41.7,24.4,11,6.17,895.0,28.611,49.34,38.78,3,41.53
2024-04-27,118,13,40.1,40.3,28.3,19,5.46,777.0,29.762,47.15,39.21,4,48.50
2024-04-28,119,9,37.3,41.1,26.4,19,1.44,616.0,28.466,43.58,35.58,5,41.57
2024-04-29,120,13,41.2,41.5,23.7,12,2.69,839.0,29.213,48.38,38.57,6,46.07
2024-04-30,121,13,40.5,40.6,26.5,12,6.43,899.0,28.062,47.99,37.8,7,46.60
2024-05-01,122,13,39.5,39.5,23.2,10,5.35,900.0,26.824,46.25,36.2,0,28.56
2024-05-02,123,14,36.3,36.3,22.2,13,6.02,802.0,25.252,42.13,33.7,0,20.52
2024-05-03,124,13,39.1,39.2,22.5,10,5.69,907.0,26.503,45.83,35.8,0,26.69
2024-05-04,125,12,40.4,40.8,25.6,11,3.89,893.0,28.052,47.41,37.4,1,36.63
2024-05-05,126,13,42.9,43.0,27.0,11,5.7,885.0,29.513,50.67,40.11,2,46.05
2024-05-06,127,13,40.2,41.2,25.9,22,0.63,777.0,32.905,47.85,40.32,3,50.88
2024-05-07,128,13,37.9,38.0,26.4,33,3.76,852.0,31.411,45.48,40.32,0,41.94
2024-05-08,129,14,36.4,36.4,25.7,34,5.74,749.0,29.856,42.63,37.93,0,35.23
2024-05-09,130,11,33.7,34.1,25.0,44,6.48,826.0,29.104,39.85,35.95,0,30.25
2024-05-10,131,15,35.1,36.2,25.4,37,0.14,413.0,30.834,39.93,36.53,0,34.26
2024-05-11,132,15,35.4,35.4,26.6,42,1.08,562.0,31.387,42.96,38.63,0,39.67
2024-05-12,133,15,35.4,35.4,25.9,41,1.33,595.0,31.101,42.98,38.29,0,38.20
2024-05-13,134,12,35.0,35.9,26.1,39,0.58,567.0,31.34,42.37,36.92,0,37.94
2024-05-14,135,10,36.7,40.4,24.9,39,1.93,737.0,31.847,44.82,40.2,1,42.15
2024-05-15,136,12,39.8,40.6,26.9,20,2.26,882.0,30.71,47.75,39.09,2,45.71
2024-05-16,137,10,37.3,41.8,25.7,34,0.2,737.0,33.397,44.13,39.56,3,48.61
2024-05-17,138,10,38.0,42.2,26.6,30,0.67,688.0,32.504,45.67,39.45,4,50.71
2024-05-18,139,11,41.7,43.4,30.2,22,3.71,835.0,32.156,49.69,42.7,5,60.03
2024-05-19,140,11,41.7,44.9,27.4,20,2.25,852.0,32.138,49.87,41.88,6,58.23
2024-05-20,141,13,40.6,40.8,28.1,30,1.77,838.0,33.796,49.37,44.32,7,62.72
2024-05-21,142,14,39.6,39.7,28.1,33,2.47,748.0,33.051,47.72,43.69,0,49.89
2024-05-22,143,12,38.2,39.2,29.2,38,4.03,861.0,32.503,46.08,42.97,0,48.69
2024-05-23,144,13,37.8,37.8,27.6,37,6.15,831.0,31.622,45.04,41.68,0,43.92
2024-05-24,145,13,39.5,39.6,28.3,34,3.76,808.0,32.882,47.39,43.95,0,49.66
2024-05-25,146,14,41.2,41.3,30.3,30,0.71,722.0,35.171,49.60,45.54,1,60.17
2024-05-26,147,12,42.5,43.3,31.1,25,0.76,844.0,35.348,51.14,45.52,2,64.21
2024-05-27,148,11,41.4,44.0,30.8,30,1.12,834.0,34.999,50.38,45.96,3,64.48
2024-05-28,149,13,42.1,44.2,29.6,33,0.72,840.0,36.831,51.58,49.24,4,70.30
2024-05-29,150,12,42.8,46.0,28.2,31,1.72,882.0,35.947,52.33,49.61,5,69.34
2024-05-30,151,12,43.5,44.4,31.3,27,0.57,873.0,37.158,52.65,48.64,6,76.78
2024-05-31,152,10,41.6,46.4,32.2,28,3.07,745.0,33.496,49.65,45.33,7,67.52
2024-06-01,153,13,42.4,43.8,30.1,28,0.81,859.0,35.898,51.44,46.94,8,71.49
2024-06-02,154,12,40.4,41.0,29.0,29,2.2,871.0,33.25,49.08,43.46,9,62.21
2024-06-03,155,12,40.8,43.4,28.8,29,1.65,879.0,33.911,49.73,44.24,10,63.99
2024-06-04,156,11,41.6,44.1,29.5,24,2.5,846.0,32.942,50.00,43.41,11,62.86
2024-06-05,157,13,40.7,42.2,28.5,32,1.61,842.0,34.397,49.71,45.52,12,65.02
2024-06-06,158,11,36.8,39.0,28.4,43,2.18,841.0,32.637,45.61,42.01,0,47.30
2024-06-07,159,12,41.9,42.6,28.1,23,4.83,877.0,32.402,50.10,43.47,1,51.96
2024-06-08,160,12,41.4,42.6,30.0,23,3.86,878.0,32.192,49.52,42.63,2,54.72
2024-06-09,161,11,41.3,43.4,29.7,20,3.29,842.0,31.448,49.17,41.27,3,53.87
2024-06-10,162,12,43.1,43.9,27.2,13,2.9,893.0,30.936,50.94,41.13,4,52.88
2024-06-11,163,14,44.3,44.6,33.0,15,4.34,758.0,31.927,52.00,43.49,5,64.83
2024-06-12,164,12,42.8,44.2,30.0,21,2.98,878.0,33.024,51.28,44.06,6,64.76
2024-06-13,165,13,44.8,45.2,29.2,13,5.42,867.0,31.603,53.12,43.22,7,62.16
2024-06-14,166,13,44.8,45.1,33.2,16,5.73,860.0,32.546,53.55,44.68,8,69.46
2024-06-15,167,13,43.9,44.3,31.8,20,5.61,833.0,33.021,52.55,45.37,9,68.26
2024-06-16,168,12,44.9,45.4,32.0,18,5.96,891.0,33.244,54.10,45.91,10,70.24
2024-06-17,169,11,43.6,45.2,31.3,22,5.24,844.0,33.388,52.22,45.93,11,68.34
2024-06-18,170,13,45.7,45.7,32.5,18,7.58,820.0,33.603,55.90,47.19,12,73.28
2024-06-19,171,13,43.9,44.5,30.5,25,5.13,846.0,34.402,52.78,48.22,13,70.58
2024-06-20,172,12,39.7,41.3,30.6,34,0.85,858.0,34.799,48.86,44.37,14,67.18
2024-06-21,173,14,38.8,39.2,28.1,36,1.24,709.0,33.559,47.21,43.37,0,50.36
2024-06-22,174,11,38.1,38.5,29.7,42,3.11,770.0,33.164,46.30,44.6,0,51.28
2024-06-23,175,14,36.8,36.8,26.9,50,0.3,540.0,34.811,44.94,45.23,0,50.37
2024-06-24,176,11,37.2,38.8,28.0,49,1.7,748.0,33.979,46.59,45.81,0,51.49
2024-06-25,177,10,36.3,36.3,27.0,53,1.84,669.0,33.491,45.41,45.36,0,48.39
2024-06-26,178,14,35.6,35.6,27.3,55,3.07,519.0,32.39,43.05,44.38,0,44.59
2024-06-27,179,14,36.2,36.2,25.8,53,3.57,712.0,32.894,44.31,45.08,0,44.96
2024-06-28,180,12,34.5,34.7,26.4,61,2.35,688.0,32.692,43.66,44.04,0,44.43
2024-06-29,181,14,31.8,31.9,26.3,72,2.47,501.0,31.028,40.16,40.54,0,37.34
2024-06-30,182,12,32.7,33.0,25.9,68,2.64,745.0,31.843,42.01,41.72,0,40.18
2024-07-01,183,13,30.7,30.9,25.5,80,2.11,526.0,31.022,40.07,39.88,0,36.08
2024-07-02,184,17,29.1,30.0,25.9,87,0.32,176.0,30.162,37.05,36.73,0,31.57
2024-07-03,185,9,28.6,28.8,26.1,90,1.89,145.0,28.931,35.74,35.9,0,28.22
2024-07-04,186,15,32.2,32.2,25.8,69,0.76,479.0,32.105,41.46,40.63,0,39.76
2024-07-05,187,13,30.3,30.8,26.0,81,2.16,626.0,30.932,40.10,38.91,0,36.15
2024-07-06,188,11,31.5,31.5,25.8,70,4.44,537.0,30.176,38.10,38.97,0,33.07
2024-07-07,189,15,30.1,30.2,25.7,75,1.92,313.0,29.429,37.51,36.57,0,30.22
2024-07-08,190,13,32.2,32.2,25.7,69,0.5,596.0,33.04,42.26,40.63,0,41.99
2024-07-09,191,11,32.5,33.3,27.0,73,0.22,545.0,33.729,41.88,43.13,0,45.46
2024-07-10,192,10,32.5,34.9,26.5,78,0.28,690.0,34.802,43.67,45.3,0,49.00
2024-07-11,193,14,32.6,32.6,26.2,72,0.99,425.0,32.375,41.98,43.04,0,42.01
2024-07-12,194,13,34.3,34.4,27.2,61,1.58,779.0,33.083,44.37,43.46,0,46.39
2024-07-13,195,15,32.3,32.5,25.9,69,1.06,498.0,31.903,41.56,40.92,0,39.67
2024-07-14,196,11,32.8,33.1,26.4,71,2.47,780.0,32.407,42.83,43.26,0,42.99
2024-07-15,197,14,33.9,33.9,25.9,66,4.18,742.0,32.352,42.31,44.53,0,42.41
2024-07-16,198,14,35.0,35.0,28.6,57,4.52,735.0,32.184,42.65,43.64,0,45.16
2024-07-17,199,13,32.5,32.6,28.0,71,3.71,564.0,31.41,40.31,42.31,0,40.81
2024-07-18,200,13,35.1,35.3,27.8,64,2.53,829.0,33.809,45.44,47.38,0,50.70
2024-07-19,201,15,33.3,33.5,27.1,68,1.87,566.0,32.369,42.64,43.55,0,43.71
2024-07-20,202,14,35.3,35.3,27.7,63,3.4,745.0,33.469,44.57,47.51,0,49.36
2024-07-21,203,13,34.2,34.3,28.3,62,4.33,810.0,32.216,42.48,43.61,0,44.73
2024-07-22,204,13,32.8,33.1,28.0,72,3.7,739.0,32.102,41.74,43.69,0,43.66
2024-07-23,205,13,32.9,33.2,26.9,69,2.7,703.0,32.055,42.17,42.73,0,42.24
2024-07-24,206,13,33.2,33.2,27.0,68,3.11,713.0,32.12,42.17,43.24,0,42.67
2024-07-25,207,16,33.2,33.2,26.4,69,0.92,433.0,32.699,42.50,43.67,0,43.46
2024-07-26,208,13,33.0,33.0,26.8,74,1.44,806.0,33.559,44.51,45.25,0,47.59
2024-07-27,209,10,33.3,33.3,27.2,75,2.3,630.0,33.131,43.68,46.79,0,47.22
2024-07-28,210,13,34.6,34.6,28.5,61,6.26,800.0,32.178,42.41,44.34,0,45.11
2024-07-29,211,12,34.5,34.9,28.7,62,4.72,795.0,32.409,42.68,44.51,0,46.04
2024-07-30,212,15,35.0,35.2,27.2,64,1.3,539.0,33.765,44.79,47.06,0,49.33
2024-07-31,213,16,32.1,32.1,26.3,73,1.77,373.0,31.361,40.55,41.85,0,38.73
2024-08-01,214,12,32.3,32.6,26.0,70,2.15,804.0,31.994,42.38,41.3,0,40.69
2024-08-02,215,14,32.3,32.3,25.8,65,3.8,627.0,30.617,39.62,39.46,0,35.18
2024-08-03,216,15,32.2,32.2,26.6,65,5.92,568.0,30.137,38.17,39.19,0,34.06
2024-08-04,217,13,32.3,32.4,26.3,63,9.96,745.0,29.918,39.34,38.77,0,33.99
2024-08-05,218,14,32.7,32.8,26.2,62,3.13,680.0,30.876,40.66,39.46,0,36.89
2024-08-06,219,12,31.4,31.4,26.2,69,2.02,542.0,30.56,39.93,38.37,0,35.36
2024-08-07,220,14,31.5,31.5,26.0,71,1.75,712.0,31.378,41.34,39.31,0,38.04
2024-08-08,221,14,31.0,31.2,25.3,75,1.12,531.0,31.369,40.68,39.17,0,36.68
2024-08-09,222,16,28.6,28.6,25.2,82,2.57,292.0,28.47,35.44,34.04,0,25.39
2024-08-10,223,15,30.8,31.0,25.2,71,0.58,599.0,31.732,40.65,37.36,0,36.55
2024-08-11,224,11,31.1,31.2,24.7,72,2.12,699.0,30.893,40.55,38.49,0,34.73
2024-08-12,225,12,31.6,31.6,25.7,71,3.1,789.0,31.07,40.61,39.6,0,36.69
2024-08-13,226,12,32.3,32.3,25.7,70,2.63,817.0,31.819,42.01,41.3,0,39.75
2024-08-14,227,13,32.0,32.0,26.0,75,1.41,675.0,32.45,42.60,42.31,0,42.09
2024-08-15,228,14,33.4,33.4,25.9,64,2.48,685.0,31.979,42.38,42.15,0,40.86
2024-08-16,229,15,33.4,33.4,26.4,68,1.56,585.0,32.675,43.11,43.86,0,43.93
2024-08-17,230,11,32.3,33.2,26.3,68,0.81,735.0,32.763,42.77,40.55,0,42.50
2024-08-18,231,13,29.6,29.6,25.8,80,2.14,393.0,29.624,37.73,36.46,0,30.83
2024-08-19,232,12,31.8,32.0,25.7,76,1.22,819.0,32.855,43.22,42.05,0,42.86
2024-08-20,233,11,30.5,31.0,25.0,77,1.28,600.0,31.147,40.51,38.3,0,35.46
2024-08-21,234,15,30.8,30.8,25.3,75,0.36,603.0,32.531,40.77,38.58,0,38.72
2024-08-22,235,13,30.9,30.9,24.8,74,0.7,529.0,31.684,40.66,38.55,0,36.44
2024-08-23,236,12,31.3,31.9,25.1,75,0.57,756.0,33.166,42.52,40.09,0,41.51
2024-08-24,237,15,31.9,31.9,25.7,71,4.7,533.0,30.627,38.61,40.48,0,34.73
2024-08-25,238,14,32.5,32.5,25.8,67,4.74,685.0,30.972,39.79,40.75,0,36.46
2024-08-26,239,13,31.8,31.8,25.4,70,4.65,754.0,30.765,39.46,39.83,0,35.02
2024-08-27,240,12,30.6,30.6,25.7,74,4.4,644.0,29.939,37.81,37.69,0,31.82
2024-08-28,241,15,29.2,29.2,25.1,78,4.12,562.0,28.927,36.07,34.85,0,26.89
2024-08-29,242,12,32.1,32.5,24.8,64,0.61,810.0,32.727,42.53,38.59,0,39.78
2024-08-30,243,13,32.8,32.8,25.8,68,0.2,759.0,34.178,42.39,42.02,0,44.86
2024-08-31,244,12,33.0,33.6,25.4,65,0.64,784.0,33.545,43.66,41.4,0,43.89
2024-09-01,245,13,32.6,32.6,26.7,72,3.35,750.0,32.009,41.76,43.04,0,41.74
2024-09-02,246,14,32.6,32.6,26.4,63,4.64,615.0,30.503,39.24,39.55,0,35.43
2024-09-03,247,12,33.4,33.4,26.6,65,3.69,823.0,31.982,42.13,42.56,0,41.66
2024-09-04,248,12,32.4,32.8,26.1,71,0.22,769.0,34.175,42.41,42.0,0,45.21
2024-09-05,249,12,31.5,31.6,25.1,75,1.06,739.0,32.448,42.42,40.71,0,40.31
2024-09-06,250,12,31.5,31.5,25.1,71,2.83,831.0,31.124,40.90,39.31,0,36.19
2024-09-07,251,14,32.7,32.8,25.4,64,0.41,646.0,33.239,42.41,40.18,0,41.95
2024-09-08,252,13,33.6,33.6,25.4,64,0.41,780.0,34.524,44.23,42.73,0,46.65
2024-09-09,253,11,32.7,32.7,26.0,73,2.18,762.0,32.628,43.13,43.79,0,43.36
2024-09-10,254,13,32.2,32.2,26.5,70,3.42,606.0,31.143,40.20,41.0,0,37.99
2024-09-11,255,10,30.5,30.5,26.0,75,7.09,533.0,29.488,36.28,37.7,0,30.22
2024-09-12,256,13,28.9,28.9,25.7,79,7.61,357.0,28.054,33.06,34.25,0,23.55
2024-09-13,257,13,31.8,31.8,25.6,65,4.11,748.0,30.278,39.30,38.14,0,33.59
2024-09-14,258,14,30.4,30.4,23.6,67,4.05,617.0,28.992,37.06,35.26,0,26.13
2024-09-15,259,14,31.5,31.5,24.2,68,4.25,622.0,30.12,38.47,38.32,0,31.12
2024-09-16,260,12,31.3,31.6,25.6,67,2.1,695.0,30.523,40.31,37.48,0,34.54
2024-09-17,261,10,28.0,28.0,25.2,85,3.78,141.0,27.546,32.17,32.9,0,20.86
2024-09-18,262,13,31.5,31.6,24.6,63,7.2,658.0,29.255,37.35,36.78,0,28.58
2024-09-19,263,13,31.6,32.1,25.1,62,2.14,794.0,30.394,40.66,36.73,0,33.68
2024-09-20,264,13,31.9,32.0,23.5,58,2.14,713.0,30.045,40.32,36.26,0,30.73
2024-09-21,265,10,31.2,32.4,24.5,65,1.14,661.0,30.762,40.55,36.64,0,33.57
2024-09-22,266,14,34.1,34.4,25.3,55,1.06,602.0,32.169,42.86,40.43,0,40.23
2024-09-23,267,13,34.7,34.8,26.0,58,0.6,725.0,34.194,44.80,43.26,0,47.33
2024-09-24,268,13,33.8,34.0,26.0,58,0.0,777.0,33.96,42.03,40.83,0,43.98
2024-09-25,269,14,32.2,32.2,26.3,68,3.56,636.0,30.935,40.02,40.26,0,36.95
2024-09-26,270,12,29.8,29.8,24.9,73,5.16,530.0,28.777,35.56,35.26,0,26.16
2024-09-27,271,13,27.9,27.9,24.5,88,2.9,419.0,28.633,35.68,33.26,0,24.77
2024-09-28,272,12,29.4,29.4,24.6,77,1.06,580.0,30.234,39.15,35.16,0,31.12
2024-09-29,273,15,30.0,30.2,24.6,75,0.25,376.0,30.856,37.99,36.3,0,31.88
2024-09-30,274,13,31.5,31.7,23.9,66,3.38,649.0,30.105,39.10,37.69,0,30.97
2024-10-01,275,13,32.4,32.6,24.8,60,4.22,701.0,30.156,39.37,38.03,0,32.44
2024-10-02,276,12,33.4,33.7,25.2,58,4.69,805.0,30.906,40.75,39.81,0,35.98
2024-10-03,277,12,33.2,33.7,23.6,60,2.04,759.0,31.627,42.39,40.03,0,36.74
2024-10-04,278,13,33.2,33.2,24.2,60,2.18,722.0,31.493,42.11,40.03,0,36.98
2024-10-05,279,10,30.8,32.7,23.9,74,1.22,640.0,31.261,40.81,38.26,0,34.59
2024-10-06,280,12,31.2,31.2,24.1,66,1.93,713.0,30.431,40.33,36.93,0,32.42
2024-10-07,281,12,30.3,30.6,22.1,70,2.07,701.0,29.935,39.40,35.78,0,28.05
2024-10-08,282,12,30.6,31.2,23.8,69,0.22,698.0,32.006,39.55,36.27,0,34.24
2024-10-09,283,12,31.2,31.5,23.7,65,1.52,695.0,30.524,40.47,36.64,0,32.13
2024-10-10,284,12,31.6,31.6,22.4,57,2.45,740.0,29.569,39.75,35.34,0,27.80
2024-10-11,285,11,30.6,31.8,22.3,53,2.89,748.0,28.031,37.98,32.53,0,22.45
2024-10-12,286,12,30.9,31.4,23.7,49,1.8,760.0,28.28,39.03,32.26,0,25.21
2024-10-13,287,13,30.7,30.7,21.6,58,2.65,603.0,28.537,37.91,33.76,0,23.47
2024-10-14,288,13,30.2,30.3,23.3,61,1.9,586.0,28.672,38.14,33.43,0,25.28
2024-10-15,289,10,29.5,31.5,22.2,65,2.65,634.0,28.277,37.18,32.83,0,22.33
2024-10-16,290,13,31.6,31.6,20.3,45,1.3,707.0,28.624,39.57,32.61,0,24.40
2024-10-17,291,12,31.4,31.7,21.1,47,1.59,738.0,28.557,39.48,32.68,0,24.23
2024-10-18,292,12,31.4,31.9,21.6,52,2.47,740.0,28.762,39.15,33.73,0,24.78
2024-10-19,293,11,31.3,32.7,21.2,54,1.36,712.0,29.471,39.88,34.0,0,26.74
2024-10-20,294,12,32.0,32.9,21.9,53,1.4,730.0,29.992,40.65,35.11,0,28.70
2024-10-21,295,12,31.4,32.2,22.0,57,0.34,723.0,31.449,40.17,34.93,0,31.04
2024-10-22,296,9,28.2,32.3,22.0,74,0.35,456.0,29.364,36.68,31.65,0,23.36
2024-10-23,297,12,31.7,32.1,20.4,48,2.33,719.0,28.537,39.25,33.38,0,24.29
2024-10-24,298,11,31.1,31.9,21.5,56,1.59,664.0,29.258,39.42,34.08,0,26.04
2024-10-25,299,12,30.5,30.9,22.6,58,0.6,649.0,30.083,39.37,33.37,0,27.99
2024-10-26,300,12,30.7,30.9,22.5,57,2.32,671.0,28.662,38.49,33.54,0,24.62
2024-10-27,301,11,30.1,30.9,21.2,56,1.6,668.0,28.342,38.33,32.24,0,22.83
2024-10-28,302,13,31.0,31.2,23.0,55,1.51,557.0,28.849,38.72,33.67,0,25.78
2024-10-29,303,13,31.9,31.9,22.4,52,1.61,596.0,29.328,39.66,34.66,0,27.02
2024-10-30,304,12,32.1,32.5,21.6,50,2.35,685.0,29.085,39.65,34.55,0,26.05
2024-10-31,305,10,30.9,33.2,22.1,61,2.53,574.0,29.055,38.32,34.88,0,25.28
2024-11-01,306,11,30.7,32.2,20.0,48,2.51,675.0,27.492,37.77,31.77,0,20.65
2024-11-02,307,12,30.7,31.0,18.1,39,0.87,690.0,27.455,38.28,30.4,0,20.44
2024-11-03,308,12,30.6,30.9,18.3,41,0.81,679.0,27.708,38.28,30.54,0,20.97
2024-11-04,309,10,28.4,30.5,18.8,62,1.07,553.0,27.589,36.66,30.32,0,19.49
2024-11-05,310,12,29.2,29.4,20.3,59,1.42,602.0,27.829,37.35,31.22,0,20.77
2024-11-06,311,10,28.7,30.7,21.0,59,0.55,541.0,28.294,36.96,30.4,0,21.07
2024-11-07,312,12,29.4,29.7,21.4,53,0.59,602.0,28.356,37.57,30.62,0,21.71
2024-11-08,313,13,29.1,29.1,20.4,55,0.7,549.0,27.922,37.05,30.46,0,20.45
2024-11-09,314,13,29.3,29.4,20.2,50,0.36,544.0,28.063,36.55,30.06,0,20.21
2024-11-10,315,12,29.4,29.9,19.6,51,1.54,605.0,27.003,36.96,30.33,0,18.60
2024-11-11,316,12,29.7,30.1,19.4,49,0.95,591.0,27.509,37.38,30.47,0,19.92
2024-11-12,317,11,29.2,30.0,19.3,52,3.02,611.0,26.362,35.54,30.19,0,16.31
2024-11-13,318,11,29.7,30.8,20.1,46,2.68,615.0,26.177,36.09,30.06,0,16.32
2024-11-14,319,12,29.4,29.8,18.7,38,2.41,646.0,25.009,35.78,28.83,0,13.43
2024-11-15,320,12,28.9,29.5,18.0,42,3.52,632.0,24.774,34.36,28.69,0,11.91
2024-11-16,321,12,28.5,28.9,18.0,41,2.91,628.0,24.436,34.43,28.2,0,11.14
2024-11-17,322,12,28.8,29.3,17.7,40,3.54,627.0,24.413,34.12,28.41,0,10.95
2024-11-18,323,12,28.3,28.8,18.3,39,0.76,619.0,25.352,35.58,27.86,0,13.57
2024-11-19,324,11,26.2,26.9,17.4,47,0.94,595.0,24.159,33.87,26.15,0,9.76
2024-11-20,325,12,24.8,25.1,14.4,44,0.9,629.0,22.72,32.68,24.64,0,6.19
2024-11-21,326,13,25.2,25.4,14.2,36,0.15,588.0,22.905,30.75,24.96,0,5.14
2024-11-22,327,12,25.4,25.9,14.2,40,0.56,617.0,23.367,33.10,25.22,0,7.71
2024-11-23,328,13,26.1,26.1,14.8,42,1.46,569.0,22.948,33.05,25.98,0,6.89
2024-11-24,329,13,26.8,26.9,14.8,40,3.07,565.0,22.67,32.10,26.72,0,5.67
2024-11-25,330,13,27.0,27.1,15.8,42,3.0,568.0,23.115,32.48,26.97,0,6.78
2024-11-26,331,11,24.9,26.4,15.6,51,2.33,580.0,22.501,31.59,24.84,0,4.98
2024-11-27,332,11,24.7,25.7,14.5,40,1.18,584.0,21.744,31.99,24.48,0,4.33
2024-11-28,333,13,25.7,25.7,13.6,32,0.45,575.0,22.766,32.76,25.43,0,6.33
2024-11-29,334,12,24.9,25.2,13.4,32,0.78,615.0,21.497,32.23,24.59,0,4.50
2024-11-30,335,12,24.7,25.0,12.5,36,1.37,609.0,21.172,31.86,24.43,0,4.23
2024-12-01,336,12,25.0,25.4,13.9,38,1.0,601.0,21.994,32.37,24.77,0,4.60
2024-12-02,337,13,26.0,26.0,13.9,43,1.71,555.0,22.797,32.73,25.89,0,6.36
2024-12-03,338,13,26.6,26.7,13.9,41,2.53,563.0,22.765,32.48,26.49,0,6.13
2024-12-04,339,13,26.3,26.4,14.5,39,3.29,564.0,22.059,31.31,26.15,0,3.95
2024-12-05,340,12,24.9,25.2,14.4,30,3.94,614.0,19.673,29.28,24.56,0,2.37
2024-12-06,341,13,23.8,23.8,12.4,31,4.06,570.0,18.794,27.76,23.42,0,1.27
2024-12-07,342,11,22.5,23.9,11.6,41,0.65,565.0,20.584,30.43,22.19,0,3.20
2024-12-08,343,13,23.7,23.7,12.7,33,0.86,565.0,20.35,30.96,23.34,0,3.58
2024-12-09,344,13,24.4,24.4,13.4,32,0.11,547.0,21.574,29.52,24.07,0,2.54
2024-12-10,345,12,21.9,22.4,11.5,31,3.72,606.0,17.334,26.52,21.43,0,0.37
2024-12-11,346,13,20.9,21.2,9.6,33,1.9,574.0,17.205,27.87,20.4,0,1.35
2024-12-12,347,13,21.2,21.5,8.9,38,3.3,573.0,17.554,26.33,20.78,0,0.24
2024-12-13,348,13,21.6,21.9,9.0,33,3.57,580.0,17.3,26.28,21.14,0,0.20
2024-12-14,349,14,20.0,20.0,8.8,39,1.9,478.0,16.848,26.57,19.54,0,0.41
2024-12-15,350,13,21.2,21.4,7.6,35,0.4,564.0,19.292,29.07,20.74,0,2.22
2024-12-16,351,13,22.7,22.9,9.5,37,1.11,561.0,19.675,30.12,22.35,0,2.98
2024-12-17,352,13,23.3,23.5,9.9,41,1.0,558.0,20.748,30.81,23.03,0,3.47
2024-12-18,353,13,23.1,23.2,11.3,41,1.3,565.0,20.315,30.47,22.82,0,3.23
2024-12-19,354,13,23.3,23.5,10.6,39,0.7,562.0,20.954,30.93,23.0,0,3.56
2024-12-20,355,12,23.0,23.9,11.1,43,0.11,594.0,21.829,29.07,22.74,0,2.21
2024-12-21,356,13,23.8,24.1,10.2,37,1.93,566.0,20.095,30.35,23.5,0,3.15
2024-12-22,357,11,21.9,23.3,10.8,36,0.76,552.0,19.281,29.63,21.49,0,2.63
2024-12-23,358,14,23.8,23.8,11.2,34,2.45,462.0,19.312,28.96,23.46,0,2.14
2024-12-24,359,11,20.5,20.5,14.3,57,1.6,299.0,18.649,26.47,20.3,0,0.34
2024-12-25,360,12,22.0,22.9,14.1,59,0.6,511.0,21.868,30.50,21.9,0,3.25
2024-12-26,361,13,24.2,24.3,13.7,52,1.3,540.0,22.41,31.75,24.12,0,4.93
2024-12-27,362,14,25.7,25.7,13.9,46,1.41,464.0,22.823,32.24,25.61,0,6.06
2024-12-28,363,13,22.3,22.4,16.0,60,3.93,467.0,20.425,26.61,22.23,0,0.44
2024-12-29,364,14,22.8,22.8,13.5,61,2.86,439.0,21.136,28.38,22.76,0,1.72
2024-12-30,365,13,20.6,20.8,12.4,58,2.4,564.0,19.208,27.67,20.41,0,1.21
2024-12-31,366,14,18.3,18.3,9.4,62,1.72,433.0,17.39,25.79,18.05,0,0.00
2025-01-01,1,14,17.8,17.8,9.0,59,1.97,480.0,16.679,25.25,17.49,0,0.00
2025-01-02,2,13,18.1,18.5,9.2,61,1.3,547.0,17.667,27.01,17.83,0,0.73
2025-01-03,3,14,20.0,20.1,8.8,63,1.71,491.0,19.221,27.78,19.85,0,1.28
2025-01-04,4,14,18.4,18.4,9.1,71,0.51,480.0,19.649,27.99,18.27,0,1.44
2025-01-05,5,13,17.7,17.9,8.0,72,1.19,362.0,17.756,25.76,17.55,0,0.00
2025-01-06,6,14,19.9,19.9,9.3,70,0.54,499.0,20.99,29.26,19.84,0,2.36
2025-01-07,7,13,19.8,19.9,10.6,68,3.24,558.0,19.114,26.03,19.71,0,0.02
2025-01-08,8,14,18.3,18.3,9.4,60,2.47,501.0,17.099,25.10,18.03,0,0.00
2025-01-09,9,13,19.1,19.4,8.2,60,0.07,596.0,19.948,26.60,18.87,0,0.44
2025-01-10,10,14,18.8,18.8,7.9,62,0.54,518.0,19.325,28.18,18.58,0,1.57
2025-01-11,11,14,20.3,20.3,8.3,60,2.49,526.0,19.004,27.09,20.13,0,0.78
2025-01-12,12,14,19.7,19.7,12.4,65,3.45,499.0,18.6,25.05,19.56,0,0.00
2025-01-13,13,13,20.4,20.9,9.9,70,1.87,600.0,20.396,28.97,20.36,0,2.14
2025-01-14,14,13,20.3,20.6,11.2,61,0.82,602.0,20.378,29.62,20.14,0,2.62
2025-01-15,15,13,19.8,20.2,9.1,63,1.25,618.0,19.649,29.00,19.64,0,2.17
2025-01-16,16,12,18.8,19.1,9.3,67,1.55,585.0,18.759,27.77,18.64,0,1.28
2025-01-17,17,13,20.9,21.3,9.9,63,2.08,627.0,20.198,29.00,20.8,0,2.17
2025-01-18,18,13,19.9,20.2,9.8,63,2.72,632.0,19.04,27.21,19.75,0,0.87
2025-01-19,19,14,21.9,21.9,9.4,57,2.96,556.0,20.133,28.01,21.77,0,1.45
2025-01-20,20,14,24.0,24.0,13.3,57,3.98,559.0,21.862,28.87,23.97,0,2.07
2025-01-21,21,14,23.6,23.6,13.2,57,3.5,560.0,21.584,29.02,23.55,0,2.18
2025-01-22,22,13,23.3,23.7,12.0,57,1.57,646.0,22.165,31.58,23.24,0,4.34
2025-01-23,23,13,23.7,23.9,11.2,51,2.0,637.0,21.667,31.17,23.58,0,3.73
2025-01-24,24,12,21.6,22.1,12.9,52,3.35,671.0,19.487,27.73,21.39,0,1.25
2025-01-25,25,14,21.4,21.4,10.9,53,2.63,587.0,19.443,28.04,21.19,0,1.47
2025-01-26,26,13,20.8,21.1,9.9,50,1.22,675.0,19.537,29.67,20.52,0,2.65
2025-01-27,27,13,20.8,21.0,8.6,53,2.66,676.0,19.055,28.01,20.56,0,1.45
2025-01-28,28,13,21.7,22.0,9.9,48,1.97,683.0,19.668,29.58,21.44,0,2.59
2025-01-29,29,14,22.0,22.0,9.7,52,1.12,578.0,20.668,30.23,21.81,0,3.05
2025-01-30,30,13,23.4,23.8,10.6,49,1.03,681.0,21.99,31.94,23.24,0,4.29
2025-01-31,31,13,24.8,25.2,11.0,48,1.12,679.0,23.035,33.03,24.69,0,7.03
2025-02-01,32,14,25.8,25.8,13.5,42,0.72,597.0,23.553,33.36,25.67,0,8.25
2025-02-02,33,13,25.9,25.9,13.4,38,2.58,687.0,22.01,32.36,25.72,0,4.61
2025-02-03,34,14,24.8,24.8,13.3,38,3.37,609.0,20.705,29.97,24.56,0,2.86
2025-02-04,35,14,26.2,26.2,13.4,41,2.28,585.0,22.547,32.48,26.07,0,5.71
2025-02-05,36,13,26.2,26.4,15.8,50,3.7,678.0,23.374,31.90,26.19,0,6.85
2025-02-06,37,12,22.7,23.9,12.1,33,4.41,746.0,18.335,27.42,22.29,0,1.03
2025-02-07,38,13,21.7,22.5,10.8,41,4.26,725.0,18.365,26.64,21.35,0,0.46
2025-02-08,39,14,23.3,23.5,10.9,38,2.7,632.0,19.629,29.47,22.99,0,2.51
2025-02-09,40,13,25.7,26.1,11.7,30,2.57,727.0,20.875,32.16,25.4,0,4.45
2025-02-10,41,13,27.2,27.3,12.5,32,2.51,717.0,22.405,33.64,26.63,0,6.28
2025-02-11,42,14,28.3,28.3,14.8,28,3.93,645.0,22.24,32.98,27.22,0,5.57
2025-02-12,43,12,28.0,28.3,15.2,33,3.18,739.0,23.048,33.96,27.24,0,7.82
2025-02-13,44,14,25.0,25.0,14.3,30,4.88,674.0,19.699,28.89,24.67,0,2.09
2025-02-14,45,15,25.4,25.4,13.0,24,5.13,524.0,18.908,28.05,25.01,0,1.48
2025-02-15,46,13,27.4,27.7,13.5,25,1.3,732.0,22.233,34.51,26.49,0,6.59
2025-02-16,47,12,27.5,28.5,14.5,31,0.39,753.0,24.738,34.89,26.79,0,11.59
2025-02-17,48,12,27.8,28.6,15.3,36,0.21,743.0,25.653,34.27,27.25,0,12.96
2025-02-18,49,12,27.5,28.3,16.7,37,1.88,757.0,23.69,34.85,27.08,0,9.62
2025-02-19,50,13,28.0,28.2,14.6,25,2.05,747.0,22.26,34.71,26.89,0,6.78
2025-02-20,51,13,29.1,29.1,16.4,25,1.17,743.0,23.749,36.13,27.7,0,10.88
2025-02-21,52,13,29.0,29.3,16.4,35,1.17,754.0,25.222,36.58,28.2,0,14.18
2025-02-22,53,12,26.3,26.8,16.3,41,2.86,779.0,22.793,33.05,26.18,0,6.59
2025-02-23,54,13,25.8,26.0,15.3,37,2.71,773.0,21.906,32.56,25.6,0,4.74
2025-02-24,55,11,25.8,27.1,14.5,40,1.71,730.0,22.645,33.40,25.64,0,6.56
2025-02-25,56,11,26.5,27.8,14.3,27,0.5,743.0,23.15,34.13,26.21,0,8.05
2025-02-26,57,12,28.0,29.0,15.8,34,0.87,776.0,24.667,35.80,27.3,0,12.23
2025-02-27,58,12,29.6,30.5,16.8,37,1.66,780.0,25.669,37.17,28.94,0,15.72
2025-02-28,59,13,30.9,31.1,20.2,36,3.19,609.0,25.714,36.45,30.26,0,15.78
2025-03-01,60,14,28.5,28.5,19.1,38,2.38,644.0,24.24,34.87,27.97,0,11.00
2025-03-02,61,13,29.7,29.7,17.6,33,4.27,797.0,24.326,35.19,28.7,0,11.67
2025-03-03,62,14,28.9,28.9,15.3,23,4.84,738.0,21.897,33.45,27.47,0,5.55
2025-03-04,63,12,29.2,30.0,16.9,36,3.15,816.0,24.618,35.72,28.46,0,12.51
2025-03-05,64,13,24.0,24.8,15.3,31,5.77,841.0,19.105,28.14,23.63,0,1.54
2025-03-06,65,14,25.6,25.8,13.4,28,3.81,743.0,20.206,30.85,25.27,0,3.51
2025-03-07,66,12,28.3,29.0,13.5,23,3.04,851.0,21.969,34.69,27.04,0,6.29
2025-03-08,67,12,29.0,29.8,15.9,24,3.4,860.0,22.609,35.18,27.59,0,8.00
2025-03-09,68,12,30.3,31.0,16.2,26,0.25,848.0,26.553,36.73,28.76,0,17.01
2025-03-10,69,14,31.4,31.6,17.5,27,0.69,732.0,26.617,38.44,29.88,0,18.78
2025-03-11,70,13,33.0,33.5,18.8,26,3.0,820.0,26.232,39.60,31.49,0,19.49
2025-03-12,71,14,34.6,34.6,20.6,24,3.87,743.0,26.799,40.53,33.1,0,21.83
2025-03-13,72,14,33.2,33.2,21.5,27,2.85,714.0,26.447,39.44,31.84,0,19.91
2025-03-14,73,11,33.2,34.8,20.8,30,2.04,767.0,27.382,40.31,32.25,0,22.46
2025-03-15,74,12,34.9,35.6,22.3,26,1.21,837.0,28.777,42.51,33.78,0,27.60
2025-03-16,75,12,31.2,32.2,23.1,34,2.84,853.0,26.179,38.20,30.37,0,19.24
2025-03-17,76,11,31.0,32.5,21.3,32,2.61,757.0,25.622,37.62,29.93,0,16.32
2025-03-18,77,13,30.4,30.6,18.4,21,4.21,869.0,23.006,36.09,28.6,0,9.78
2025-03-19,78,13,31.7,32.0,18.6,22,2.83,871.0,24.575,38.37,29.81,0,14.84
2025-03-20,79,12,32.8,34.0,19.6,24,1.68,875.0,26.386,40.20,31.06,0,20.05
2025-03-21,80,10,30.2,33.2,20.2,28,1.25,709.0,24.981,37.13,28.8,0,14.34
2025-03-22,81,11,32.0,32.4,19.4,15,1.84,848.0,23.723,38.69,29.79,0,13.46
2025-03-23,82,11,30.6,32.0,18.5,21,0.3,834.0,25.849,36.95,28.77,0,15.84
2025-03-24,83,11,31.4,33.0,18.6,24,0.49,838.0,26.93,38.77,29.65,0,19.52
2025-03-25,84,12,33.5,34.1,18.9,23,2.28,889.0,26.439,40.72,31.72,0,20.77
2025-03-26,85,13,37.1,37.3,20.8,17,4.03,879.0,27.331,43.81,35.02,0,25.92
2025-03-27,86,11,37.0,38.8,22.3,19,4.51,852.0,27.62,43.55,35.22,0,26.70
2025-03-28,87,11,35.2,36.9,24.3,23,3.83,848.0,27.236,41.72,33.68,0,26.41
2025-03-29,88,13,32.4,33.1,18.6,12,4.06,920.0,22.616,38.33,29.98,0,11.18
2025-03-30,89,14,33.9,33.9,18.7,11,3.65,813.0,23.36,39.57,31.12,0,13.90
2025-03-31,90,13,35.0,35.3,19.6,11,2.75,915.0,24.557,41.50,32.09,0,17.92
2025-04-01,91,13,35.8,35.9,20.6,8,4.02,917.0,23.839,41.77,32.32,0,16.84
2025-04-02,92,13,35.8,35.8,21.5,9,2.45,811.0,24.456,41.77,32.48,0,18.07
2025-04-03,93,13,37.6,37.8,21.3,9,2.86,900.0,25.701,44.05,34.14,0,22.68
2025-04-04,94,11,36.9,38.5,23.0,15,3.29,851.0,26.794,43.53,34.52,0,25.68
2025-04-05,95,13,38.0,38.1,22.9,11,3.7,899.0,26.394,44.58,34.95,0,25.73
2025-04-06,96,13,38.1,38.2,22.8,12,2.21,904.0,27.284,45.09,35.28,0,27.78
2025-04-07,97,14,39.2,39.2,23.9,11,0.85,801.0,28.712,45.44,36.15,0,32.34
2025-04-08,98,13,38.9,38.9,25.5,19,1.8,811.0,29.876,46.35,37.6,0,37.60
2025-04-09,99,12,38.4,38.8,26.6,23,0.67,796.0,31.674,45.98,37.95,0,42.14
2025-04-10,100,12,35.7,35.7,25.4,34,2.29,875.0,30.234,43.73,36.73,0,35.95
2025-04-11,101,14,34.8,34.8,21.6,32,1.25,780.0,29.625,42.56,34.81,0,29.27
2025-04-12,102,11,34.8,35.3,22.7,35,2.55,855.0,29.497,42.50,35.51,0,30.06
2025-04-13,103,12,34.8,34.8,22.1,28,0.65,846.0,29.974,42.61,34.0,0,29.78
2025-04-14,104,14,32.6,32.6,21.9,39,2.02,723.0,28.226,39.95,32.97,0,24.06
2025-04-15,105,14,35.0,35.0,22.4,30,2.15,768.0,28.823,42.28,34.67,0,27.97
2025-04-16,106,14,36.7,36.7,23.7,25,1.55,747.0,29.548,44.02,36.01,0,32.61
2025-04-17,107,12,37.6,38.2,25.5,24,1.68,869.0,30.209,45.51,37.05,0,37.42
2025-04-18,108,13,37.6,38.1,24.7,32,2.21,866.0,31.499,45.87,39.42,0,40.06
2025-04-19,109,13,35.6,36.2,25.0,37,2.43,867.0,30.575,43.68,37.41,0,36.34
2025-04-20,110,13,39.1,39.7,25.8,29,1.59,818.0,32.435,47.44,41.04,0,44.85
2025-04-21,111,11,40.2,41.5,26.6,22,0.9,860.0,32.593,48.27,40.32,1,48.08
2025-04-22,112,12,39.8,40.5,26.4,20,3.57,916.0,30.318,47.57,39.09,2,44.26
2025-04-23,113,10,36.8,40.0,24.7,17,3.1,800.0,27.215,43.39,34.68,3,33.41
2025-04-24,114,11,39.6,41.0,24.7,10,4.11,915.0,27.129,46.40,36.3,4,37.70
2025-04-25,115,12,41.7,42.4,25.4,8,2.6,941.0,28.33,48.86,37.85,5,44.81
2025-04-26,116,11,41.8,42.5,25.1,7,1.01,891.0,29.043,48.24,37.67,6,46.95
2025-04-27,117,11,38.2,39.0,27.7,15,2.08,742.0,28.007,44.83,35.94,0,34.92
2025-04-28,118,13,37.2,37.9,24.3,21,1.59,874.0,29.298,44.85,35.84,0,33.37
2025-04-29,119,13,36.2,36.7,23.4,30,4.12,865.0,29.381,43.13,36.47,0,31.47
2025-04-30,120,12,35.5,35.8,24.8,31,3.82,889.0,29.078,42.55,35.64,0,31.81
2025-05-01,121,13,35.2,35.2,24.4,31,3.28,732.0,28.722,41.76,35.18,0,29.93
2025-05-02,122,14,36.1,36.1,25.3,26,1.42,614.0,29.063,42.76,35.39,0,32.42
2025-05-03,123,12,37.4,38.3,24.3,25,0.55,858.0,31.797,45.32,37.01,0,38.87
2025-05-04,124,9,34.2,34.2,26.5,39,2.74,582.0,29.069,40.56,35.52,0,32.29
2025-05-05,125,12,37.1,37.5,25.3,25,2.6,830.0,29.493,44.54,36.58,0,34.96
2025-05-06,126,13,34.3,34.7,24.6,39,1.56,795.0,30.111,42.45,35.69,0,33.47
2025-05-07,127,13,35.9,37.2,24.4,35,1.6,730.0,30.678,43.69,37.35,0,35.82
2025-05-08,128,15,37.3,37.6,25.8,26,2.64,576.0,29.391,43.56,37.12,0,34.84
2025-05-09,129,13,35.7,36.2,27.0,34,3.02,813.0,29.865,43.03,36.73,0,36.61
2025-05-10,130,13,39.0,39.0,26.6,27,3.87,812.0,31.067,46.38,40.13,0,42.10
2025-05-11,131,11,38.9,38.9,28.2,30,2.73,773.0,31.837,46.67,41.06,0,45.98
2025-05-12,132,11,37.5,40.6,27.8,29,2.0,797.0,30.828,45.33,38.28,1,43.27
2025-05-13,133,12,40.5,41.1,27.4,19,3.8,858.0,30.466,48.08,39.77,2,46.33
2025-05-14,134,12,41.3,42.1,28.6,16,3.34,878.0,30.387,49.00,39.9,3,49.96
2025-05-15,135,12,42.5,43.1,27.4,14,3.13,868.0,30.713,50.23,40.75,4,52.04
2025-05-16,136,11,41.9,43.6,28.5,17,0.73,842.0,32.855,49.48,41.03,5,58.60
2025-05-17,137,12,40.5,42.8,28.1,27,0.18,858.0,35.058,47.54,42.76,6,63.21
2025-05-18,138,13,39.4,40.5,27.3,32,2.01,830.0,33.042,47.96,42.83,7,58.79
2025-05-19,139,14,38.9,39.1,28.1,33,2.36,736.0,32.483,46.85,42.26,0,47.65
2025-05-20,140,14,39.6,39.7,26.0,36,1.55,741.0,34.063,48.27,45.14,0,50.29
2025-05-21,141,13,38.7,38.9,27.3,38,3.81,811.0,32.909,46.61,44.08,0,48.03
2025-05-22,142,13,34.4,34.8,24.8,45,2.13,805.0,30.776,42.72,37.6,0,35.86
2025-05-23,143,14,36.0,36.1,25.7,40,1.88,715.0,31.383,43.97,39.14,0,39.54
2025-05-24,144,12,34.0,34.5,26.6,53,4.17,829.0,30.941,41.51,39.44,0,38.08
2025-05-25,145,14,37.9,37.9,27.5,36,3.22,736.0,31.901,45.38,41.48,0,44.50
2025-05-26,146,11,36.9,37.6,27.9,41,2.59,742.0,32.07,44.87,41.4,0,44.89
2025-05-27,147,14,38.1,38.1,27.0,37,2.4,709.0,32.456,46.00,42.32,0,45.73
2025-05-28,148,13,39.8,39.8,28.5,32,1.84,808.0,33.43,48.41,43.64,0,51.55
2025-05-29,149,11,37.7,39.1,26.4,38,1.33,810.0,33.103,46.52,41.89,0,46.47
2025-05-30,150,10,36.4,39.8,29.1,47,0.05,710.0,34.614,43.77,42.8,0,50.83
2025-05-31,151,13,40.3,40.6,29.6,25,2.35,789.0,32.095,48.28,41.59,1,51.12
2025-06-01,152,12,39.2,39.5,30.6,26,4.36,873.0,31.004,46.73,40.11,0,46.89
2025-06-02,153,11,37.7,38.1,28.7,28,3.96,788.0,30.155,44.64,38.3,0,40.89
2025-06-03,154,15,35.5,35.5,26.8,31,0.72,441.0,29.732,41.49,35.64,0,34.61
2025-06-04,155,12,37.2,37.8,25.2,28,2.14,836.0,30.387,45.04,37.51,0,37.24
2025-06-05,156,10,34.1,36.5,24.7,39,0.45,736.0,31.479,42.28,35.35,0,35.92
2025-06-06,157,13,38.1,38.2,25.4,25,3.2,823.0,30.094,45.46,38.06,0,37.43
2025-06-07,158,14,41.3,41.3,28.0,22,1.01,728.0,32.989,48.96,42.05,1,51.61
2025-06-08,159,11,40.8,42.5,29.2,24,0.21,828.0,34.534,47.66,42.04,2,56.65
2025-06-09,160,10,40.3,42.5,31.4,29,0.43,721.0,34.891,48.37,43.27,3,62.53
2025-06-10,161,12,42.6,43.1,31.9,26,1.95,833.0,34.448,51.39,46.24,4,67.23
2025-06-11,162,13,42.4,42.6,32.6,28,2.25,755.0,34.451,50.91,46.94,5,69.63
2025-06-12,163,12,42.5,42.6,32.1,28,2.79,742.0,34.311,50.84,47.15,6,70.48
2025-06-13,164,12,42.4,42.4,31.3,29,2.57,785.0,34.597,51.05,47.51,7,70.37
2025-06-14,165,13,42.0,42.5,31.6,31,0.4,740.0,36.776,50.55,47.81,8,74.59
2025-06-15,166,14,38.1,38.1,29.9,44,2.75,646.0,33.374,46.10,45.6,0,52.14
2025-06-16,167,14,36.8,36.9,26.8,49,2.19,699.0,33.271,45.53,44.74,0,47.60
2025-06-17,168,15,35.6,35.6,26.2,56,1.06,588.0,33.639,44.85,44.86,0,47.14
2025-06-18,169,13,34.6,35.4,25.9,59,1.91,791.0,32.929,44.36,43.42,0,44.57
2025-06-19,170,14,35.9,35.9,27.6,54,1.8,721.0,33.392,45.27,44.74,0,48.57
2025-06-20,171,15,33.4,33.4,26.0,61,1.55,576.0,31.819,42.21,40.94,0,40.11
2025-06-21,172,13,34.2,34.3,27.0,60,1.7,779.0,32.785,44.04,42.73,0,45.08
2025-06-22,173,12,33.3,33.3,26.0,66,3.19,744.0,32.008,42.15,42.69,0,41.07
2025-06-23,174,14,33.0,33.0,26.3,65,2.77,561.0,31.394,41.08,41.4,0,39.01
2025-06-24,175,14,34.2,34.2,26.0,61,1.95,717.0,32.645,43.69,43.17,0,43.57
2025-06-25,176,13,34.4,34.7,25.9,59,3.75,804.0,32.135,42.76,42.86,0,41.70
2025-06-26,177,13,34.6,34.7,28.0,57,3.85,826.0,32.074,42.86,42.54,0,43.99
2025-06-27,178,13,34.9,34.9,28.1,58,2.84,778.0,32.67,43.89,43.82,0,46.45
2025-06-28,179,14,34.0,34.0,26.5,64,1.63,709.0,32.994,43.98,43.92,0,45.30
2025-06-29,180,15,32.4,32.5,26.2,70,0.68,515.0,32.66,42.11,41.6,0,42.10
2025-06-30,181,12,31.8,31.8,25.3,74,0.4,438.0,32.746,41.27,41.28,0,40.49
2025-07-01,182,13,31.4,31.6,24.6,74,2.65,746.0,31.281,40.89,40.04,0,36.17
2025-07-02,183,15,32.9,33.6,25.9,68,2.65,594.0,31.753,41.56,42.32,0,39.91
2025-07-03,184,14,33.9,33.9,25.8,63,2.51,725.0,32.388,43.11,43.18,0,42.43
2025-07-04,185,14,33.2,33.2,26.6,67,1.9,587.0,32.189,42.45,42.81,0,42.38
2025-07-05,186,12,33.2,33.2,26.0,69,1.51,822.0,33.151,44.10,43.67,0,45.00
2025-07-06,187,10,32.4,33.3,26.1,71,0.7,695.0,33.292,43.15,42.0,0,44.08
2025-07-07,188,14,34.3,34.3,25.6,61,1.46,720.0,33.046,44.18,43.46,0,44.32
2025-07-08,189,13,35.1,35.2,27.3,58,0.99,756.0,33.951,45.30,44.39,0,49.16
2025-07-09,190,15,30.8,30.8,26.1,74,1.36,392.0,30.486,39.32,38.26,0,34.62
2025-07-10,191,13,33.5,33.7,26.7,63,0.52,815.0,34.194,44.31,42.02,0,47.33
2025-07-11,192,12,32.8,33.2,25.5,67,2.01,822.0,32.224,42.91,41.62,0,41.05
2025-07-12,193,14,31.5,31.7,25.3,74,2.33,459.0,30.913,39.87,40.35,0,35.67
2025-07-13,194,14,33.3,33.3,25.6,64,3.47,615.0,31.485,41.08,41.86,0,38.54
2025-07-14,195,13,32.9,33.0,26.0,66,2.84,790.0,31.808,42.09,41.51,0,40.21
2025-07-15,196,14,33.3,33.3,25.7,64,1.7,754.0,32.385,43.18,41.86,0,41.87
2025-07-16,197,12,32.1,32.1,26.7,70,2.32,844.0,31.797,42.12,40.7,0,40.73
2025-07-17,198,13,30.2,30.2,26.7,73,5.62,485.0,29.037,35.66,36.31,0,29.21
2025-07-18,199,12,32.2,32.2,26.0,68,4.84,802.0,30.953,39.94,40.26,0,36.58
2025-07-19,200,12,33.3,33.8,25.7,61,2.93,842.0,31.637,42.25,40.67,0,39.34
2025-07-20,201,14,33.1,33.1,26.8,62,1.76,540.0,31.459,41.59,40.52,0,39.76
2025-07-21,202,12,33.1,33.5,26.2,64,0.76,821.0,33.361,43.77,41.29,0,44.51
2025-07-22,203,12,34.1,34.4,26.8,57,1.67,814.0,32.4,43.75,41.21,0,43.35
2025-07-23,204,14,34.4,34.4,26.6,62,2.06,702.0,32.874,43.94,44.21,0,45.27
2025-07-24,205,12,35.2,35.5,27.4,58,1.69,860.0,33.619,45.51,44.68,0,48.92
2025-07-25,206,12,36.4,36.5,28.1,52,0.56,750.0,35.128,46.43,45.14,0,53.42
2025-07-26,207,15,33.4,33.4,27.5,65,4.26,607.0,31.538,40.76,42.56,0,40.88
2025-07-27,208,13,33.3,33.4,27.8,64,3.64,733.0,31.642,41.52,41.86,0,41.72
2025-07-28,209,9,30.5,31.2,26.7,77,1.07,460.0,30.944,39.88,38.3,0,36.61
2025-07-29,210,14,30.0,30.0,25.9,82,1.88,489.0,30.562,39.35,38.24,0,34.54
2025-07-30,211,13,31.0,31.0,26.2,81,2.72,719.0,31.585,41.01,41.23,0,39.14
2025-07-31,212,13,31.6,31.6,25.7,74,3.02,612.0,31.125,40.20,40.66,0,36.89
2025-08-01,213,12,32.2,32.3,25.7,73,1.67,778.0,32.455,42.89,42.16,0,41.91
2025-08-02,214,12,32.3,32.3,25.7,71,1.82,561.0,31.778,41.63,41.69,0,39.54
2025-08-03,215,10,28.2,28.2,25.7,91,1.3,242.0,29.242,36.80,34.86,0,28.72
2025-08-04,216,14,28.6,28.6,25.1,82,4.42,419.0,28.455,34.53,34.04,0,24.59
2025-08-05,217,14,31.8,31.8,25.2,72,1.79,703.0,31.735,41.78,40.54,0,38.56
2025-08-06,218,12,31.7,31.7,25.1,73,0.84,559.0,32.218,41.69,40.6,0,39.31
2025-08-07,219,12,33.2,33.2,26.1,68,3.33,848.0,32.275,42.58,43.24,0,42.21
2025-08-08,220,11,29.7,29.7,25.9,83,0.99,438.0,30.809,39.46,37.57,0,34.84
2025-08-09,221,12,32.2,32.2,25.1,67,2.02,821.0,31.649,42.10,39.9,0,38.27
2025-08-10,222,13,32.4,32.4,25.7,71,2.14,726.0,32.065,42.30,42.0,0,40.68
2025-08-11,223,13,30.7,30.7,26.0,83,1.3,434.0,31.521,40.66,40.9,0,38.41
2025-08-12,224,13,32.9,33.0,26.0,71,2.3,782.0,32.575,43.13,43.58,0,43.18
2025-08-13,225,12,32.1,32.2,26.3,72,1.06,747.0,32.708,42.90,41.46,0,42.83
2025-08-14,226,13,32.3,32.3,25.3,70,2.85,813.0,31.738,41.79,41.3,0,38.97
2025-08-15,227,13,33.3,33.3,26.1,61,1.51,819.0,32.283,43.27,40.67,0,41.77
2025-08-16,228,13,33.5,33.5,26.8,65,2.6,820.0,32.386,43.14,42.86,0,43.50
2025-08-17,229,11,33.2,33.2,27.4,69,2.4,778.0,32.58,43.20,43.67,0,44.91
2025-08-18,230,12,32.6,32.6,26.8,67,3.26,769.0,31.486,41.33,41.03,0,39.81
2025-08-19,231,12,32.3,32.8,27.2,69,3.81,808.0,31.362,40.86,40.92,0,39.66
2025-08-20,232,13,31.3,31.9,26.4,74,3.93,636.0,30.679,39.11,39.74,0,35.73
2025-08-21,233,15,32.5,32.5,26.1,71,1.96,539.0,31.854,41.68,42.31,0,40.42
2025-08-22,234,14,32.3,32.3,24.9,69,1.48,682.0,32.023,42.24,40.92,0,39.23
2025-08-23,235,12,31.7,31.7,25.5,68,4.14,731.0,30.498,39.34,38.86,0,34.19
2025-08-24,236,13,31.5,31.5,25.4,72,3.4,774.0,30.983,40.25,39.65,0,35.93
2025-08-25,237,11,30.4,30.4,25.2,76,5.3,674.0,29.879,37.36,37.71,0,30.80
2025-08-26,238,14,31.9,32.1,25.5,73,2.44,687.0,31.618,41.40,41.22,0,38.66
2025-08-27,239,14,33.4,33.4,26.1,62,1.87,705.0,32.04,42.74,41.34,0,41.17
2025-08-28,240,14,32.5,32.5,26.8,72,2.55,660.0,31.99,41.90,42.72,0,41.81
2025-08-29,241,13,32.1,32.1,26.8,73,3.81,721.0,31.494,40.65,41.85,0,39.64
2025-08-30,242,13,32.2,32.2,26.5,72,2.82,727.0,31.736,41.54,41.77,0,40.36
2025-08-31,243,13,30.6,30.6,25.8,81,2.53,409.0,30.626,38.98,39.89,0,34.90
2025-09-01,244,14,31.8,31.8,25.4,72,2.69,628.0,31.216,40.63,40.54,0,36.98
2025-09-02,245,12,31.6,31.6,25.2,72,1.73,771.0,31.716,41.87,39.94,0,38.36
2025-09-03,246,13,31.9,31.9,26.5,71,2.9,744.0,31.341,41.00,40.48,0,38.75
2025-09-04,247,13,31.8,31.8,26.4,68,5.05,770.0,30.499,39.13,39.14,0,35.19
2025-09-05,248,13,32.4,32.4,25.6,69,3.64,795.0,31.475,41.07,41.22,0,38.28
2025-09-06,249,12,33.1,33.1,26.3,68,2.38,835.0,32.475,43.19,42.93,0,43.14
2025-09-07,250,13,33.5,33.5,25.7,64,1.31,784.0,32.928,43.84,42.44,0,43.59
2025-09-08,251,10,32.2,33.9,25.3,69,0.68,706.0,32.946,42.69,40.63,0,41.65
2025-09-09,252,11,33.3,33.5,25.9,62,2.08,765.0,31.957,42.72,41.06,0,40.67
2025-09-10,253,11,34.2,34.9,27.0,58,3.54,797.0,31.861,42.49,41.89,0,41.91
2025-09-11,254,12,33.8,33.8,27.3,50,3.37,591.0,30.15,40.40,37.96,0,36.06
2025-09-12,255,12,34.3,34.4,27.1,47,2.44,790.0,30.81,42.46,38.04,0,38.59
2025-09-13,256,12,35.3,35.3,26.6,44,1.64,773.0,31.64,43.85,39.11,0,40.98
2025-09-14,257,12,35.5,35.9,27.0,45,1.95,787.0,31.808,44.07,39.9,0,42.21
2025-09-15,258,11,34.4,34.4,25.4,53,1.81,674.0,31.788,42.99,40.4,0,39.71
2025-09-16,259,13,29.8,30.7,25.1,71,0.63,424.0,30.058,38.39,34.79,0,30.69
2025-09-17,260,12,31.2,31.2,24.9,68,0.79,750.0,31.794,41.45,37.52,0,36.96
2025-09-18,261,11,29.7,29.7,24.3,78,1.25,543.0,30.358,39.31,36.24,0,31.52
2025-09-19,262,10,29.7,31.3,23.8,80,0.28,628.0,32.09,39.64,36.76,0,34.64
2025-09-20,263,10,31.3,32.4,24.9,74,0.87,653.0,32.171,41.74,39.74,0,38.70
2025-09-21,264,11,32.3,33.3,25.4,65,2.97,708.0,30.948,40.69,39.46,0,36.12
2025-09-22,265,12,33.1,33.2,25.2,59,3.05,787.0,31.081,41.46,39.41,0,36.67
2025-09-23,266,12,34.2,34.3,25.7,55,0.51,792.0,33.802,44.18,40.68,0,44.83
2025-09-24,267,13,35.4,35.4,26.3,48,0.38,746.0,33.981,44.35,40.83,0,46.05
2025-09-25,268,11,33.5,33.5,26.6,63,1.75,706.0,32.324,43.08,42.02,0,42.79
2025-09-26,269,12,37.1,37.5,27.1,46,1.17,789.0,33.96,46.53,44.07,0,49.72
2025-09-27,270,11,34.3,34.3,28.6,57,4.15,591.0,31.377,41.16,41.74,0,41.84
2025-09-28,271,13,34.5,34.5,28.1,52,4.48,701.0,31.022,41.34,40.26,0,40.17
2025-09-29,272,14,34.3,34.3,27.0,55,1.53,597.0,31.954,42.85,40.93,0,41.98
2025-09-30,273,12,34.4,34.7,26.1,52,0.42,681.0,33.418,43.44,40.02,0,43.79
2025-10-01,274,14,32.1,32.5,24.9,58,1.95,515.0,29.897,39.68,36.71,0,31.79
2025-10-02,275,13,30.9,30.9,24.2,65,1.9,539.0,29.68,39.02,35.92,0,29.79
2025-10-03,276,10,30.7,31.4,25.1,68,3.01,608.0,29.593,38.38,36.25,0,30.34
2025-10-04,277,12,31.3,32.0,25.0,58,0.38,643.0,31.209,39.97,34.97,0,33.95
2025-10-05,278,12,33.1,33.8,25.3,53,3.48,706.0,30.082,40.26,37.4,0,33.28
2025-10-06,279,11,32.1,33.6,24.4,57,0.81,740.0,31.282,41.44,36.41,0,34.98
2025-10-07,280,13,31.2,31.3,23.5,51,1.18,593.0,28.876,39.03,33.16,0,26.44
2025-10-08,281,11,30.1,31.6,21.4,60,1.0,657.0,29.302,38.93,33.02,0,25.37
2025-10-09,282,9,28.7,32.2,23.2,62,1.55,493.0,27.347,36.30,30.82,0,20.36
2025-10-10,283,12,31.5,31.8,22.0,36,2.77,772.0,26.626,38.29,30.98,0,19.09
2025-10-11,284,12,31.3,31.3,22.5,33,2.8,780.0,26.004,37.95,30.37,0,18.03
2025-10-12,285,13,31.2,31.2,21.5,34,2.82,649.0,25.84,37.21,30.37,0,16.60
2025-10-13,286,12,31.4,31.6,20.7,35,2.29,773.0,26.571,38.49,30.73,0,19.04
2025-10-14,287,13,31.8,31.8,19.9,36,2.06,706.0,27.04,38.80,31.36,0,20.38
2025-10-15,288,12,31.6,31.9,20.7,36,2.2,762.0,26.911,38.76,31.11,0,20.02
2025-10-16,289,12,32.6,32.8,21.2,32,1.6,764.0,27.465,39.96,31.79,0,22.19
2025-10-17,290,12,33.1,33.5,21.2,33,1.12,751.0,28.433,40.65,32.59,0,24.81
2025-10-18,291,11,32.0,33.5,22.0,38,0.47,678.0,29.277,39.64,31.94,0,25.43
2025-10-19,292,13,32.7,32.8,23.5,39,1.36,671.0,28.611,40.15,33.12,0,26.74
2025-10-20,293,12,31.9,32.3,23.3,42,1.68,689.0,28.163,39.40,32.49,0,24.88
2025-10-21,294,11,32.1,33.4,21.9,42,0.6,692.0,29.611,40.06,32.8,0,26.69
2025-10-22,295,11,32.3,32.6,24.5,45,1.52,630.0,28.901,39.83,33.74,0,28.45
2025-10-23,296,10,32.1,33.5,24.2,46,0.53,582.0,29.984,39.82,33.62,0,30.09
2025-10-24,297,10,32.2,34.0,23.7,42,1.1,598.0,28.66,39.53,32.95,0,26.55
2025-10-25,298,12,33.5,33.8,23.5,29,0.39,694.0,29.199,40.31,32.48,0,27.72
2025-10-26,299,13,32.9,32.9,22.9,30,0.61,656.0,28.315,39.81,31.88,0,24.77
2025-10-27,300,12,28.8,28.8,23.5,47,0.78,324.0,25.776,34.63,29.07,0,15.89
2025-10-28,301,12,23.7,24.1,20.5,72,3.05,255.0,22.549,28.03,23.85,0,2.50
2025-10-29,302,11,28.7,28.7,20.5,58,2.0,610.0,26.944,36.32,30.26,0,18.01
2025-10-30,303,10,26.8,26.8,20.8,65,4.47,471.0,25.063,31.35,28.17,0,10.08
2025-10-31,304,11,25.9,25.9,21.1,74,3.54,403.0,25.13,31.29,26.19,0,9.74
2025-11-01,305,13,28.9,29.1,21.9,62,2.61,581.0,27.292,36.05,31.17,0,18.81
2025-11-02,306,11,29.3,29.7,20.7,50,2.66,663.0,26.41,36.15,30.06,0,16.80
2025-11-03,307,11,28.4,29.6,19.7,51,3.0,675.0,25.638,34.97,29.01,0,14.10
2025-11-04,308,10,27.5,30.4,18.1,54,0.2,570.0,26.993,34.25,28.22,0,15.85
2025-11-05,309,12,30.4,30.5,19.6,38,1.81,670.0,26.183,37.40,29.92,0,17.22
2025-11-06,310,11,28.4,29.8,19.4,47,2.86,653.0,25.16,34.79,28.62,0,12.92
2025-11-07,311,12,27.4,27.8,16.5,36,2.15,687.0,23.205,34.14,26.95,0,8.15
2025-11-08,312,12,27.9,28.4,15.8,35,1.8,680.0,23.653,34.81,27.27,0,9.59
2025-11-09,313,14,27.3,27.3,15.4,31,2.24,524.0,22.062,32.81,26.65,0,5.04
2025-11-10,314,12,26.9,27.3,15.1,33,1.96,676.0,22.443,33.65,26.48,0,6.36
2025-11-11,315,13,27.2,27.2,15.2,29,3.15,629.0,21.627,32.46,26.51,0,4.66
2025-11-12,316,13,27.7,27.7,15.0,28,3.28,631.0,21.861,32.83,26.8,0,4.93
2025-11-13,317,12,27.4,27.7,14.7,28,2.53,666.0,21.891,33.41,26.6,0,5.35
2025-11-14,318,13,26.9,26.9,14.4,27,2.55,621.0,21.241,32.63,26.25,0,4.79
2025-11-15,319,13,26.1,26.1,12.8,30,2.34,610.0,21.068,32.09,25.82,0,4.40
2025-11-16,320,13,27.1,27.2,12.9,28,0.6,603.0,23.072,33.88,26.41,0,7.71
2025-11-17,321,14,27.7,27.7,14.0,32,0.4,484.0,24.095,33.67,26.97,0,9.50
2025-11-18,322,12,27.4,27.7,15.8,35,0.56,629.0,24.492,34.65,26.9,0,10.96
2025-11-19,323,13,27.2,27.3,15.4,35,1.01,583.0,23.435,34.06,26.76,0,8.53
2025-11-20,324,13,26.8,26.9,15.7,39,0.87,574.0,23.757,33.90,26.67,0,9.02
2025-11-21,325,12,27.0,27.4,15.8,41,0.29,610.0,25.159,33.71,26.91,0,11.53
2025-11-22,326,12,26.3,26.5,16.5,43,1.4,607.0,23.377,33.55,26.2,0,8.06
2025-11-23,327,13,26.1,26.1,15.1,32,2.41,583.0,21.263,31.92,25.85,0,4.27
2025-11-24,328,10,23.0,25.8,14.0,49,0.45,506.0,22.133,30.88,22.82,0,3.78
2025-11-25,329,12,24.6,25.0,12.8,41,2.28,615.0,21.212,31.15,24.39,0,3.72
2025-11-26,330,13,24.8,24.9,12.4,31,1.69,582.0,20.354,31.36,24.47,0,3.87
2025-11-27,331,12,25.4,25.9,13.5,34,0.7,617.0,22.321,32.76,25.14,0,5.49
2025-11-28,332,13,25.9,26.0,13.2,37,1.45,568.0,22.167,32.65,25.71,0,5.12
2025-11-29,333,13,26.1,26.2,13.1,33,2.85,571.0,21.239,31.42,25.86,0,3.92
2025-11-30,334,12,25.8,26.2,14.7,33,4.24,612.0,20.768,29.97,25.55,0,2.87
2025-12-01,335,13,25.2,25.3,12.5,28,3.38,578.0,19.696,29.90,24.85,0,2.82
2025-12-02,336,14,25.4,25.4,11.5,30,2.93,469.0,20.025,29.88,25.09,0,2.80
2025-12-03,337,12,25.8,26.2,14.3,43,2.2,585.0,22.465,32.26,25.68,0,5.40
2025-12-04,338,13,23.5,23.6,11.6,35,2.57,576.0,19.383,29.37,23.16,0,2.43
2025-12-05,339,12,22.8,23.4,10.8,33,1.72,611.0,18.978,29.88,22.4,0,2.80
2025-12-06,340,13,23.6,23.7,10.5,36,2.66,567.0,19.541,29.32,23.28,0,2.40
2025-12-07,341,14,24.2,24.2,12.1,37,2.75,456.0,19.917,29.03,23.92,0,2.19
2025-12-08,342,14,24.4,24.4,11.4,37,2.93,453.0,20.039,28.98,24.13,0,2.15
2025-12-09,343,13,24.4,24.7,12.1,36,2.85,567.0,20.171,29.85,24.12,0,2.78
2025-12-10,344,13,24.4,24.7,11.2,32,2.03,563.0,19.942,30.61,24.07,0,3.33
2025-12-11,345,13,23.9,24.2,11.8,42,2.65,554.0,20.467,29.72,23.67,0,2.69
2025-12-12,346,12,23.6,24.4,11.0,40,0.74,588.0,21.339,31.35,23.33,0,3.86
2025-12-13,347,12,23.6,24.5,11.9,44,0.49,581.0,22.315,31.63,23.38,0,4.66
2025-12-14,348,13,24.6,24.8,11.8,38,0.57,554.0,22.2,31.96,24.35,0,4.68
2025-12-15,349,13,24.0,24.1,11.7,42,1.99,552.0,20.785,30.56,23.78,0,3.29
2025-12-16,350,13,23.2,23.5,12.0,45,2.7,555.0,20.166,29.12,22.98,0,2.25
2025-12-17,351,13,21.9,22.0,11.6,55,1.7,549.0,20.384,29.52,21.74,0,2.54
2025-12-18,352,12,19.8,20.8,11.6,61,0.4,527.0,20.432,28.74,19.61,0,1.98
2025-12-19,353,14,19.1,19.1,10.0,59,1.69,442.0,17.912,26.48,18.85,0,0.35
2025-12-20,354,14,18.5,18.5,9.1,56,0.52,405.0,18.134,26.86,18.18,0,0.62
2025-12-21,355,12,16.8,17.9,9.4,62,0.49,461.0,17.367,26.28,16.48,0,0.20
2025-12-22,356,13,19.4,19.7,9.7,61,0.5,516.0,19.892,28.63,19.19,0,1.90
2025-12-23,357,14,20.7,20.7,10.2,65,2.09,462.0,19.823,27.77,20.61,0,1.28
2025-12-24,358,13,20.2,20.4,12.3,59,2.25,551.0,18.955,27.48,20.01,0,1.07
2025-12-25,359,13,20.0,20.1,9.2,53,1.27,563.0,18.774,28.39,19.72,0,1.73
2025-12-26,360,14,19.8,19.8,10.0,56,1.47,452.0,18.434,27.32,19.55,0,0.95
2025-12-27,361,13,19.2,19.2,10.2,59,2.3,410.0,17.689,25.41,18.96,0,0.00
2025-12-28,362,10,17.4,18.7,9.9,70,1.02,358.0,17.422,25.59,17.21,0,0.00
2025-12-29,363,14,17.5,17.5,9.0,60,1.77,401.0,16.367,24.67,17.19,0,0.00
2025-12-30,364,14,18.0,18.0,8.5,63,1.7,474.0,17.31,25.93,17.75,0,0.00
2025-12-31,365,14,17.7,17.7,8.6,64,1.61,490.0,17.201,25.97,17.45,0,0.00
2026-01-01,1,13,19.8,20.2,8.0,53,0.25,565.0,19.851,27.71,19.51,0,1.23
2026-01-02,2,13,19.3,19.4,10.4,67,2.29,397.0,18.454,25.73,19.17,0,0
2026-01-03,3,12,16.7,17.6,11.2,64,1.12,282.0,15.916,23.87,16.4,0,0
2026-01-04,4,10,15.8,16.9,8.2,60,1.2,433.0,15.204,24.37,15.4,0,0
2026-01-05,5,14,17.9,17.9,10.1,52,2.21,494.0,16.112,24.83,17.5,0,0
2026-01-06,6,14,18.5,18.5,8.2,57,1.41,489.0,17.464,26.63,18.2,0,0.46
2026-01-07,7,14,17.7,17.7,8.7,57,1.81,485.0,16.498,25.38,17.36,0,0
2026-01-08,8,14,16.9,17.0,7.4,53,0.87,501.0,16.175,25.96,16.46,0,0
2026-01-09,9,13,17.3,18.2,7.2,51,0.8,587.0,16.728,26.89,16.86,0,0.64
2026-01-10,10,13,21.6,21.7,8.0,41,2.38,602.0,18.531,28.25,21.24,0,1.62
2026-01-11,11,13,22.2,22.2,10.3,39,2.93,600.0,18.665,27.99,21.85,0,1.43
2026-01-12,12,12,19.7,20.8,8.0,35,1.05,636.0,17.157,28.3,19.17,0,1.66
2026-01-13,13,14,20.2,20.2,8.0,38,3.58,546.0,16.584,24.78,19.73,0,0
2026-01-14,14,14,20.7,20.7,8.2,37,3.2,550.0,16.997,25.81,20.25,0,0
2026-01-15,15,14,19.7,19.7,7.6,44,2.99,543.0,16.867,25.33,19.29,0,0
2026-01-16,16,14,19.4,19.4,7.6,53,2.3,538.0,17.629,26.38,19.09,0,0.27
2026-01-17,17,13,21.2,21.6,7.2,43,1.65,630.0,18.78,29.04,20.85,0,2.2
2026-01-18,18,13,22.0,22.8,7.0,39,0.65,626.0,20.127,30.35,21.64,0,3.14
2026-01-19,19,14,26.9,26.9,12.7,29,0.45,519.0,23.137,33.27,26.32,0,7.4
2026-01-20,20,13,24.9,25.2,12.4,35,2.5,632.0,20.705,31.09,24.63,0,3.68
2026-01-21,21,14,25.0,25.0,12.4,33,3.54,562.0,20.136,29.53,24.71,0,2.55
2026-01-22,22,13,24.4,24.6,11.0,40,1.87,644.0,21.161,31.53,24.17,0,3.99
2026-01-23,23,14,25.5,25.5,12.0,33,4.01,543.0,20.437,29.43,25.23,0,2.47
2026-01-24,24,13,25.0,25.3,15.2,37,0.99,536.0,21.702,31.94,24.76,0,4.29
2026-01-25,25,13,22.9,23.1,12.8,44,2.85,638.0,19.909,29.14,22.65,0,2.27
2026-01-26,26,14,23.1,23.1,10.8,41,2.21,566.0,19.828,29.56,22.82,0,2.57
2026-01-27,27,14,25.4,25.4,12.6,46,2.01,561.0,22.483,32.06,25.3,0,5.29
2026-01-28,28,15,21.1,21.1,14.2,64,1.18,394.0,20.391,28.65,21.02,0,1.91
2026-01-29,29,13,20.6,20.7,12.7,62,2.91,632.0,19.55,27.54,20.47,0,1.11
2026-01-30,30,13,19.2,19.7,11.6,66,1.68,624.0,19.061,28.15,19.05,0,1.55
2026-01-31,31,14,19.8,19.9,9.0,62,0.55,521.0,20.246,28.97,19.63,0,2.14
2026-02-01,32,14,22.0,22.2,9.4,60,0.87,577.0,21.722,30.78,21.91,0,3.45
2026-02-02,33,13,24.5,24.6,13.7,57,2.43,656.0,22.88,31.81,24.5,0,5.86
2026-02-03,34,15,20.4,20.4,13.9,70,0.25,397.0,21.268,27.88,20.36,0,1.36
2026-02-04,35,13,21.8,22.2,11.7,52,2.53,697.0,19.95,29.18,21.6,0,2.3
2026-02-05,36,13,21.7,21.9,10.9,53,3.4,709.0,19.726,28.02,21.5,0,1.46
2026-02-06,37,14,22.5,22.5,11.1,48,3.15,631.0,19.879,28.47,22.28,0,1.78
2026-02-07,38,13,23.4,23.8,12.2,49,3.77,610.0,20.618,28.48,23.24,0,1.79
2026-02-08,39,13,25.2,25.5,13.1,34,4.01,724.0,20.608,30.26,24.93,0,3.08
2026-02-09,40,13,25.4,25.5,11.2,32,2.16,719.0,21.04,32.3,25.12,0,4.55
2026-02-10,41,13,26.0,26.3,12.0,31,2.0,725.0,21.493,32.99,25.73,0,5.04
2026-02-11,42,14,27.1,27.1,13.3,37,2.94,635.0,22.71,32.84,26.79,0,6.28
2026-02-12,43,12,26.5,27.5,15.0,34,2.85,738.0,22.011,32.81,26.3,0,4.94
2026-02-13,44,13,26.1,26.3,13.6,27,3.06,688.0,20.56,31.76,25.79,0,4.16
2026-02-14,45,14,27.2,27.2,13.3,28,3.34,660.0,21.487,32.44,26.47,0,4.65
2026-02-15,46,13,28.0,28.5,14.6,30,3.46,740.0,22.546,33.63,27.1,0,6.58
2026-02-16,47,14,29.0,29.0,14.6,25,2.1,669.0,22.89,35.22,27.63,0,8.57
2026-02-17,48,12,28.4,29.2,13.2,26,0.47,769.0,24.721,35.83,27.21,0,12.32
2026-02-18,49,13,28.8,28.9,14.1,28,1.48,754.0,23.743,35.93,27.61,0,10.69
2026-02-19,50,13,29.1,29.1,17.7,31,1.71,738.0,24.261,36.15,28.02,0,11.98
2026-02-20,51,12,30.0,30.8,17.5,29,1.7,761.0,24.75,37.06,28.68,0,13.81
2026-02-21,52,12,28.5,28.9,16.4,33,3.53,773.0,23.435,34.35,27.64,0,8.98
2026-02-22,53,12,28.6,28.9,16.2,29,2.7,786.0,23.183,35.11,27.5,0,9.0
2026-02-23,54,12,28.6,29.2,15.8,25,1.74,791.0,22.996,35.68,27.32,0,8.99
2026-02-24,55,10,27.1,29.9,15.8,30,0.15,608.0,23.775,32.23,26.48,0,7.85
2026-02-25,56,10,26.6,29.8,16.6,44,1.51,609.0,23.689,33.82,26.53,0,8.84
2026-02-26,57,12,29.5,30.2,16.6,24,4.02,810.0,22.793,35.0,27.98,0,8.37
2026-02-27,58,13,30.7,30.8,16.5,23,4.13,797.0,23.53,36.16,28.95,0,10.95
2026-02-28,59,10,28.6,32.0,16.9,33,2.8,582.0,23.378,34.05,27.72,0,8.68
2026-03-01,60,10,28.1,32.2,18.0,37,2.72,637.0,23.635,34.08,27.55,0,9.13
2026-03-02,61,13,31.5,32.0,17.7,22,5.29,809.0,23.801,36.58,29.62,0,12.02
2026-03-03,62,15,31.1,31.9,18.1,27,4.94,580.0,24.104,35.09,29.58,0,11.5
2026-03-04,63,13,31.6,32.3,17.6,29,2.93,807.0,25.614,38.16,30.27,0,16.82
2026-03-05,64,12,31.4,32.8,18.9,36,0.78,811.0,28.087,39.4,30.86,0,22.61
2026-03-06,65,13,32.8,33.2,19.9,33,2.19,797.0,27.531,40.09,32.2,0,22.55
2026-03-07,66,13,33.1,33.5,20.4,32,1.65,804.0,27.931,40.67,32.43,0,23.82
2026-03-08,67,12,32.9,33.8,21.2,35,1.24,820.0,28.612,40.86,32.66,0,25.33
2026-03-09,68,13,34.7,35.1,21.5,31,1.63,788.0,29.079,42.32,34.45,0,27.93
2026-03-10,69,13,33.9,34.1,22.5,38,0.29,705.0,31.051,41.0,34.77,0,31.4
2026-03-11,70,12,34.0,35.5,22.6,35,2.97,834.0,28.638,41.21,34.25,0,26.92
2026-03-12,71,13,36.0,36.7,22.3,19,4.4,826.0,26.835,42.23,34.05,0,23.83
2026-03-13,72,12,35.2,36.1,21.1,28,2.71,846.0,28.531,42.48,34.55,0,27.04
2026-03-14,73,12,33.8,35.1,21.2,19,3.13,835.0,25.443,40.2,31.67,0,18.5
2026-03-15,74,11,32.8,33.0,21.8,22,3.1,791.0,25.232,39.03,30.89,0,16.96
2026-03-16,75,15,31.9,31.9,20.0,25,2.11,602.0,25.081,37.78,30.22,0,15.53
2026-03-17,76,12,34.5,35.0,20.8,19,2.48,865.0,26.251,41.41,32.4,0,21.17
2026-03-18,77,11,33.0,34.0,20.4,24,1.39,794.0,26.604,40.11,31.28,0,20.48
2026-03-19,78,13,34.4,34.6,22.4,20,1.33,666.0,26.655,40.71,32.39,0,21.89
2026-03-20,79,9,28.2,28.2,17.8,42,0.97,478.0,24.948,34.75,27.99,0,12.26
2026-03-21,80,11,23.1,24.2,17.1,61,0.45,727.0,24.208,32.87,23.08,0,9.13
2026-03-22,81,13,28.2,28.9,17.7,39,2.86,830.0,24.275,35.12,27.77,0,11.17
2026-03-23,82,11,29.7,30.3,18.7,36,2.2,794.0,25.346,36.92,28.95,0,14.93
2026-03-24,83,12,31.0,31.4,19.1,32,3.13,866.0,25.632,37.74,29.93,0,16.43
2026-03-25,84,13,32.7,33.1,20.4,21,3.97,881.0,24.871,38.83,30.71,0,16.07
2026-03-26,85,13,35.5,35.9,20.7,21,4.59,824.0,26.864,41.63,33.75,0,22.99
2026-03-27,86,13,32.3,32.4,24.0,31,2.38,861.0,26.813,39.62,31.29,0,22.85
2026-03-28,87,14,33.9,33.9,21.1,26,3.89,649.0,26.473,39.27,32.54,0,20.1
2026-03-29,88,12,35.1,35.7,21.8,28,0.6,872.0,30.418,43.06,34.41,0,30.98
2026-03-30,89,11,34.9,37.2,23.6,28,0.72,830.0,29.856,42.64,34.14,0,31.38
2026-03-31,90,12,36.4,36.4,25.6,22,3.12,883.0,28.205,43.56,35.0,0,31.58
2026-04-01,91,12,35.5,36.3,23.3,26,2.93,866.0,28.349,42.71,34.57,0,28.39
2026-04-02,92,12,37.4,37.7,23.7,21,4.28,890.0,28.496,44.35,36.1,0,30.89
2026-04-03,93,15,35.0,35.4,25.3,26,2.18,573.0,27.681,41.05,33.91,0,28.03
2026-04-04,94,13,36.0,36.0,23.6,26,2.55,808.0,28.791,43.22,35.25,0,30.2
2026-04-05,95,13,32.3,32.3,20.3,28,2.17,809.0,26.31,39.36,30.93,0,19.26
2026-04-06,96,10,30.5,32.9,20.0,34,1.7,745.0,25.906,37.73,29.59,0,16.82
2026-04-07,97,11,32.2,34.5,21.8,22,0.25,847.0,27.338,38.29,30.29,0,20.19
2026-04-08,98,10,25.1,25.1,17.9,60,1.9,695.0,24.048,33.33,25.17,0,9.16
2026-04-09,99,10,26.6,30.1,17.0,49,1.25,757.0,24.816,35.03,26.6,0,11.84
2026-04-10,100,13,31.4,32.0,19.0,23,5.39,900.0,24.013,36.89,29.59,0,12.63
2026-04-11,101,13,35.5,35.5,21.2,18,6.37,887.0,26.011,41.72,33.37,0,21.3
2026-04-12,102,13,36.8,37.3,24.0,18,3.91,887.0,27.39,43.57,34.82,0,28.11
2026-04-13,103,14,36.5,36.5,23.4,14,5.22,810.0,25.791,42.43,34.0,0,23.26
2026-04-14,104,13,38.4,38.7,23.2,13,4.11,896.0,27.201,45.17,35.84,0,28.36
2026-04-15,105,13,39.8,39.8,25.3,11,3.36,897.0,27.76,46.77,36.77,0,33.36
2026-04-16,106,11,37.9,40.2,24.7,13,0.66,889.0,28.997,44.6,35.32,1,34.56
2026-04-17,107,12,37.7,39.3,24.7,20,0.47,884.0,31.263,45.28,36.27,0,38.02
2026-04-18,108,13,40.9,41.0,26.6,15,3.89,885.0,29.669,48.39,39.1,1,42.19
2026-04-19,109,11,39.9,42.0,27.2,18,2.15,886.0,30.329,47.73,38.66,2,45.16
2026-04-20,110,10,39.6,42.0,26.8,16,2.4,773.0,29.249,46.66,37.77,3,43.22
2026-04-21,111,13,40.7,40.7,27.7,11,6.46,899.0,27.87,48.17,37.71,4,44.4
2026-04-22,112,12,40.8,41.3,27.2,12,6.2,926.0,28.336,48.41,38.13,5,46.7
2026-04-23,113,13,42.2,42.2,27.0,11,4.96,894.0,29.134,49.66,39.33,6,50.98
2026-04-24,114,13,42.7,42.8,27.0,10,2.48,894.0,29.752,50.12,39.52,7,52.56
2026-04-25,115,11,40.4,43.7,28.5,15,0.21,870.0,32.003,46.23,38.49,8,55.37
2026-04-26,116,10,39.0,43.2,30.2,25,1.95,758.0,31.177,46.68,39.45,9,56.47
2026-04-27,117,12,38.3,40.9,25.1,31,0.4,892.0,34.16,46.87,40.33,10,56.62
2026-04-28,118,12,37.1,40.1,26.6,35,0.35,887.0,33.865,45.55,39.53,11,56.56
2026-04-29,119,10,38.0,39.4,28.4,35,1.88,743.0,32.321,46.14,41.28,0,46.82
2026-04-30,120,15,32.5,32.5,22.3,42,1.7,591.0,28.462,39.54,33.42,0,24.72
2026-05-01,121,13,32.7,32.7,21.7,44,2.09,823.0,29.182,40.79,34.18,0,26.92
2026-05-02,122,16,34.3,34.3,23.3,37,0.3,415.0,30.156,39.87,35.18,0,29.99
2026-05-03,123,14,33.7,33.7,24.3,44,3.83,756.0,29.402,40.39,35.95,0,30.39
2026-05-04,124,15,28.6,28.6,22.1,64,3.4,529.0,26.933,34.75,30.94,0,17.22
2026-05-05,125,14,28.0,28.0,21.9,64,1.91,576.0,26.922,35.85,29.91,0,17.5
2026-05-06,126,12,31.1,32.0,21.5,47,1.2,882.0,28.924,40.01,32.21,0,25.13
2026-05-07,127,14,29.7,29.9,21.2,47,0.75,678.0,27.799,37.78,30.19,0,20.65
2026-05-08,128,14,33.2,33.2,21.9,36,1.38,752.0,28.75,40.89,33.27,0,25.84
2026-05-09,129,13,32.4,32.4,23.7,44,3.26,811.0,28.473,39.5,33.68,0,26.45
2026-05-10,130,13,34.8,34.9,24.7,33,2.52,821.0,29.118,42.26,35.03,0,31.33
2026-05-11,131,12,35.7,36.4,25.9,32,1.61,877.0,30.277,43.92,36.2,0,36.55
2026-05-12,132,14,37.2,37.4,27.0,32,0.45,720.0,32.897,45.13,38.71,0,44.59
2026-05-13,133,12,37.0,37.4,27.9,39,2.24,875.0,32.205,45.65,40.82,0,45.49
2026-05-14,134,14,36.3,36.5,25.4,39,1.59,753.0,31.736,44.57,39.39,0,40.38
2026-05-15,135,12,35.2,36.4,26.7,44,0.63,753.0,32.733,44.01,38.9,0,43.19
2026-05-16,136,10,36.9,39.7,27.4,35,1.45,747.0,31.672,44.99,39.16,0,42.81
2026-05-17,137,13,40.9,40.9,28.7,20,4.83,856.0,30.836,48.55,40.68,1,47.55
2026-05-18,138,12,41.8,42.1,30.7,20,3.31,894.0,31.908,50.0,42.03,2,55.13
2026-05-19,139,14,41.1,41.8,30.2,34,0.36,750.0,36.653,49.68,47.49,3,66.97
2026-05-20,140,10,39.4,42.8,30.0,37,0.18,744.0,35.741,46.85,45.18,4,63.78
2026-05-21,141,12,42.0,42.8,31.5,21,4.17,904.0,32.135,50.25,42.76,5,61.93
2026-05-22,142,12,40.3,41.8,29.2,33,0.64,882.0,35.609,49.61,45.17,6,67.92
2026-05-23,143,11,41.3,42.6,30.7,22,3.45,859.0,31.939,49.34,42.05,7,61.38
2026-05-24,144,13,42.3,42.6,30.8,15,4.86,873.0,30.51,50.09,40.85,8,58.89
2026-05-25,145,13,42.4,42.8,31.6,18,3.94,871.0,31.638,50.42,42.12,9,62.67
2026-05-26,146,12,41.4,42.1,28.2,20,2.35,901.0,31.943,49.72,41.42,10,58.51
2026-05-27,147,15,40.7,40.7,28.2,23,0.59,613.0,33.142,47.7,41.48,11,59.34
2026-05-28,148,14,37.8,37.8,28.0,37,3.27,754.0,32.004,45.37,41.68,0,45.35
2026-05-29,149,13,32.7,33.0,24.1,49,4.1,799.0,29.207,39.49,35.42,0,28.94
2026-05-30,150,13,31.7,32.1,25.1,49,2.62,660.0,28.453,38.78,33.6,0,27.49
2026-05-31,151,10,32.1,32.9,24.6,56,1.27,710.0,30.523,40.99,36.13,0,33.35
2026-06-01,152,15,33.5,33.5,24.0,43,0.36,604.0,31.101,40.85,35.33,0,33.34
2026-06-02,153,13,36.6,36.6,26.1,38,0.34,803.0,33.691,44.83,39.63,0,45.16
2026-06-03,154,10,32.6,36.1,25.6,56,0.29,726.0,32.44,41.21,37.23,0,38.71
2026-06-04,155,12,37.8,38.3,27.9,33,1.66,843.0,32.12,46.29,40.14,0,45.54
2026-06-05,156,12,37.7,38.3,28.1,32,0.1,861.0,33.756,44.36,39.6,0,47.27
2026-06-06,157,12,37.2,38.0,29.2,39,2.02,839.0,32.423,45.85,41.24,0,47.72
2026-06-07,158,11,37.1,39.1,27.6,38,0.18,839.0,34.231,44.55,40.64,0,48.11
2026-06-08,159,13,39.5,39.9,30.6,30,3.58,799.0,32.137,47.19,42.17,0,50.13
2026-06-09,160,11,40.7,41.7,30.2,29,2.55,830.0,33.28,49.16,44.04,1,55.61
2026-06-10,161,10,37.7,40.4,29.7,38,0.99,748.0,33.328,46.31,41.89,2,53.92
2026-06-11,162,14,34.1,34.1,25.2,51,3.87,750.0,30.711,41.31,38.96,0,35.69
2026-06-12,163,14,33.7,33.7,25.0,56,1.66,771.0,31.826,42.96,39.82,0,39.08
2026-06-13,164,14,31.4,32.5,23.8,65,0.78,688.0,31.49,41.12,37.13,0,34.71
2026-06-14,165,12,35.1,36.2,26.8,46,2.88,880.0,31.369,43.44,39.4,0,40.51
2026-06-15,166,10,35.2,37.5,28.1,45,0.42,737.0,33.342,43.96,39.26,0,46.07
2026-06-16,167,11,36.7,38.5,27.3,42,1.3,847.0,32.989,45.85,41.37,0,46.62
2026-06-17,168,12,37.6,38.8,29.3,32,0.35,634.0,32.942,44.68,39.42,0,47.3
2026-06-18,169,11,38.8,39.5,30.4,34,1.8,835.0,33.041,47.48,42.49,0,51.93
2026-06-19,170,11,39.5,39.6,30.4,35,2.56,838.0,33.46,48.12,44.42,0,53.9
2026-06-20,171,12,40.0,40.1,31.2,33,3.86,848.0,33.151,48.12,44.53,1,55.96
2026-06-21,172,11,38.6,39.6,31.6,35,3.8,773.0,32.241,46.11,42.51,0,50.84
2026-06-22,173,10,37.9,40.1,31.1,35,1.96,740.0,32.188,45.97,41.09,1,51.19
2026-06-23,174,11,38.8,39.7,30.9,31,3.36,842.0,31.872,46.64,41.26,0,49.24
2026-06-24,175,12,38.9,38.9,28.2,29,2.23,898.0,32.046,47.37,40.68,0,46.73
2026-06-25,176,11,39.6,40.0,30.6,31,1.72,789.0,33.104,48.03,42.79,1,54.46
2026-06-26,177,13,40.2,40.3,29.8,35,1.82,805.0,34.345,49.14,45.98,2,59.53
2026-06-27,178,14,39.6,39.7,29.6,39,1.52,736.0,34.605,48.56,46.7,0,56.3
2026-06-28,179,12,38.9,39.9,28.4,40,1.05,866.0,34.901,48.52,45.53,0,54.99
2026-06-29,180,12,36.6,36.6,28.8,52,1.98,807.0,33.821,46.25,45.69,0,51.84
2026-06-30,181,10,32.5,32.5,28.6,64,1.66,372.0,30.749,40.09,39.64,0,39.1
2026-07-01,182,12,32.2,32.2,26.5,69,0.21,761.0,33.73,41.78,40.63,0,43.87
2026-07-02,183,14,33.1,33.1,26.6,68,1.04,680.0,33.059,43.48,42.93,0,44.8
2026-07-03,184,12,34.7,35.1,26.7,58,2.72,853.0,32.647,44.04,43.26,0,44.67
2026-07-04,185,15,35.8,35.8,27.5,54,1.2,627.0,33.518,45.0,44.46,0,48.39
2026-07-05,186,13,35.9,36.1,27.7,55,1.01,861.0,34.51,46.45,45.23,0,51.83
2026-07-06,187,14,34.4,34.4,28.9,59,3.27,730.0,32.134,42.77,42.86,0,45.2
2026-07-07,188,13,33.7,33.7,26.5,61,4.58,747.0,31.494,41.25,41.76,0,39.69
2026-07-08,189,13,31.9,31.9,26.7,71,4.6,665.0,30.852,39.33,40.48,0,36.85
2026-07-09,190,14,30.6,31.2,26.1,80,2.57,516.0,30.747,39.43,39.56,0,35.68
2026-07-10,191,14,30.5,31.5,26.1,79,2.94,538.0,30.487,38.92,38.92,0,34.58
2026-07-11,192,14,33.6,34.0,25.8,65,2.95,700.0,32.163,42.45,43.16,0,41.52
2026-07-12,193,14,35.2,35.2,27.0,57,4.07,778.0,32.511,43.36,44.2,0,44.63
2026-07-13,194,13,35.7,35.7,28.9,55,4.35,837.0,32.736,43.97,44.66,0,47.88
2026-07-14,195,12,34.6,36.0,28.6,62,1.52,728.0,33.424,44.72,44.81,0,49.43
2026-07-15,196,15,32.9,33.2,28.4,70,1.94,607.0,32.279,42.49,43.15,0,44.8
2026-07-16,197,12,32.1,33.6,27.0,75,0.54,654.0,33.704,43.18,42.64,0,46.17
2026-07-17,198,13,33.5,34.0,27.4,67,0.16,657.0,34.387,42.56,43.73,0,47.88
2026-07-18,199,9,32.6,32.6,27.9,74,0.39,436.0,33.506,42.38,43.89,0,46.73
2026-07-19,200,14,30.5,30.5,25.7,76,0.72,393.0,31.009,39.54,38.0,0,35.21
2026-07-20,201,10,29.9,29.9,26.0,73,1.22,529.0,30.003,39.0,35.52,0,32.34
2026-07-21,202,13,30.9,30.9,25.6,74,4.28,677.0,30.298,38.48,38.55,0,33.18
2026-07-22,203,13,32.3,32.3,26.2,62,4.42,859.0,30.493,39.99,38.44,0,35.3
2026-07-23,204,13,31.9,31.9,25.7,67,4.26,835.0,30.7,39.9,39.07,0,35.28
2026-07-24,205,14,30.8,31.9,25.5,75,0.97,622.0,31.584,40.98,38.58,0,37.31
2026-07-25,206,12,32.0,32.0,26.3,73,1.92,804.0,32.164,42.52,41.53,0,41.55
2026-07-26,207,15,34.0,34.2,27.6,65,0.51,644.0,34.404,44.45,44.38,0,49.75
2026-07-27,208,10,31.7,32.3,26.7,77,0.63,539.0,32.948,42.24,42.1,0,43.51
2026-07-28,209,10,32.7,33.5,27.3,71,0.41,745.0,34.384,43.76,42.94,0,48.34
2026-07-29,210,13,33.9,33.9,27.9,60,2.52,854.0,32.235,43.34,41.9,0,44.28
2026-07-30,211,13,33.2,33.2,28.2,66,4.72,857.0,31.758,41.47,42.39,0,42.56
2026-07-31,212,13,32.5,32.7,27.8,67,5.11,808.0,31.089,40.17,40.75,0,39.29
2026-08-01,213,12,32.2,32.3,27.1,70,3.19,762.0,31.46,41.13,41.0,0,39.96
2026-08-02,214,14,32.4,32.4,26.6,74,1.13,603.0,32.788,42.88,43.22,0,43.97
2026-08-03,215,13,32.8,32.8,26.4,70,2.25,823.0,32.458,43.07,42.84,0,43.11
2026-08-04,216,14,30.6,30.7,25.5,75,0.51,458.0,31.642,40.09,37.99,0,36.56
2026-08-05,217,13,30.8,31.2,26.3,75,1.91,770.0,31.174,40.98,38.58,0,37.47
2026-08-06,218,12,28.1,28.7,25.8,90,1.67,292.0,29.055,36.61,34.31,0,28.14
2026-08-07,219,13,32.6,32.7,25.8,66,3.37,801.0,31.391,41.28,40.65,0,38.28
2026-08-08,220,14,33.0,33.2,26.0,62,3.58,729.0,31.127,40.93,40.25,0,37.62
2026-08-09,221,14,32.9,32.9,27.9,69,2.96,734.0,32.029,42.08,42.73,0,43.3
2026-08-10,222,10,32.0,32.0,27.9,74,3.25,669.0,31.551,40.85,41.92,0,41.2
2026-08-11,223,13,32.8,33.3,27.0,67,1.6,785.0,32.398,43.07,41.62,0,43.24
2026-08-12,224,12,33.9,34.8,27.3,63,0.7,871.0,34.242,44.96,43.18,0,49.02
2026-08-13,225,10,33.3,33.6,28.6,69,0.54,647.0,34.143,44.02,43.99,0,49.97
2026-08-14,226,11,32.1,32.6,26.8,72,0.6,691.0,33.328,42.91,41.46,0,44.59
2026-08-15,227,12,33.5,33.7,27.4,66,1.98,845.0,32.824,43.88,43.29,0,45.72
2026-08-16,228,12,29.9,30.0,27.3,88,0.92,458.0,31.662,40.63,39.75,0,39.74
2026-08-17,229,10,29.3,29.3,25.3,81,1.74,349.0,29.463,37.53,35.83,0,29.56
2026-08-18,230,14,30.7,30.8,25.8,75,1.33,561.0,30.986,40.31,38.28,0,35.94
2026-08-19,231,11,32.2,32.2,26.2,68,0.29,793.0,33.716,42.28,40.26,0,43.72
2026-08-20,232,15,32.3,32.5,25.0,71,1.45,589.0,32.058,42.05,41.69,0,39.56
2026-08-21,233,12,33.1,33.4,26.5,68,0.85,851.0,33.746,44.34,42.93,0,46.61
2026-08-22,234,12,31.9,32.3,26.1,69,0.93,657.0,32.112,41.93,39.76,0,40.14
2026-08-23,235,10,31.7,32.3,27.1,76,0.66,641.0,33.103,42.61,41.72,0,44.39
2026-08-24,236,13,31.4,31.5,27.0,78,1.19,553.0,32.08,41.7,41.48,0,41.6
2026-08-25,237,13,29.2,29.7,26.4,86,2.18,384.0,29.819,37.79,36.78,0,32.06
2026-08-26,238,15,31.9,31.9,25.6,77,0.47,480.0,33.307,42.31,42.78,0,43.21
2026-08-27,239,12,31.4,31.8,26.2,75,0.71,608.0,32.507,41.86,40.4,0,41.18
2026-08-28,240,10,30.9,31.9,25.9,79,0.51,623.0,32.964,41.9,40.2,0,41.66
2026-08-29,241,14,32.6,32.6,26.3,74,0.88,639.0,33.367,43.49,43.89,0,45.41
2026-08-30,242,10,31.0,32.0,27.1,76,0.65,609.0,32.35,41.48,39.5,0,41.33
2026-08-31,243,14,31.5,31.5,25.8,76,2.1,594.0,31.515,41.06,41.07,0,38.52
2026-09-01,244,13,30.7,30.7,25.3,75,0.58,659.0,32.268,41.26,38.28,0,38.47
2026-09-02,245,13,29.4,29.4,25.2,81,2.84,430.0,29.428,37.09,36.12,0,29.17
2026-09-03,246,15,30.0,30.0,25.4,75,3.18,453.0,29.349,37.09,36.3,0,29.31
2026-09-04,247,12,30.8,31.0,25.4,75,4.59,829.0,30.477,38.91,38.58,0,33.61
2026-09-05,248,13,30.6,30.7,25.8,70,3.82,758.0,29.781,38.42,36.54,0,31.66
2026-09-06,249,13,29.7,30.5,25.7,79,2.15,688.0,30.265,39.37,36.5,0,33.12
2026-09-07,250,13,30.9,30.9,25.3,73,2.05,779.0,30.996,40.81,38.24,0,35.72
2026-09-08,251,13,31.7,31.7,25.1,71,1.44,727.0,31.808,41.91,39.89,0,38.43
2026-09-09,252,12,33.1,33.1,24.8,65,0.6,780.0,33.727,43.8,41.69,0,43.74
2026-09-10,253,11,31.8,31.8,26.2,70,1.39,721.0,31.816,41.94,39.83,0,39.73
