date,doy,peak_hour,tmax_peak,tmax_daily,tmin,rh_peak,wind_peak,solar_peak,wbgt_peak,utci_peak,hi_peak,run_days,htsi
2013-01-01,1,14,30.5,30.5,21.3,55,2.2,541.0,28.021,37.54,32.75,0,21.85
2013-01-02,2,13,28.8,29.2,20.3,64,1.3,535.0,27.934,36.98,31.3,0,20.74
2013-01-03,3,14,27.4,27.6,16.8,37,1.55,641.0,23.559,34.39,27.0,0,9.00
2013-01-04,4,13,26.7,27.3,14.3,39,0.73,731.0,24.34,34.71,26.61,0,10.71
2013-01-05,5,15,27.5,27.5,15.2,49,0.54,478.0,25.848,34.68,27.84,0,13.85
2013-01-06,6,15,26.4,26.4,15.6,44,0.41,486.0,24.531,33.24,26.32,0,10.01
2013-01-07,7,14,25.1,25.1,13.8,38,1.53,627.0,21.689,32.27,24.88,0,4.53
2013-01-08,8,14,24.8,24.9,12.0,23,1.48,680.0,19.587,31.90,24.37,0,4.26
2013-01-09,9,13,24.9,25.7,11.2,22,1.06,767.0,20.099,32.64,24.46,0,4.79
2013-01-10,10,13,25.7,26.2,10.3,25,0.54,764.0,22.145,33.51,25.34,0,5.70
2013-01-11,11,13,26.3,26.9,11.6,28,1.51,765.0,21.695,33.72,26.01,0,5.58
2013-01-12,12,13,27.0,27.6,11.0,29,1.0,760.0,22.898,34.56,26.38,0,7.88
2013-01-13,13,14,29.9,30.0,12.7,26,1.44,679.0,24.181,36.53,28.41,0,12.25
2013-01-14,14,12,29.1,30.2,13.7,30,1.0,771.0,24.809,36.55,27.96,0,13.28
2013-01-15,15,14,30.7,30.7,14.2,30,2.13,678.0,25.098,37.15,29.43,0,14.81
2013-01-16,16,13,29.9,30.3,15.5,34,2.06,731.0,25.176,36.83,28.98,0,14.55
2013-01-17,17,12,29.6,30.3,15.8,42,3.85,753.0,25.512,35.49,29.46,0,14.40
2013-01-18,18,13,29.1,29.4,18.3,35,4.11,762.0,24.087,34.53,28.29,0,10.58
2013-01-19,19,14,27.2,27.2,17.5,38,1.84,683.0,23.436,34.26,26.91,0,8.68
2013-01-20,20,14,25.6,25.7,15.0,37,0.92,696.0,22.74,33.41,25.39,0,6.75
2013-01-21,21,15,25.7,25.7,14.2,34,0.58,529.0,22.533,32.53,25.46,0,5.72
2013-01-22,22,15,26.7,26.7,14.1,33,0.86,547.0,22.822,33.35,26.35,0,6.86
2013-01-23,23,14,26.0,26.0,15.8,35,1.5,554.0,21.93,32.54,25.78,0,4.72
2013-01-24,24,14,22.7,24.0,16.5,53,3.61,516.0,20.257,27.49,22.55,0,1.08
2013-01-25,25,15,25.1,25.1,15.2,49,0.81,430.0,23.052,31.99,25.02,0,6.31
2013-01-26,26,14,26.1,26.1,15.0,42,0.8,508.0,23.411,33.05,25.98,0,7.75
2013-01-27,27,15,26.9,26.9,15.7,39,0.22,480.0,24.333,32.36,26.74,0,9.00
2013-01-28,28,15,27.2,27.2,15.9,31,0.58,561.0,23.496,33.87,26.59,0,8.51
2013-01-29,29,14,27.4,27.5,15.0,26,0.85,728.0,22.906,34.66,26.52,0,7.96
2013-01-30,30,15,27.5,27.5,14.3,23,1.03,593.0,21.911,33.85,26.49,0,5.67
2013-01-31,31,13,27.8,27.9,14.0,23,2.12,764.0,21.77,34.50,26.69,0,6.14
2013-02-01,32,14,28.9,28.9,15.0,28,1.58,707.0,23.654,35.74,27.68,0,10.41
2013-02-02,33,14,29.6,29.6,15.4,31,1.36,722.0,24.892,36.73,28.46,0,13.75
2013-02-03,34,13,29.6,29.6,16.9,37,1.42,796.0,25.877,37.37,28.94,0,16.26
2013-02-04,35,14,30.5,30.5,17.7,38,2.94,723.0,25.924,36.91,30.03,0,16.42
2013-02-05,36,13,29.9,30.5,19.6,35,3.41,805.0,24.985,36.16,29.07,0,13.75
2013-02-06,37,12,29.0,29.6,17.8,44,2.63,788.0,25.628,36.18,28.99,0,14.94
2013-02-07,38,14,28.7,28.7,19.7,47,2.77,698.0,25.535,35.43,28.96,0,14.22
2013-02-08,39,14,26.7,26.7,18.1,48,1.13,676.0,24.719,34.73,27.04,0,11.46
2013-02-09,40,13,27.6,27.8,17.2,48,1.4,775.0,25.503,35.92,27.86,0,14.10
2013-02-10,41,14,29.7,29.7,18.6,41,0.72,607.0,26.868,37.01,29.46,0,18.06
2013-02-11,42,14,30.9,30.9,17.9,37,1.63,713.0,26.666,38.19,30.38,0,18.87
2013-02-12,43,13,31.5,32.0,17.7,29,1.66,798.0,26.085,38.77,30.16,0,18.12
2013-02-13,44,14,31.3,31.3,19.1,32,2.21,754.0,26.025,38.20,30.25,0,17.62
2013-02-14,45,14,31.4,31.4,19.1,32,2.06,733.0,26.138,38.30,30.37,0,17.95
2013-02-15,46,12,29.2,30.3,20.5,41,2.34,831.0,25.602,36.70,28.91,0,15.24
2013-02-16,47,14,26.4,26.4,18.7,65,2.95,464.0,24.94,32.41,26.6,0,10.18
2013-02-17,48,13,25.2,25.9,15.9,31,2.28,888.0,20.988,32.84,24.89,0,4.94
2013-02-18,49,14,24.9,25.1,13.9,36,1.17,795.0,21.953,33.16,24.64,0,5.17
2013-02-19,50,15,26.7,26.7,14.2,37,0.5,643.0,24.37,34.25,26.52,0,10.44
2013-02-20,51,13,28.1,28.7,15.0,35,0.91,874.0,25.064,36.38,27.43,0,13.45
2013-02-21,52,15,28.6,28.6,16.5,35,0.45,647.0,25.878,35.87,27.85,0,14.77
2013-02-22,53,13,30.5,30.9,16.0,35,1.8,868.0,26.23,38.30,29.7,0,17.88
2013-02-23,54,14,32.4,32.6,17.9,31,1.92,764.0,26.941,39.55,31.41,0,20.76
2013-02-24,55,11,28.0,31.0,17.8,52,0.91,798.0,26.924,36.92,28.63,0,17.79
2013-02-25,56,13,29.5,30.3,17.5,37,0.2,898.0,27.719,36.50,28.84,0,19.07
2013-02-26,57,14,31.8,31.8,17.3,24,1.46,817.0,25.636,38.97,30.04,0,17.36
2013-02-27,58,14,33.1,33.1,17.6,20,1.9,818.0,25.578,39.96,31.04,0,18.34
2013-02-28,59,13,33.7,34.0,17.9,23,1.84,895.0,26.84,41.13,31.94,0,21.91
2013-03-01,60,14,32.4,32.7,19.4,20,2.11,842.0,24.968,39.26,30.36,0,16.43
2013-03-02,61,14,32.2,32.4,16.2,11,1.92,866.0,22.854,38.68,29.69,0,11.77
2013-03-03,62,14,33.4,33.5,16.7,11,2.08,872.0,23.633,39.84,30.69,0,14.45
2013-03-04,63,13,32.9,33.5,16.6,14,1.92,955.0,24.29,39.95,30.56,0,15.73
2013-03-05,64,13,33.3,33.6,16.8,14,2.3,948.0,24.373,40.23,30.92,0,16.22
2013-03-06,65,14,33.5,33.6,18.2,14,0.94,857.0,25.44,40.10,31.1,0,18.21
2013-03-07,66,14,33.8,33.8,19.0,14,0.8,860.0,25.9,40.37,31.38,0,19.37
2013-03-08,67,13,34.1,34.6,19.0,14,0.36,951.0,27.302,40.51,31.65,0,22.23
2013-03-09,68,12,34.1,35.4,18.9,15,1.2,954.0,26.01,41.25,31.7,0,20.34
2013-03-10,69,14,35.8,35.9,18.0,17,2.51,848.0,26.733,42.65,33.58,0,23.41
2013-03-11,70,12,35.6,36.9,20.6,23,2.46,878.0,28.009,42.94,34.17,0,26.25
2013-03-12,71,13,36.1,36.4,23.5,22,0.8,887.0,29.599,43.70,34.63,0,31.72
2013-03-13,72,12,35.3,36.1,24.3,26,1.36,893.0,29.07,43.18,34.3,0,31.16
2013-03-14,73,13,35.7,36.3,23.8,25,2.26,916.0,28.651,43.42,34.65,0,30.09
2013-03-15,74,13,33.4,33.4,21.5,33,2.0,845.0,28.215,41.08,33.0,0,24.86
2013-03-16,75,11,31.0,31.0,20.2,37,2.18,752.0,26.535,38.14,30.5,0,18.63
2013-03-17,76,14,31.2,31.3,21.1,38,2.1,815.0,27.004,38.75,30.88,0,20.11
2013-03-18,77,11,31.1,33.4,20.5,36,1.28,892.0,27.342,39.32,30.5,0,21.01
2013-03-19,78,14,34.0,34.0,19.4,22,0.9,869.0,27.729,41.36,32.16,0,23.84
2013-03-20,79,11,33.2,33.8,21.1,35,3.07,785.0,27.851,39.99,33.08,0,23.42
2013-03-21,80,12,35.0,35.9,21.3,27,1.24,907.0,29.166,42.99,34.09,0,28.45
2013-03-22,81,13,36.3,36.7,20.8,18,1.0,955.0,28.662,43.85,34.25,0,28.17
2013-03-23,82,12,36.1,36.1,23.1,26,3.1,880.0,28.803,43.39,35.39,0,29.81
2013-03-24,83,13,36.7,36.9,24.2,23,3.01,899.0,28.718,44.08,35.59,0,31.51
2013-03-25,84,14,37.5,37.5,23.5,19,1.04,831.0,29.497,44.77,35.83,0,32.76
2013-03-26,85,14,37.8,37.8,23.2,20,0.64,736.0,30.407,44.69,36.4,0,34.28
2013-03-27,86,13,37.9,38.3,24.9,24,2.52,832.0,29.955,45.47,37.49,0,36.38
2013-03-28,87,13,38.6,39.5,25.8,24,4.14,913.0,30.182,46.11,38.52,0,38.70
2013-03-29,88,13,36.3,37.2,24.2,26,0.32,892.0,31.54,43.64,35.67,0,36.55
2013-03-30,89,12,35.7,37.5,24.3,16,0.82,986.0,28.079,43.05,33.37,0,28.85
2013-03-31,90,14,36.7,36.8,23.4,18,0.22,880.0,30.051,42.58,34.71,0,31.68
2013-04-01,91,15,37.9,37.9,23.5,24,1.61,657.0,30.065,44.89,37.49,0,34.53
2013-04-02,92,14,37.9,37.9,25.5,28,3.2,830.0,30.564,45.39,38.63,0,38.59
2013-04-03,93,12,34.9,36.4,23.8,39,0.28,882.0,32.621,42.92,36.74,0,38.00
2013-04-04,94,11,35.3,38.2,23.1,19,0.9,930.0,28.23,42.74,33.26,0,27.47
2013-04-05,95,13,37.4,37.8,22.4,15,1.75,984.0,28.039,44.97,35.06,0,28.57
2013-04-06,96,12,37.6,38.5,23.3,12,1.12,1014.0,27.965,44.82,34.78,0,29.27
2013-04-07,97,14,39.5,39.5,21.8,10,1.0,903.0,28.604,46.13,36.2,0,30.43
2013-04-08,98,15,40.1,40.1,21.8,11,0.2,735.0,30.115,44.68,37.08,1,34.24
2013-04-09,99,14,40.7,40.7,23.2,12,0.41,879.0,31.319,47.31,38.02,2,41.83
2013-04-10,100,12,40.2,40.9,28.1,19,2.36,986.0,30.886,48.56,39.35,3,49.79
2013-04-11,101,13,40.4,40.7,27.1,15,0.71,951.0,31.464,47.97,38.49,4,50.64
2013-04-12,102,14,40.6,40.6,25.7,15,0.92,861.0,31.006,47.90,38.73,5,49.85
2013-04-13,103,12,39.8,40.9,26.7,21,2.38,881.0,30.903,47.80,39.4,6,52.66
2013-04-14,104,11,38.0,38.2,26.9,27,3.96,926.0,30.393,45.58,38.48,0,39.99
2013-04-15,105,11,37.8,40.3,24.7,19,0.81,943.0,30.344,45.53,36.2,1,38.11
2013-04-16,106,13,40.8,41.0,27.5,11,3.36,993.0,28.609,48.35,37.82,2,42.40
2013-04-17,107,12,39.9,40.9,27.8,13,3.11,986.0,28.674,47.51,37.45,3,43.80
2013-04-18,108,12,39.1,40.1,27.4,13,1.93,1003.0,28.63,46.76,36.58,4,44.05
2013-04-19,109,11,37.2,39.0,27.4,17,1.21,826.0,28.563,44.24,35.13,0,34.90
2013-04-20,110,11,35.1,36.1,24.6,22,0.32,917.0,29.83,42.03,33.41,0,31.78
2013-04-21,111,13,34.1,34.7,23.8,32,0.57,874.0,30.391,42.31,33.79,0,32.26
2013-04-22,112,15,34.5,34.5,24.3,32,0.4,602.0,30.234,41.22,34.36,0,31.96
2013-04-23,113,13,35.5,35.7,25.1,37,1.22,890.0,31.321,44.22,37.23,0,38.19
2013-04-24,114,13,36.3,36.3,24.5,31,1.0,861.0,31.168,44.58,36.89,0,37.34
2013-04-25,115,13,38.3,38.3,26.9,27,0.9,899.0,32.276,46.72,38.97,0,44.55
2013-04-26,116,15,38.4,38.4,25.8,25,0.67,688.0,31.811,45.66,38.51,0,41.45
2013-04-27,117,12,39.2,40.7,26.7,22,0.9,980.0,32.079,47.62,38.83,1,46.21
2013-04-28,118,12,40.8,41.8,25.9,16,0.71,1011.0,32.198,48.81,39.26,2,48.18
2013-04-29,119,15,42.3,42.3,27.8,14,0.63,696.0,32.064,48.78,40.51,3,52.25
2013-04-30,120,14,42.6,42.8,28.4,15,0.51,861.0,33.415,50.00,41.24,4,58.33
2013-05-01,121,11,41.4,43.7,29.8,17,0.81,941.0,32.56,49.37,40.35,5,59.23
2013-05-02,122,13,43.1,43.5,29.7,12,2.98,981.0,30.7,51.19,40.72,6,58.71
2013-05-03,123,13,42.5,42.9,26.9,9,3.1,996.0,29.169,50.16,38.97,7,51.16
2013-05-04,124,12,41.5,43.0,27.2,14,1.63,1004.0,30.902,49.62,39.54,8,54.61
2013-05-05,125,12,41.0,42.5,29.6,18,0.5,926.0,33.301,48.93,40.14,9,61.66
2013-05-06,126,15,42.6,42.6,31.6,17,0.45,672.0,33.614,49.39,42.0,10,65.61
2013-05-07,127,12,42.1,43.4,32.1,18,1.71,971.0,32.416,50.65,41.69,11,64.73
2013-05-08,128,12,42.9,44.4,29.0,13,1.0,1013.0,32.286,50.88,40.89,12,60.73
2013-05-09,129,12,43.8,44.6,32.2,10,3.16,1014.0,30.464,51.89,40.74,13,61.70
2013-05-10,130,13,44.0,44.3,30.9,8,3.31,991.0,29.74,51.80,40.22,14,58.56
2013-05-11,131,14,42.3,42.3,31.4,14,3.28,867.0,30.522,49.97,40.51,15,59.41
2013-05-12,132,13,41.3,41.4,30.8,14,2.52,926.0,30.131,49.11,39.3,16,56.89
2013-05-13,133,12,40.1,41.5,29.4,14,1.06,907.0,30.244,47.45,37.9,17,53.75
2013-05-14,134,12,40.5,41.1,29.4,15,2.98,969.0,29.738,48.38,38.61,18,53.73
2013-05-15,135,10,38.5,40.8,29.1,23,2.75,819.0,30.106,45.99,38.09,19,52.16
2013-05-16,136,12,42.1,43.0,29.9,12,2.11,861.0,30.142,49.53,39.58,20,56.27
2013-05-17,137,13,42.7,43.1,31.0,13,3.11,873.0,30.548,50.38,40.65,21,59.33
2013-05-18,138,13,43.6,43.9,31.5,12,1.58,874.0,31.568,51.18,41.31,22,62.67
2013-05-19,139,11,42.6,44.2,31.9,14,1.3,854.0,31.705,50.15,40.88,23,62.49
2013-05-20,140,13,44.9,44.9,32.6,11,1.26,978.0,32.624,52.78,42.44,24,67.52
2013-05-21,141,13,45.4,45.8,33.7,10,3.11,976.0,31.552,53.56,42.55,25,67.38
2013-05-22,142,13,45.5,45.6,33.5,9,4.61,979.0,30.867,53.70,42.22,26,65.84
2013-05-23,143,13,44.3,44.5,32.6,11,5.33,976.0,30.673,52.67,41.73,27,63.49
2013-05-24,144,13,43.2,43.6,30.7,13,4.11,978.0,30.806,51.38,41.25,28,60.42
2013-05-25,145,12,41.5,41.9,31.8,21,4.72,939.0,31.685,49.73,41.97,29,62.44
2013-05-26,146,13,40.9,41.6,32.2,24,4.06,771.0,31.837,48.43,42.2,30,62.34
2013-05-27,147,14,40.3,40.5,31.8,23,3.31,657.0,31.105,47.25,40.83,31,59.12
2013-05-28,148,14,41.7,41.7,31.2,18,3.68,830.0,31.103,49.40,41.12,32,60.08
2013-05-29,149,14,42.6,42.6,32.6,17,3.7,795.0,31.447,50.27,42.0,33,63.32
2013-05-30,150,12,41.6,42.2,31.8,17,3.23,928.0,31.005,49.68,40.62,34,60.61
2013-05-31,151,12,41.2,42.1,31.9,19,3.11,944.0,31.311,49.44,40.76,35,61.19
2013-06-01,152,13,41.1,41.8,30.3,20,2.31,842.0,31.628,49.11,40.97,36,59.76
2013-06-02,153,13,40.5,40.7,30.9,22,1.66,909.0,32.14,48.92,40.79,37,61.22
2013-06-03,154,14,41.2,41.2,31.6,20,0.92,803.0,32.708,48.95,41.12,38,63.26
2013-06-04,155,14,39.4,39.4,28.4,30,1.2,707.0,32.967,47.40,41.99,0,49.22
2013-06-05,156,11,38.6,39.3,28.4,36,2.77,868.0,32.846,47.09,42.94,0,49.12
2013-06-06,157,11,39.5,39.5,27.8,33,2.63,890.0,33.145,48.17,43.48,0,49.96
2013-06-07,158,15,34.2,34.2,26.0,51,0.81,559.0,31.919,42.44,39.19,0,39.81
2013-06-08,159,12,32.9,33.7,25.2,60,1.9,808.0,31.514,42.34,39.26,0,38.07
2013-06-09,160,13,34.1,34.1,25.0,57,2.28,803.0,32.053,43.26,41.21,0,40.24
2013-06-10,161,15,33.4,33.4,25.7,53,2.86,649.0,30.417,40.83,38.06,0,35.04
2013-06-11,162,12,32.5,32.6,26.0,56,2.02,737.0,30.454,41.08,37.0,0,35.25
2013-06-12,163,12,30.7,30.8,24.9,66,3.1,625.0,29.376,38.22,35.71,0,29.38
2013-06-13,164,15,30.0,30.0,24.4,69,4.65,434.0,28.427,35.22,34.8,0,24.50
2013-06-14,165,13,29.7,29.7,24.5,73,1.97,401.0,29.058,37.37,35.01,0,27.44
2013-06-15,166,12,27.4,27.4,23.3,84,0.9,252.0,28.058,35.33,31.13,0,21.24
2013-06-16,167,15,27.3,27.3,23.8,76,3.67,218.0,26.209,31.41,29.98,0,15.07
2013-06-17,168,15,29.8,30.1,25.1,66,3.72,375.0,27.915,35.05,33.67,0,23.81
2013-06-18,169,13,30.8,31.0,24.7,65,2.56,626.0,29.514,38.77,35.68,0,29.79
2013-06-19,170,11,30.7,31.2,25.0,63,3.72,706.0,29.028,37.84,34.94,0,28.28
2013-06-20,171,13,32.9,33.1,26.0,57,3.4,782.0,30.546,40.73,38.24,0,35.63
2013-06-21,172,12,32.9,32.9,27.0,58,4.24,841.0,30.573,40.48,38.57,0,36.79
2013-06-22,173,11,28.9,28.9,26.8,72,4.43,265.0,27.37,32.92,32.88,0,22.93
2013-06-23,174,9,26.4,26.7,24.9,84,3.24,142.0,25.937,30.50,26.84,0,14.07
2013-06-24,175,15,29.3,29.3,24.5,73,3.66,399.0,28.261,35.19,34.02,0,23.99
2013-06-25,176,14,25.7,25.8,23.8,93,3.7,115.0,25.97,29.43,26.23,0,12.07
2013-06-26,177,11,24.2,24.4,23.6,91,5.1,133.0,24.256,25.96,24.63,0,6.13
2013-06-27,178,14,26.3,26.3,23.6,84,5.01,214.0,25.896,29.42,26.74,0,11.70
2013-06-28,179,14,30.0,30.0,24.2,63,4.85,567.0,27.963,35.44,33.45,0,23.05
2013-06-29,180,15,29.6,29.6,25.1,65,4.44,341.0,27.447,33.90,33.04,0,21.86
2013-06-30,181,14,30.3,30.4,25.6,60,4.75,522.0,27.839,35.42,33.41,0,24.41
2013-07-01,182,16,28.0,28.3,24.7,76,2.94,186.0,26.882,32.75,31.5,0,18.92
2013-07-02,183,13,26.1,26.2,24.3,91,4.21,227.0,26.484,30.59,26.62,0,14.46
2013-07-03,184,11,27.2,27.2,23.8,79,5.4,472.0,26.771,32.06,30.08,0,16.63
2013-07-04,185,12,29.1,29.4,23.9,60,6.65,674.0,26.742,33.98,31.2,0,18.50
2013-07-05,186,11,29.0,29.0,22.5,58,3.67,757.0,26.965,35.79,30.73,0,18.42
2013-07-06,187,15,29.6,29.8,23.6,72,2.02,520.0,29.126,37.84,34.53,0,26.68
2013-07-07,188,12,30.9,31.0,24.5,67,1.57,740.0,30.53,40.47,36.47,0,33.00
2013-07-08,189,11,29.2,29.6,24.1,75,1.58,424.0,29.024,37.44,34.19,0,26.66
2013-07-09,190,14,31.2,31.2,24.6,64,3.85,679.0,29.542,38.31,36.36,0,29.65
2013-07-10,191,11,28.2,28.3,24.5,70,3.74,487.0,27.055,34.09,31.06,0,19.82
2013-07-11,192,16,27.4,27.4,23.8,82,1.8,154.0,27.01,33.40,30.89,0,18.35
2013-07-12,193,11,28.3,28.3,23.9,77,2.06,484.0,28.304,36.46,32.35,0,23.67
2013-07-13,194,15,25.7,25.7,23.4,79,3.23,188.0,24.924,29.82,26.04,0,9.91
2013-07-14,195,11,26.0,26.0,23.7,82,3.82,279.0,25.69,30.64,26.4,0,12.30
2013-07-15,196,15,24.3,24.3,23.3,95,4.55,82.0,24.571,26.10,24.78,0,6.44
2013-07-16,197,13,28.1,28.1,23.4,77,2.56,260.0,27.381,34.09,31.88,0,19.45
2013-07-17,198,13,29.0,29.4,23.6,77,2.34,537.0,28.997,37.33,34.1,0,25.91
2013-07-18,199,14,29.2,29.2,24.4,75,4.7,463.0,28.355,34.80,34.19,0,23.83
2013-07-19,200,13,27.3,27.3,24.0,81,4.24,368.0,27.007,32.51,30.53,0,17.81
2013-07-20,201,16,26.6,27.0,23.8,83,4.49,174.0,26.021,29.75,27.04,0,12.42
2013-07-21,202,12,29.3,29.6,24.0,66,4.92,548.0,27.6,34.61,32.61,0,21.21
2013-07-22,203,13,29.6,29.6,24.1,72,3.52,542.0,28.748,36.49,34.53,0,25.58
2013-07-23,204,10,28.5,28.5,24.3,77,2.13,393.0,28.248,36.05,32.84,0,23.92
2013-07-24,205,11,27.5,27.7,24.3,82,1.51,415.0,28.11,36.04,31.13,0,23.01
2013-07-25,206,11,27.1,27.1,24.1,76,4.41,307.0,26.157,31.25,29.57,0,15.05
2013-07-26,207,13,24.2,24.4,23.4,92,4.08,96.0,24.279,26.51,24.64,0,6.31
2013-07-27,208,15,27.1,27.1,22.9,78,3.05,241.0,26.37,32.21,29.77,0,14.82
2013-07-28,209,14,25.7,26.1,23.6,85,4.62,197.0,25.391,28.84,26.12,0,10.32
2013-07-29,210,13,29.4,29.4,24.2,65,6.15,570.0,27.482,34.25,32.63,0,20.98
2013-07-30,211,13,24.9,24.9,23.2,88,5.04,287.0,25.078,28.52,25.32,0,9.04
2013-07-31,212,16,27.8,28.0,23.5,82,3.94,198.0,27.214,32.08,31.89,0,17.81
2013-08-01,213,11,27.7,27.7,23.5,83,0.5,484.0,29.791,37.52,31.78,0,26.56
2013-08-02,214,13,23.8,23.9,22.6,90,5.38,88.0,23.592,24.31,24.19,0,3.71
2013-08-03,215,14,29.4,29.4,22.9,64,3.34,600.0,27.827,36.14,32.44,0,21.40
2013-08-04,216,13,29.6,29.8,24.4,64,2.88,619.0,28.164,36.92,32.84,0,24.50
2013-08-05,217,13,29.0,29.2,24.2,74,4.17,624.0,28.408,35.76,33.49,0,24.13
2013-08-06,218,16,26.9,26.9,23.7,80,3.42,222.0,26.267,31.52,29.52,0,14.97
2013-08-07,219,14,27.1,27.2,23.5,80,3.48,232.0,26.482,31.80,29.96,0,15.51
2013-08-08,220,12,29.4,30.2,23.9,70,3.04,621.0,28.594,36.98,33.62,0,25.06
2013-08-09,221,15,26.2,26.2,23.4,85,3.92,313.0,26.248,31.30,26.65,0,13.48
2013-08-10,222,13,29.3,29.4,23.6,67,3.61,629.0,28.055,36.13,32.8,0,22.78
2013-08-11,223,15,29.5,29.5,23.3,65,2.6,522.0,28.07,36.62,32.83,0,22.82
2013-08-12,224,13,27.1,27.1,24.2,80,2.14,333.0,27.033,34.19,29.96,0,19.09
2013-08-13,225,14,26.4,26.4,23.5,86,2.82,358.0,26.834,33.24,26.87,0,16.11
2013-08-14,226,15,29.1,29.1,23.7,71,2.0,499.0,28.501,37.06,33.14,0,24.54
2013-08-15,227,12,30.3,30.5,24.1,70,2.01,735.0,30.029,39.62,35.78,0,30.72
2013-08-16,228,14,29.3,29.7,24.2,73,1.03,399.0,29.204,37.61,34.02,0,27.17
2013-08-17,229,11,29.1,29.1,24.3,74,2.37,553.0,28.801,37.25,33.74,0,26.16
2013-08-18,230,14,25.4,25.4,23.4,92,3.74,153.0,25.711,29.40,25.9,0,11.10
2013-08-19,231,15,26.3,27.4,23.7,85,2.2,204.0,26.328,32.42,26.75,0,14.80
2013-08-20,232,12,24.9,24.9,22.7,87,5.2,170.0,24.677,27.07,25.31,0,6.64
2013-08-21,233,15,26.3,26.3,23.0,78,6.85,330.0,25.43,29.09,26.66,0,9.88
2013-08-22,234,11,24.0,24.0,22.6,91,6.55,141.0,24.009,24.73,24.42,0,4.49
2013-08-23,235,15,24.8,24.8,22.5,87,5.26,116.0,24.406,26.11,25.2,0,5.21
2013-08-24,236,14,24.0,24.0,21.5,84,5.01,106.0,23.315,24.86,24.32,0,2.48
2013-08-25,237,14,23.6,23.6,22.1,83,3.74,155.0,23.095,26.47,23.89,0,2.52
2013-08-26,238,11,26.5,26.5,23.2,79,4.1,288.0,25.868,30.83,26.88,0,12.20
2013-08-27,239,12,28.3,28.3,23.4,69,3.94,385.0,26.809,33.28,31.11,0,17.51
2013-08-28,240,13,26.8,26.8,22.9,77,3.05,330.0,26.217,32.55,29.06,0,14.51
2013-08-29,241,14,29.1,29.1,23.2,66,3.03,413.0,27.462,35.11,32.21,0,20.24
2013-08-30,242,14,30.5,30.6,22.9,59,3.69,693.0,28.364,37.27,33.59,0,23.67
2013-08-31,243,14,30.7,30.9,23.4,67,3.23,678.0,29.548,38.44,35.98,0,28.22
2013-09-01,244,13,30.8,30.9,23.5,63,2.19,754.0,29.666,39.56,35.17,0,29.07
2013-09-02,245,13,31.4,31.4,24.0,63,2.06,810.0,30.392,40.64,36.55,0,32.31
2013-09-03,246,12,30.3,30.8,24.1,62,2.22,751.0,29.065,38.86,33.85,0,27.64
2013-09-04,247,13,30.7,31.3,24.1,65,1.99,798.0,29.978,39.98,35.45,0,30.76
2013-09-05,248,13,30.4,30.7,23.8,62,3.05,818.0,28.976,38.51,34.06,0,26.94
2013-09-06,249,14,30.9,31.1,23.4,59,1.68,711.0,29.476,39.59,34.39,0,28.32
2013-09-07,250,13,31.4,31.5,23.9,61,0.98,772.0,30.941,41.04,35.98,0,33.31
2013-09-08,251,17,30.4,32.2,24.1,71,1.39,168.0,28.945,36.63,36.3,0,26.70
2013-09-09,252,14,31.4,31.4,24.4,61,1.84,611.0,29.874,39.71,35.98,0,30.92
2013-09-10,253,14,32.0,32.0,24.0,61,1.66,704.0,30.733,41.03,37.38,0,33.54
2013-09-11,254,15,31.9,31.9,24.0,61,1.97,561.0,30.168,39.94,37.14,0,31.60
2013-09-12,255,12,31.3,31.7,24.1,68,2.33,807.0,30.742,40.71,37.79,0,33.60
2013-09-13,256,12,31.3,31.5,24.0,66,1.48,765.0,30.912,41.04,37.18,0,33.82
2013-09-14,257,13,30.8,31.3,23.7,70,0.42,717.0,32.37,41.06,37.07,0,36.19
2013-09-15,258,13,31.6,31.7,24.1,67,1.04,825.0,31.871,42.04,38.26,0,36.87
2013-09-16,259,12,29.9,30.5,23.7,71,0.8,713.0,30.774,40.00,35.03,0,31.65
2013-09-17,260,14,30.5,30.6,23.7,70,0.5,636.0,31.672,40.43,36.29,0,34.13
2013-09-18,261,11,29.7,30.2,23.6,72,1.12,677.0,30.177,39.50,34.78,0,29.95
2013-09-19,262,13,30.1,30.1,24.2,72,1.34,571.0,30.102,39.29,35.79,0,30.74
2013-09-20,263,12,28.0,28.0,24.1,76,1.0,212.0,27.575,34.88,31.5,0,21.07
2013-09-21,264,13,25.7,25.7,23.7,83,2.61,188.0,25.408,30.87,26.1,0,11.94
2013-09-22,265,14,25.0,25.0,23.2,91,2.88,220.0,25.545,30.64,25.47,0,11.45
2013-09-23,266,13,25.3,25.3,22.2,72,3.08,185.0,23.862,29.03,25.53,0,5.94
2013-09-24,267,12,28.5,28.9,22.6,62,3.22,667.0,26.908,35.44,30.48,0,18.09
2013-09-25,268,12,29.7,29.9,23.0,67,2.28,790.0,29.107,38.66,33.66,0,26.21
2013-09-26,269,14,31.1,31.1,22.9,61,1.28,656.0,30.064,39.98,35.32,0,29.47
2013-09-27,270,12,30.8,31.3,23.0,63,0.8,725.0,30.764,40.39,35.17,0,31.16
2013-09-28,271,13,31.5,31.7,24.6,64,1.08,776.0,31.27,41.39,37.08,0,35.41
2013-09-29,272,13,31.3,31.3,24.5,59,2.24,765.0,29.663,39.85,35.23,0,30.46
2013-09-30,273,12,30.1,30.3,24.0,61,1.8,665.0,28.799,38.51,33.23,0,26.53
2013-10-01,274,14,31.0,31.1,24.3,63,0.67,568.0,30.725,39.89,35.62,0,32.41
2013-10-02,275,13,28.1,28.5,23.8,75,0.76,401.0,28.565,36.57,31.58,0,23.84
2013-10-03,276,12,25.4,25.4,23.3,90,2.4,182.0,25.804,31.25,25.87,0,12.50
2013-10-04,277,16,25.9,25.9,23.0,86,2.33,132.0,25.728,31.00,26.35,0,11.82
2013-10-05,278,13,28.7,28.8,22.5,69,4.18,638.0,27.611,35.09,31.92,0,19.57
2013-10-06,279,12,29.2,30.1,22.7,75,1.61,685.0,29.638,38.85,34.19,0,27.20
2013-10-07,280,12,29.7,30.6,22.6,69,0.45,719.0,31.22,39.81,34.1,0,30.73
2013-10-08,281,14,28.6,28.8,22.7,72,0.81,508.0,29.026,37.52,32.21,0,24.35
2013-10-09,282,13,28.4,28.7,22.7,71,1.92,581.0,28.053,36.80,31.62,0,21.77
2013-10-10,283,15,26.8,26.8,22.1,77,1.53,383.0,26.825,34.60,29.06,0,16.21
2013-10-11,284,14,27.7,27.7,22.5,70,2.25,486.0,26.937,35.06,30.1,0,17.61
2013-10-12,285,14,30.6,30.7,21.7,61,3.01,652.0,28.782,37.93,34.25,0,24.13
2013-10-13,286,13,31.2,31.2,24.0,58,5.14,780.0,28.771,37.54,34.77,0,26.35
2013-10-14,287,14,29.6,29.6,21.7,59,2.91,632.0,27.614,36.62,31.91,0,20.10
2013-10-15,288,13,30.1,30.2,20.7,57,1.03,687.0,28.994,38.84,32.43,0,24.50
2013-10-16,289,10,29.0,30.6,21.9,67,0.61,672.0,29.744,38.55,32.19,0,25.63
2013-10-17,290,12,29.9,30.5,20.8,50,1.64,868.0,27.816,38.62,30.9,0,21.55
2013-10-18,291,11,29.1,30.3,18.9,55,1.12,815.0,28.041,38.19,30.46,0,21.50
2013-10-19,292,11,29.6,30.4,19.2,53,0.58,815.0,29.208,38.84,30.92,0,24.34
2013-10-20,293,11,29.0,29.5,19.4,55,1.39,798.0,27.648,37.85,30.31,0,20.46
2013-10-21,294,12,29.7,30.1,20.7,52,3.16,832.0,27.147,37.05,30.91,0,19.16
2013-10-22,295,13,29.3,29.3,21.5,54,4.02,765.0,26.717,35.65,30.61,0,17.22
2013-10-23,296,14,29.0,29.0,22.6,63,3.49,601.0,27.31,35.47,31.51,0,19.25
2013-10-24,297,15,25.8,25.8,22.7,75,3.05,264.0,24.881,30.67,26.1,0,9.63
2013-10-25,298,13,27.0,27.3,22.5,77,3.4,576.0,26.855,34.02,29.46,0,16.46
2013-10-26,299,13,27.3,27.3,22.5,75,3.68,567.0,26.869,33.89,29.88,0,16.55
2013-10-27,300,13,28.9,29.1,21.8,61,3.22,610.0,27.071,35.54,31.02,0,17.96
2013-10-28,301,12,29.3,29.5,20.3,53,1.9,732.0,27.213,37.35,30.47,0,19.34
2013-10-29,302,13,29.5,29.6,19.9,47,0.51,760.0,28.432,38.10,29.93,0,21.98
2013-10-30,303,11,28.2,29.3,17.6,46,0.54,797.0,27.167,36.91,28.31,0,18.13
2013-10-31,304,12,28.7,29.1,17.6,50,1.51,822.0,26.74,37.27,29.28,0,17.94
2013-11-01,305,13,28.7,28.8,16.9,44,2.02,786.0,25.618,36.39,28.66,0,14.96
2013-11-02,306,13,29.0,29.2,16.9,43,1.0,753.0,26.49,37.10,28.89,0,17.20
2013-11-03,307,12,29.1,29.7,18.2,49,0.89,798.0,27.592,37.83,29.67,0,20.10
2013-11-04,308,12,28.6,29.1,19.4,51,1.61,687.0,26.418,36.51,29.26,0,16.78
2013-11-05,309,11,28.1,28.7,18.3,51,2.24,760.0,25.779,35.83,28.66,0,14.85
2013-11-06,310,11,27.7,28.3,16.7,45,1.88,767.0,24.895,35.47,27.74,0,12.58
2013-11-07,311,13,28.2,28.2,17.9,44,1.53,748.0,25.395,36.07,28.15,0,14.11
2013-11-08,312,12,27.9,28.4,17.0,45,1.08,798.0,25.777,36.33,27.93,0,14.94
2013-11-09,313,12,28.0,28.5,16.4,46,1.65,796.0,25.479,36.13,28.11,0,14.30
2013-11-10,314,12,27.4,27.9,18.2,49,1.77,717.0,25.066,35.22,27.74,0,12.73
2013-11-11,315,13,27.5,27.5,18.2,39,2.06,712.0,23.772,34.57,27.19,0,9.60
2013-11-12,316,12,26.4,27.0,16.6,41,0.86,780.0,24.228,34.74,26.28,0,10.52
2013-11-13,317,12,26.5,27.0,14.9,39,1.14,783.0,23.707,34.62,26.36,0,9.45
2013-11-14,318,13,26.8,27.0,14.6,39,2.26,747.0,23.143,33.89,26.67,0,7.86
2013-11-15,319,13,26.6,26.8,14.0,40,2.62,746.0,22.955,33.39,26.48,0,7.14
2013-11-16,320,13,26.4,26.6,13.8,37,2.7,758.0,22.399,33.07,26.23,0,5.86
2013-11-17,321,13,27.1,27.5,13.1,37,2.5,752.0,23.059,33.91,26.79,0,7.71
2013-11-18,322,13,28.1,28.3,14.7,34,1.98,716.0,23.663,35.02,27.37,0,9.79
2013-11-19,323,13,28.4,28.6,15.9,33,2.16,745.0,23.745,35.28,27.56,0,10.21
2013-11-20,324,13,28.1,28.4,14.3,33,1.64,749.0,23.782,35.38,27.32,0,10.26
2013-11-21,325,13,27.7,27.9,13.3,32,2.55,747.0,22.862,34.25,26.97,0,7.58
2013-11-22,326,14,28.4,28.4,14.3,46,3.26,607.0,24.851,34.10,28.53,0,11.81
2013-11-23,327,13,29.2,29.2,20.0,51,2.72,640.0,26.38,35.92,30.05,0,16.58
2013-11-24,328,14,29.0,29.0,20.8,55,1.43,542.0,27.031,36.52,30.31,0,18.33
2013-11-25,329,13,30.5,30.9,20.4,45,2.2,662.0,27.019,37.57,30.99,0,19.32
2013-11-26,330,13,29.8,29.9,18.7,24,2.9,730.0,23.182,35.73,28.23,0,9.72
2013-11-27,331,13,29.1,29.4,15.2,26,3.28,736.0,22.863,34.80,27.75,0,8.26
2013-11-28,332,13,28.3,28.6,16.4,28,3.61,728.0,22.438,33.70,27.22,0,6.47
2013-11-29,333,14,28.7,28.7,19.6,46,1.25,491.0,25.678,35.44,28.86,0,14.46
2013-11-30,334,13,29.3,29.5,19.6,44,1.41,646.0,26.23,36.72,29.33,0,16.60
2013-12-01,335,14,29.5,29.5,19.2,36,2.02,565.0,24.803,35.64,28.75,0,12.91
2013-12-02,336,13,29.3,29.5,17.9,37,1.84,674.0,25.09,36.22,28.64,0,13.83
2013-12-03,337,13,29.2,29.3,16.9,41,1.88,686.0,25.547,36.36,28.91,0,14.89
2013-12-04,338,13,29.0,29.3,16.8,35,1.75,698.0,24.653,36.01,28.2,0,12.69
2013-12-05,339,13,28.1,28.2,17.2,36,2.53,696.0,23.671,34.54,27.49,0,9.50
2013-12-06,340,13,26.2,26.4,14.9,25,2.41,722.0,20.611,32.63,25.86,0,4.79
2013-12-07,341,14,26.6,26.6,12.2,27,2.05,632.0,21.209,32.85,26.31,0,4.95
2013-12-08,342,13,26.8,27.2,11.2,29,1.57,729.0,22.133,33.97,26.26,0,6.01
2013-12-09,343,13,27.7,27.9,11.6,26,2.0,728.0,22.165,34.40,26.72,0,6.38
2013-12-10,344,13,27.6,27.9,13.6,27,2.28,726.0,22.109,34.11,26.69,0,6.07
2013-12-11,345,13,27.0,27.4,13.8,27,2.47,730.0,21.553,33.41,26.31,0,5.35
2013-12-12,346,14,26.9,26.9,12.5,27,2.1,630.0,21.428,33.08,26.25,0,5.11
2013-12-13,347,14,26.5,26.5,12.4,29,0.7,625.0,22.587,33.51,26.23,0,6.53
2013-12-14,348,13,27.2,27.7,11.9,28,1.25,724.0,22.558,34.43,26.47,0,7.14
2013-12-15,349,14,27.3,27.3,11.6,30,0.85,626.0,23.147,34.21,26.61,0,8.09
2013-12-16,350,12,25.9,27.0,11.9,35,0.41,747.0,23.915,33.81,25.68,0,9.25
2013-12-17,351,13,26.6,26.8,12.0,32,1.0,722.0,22.896,34.15,26.38,0,7.58
2013-12-18,352,13,26.2,26.5,11.6,33,0.51,720.0,23.64,34.03,25.97,0,8.90
2013-12-19,353,13,27.2,27.4,13.0,31,2.48,713.0,22.268,33.61,26.59,0,6.00
2013-12-20,354,11,25.7,27.2,13.5,39,0.4,686.0,24.045,33.46,25.52,0,9.25
2013-12-21,355,13,27.0,27.2,12.6,39,2.31,703.0,23.214,33.81,26.81,0,7.93
2013-12-22,356,14,27.2,27.2,16.8,42,2.24,602.0,23.594,33.64,27.12,0,8.57
2013-12-23,357,13,27.2,27.3,14.6,39,1.49,703.0,23.824,34.66,26.96,0,9.70
2013-12-24,358,13,26.8,27.1,16.4,39,2.4,660.0,22.925,33.30,26.67,0,7.02
2013-12-25,359,13,26.4,26.7,15.3,39,1.04,711.0,23.563,34.22,26.26,0,8.89
2013-12-26,360,14,26.6,26.6,15.6,37,1.7,620.0,22.734,33.41,26.44,0,6.74
2013-12-27,361,14,27.0,27.0,15.5,38,1.44,613.0,23.355,33.97,26.77,0,8.32
2013-12-28,362,14,27.7,27.7,14.6,39,0.64,631.0,25.096,35.13,27.35,0,12.57
2013-12-29,363,14,27.4,27.4,16.2,37,1.12,616.0,23.843,34.48,27.0,0,9.61
2013-12-30,364,14,27.4,27.4,15.7,39,2.69,621.0,23.274,33.39,27.11,0,7.78
2013-12-31,365,13,26.7,27.0,15.0,45,2.62,709.0,23.583,33.49,26.89,0,8.40
2014-01-01,1,13,26.7,27.0,14.8,42,1.39,668.0,23.759,34.22,26.74,0,9.26
2014-01-02,2,13,27.0,27.2,16.0,38,1.49,721.0,23.563,34.52,26.77,0,9.11
2014-01-03,3,14,27.0,27.0,15.7,36,1.3,633.0,23.249,34.07,26.67,0,8.19
2014-01-04,4,14,28.4,28.4,15.4,33,2.08,639.0,23.575,34.78,27.56,0,9.53
2014-01-05,5,12,27.3,28.0,15.7,43,3.08,697.0,23.712,33.48,27.26,0,8.73
2014-01-06,6,14,27.4,27.4,17.6,40,1.14,638.0,24.267,34.75,27.17,0,10.66
2014-01-07,7,15,26.6,26.6,15.7,40,0.36,495.0,24.257,33.00,26.48,0,9.32
2014-01-08,8,14,28.0,28.0,15.0,38,1.58,648.0,24.203,35.02,27.53,0,10.88
2014-01-09,9,14,28.9,28.9,14.8,35,2.25,652.0,24.236,35.30,28.11,0,11.35
2014-01-10,10,12,27.4,28.4,17.5,45,3.18,614.0,23.873,33.11,27.47,0,8.85
2014-01-11,11,13,27.9,28.3,17.9,43,4.05,668.0,23.978,33.05,27.78,0,9.12
2014-01-12,12,15,25.5,25.5,15.8,49,0.95,479.0,23.406,32.62,25.44,0,7.43
2014-01-13,13,14,27.1,27.2,15.1,41,1.0,657.0,24.331,34.69,26.99,0,10.68
2014-01-14,14,14,28.2,28.3,16.2,36,1.25,571.0,24.161,34.87,27.57,0,10.70
2014-01-15,15,13,28.4,28.7,16.9,38,2.34,692.0,24.261,35.07,27.88,0,11.15
2014-01-16,16,13,27.4,28.0,18.7,45,1.84,608.0,24.325,34.37,27.47,0,10.61
2014-01-17,17,13,27.3,28.3,18.4,48,3.67,533.0,23.89,32.16,27.57,0,8.23
2014-01-18,18,14,26.2,26.3,19.5,50,1.77,472.0,23.549,32.68,26.19,0,7.75
2014-01-19,19,14,26.6,26.6,17.4,48,1.21,550.0,24.234,33.88,26.58,0,9.91
2014-01-20,20,13,27.7,28.4,16.9,46,2.72,693.0,24.529,34.36,27.81,0,11.12
2014-01-21,21,13,28.2,28.4,17.6,42,3.06,676.0,24.347,34.28,27.99,0,10.78
2014-01-22,22,13,27.7,27.8,18.3,39,2.64,648.0,23.6,33.89,27.35,0,8.85
2014-01-23,23,14,26.4,26.5,18.4,44,2.19,487.0,22.902,32.28,26.32,0,6.24
2014-01-24,24,13,26.8,27.1,17.6,43,1.86,607.0,23.541,33.67,26.86,0,8.45
2014-01-25,25,14,27.7,27.8,17.5,44,1.98,701.0,24.592,35.00,27.67,0,11.65
2014-01-26,26,14,27.8,27.9,15.7,38,1.42,712.0,24.285,35.27,27.37,0,11.15
2014-01-27,27,13,26.7,27.5,15.6,30,2.47,809.0,21.883,33.62,26.24,0,5.50
2014-01-28,28,13,26.9,27.5,14.1,21,2.34,821.0,20.728,33.76,26.05,0,5.60
2014-01-29,29,14,27.5,27.5,13.5,22,0.22,741.0,23.305,33.34,26.46,0,7.77
2014-01-30,30,13,27.5,28.0,14.1,21,1.61,818.0,21.588,34.75,26.43,0,6.32
2014-01-31,31,14,27.7,27.8,13.8,21,1.12,744.0,22.011,34.74,26.57,0,6.33
2014-02-01,32,14,28.1,28.1,13.5,20,1.41,746.0,21.879,34.97,26.81,0,6.48
2014-02-02,33,14,28.7,28.8,13.8,23,1.35,746.0,22.929,35.64,27.33,0,8.84
2014-02-03,34,13,29.6,30.4,14.6,24,0.72,816.0,24.811,36.94,28.06,0,13.60
2014-02-04,35,15,30.8,30.8,14.4,20,0.71,602.0,24.434,36.73,28.91,0,13.06
2014-02-05,36,13,30.8,31.3,15.2,25,0.32,823.0,26.707,37.48,29.15,0,17.98
2014-02-06,37,14,31.8,31.9,16.6,24,0.58,746.0,26.702,38.70,30.04,0,19.19
2014-02-07,38,13,32.4,32.7,17.3,24,3.66,822.0,25.206,38.47,30.64,0,16.42
2014-02-08,39,11,29.6,32.3,17.3,28,0.64,753.0,25.482,36.88,28.26,0,14.90
2014-02-09,40,13,31.0,31.7,16.9,27,3.08,840.0,24.792,37.49,29.48,0,14.49
2014-02-10,41,13,28.4,29.4,16.0,27,0.6,847.0,24.705,36.19,27.26,0,12.57
2014-02-11,42,13,29.1,29.7,15.5,22,1.77,846.0,22.967,36.27,27.59,0,9.47
2014-02-12,43,14,28.7,28.8,16.5,27,2.34,766.0,23.053,35.33,27.48,0,8.90
2014-02-13,44,13,29.3,29.7,19.8,37,5.21,735.0,24.323,33.98,28.64,0,10.76
2014-02-14,45,13,28.0,28.4,20.3,37,3.48,614.0,23.314,33.13,27.47,0,7.81
2014-02-15,46,11,25.2,28.2,18.1,40,0.51,747.0,23.748,33.67,25.01,0,8.84
2014-02-16,47,13,26.1,26.6,18.0,33,1.97,819.0,22.039,33.64,25.86,0,5.59
2014-02-17,48,14,25.9,26.1,15.0,20,2.12,807.0,19.855,32.96,25.48,0,5.03
2014-02-18,49,14,26.5,26.8,12.6,22,1.22,815.0,21.293,34.09,26.14,0,5.84
2014-02-19,50,14,28.6,28.9,12.2,19,0.5,816.0,23.705,35.83,27.14,0,10.37
2014-02-20,51,14,30.8,30.9,13.8,22,0.22,805.0,26.107,36.56,28.99,0,16.13
2014-02-21,52,13,31.2,31.3,16.9,35,3.73,785.0,25.985,37.25,30.49,0,16.95
2014-02-22,53,13,29.7,30.2,20.9,44,2.33,712.0,26.224,36.80,29.81,0,16.83
2014-02-23,54,12,28.6,28.6,18.8,52,2.33,773.0,26.335,36.38,29.38,0,16.57
2014-02-24,55,15,28.9,28.9,19.1,49,1.12,575.0,26.563,36.40,29.41,0,17.02
2014-02-25,56,14,30.7,30.8,20.5,43,0.82,667.0,28.017,38.45,30.96,0,21.83
2014-02-26,57,15,30.2,30.2,19.3,42,1.43,577.0,26.581,37.14,30.17,0,17.88
2014-02-27,58,14,30.9,30.9,18.9,39,3.71,733.0,26.234,36.83,30.65,0,17.18
2014-02-28,59,15,26.2,26.2,17.8,62,3.1,525.0,24.53,32.25,26.35,0,9.29
2014-03-01,60,15,24.8,24.8,17.4,67,0.82,480.0,24.796,33.09,24.94,0,10.40
2014-03-02,61,14,26.1,26.2,16.8,44,1.39,783.0,23.723,34.35,26.01,0,9.29
2014-03-03,62,14,26.9,26.9,15.5,36,1.61,831.0,23.357,34.81,26.61,0,8.92
2014-03-04,63,14,24.2,24.3,15.6,58,2.55,733.0,22.804,31.84,24.2,0,5.74
2014-03-05,64,14,26.3,26.4,14.9,51,1.3,750.0,24.709,34.79,26.31,0,11.46
2014-03-06,65,14,25.1,25.2,18.6,59,2.05,712.0,23.905,33.21,25.15,0,8.81
2014-03-07,66,14,27.0,27.0,16.7,53,0.78,760.0,26.246,35.90,27.6,0,15.39
2014-03-08,67,14,28.1,28.1,17.8,49,0.42,749.0,27.571,36.65,28.47,0,18.76
2014-03-09,68,13,27.9,28.1,18.7,50,0.73,893.0,27.156,37.20,28.34,0,18.33
2014-03-10,69,13,26.7,26.9,17.1,61,2.35,834.0,25.689,35.17,27.77,0,13.88
2014-03-11,70,14,29.3,29.3,17.9,51,1.61,769.0,27.222,37.63,30.19,0,19.45
2014-03-12,71,12,29.5,30.5,20.7,51,1.94,874.0,27.399,38.06,30.47,0,20.20
2014-03-13,72,13,30.0,31.0,19.7,49,0.63,894.0,29.163,39.28,30.89,0,24.57
2014-03-14,73,12,30.9,31.8,18.6,43,0.51,930.0,29.647,40.01,31.23,0,26.14
2014-03-15,74,13,32.0,32.3,19.8,42,0.89,875.0,29.438,40.71,32.64,0,26.77
2014-03-16,75,12,32.8,33.1,19.9,36,0.3,891.0,30.377,40.49,32.7,0,28.41
2014-03-17,76,13,34.4,34.6,20.5,32,1.77,906.0,29.133,42.51,34.22,0,28.08
2014-03-18,77,12,34.5,34.8,22.7,27,1.75,877.0,28.281,42.20,33.43,0,26.77
2014-03-19,78,12,34.3,35.2,21.0,24,0.54,957.0,29.41,42.22,32.74,0,27.84
2014-03-20,79,12,34.1,35.6,19.2,24,0.57,965.0,29.175,42.03,32.51,0,27.18
2014-03-21,80,11,34.2,36.2,19.6,23,0.54,907.0,28.994,41.81,32.5,0,26.67
2014-03-22,81,14,35.4,35.6,21.2,16,4.12,885.0,25.786,41.72,33.06,0,20.76
2014-03-23,82,14,35.8,35.8,19.0,18,0.36,874.0,29.346,42.42,33.69,0,28.22
2014-03-24,83,12,35.4,36.2,20.7,23,1.7,817.0,28.132,42.70,33.92,0,26.22
2014-03-25,84,11,34.4,34.7,23.2,28,2.28,776.0,27.923,41.47,33.47,0,26.17
2014-03-26,85,14,36.4,36.4,22.5,26,2.28,785.0,29.183,43.70,35.81,0,30.21
2014-03-27,86,14,37.3,37.3,24.0,24,2.48,808.0,29.45,44.67,36.63,0,33.47
2014-03-28,87,13,38.0,38.3,23.1,21,2.06,962.0,29.784,46.08,36.89,0,34.17
2014-03-29,88,13,38.8,39.0,23.5,18,1.92,962.0,29.744,46.78,37.24,0,35.20
2014-03-30,89,14,39.3,39.3,26.3,14,2.88,881.0,28.456,46.51,36.99,0,35.74
2014-03-31,90,11,36.7,39.6,24.1,22,0.72,918.0,30.31,44.49,35.39,0,34.62
2014-04-01,91,12,37.6,38.3,23.4,16,2.97,984.0,27.877,45.08,35.43,0,29.65
2014-04-02,92,13,37.8,38.3,25.2,15,1.8,979.0,28.294,45.40,35.5,0,32.80
2014-04-03,93,12,37.6,38.6,24.8,14,2.72,1008.0,27.453,45.07,35.14,0,30.37
2014-04-04,94,13,37.6,38.0,24.3,15,0.91,985.0,29.073,45.03,35.28,0,32.87
2014-04-05,95,12,38.4,39.4,23.8,13,0.71,1006.0,29.531,45.64,35.84,0,33.80
2014-04-06,96,13,40.2,40.3,22.0,12,1.49,984.0,29.397,47.75,37.48,1,35.24
2014-04-07,97,12,39.6,40.4,24.4,15,0.92,991.0,30.556,47.31,37.54,2,41.60
2014-04-08,98,12,39.4,39.9,27.8,18,4.28,976.0,29.416,47.07,38.0,0,40.08
2014-04-09,99,13,38.1,38.1,24.4,17,2.7,935.0,28.54,45.62,36.18,0,32.74
2014-04-10,100,12,37.0,38.0,22.6,17,1.41,1006.0,28.576,44.79,34.9,0,29.63
2014-04-11,101,12,37.6,38.7,24.3,14,0.71,1013.0,29.252,44.93,35.14,0,33.08
2014-04-12,102,13,38.8,39.0,23.8,11,1.41,994.0,28.16,46.03,35.75,0,31.45
2014-04-13,103,12,38.6,39.2,23.1,14,2.09,973.0,28.42,46.18,36.21,0,31.41
2014-04-14,104,14,37.9,37.9,24.8,27,2.38,861.0,30.692,45.83,38.32,0,38.22
2014-04-15,105,13,37.6,37.8,25.7,29,2.61,953.0,30.899,45.88,38.44,0,39.74
2014-04-16,106,12,38.4,39.4,25.1,23,2.06,990.0,30.605,46.81,37.95,0,38.97
2014-04-17,107,13,39.4,39.6,26.8,21,1.14,956.0,31.604,47.70,38.82,0,43.81
2014-04-18,108,13,37.4,37.8,26.6,29,1.6,894.0,31.174,45.76,38.11,0,41.10
2014-04-19,109,13,38.1,38.2,25.0,26,0.2,961.0,33.195,45.17,38.34,0,42.71
2014-04-20,110,13,37.0,37.4,25.8,24,0.89,944.0,30.718,45.14,36.21,0,38.15
2014-04-21,111,15,37.5,37.6,26.2,22,0.28,710.0,31.084,43.59,36.44,0,38.27
2014-04-22,112,14,38.1,38.2,25.9,23,0.76,837.0,31.354,45.83,37.51,0,40.45
2014-04-23,113,13,38.4,38.6,25.9,23,1.49,940.0,30.903,46.68,37.95,0,40.38
2014-04-24,114,12,39.2,39.6,26.3,18,1.52,915.0,30.241,47.05,37.75,0,39.79
2014-04-25,115,12,39.6,40.7,25.3,17,0.41,1002.0,32.346,47.33,38.01,1,44.56
2014-04-26,116,13,41.0,41.3,26.0,13,0.45,988.0,32.172,48.47,38.68,2,47.79
2014-04-27,117,11,40.1,42.0,26.3,14,0.76,959.0,30.854,47.54,37.9,3,46.35
2014-04-28,118,13,41.5,41.8,25.7,13,0.78,953.0,31.513,48.96,39.25,4,50.09
2014-04-29,119,14,40.9,40.9,27.1,15,0.86,849.0,31.297,48.17,39.1,5,52.36
2014-04-30,120,13,40.8,40.8,27.6,17,0.73,906.0,32.183,48.52,39.55,6,56.70
2014-05-01,121,12,40.9,41.8,28.2,16,2.51,1004.0,30.557,49.16,39.38,7,54.73
2014-05-02,122,13,41.8,42.2,26.2,12,0.92,987.0,31.224,49.36,39.24,8,53.75
2014-05-03,123,12,38.7,39.9,27.5,23,1.84,978.0,30.954,47.15,38.38,0,42.84
2014-05-04,124,13,38.8,39.2,28.6,20,1.0,970.0,31.108,46.93,37.72,0,44.01
2014-05-05,125,12,37.2,38.0,27.6,31,2.47,944.0,30.992,45.54,38.39,0,41.87
2014-05-06,126,14,37.5,37.5,27.2,32,2.51,835.0,31.235,45.47,39.24,0,42.13
2014-05-07,127,13,38.0,38.1,28.0,30,2.15,941.0,31.61,46.56,39.45,0,44.64
2014-05-08,128,13,38.6,38.7,28.7,29,2.94,860.0,31.463,46.55,40.15,0,45.43
2014-05-09,129,13,34.3,35.1,27.4,38,2.16,497.0,29.011,40.51,35.43,0,33.16
2014-05-10,130,12,36.0,37.4,26.6,30,1.49,935.0,30.37,44.41,36.16,0,37.88
2014-05-11,131,14,39.4,39.4,27.6,18,3.48,862.0,29.442,46.74,38.0,0,39.66
2014-05-12,132,12,39.1,39.5,28.8,19,3.33,991.0,29.695,47.02,37.87,0,41.69
2014-05-13,133,13,39.4,39.7,28.6,19,2.34,885.0,30.116,47.19,38.26,0,42.53
2014-05-14,134,12,38.7,39.4,28.1,18,2.52,974.0,29.388,46.61,37.11,0,39.72
2014-05-15,135,12,37.9,38.1,26.5,20,1.91,851.0,29.359,45.44,36.53,0,36.74
2014-05-16,136,12,38.1,38.5,28.3,23,1.75,924.0,30.442,46.24,37.51,0,41.83
2014-05-17,137,12,39.2,39.5,28.2,21,2.06,884.0,30.59,47.16,38.54,0,43.04
2014-05-18,138,13,40.7,41.0,29.1,19,1.68,870.0,31.451,48.71,40.05,1,49.06
2014-05-19,139,13,40.4,40.5,29.8,21,2.22,919.0,31.508,48.71,40.28,2,51.73
2014-05-20,140,12,39.9,40.2,28.2,24,0.99,974.0,32.943,48.63,40.55,3,54.29
2014-05-21,141,12,40.1,40.1,29.9,23,2.69,944.0,31.595,48.48,40.52,4,55.28
2014-05-22,142,12,42.0,42.6,28.7,13,3.86,996.0,30.012,50.00,39.83,5,53.39
2014-05-23,143,13,42.5,42.5,27.2,11,1.9,888.0,30.244,49.95,39.66,6,53.64
2014-05-24,144,13,42.9,43.3,29.4,11,1.91,908.0,30.558,50.49,40.11,7,57.36
2014-05-25,145,16,40.8,40.9,28.8,17,0.22,497.0,31.615,45.39,39.55,8,54.77
2014-05-26,146,11,36.7,38.8,28.8,36,0.5,909.0,33.593,45.80,39.12,0,48.64
2014-05-27,147,10,36.0,39.4,28.0,35,0.22,803.0,32.676,43.11,37.53,0,43.44
2014-05-28,148,11,38.4,40.8,28.1,23,1.2,938.0,31.178,46.67,37.95,1,45.12
2014-05-29,149,11,40.4,42.7,28.5,20,1.43,847.0,31.622,48.34,39.95,2,50.05
2014-05-30,150,12,42.2,43.6,31.4,18,3.31,833.0,31.581,50.07,41.83,3,56.97
2014-05-31,151,13,43.3,43.4,32.3,16,2.97,838.0,31.934,51.26,42.57,4,61.48
2014-06-01,152,11,42.0,43.6,31.3,20,1.08,911.0,33.357,50.38,42.34,5,63.95
2014-06-02,153,12,42.1,43.3,31.6,21,2.42,961.0,32.813,50.87,42.92,6,65.51
2014-06-03,154,12,40.2,41.5,31.3,24,0.51,933.0,34.161,48.78,41.04,7,65.50
2014-06-04,155,11,40.5,42.7,29.4,23,0.67,913.0,33.647,48.92,41.15,8,62.45
2014-06-05,156,12,42.3,43.4,30.6,18,0.85,916.0,33.396,50.42,41.97,9,64.77
2014-06-06,157,11,42.7,44.6,30.3,19,2.66,912.0,32.571,51.18,42.98,10,63.78
2014-06-07,158,13,44.2,44.4,34.1,16,2.95,817.0,32.583,52.21,43.82,11,69.18
2014-06-08,159,13,44.4,44.9,34.2,16,2.98,833.0,32.749,52.51,44.11,12,69.81
2014-06-09,160,14,44.1,44.2,34.1,17,3.54,794.0,32.618,52.08,44.16,13,69.28
2014-06-10,161,13,42.0,42.6,33.4,21,3.44,765.0,32.096,49.73,42.76,14,65.37
2014-06-11,162,14,41.0,41.0,32.9,28,4.59,704.0,32.622,48.37,44.15,15,65.31
2014-06-12,163,11,37.8,37.8,29.9,40,4.44,875.0,32.43,45.60,42.97,0,49.02
2014-06-13,164,13,39.6,40.0,30.5,25,5.02,894.0,31.022,47.22,40.42,1,48.94
2014-06-14,165,13,38.4,38.7,26.2,31,4.28,869.0,31.37,45.91,40.51,0,42.01
2014-06-15,166,14,37.8,37.9,25.8,34,3.6,756.0,31.401,45.04,40.51,0,40.97
2014-06-16,167,13,38.3,38.7,29.3,34,3.4,908.0,32.1,46.45,41.48,0,47.75
2014-06-17,168,13,38.6,39.0,29.8,34,4.34,831.0,32.036,46.13,42.08,0,48.21
2014-06-18,169,14,29.8,30.0,24.8,63,3.01,381.0,27.719,35.53,33.04,0,23.20
2014-06-19,170,16,33.4,33.4,24.0,50,3.33,460.0,29.548,39.19,37.11,0,29.88
2014-06-20,171,15,35.4,35.4,28.1,44,4.3,633.0,30.626,41.66,39.32,0,39.30
2014-06-21,172,14,35.0,35.2,28.1,40,4.79,620.0,29.576,40.63,37.22,0,35.80
2014-06-22,173,14,35.6,36.0,28.2,37,4.6,697.0,29.763,41.71,37.41,0,37.11
2014-06-23,174,13,36.2,36.9,27.7,36,4.73,911.0,30.383,43.35,38.19,0,39.18
2014-06-24,175,13,36.5,37.6,28.2,35,4.49,911.0,30.512,43.77,38.42,0,40.39
2014-06-25,176,13,36.8,37.2,28.4,34,3.71,839.0,30.655,44.12,38.64,0,41.23
2014-06-26,177,12,35.3,35.8,28.6,40,2.94,752.0,30.424,42.66,37.78,0,39.66
2014-06-27,178,13,35.8,36.3,28.0,36,2.69,569.0,29.955,42.25,37.47,0,37.66
2014-06-28,179,11,35.6,35.6,25.6,38,4.72,733.0,29.958,41.89,37.72,0,34.69
2014-06-29,180,15,35.8,35.8,28.2,39,1.84,472.0,30.533,42.37,38.41,0,39.42
2014-06-30,181,13,37.9,38.3,28.6,30,3.9,914.0,30.903,45.55,39.27,0,43.20
2014-07-01,182,13,38.1,38.8,28.8,28,4.24,931.0,30.625,45.68,38.96,0,42.89
2014-07-02,183,14,38.9,38.9,29.5,27,4.3,837.0,30.935,46.24,39.96,0,45.07
2014-07-03,184,13,38.4,38.6,29.5,32,3.74,892.0,31.707,46.25,40.89,0,46.88
2014-07-04,185,13,37.5,37.8,29.6,33,3.57,885.0,31.167,45.21,39.58,0,44.74
2014-07-05,186,14,33.6,35.2,28.3,49,2.52,530.0,29.937,40.39,37.22,0,36.54
2014-07-06,187,13,32.2,32.2,25.6,57,3.7,495.0,29.349,38.15,36.63,0,30.44
2014-07-07,188,11,32.5,32.5,27.4,51,4.09,416.0,28.651,37.32,35.57,0,30.23
2014-07-08,189,14,35.7,35.8,28.1,44,3.23,556.0,30.963,42.24,39.96,0,40.59
2014-07-09,190,12,30.1,30.4,25.2,64,4.2,448.0,28.051,35.37,33.88,0,24.49
2014-07-10,191,14,34.3,34.3,27.0,49,3.44,680.0,30.602,41.36,38.71,0,37.53
2014-07-11,192,11,34.8,34.8,26.8,48,4.92,777.0,30.783,41.60,39.46,0,38.09
2014-07-12,193,11,33.7,33.7,25.2,51,4.61,547.0,29.902,39.35,38.07,0,32.42
2014-07-13,194,13,32.0,32.0,24.9,60,2.83,447.0,29.611,38.58,37.07,0,30.59
2014-07-14,195,15,30.7,30.7,24.7,68,3.96,418.0,29.042,36.46,36.25,0,27.45
2014-07-15,196,12,26.3,26.7,24.6,87,4.04,186.0,26.195,30.25,26.78,0,14.03
2014-07-16,197,14,29.0,29.0,24.0,70,3.8,378.0,27.587,34.30,32.73,0,21.01
2014-07-17,198,15,31.2,31.2,24.9,61,4.57,457.0,28.701,36.36,35.54,0,26.70
2014-07-18,199,15,28.9,29.5,25.6,72,2.94,321.0,27.718,34.76,32.88,0,23.51
2014-07-19,200,13,25.5,25.6,23.5,89,4.8,185.0,25.531,28.57,25.96,0,10.28
2014-07-20,201,12,27.7,27.7,23.6,73,6.36,408.0,26.446,31.44,30.46,0,15.48
2014-07-21,202,11,24.4,24.4,23.9,92,5.54,88.0,24.366,25.19,24.85,0,6.69
2014-07-22,203,10,24.1,24.1,23.3,90,8.4,47.0,23.629,22.16,24.51,0,4.59
2014-07-23,204,14,25.2,25.3,21.5,84,6.49,178.0,24.633,26.54,25.58,0,5.37
2014-07-24,205,11,27.2,27.2,23.0,64,4.69,370.0,25.114,30.87,28.67,0,11.18
2014-07-25,206,14,29.1,29.1,22.9,59,4.2,611.0,26.839,34.77,31.05,0,18.03
2014-07-26,207,12,28.6,28.6,23.6,67,3.89,493.0,27.1,34.27,31.39,0,19.10
2014-07-27,208,16,27.0,27.0,24.0,80,4.34,266.0,26.374,31.13,29.74,0,15.32
2014-07-28,209,15,28.5,28.5,23.9,78,3.35,409.0,28.09,34.96,33.02,0,22.43
2014-07-29,210,14,29.9,29.9,23.7,70,2.7,530.0,28.987,37.43,34.8,0,26.34
2014-07-30,211,13,29.6,29.6,24.8,70,2.98,607.0,28.774,37.21,34.08,0,26.79
2014-07-31,212,15,28.5,29.0,24.2,76,3.02,354.0,27.82,34.75,32.66,0,21.99
2014-08-01,213,15,29.7,29.8,24.6,73,3.72,490.0,28.816,36.23,35.01,0,26.27
2014-08-02,214,13,30.0,30.0,25.8,63,4.54,547.0,27.972,35.52,33.45,0,24.99
2014-08-03,215,14,29.7,29.7,24.4,65,4.37,432.0,27.733,34.71,33.25,0,22.24
2014-08-04,216,15,25.2,25.2,24.0,91,3.45,125.0,25.344,29.01,25.68,0,10.83
2014-08-05,217,11,26.0,26.0,23.6,85,5.05,236.0,25.752,29.28,26.44,0,11.32
2014-08-06,218,15,28.7,29.0,23.4,69,5.49,525.0,27.253,33.60,31.92,0,18.87
2014-08-07,219,13,29.9,29.9,24.0,64,4.78,654.0,28.127,35.88,33.45,0,23.44
2014-08-08,220,14,30.4,30.4,24.5,60,3.91,684.0,28.329,37.00,33.61,0,25.27
2014-08-09,221,15,30.9,30.9,24.9,57,3.31,604.0,28.43,37.49,33.93,0,26.40
2014-08-10,222,13,27.5,27.5,24.2,76,2.22,274.0,26.822,33.78,30.4,0,18.56
2014-08-11,223,13,28.8,29.0,23.7,69,3.9,533.0,27.576,34.88,32.12,0,20.83
2014-08-12,224,14,30.7,30.8,24.1,65,4.6,675.0,29.05,37.19,35.45,0,26.99
2014-08-13,225,14,29.4,29.4,24.7,65,4.34,481.0,27.546,34.66,32.63,0,21.98
2014-08-14,226,14,30.3,30.3,25.0,61,4.5,608.0,28.13,36.12,33.63,0,24.85
2014-08-15,227,14,30.1,30.1,24.8,59,4.53,654.0,27.781,35.96,32.82,0,23.54
2014-08-16,228,13,30.4,30.4,24.8,56,4.13,830.0,28.033,37.26,32.77,0,24.94
2014-08-17,229,14,30.6,30.7,23.9,62,2.53,746.0,29.213,38.91,34.48,0,27.95
2014-08-18,230,12,31.1,31.4,24.4,62,0.41,796.0,31.996,40.97,35.58,0,35.68
2014-08-19,231,14,31.9,32.1,24.8,62,0.72,687.0,31.714,41.45,37.45,0,36.66
2014-08-20,232,11,29.9,30.6,23.8,72,0.54,711.0,31.443,40.25,35.28,0,33.31
2014-08-21,233,13,31.5,31.5,24.8,71,1.2,799.0,31.988,42.13,39.31,0,38.36
2014-08-22,234,13,30.1,30.6,24.6,76,0.73,705.0,31.609,40.73,36.85,0,35.49
2014-08-23,235,11,29.4,30.8,24.2,73,0.81,693.0,30.441,39.49,34.26,0,30.96
2014-08-24,236,11,30.5,30.7,25.4,74,1.2,744.0,31.238,40.92,37.41,0,36.07
2014-08-25,237,13,31.3,31.7,24.2,70,1.3,728.0,31.432,41.38,38.42,0,35.74
2014-08-26,238,11,30.0,30.2,24.3,77,0.67,699.0,31.722,40.72,36.83,0,35.34
2014-08-27,239,14,31.0,31.0,24.3,70,1.2,594.0,30.913,40.42,37.6,0,33.88
2014-08-28,240,13,30.7,30.7,24.5,72,1.02,628.0,31.117,40.53,37.38,0,34.49
2014-08-29,241,15,30.2,30.3,24.4,71,0.67,443.0,30.441,38.97,35.79,0,31.38
2014-08-30,242,12,30.1,30.8,25.0,71,3.11,715.0,29.515,38.31,35.53,0,29.76
2014-08-31,243,14,28.8,28.9,24.1,75,1.34,387.0,28.668,36.91,33.21,0,25.23
2014-09-01,244,12,29.3,29.3,23.8,70,0.22,511.0,30.211,37.24,33.39,0,28.11
2014-09-02,245,16,26.8,26.8,23.5,76,2.97,264.0,25.957,32.01,28.98,0,14.30
2014-09-03,246,13,29.5,29.5,23.6,67,3.56,700.0,28.372,36.77,33.23,0,24.00
2014-09-04,247,13,30.0,30.0,23.4,67,4.22,742.0,28.777,37.03,34.33,0,25.13
2014-09-05,248,13,29.9,29.9,25.0,67,3.57,697.0,28.743,37.23,34.11,0,27.00
2014-09-06,249,15,28.0,28.0,23.9,80,2.21,195.0,27.455,33.99,32.1,0,20.19
2014-09-07,250,15,26.9,26.9,23.4,86,3.3,237.0,26.922,32.30,30.14,0,16.65
2014-09-08,251,15,25.7,25.7,22.8,79,3.54,256.0,25.082,30.16,26.04,0,9.76
2014-09-09,252,12,22.9,23.4,21.8,81,4.79,133.0,22.069,23.89,23.13,0,0.13
2014-09-10,253,12,25.1,25.1,22.3,82,2.51,231.0,24.887,30.68,25.45,0,9.18
2014-09-11,254,13,28.9,29.1,23.0,65,3.35,556.0,27.385,35.37,31.65,0,19.83
2014-09-12,255,12,29.1,29.6,23.5,71,2.45,761.0,28.851,37.97,33.14,0,25.62
2014-09-13,256,13,28.9,28.9,23.9,71,2.36,430.0,28.021,36.05,32.69,0,22.96
2014-09-14,257,11,29.7,30.5,23.8,72,2.69,761.0,29.445,38.52,34.78,0,28.10
2014-09-15,258,12,30.9,31.2,24.0,65,2.28,750.0,29.943,39.74,35.92,0,30.58
2014-09-16,259,12,31.0,31.6,24.2,64,2.63,782.0,29.844,39.61,35.88,0,30.52
2014-09-17,260,13,31.4,31.7,24.4,65,2.98,732.0,30.139,39.64,37.13,0,31.79
2014-09-18,261,13,31.7,31.9,24.7,63,2.2,723.0,30.447,40.49,37.27,0,33.39
2014-09-19,262,13,32.0,32.0,25.4,61,2.5,662.0,30.26,40.14,37.38,0,33.64
2014-09-20,263,13,31.6,31.9,25.9,61,2.56,604.0,29.756,39.30,36.44,0,32.32
2014-09-21,264,13,31.6,31.8,25.3,61,3.34,711.0,29.729,39.14,36.44,0,31.45
2014-09-22,265,12,31.0,31.3,25.3,64,2.06,717.0,29.958,39.82,35.88,0,32.17
2014-09-23,266,12,31.5,31.9,23.8,54,0.92,820.0,30.389,40.82,34.39,0,31.40
2014-09-24,267,12,32.1,32.9,22.2,49,1.04,922.0,30.359,41.48,34.31,0,29.92
2014-09-25,268,12,31.9,32.3,21.5,48,1.26,861.0,29.664,40.83,33.72,0,27.69
2014-09-26,269,11,31.7,32.4,21.5,47,0.45,786.0,30.662,40.53,33.17,0,29.15
2014-09-27,270,11,31.4,31.7,21.7,48,0.57,742.0,30.028,40.03,32.88,0,27.48
2014-09-28,271,12,31.9,32.1,22.2,49,0.1,799.0,31.144,38.98,33.95,0,29.46
2014-09-29,272,12,32.1,32.6,22.3,49,0.72,839.0,30.697,41.25,34.31,0,30.51
2014-09-30,273,11,32.2,33.1,21.7,46,1.65,846.0,29.312,40.75,33.79,0,26.99
2014-10-01,274,11,32.5,33.2,21.7,43,0.81,857.0,30.111,41.27,33.63,0,28.82
2014-10-02,275,12,32.8,33.4,22.0,44,1.8,856.0,29.49,41.24,34.35,0,27.89
2014-10-03,276,11,32.7,33.7,22.3,45,0.85,834.0,30.44,41.53,34.42,0,30.27
2014-10-04,277,12,33.6,34.3,23.2,43,1.6,856.0,30.187,42.19,35.5,0,31.72
2014-10-05,278,12,33.7,34.3,22.5,40,1.75,845.0,29.712,41.97,34.92,0,29.63
2014-10-06,279,13,32.7,32.8,23.3,54,1.78,757.0,30.553,41.43,36.84,0,32.48
2014-10-07,280,11,31.3,32.3,23.3,56,2.6,772.0,29.173,39.35,34.48,0,27.49
2014-10-08,281,12,31.7,32.0,23.3,55,2.21,796.0,29.616,40.18,35.03,0,29.13
2014-10-09,282,13,32.7,32.7,23.4,51,1.97,789.0,30.123,41.20,35.97,0,31.29
2014-10-10,283,12,33.2,33.6,24.6,46,2.94,816.0,29.559,40.82,35.57,0,31.20
2014-10-11,284,12,33.2,34.1,24.8,38,4.8,861.0,28.052,39.45,33.67,0,26.89
2014-10-12,285,14,33.2,33.2,22.6,36,6.02,659.0,27.312,38.07,33.27,0,21.79
2014-10-13,286,12,30.0,30.0,24.7,60,6.21,509.0,27.382,34.35,32.83,0,21.52
2014-10-14,287,14,32.1,32.1,23.1,49,2.18,626.0,28.907,39.42,34.31,0,26.74
2014-10-15,288,13,30.1,30.5,23.5,66,1.49,724.0,29.685,39.42,34.33,0,28.69
2014-10-16,289,13,31.4,31.7,22.4,59,1.48,708.0,30.067,40.29,35.44,0,29.16
2014-10-17,290,13,31.9,32.1,23.0,51,1.99,694.0,29.206,39.82,34.42,0,27.52
2014-10-18,291,13,32.4,32.4,23.0,45,2.04,742.0,28.93,40.18,33.9,0,27.06
2014-10-19,292,12,32.0,32.8,22.3,47,1.32,788.0,29.409,40.52,33.67,0,27.31
2014-10-20,293,12,32.4,32.6,23.0,47,0.3,766.0,31.224,40.41,34.37,0,31.74
2014-10-21,294,11,30.9,33.2,22.9,53,2.33,709.0,28.429,38.63,33.05,0,24.56
2014-10-22,295,12,32.3,33.2,20.0,36,2.83,847.0,27.412,39.47,32.01,0,21.82
2014-10-23,296,10,30.4,33.2,19.9,42,1.3,701.0,27.15,38.07,30.42,0,19.72
2014-10-24,297,13,32.8,32.8,20.7,30,0.81,705.0,27.983,39.94,31.75,0,23.14
2014-10-25,298,11,27.2,27.2,23.5,50,0.92,205.0,24.045,32.05,27.61,0,10.21
2014-10-26,299,14,25.4,25.6,21.5,56,1.52,297.0,23.087,31.11,25.43,0,5.74
2014-10-27,300,13,28.6,28.7,19.8,46,0.72,614.0,26.561,36.29,28.74,0,16.69
2014-10-28,301,12,30.0,30.7,19.1,40,1.28,779.0,26.723,37.93,29.69,0,18.53
2014-10-29,302,12,30.8,31.6,18.4,33,2.25,828.0,25.875,38.04,29.81,0,17.06
2014-10-30,303,12,31.3,32.0,19.4,37,1.96,812.0,27.011,38.89,30.87,0,20.21
2014-10-31,304,11,30.9,32.2,19.5,41,1.5,772.0,27.445,38.77,30.93,0,20.97
2014-11-01,305,10,29.8,32.4,19.9,43,0.54,662.0,27.79,37.61,29.81,0,20.37
2014-11-02,306,12,32.0,33.0,21.0,35,1.98,806.0,27.288,39.49,31.47,0,21.39
2014-11-03,307,13,32.5,32.7,20.7,32,2.56,768.0,26.915,39.33,31.66,0,20.65
2014-11-04,308,13,32.6,32.8,18.7,28,3.11,770.0,26.152,38.92,31.27,0,18.76
2014-11-05,309,12,32.3,32.9,19.0,33,2.63,776.0,26.897,39.15,31.56,0,20.44
2014-11-06,310,12,32.4,32.9,21.2,31,3.3,753.0,26.418,38.60,31.41,0,19.09
2014-11-07,311,13,32.2,32.4,19.7,28,2.77,768.0,25.924,38.69,30.82,0,18.00
2014-11-08,312,12,31.2,32.3,19.5,31,3.97,807.0,25.347,37.06,30.04,0,15.44
2014-11-09,313,14,31.7,31.7,20.2,31,2.61,612.0,25.784,37.58,30.59,0,16.84
2014-11-10,314,13,32.1,32.3,22.6,45,2.02,671.0,28.534,39.50,33.41,0,25.18
2014-11-11,315,13,31.7,31.7,22.5,49,0.5,546.0,29.977,39.44,33.6,0,27.81
2014-11-12,316,12,30.5,30.9,22.2,54,2.21,583.0,27.986,37.70,32.55,0,22.05
2014-11-13,317,13,31.7,32.0,22.0,44,2.6,658.0,27.793,38.48,32.57,0,22.03
2014-11-14,318,12,31.5,32.0,22.0,48,1.53,712.0,28.764,39.57,33.04,0,24.82
2014-11-15,319,11,31.1,32.2,21.9,46,0.36,650.0,29.551,38.70,32.02,0,25.30
2014-11-16,320,13,32.1,32.2,23.5,43,0.91,605.0,28.948,39.59,32.99,0,26.92
2014-11-17,321,13,31.4,31.6,21.9,41,2.11,645.0,27.275,38.29,31.6,0,20.55
2014-11-18,322,12,30.7,31.5,20.5,32,2.25,769.0,25.532,37.62,29.61,0,16.03
2014-11-19,323,13,30.5,30.7,16.4,21,2.0,749.0,23.57,37.00,28.69,0,11.54
2014-11-20,324,11,29.2,30.7,14.9,26,1.02,751.0,24.184,36.34,27.83,0,11.90
2014-11-21,325,11,28.9,30.2,14.8,30,0.63,742.0,25.209,36.30,27.79,0,13.79
2014-11-22,326,13,30.3,30.5,15.8,28,0.3,733.0,26.528,36.68,28.89,0,16.97
2014-11-23,327,13,30.2,30.3,16.2,30,1.22,723.0,25.363,37.32,28.94,0,15.25
2014-11-24,328,13,30.2,30.4,17.8,29,1.8,719.0,24.771,37.00,28.87,0,13.88
2014-11-25,329,12,29.3,30.0,15.9,31,1.58,761.0,24.559,36.53,28.19,0,12.88
2014-11-26,330,13,30.1,30.3,15.4,27,1.33,730.0,24.712,37.06,28.64,0,13.72
2014-11-27,331,13,30.3,30.5,15.4,29,0.32,723.0,26.658,36.81,28.96,0,17.34
2014-11-28,332,13,30.8,31.0,16.1,31,1.03,716.0,26.205,37.98,29.62,0,17.57
2014-11-29,333,12,30.2,30.9,16.5,30,1.3,726.0,25.296,37.31,28.94,0,15.11
2014-11-30,334,11,29.5,30.7,16.1,32,0.7,687.0,25.701,36.68,28.44,0,15.24
2014-12-01,335,13,30.2,30.3,16.3,31,1.89,696.0,24.991,36.93,29.02,0,14.29
2014-12-02,336,13,29.4,29.6,17.6,34,1.8,708.0,24.842,36.38,28.49,0,13.42
2014-12-03,337,13,29.4,29.7,15.5,28,1.94,715.0,23.87,36.07,28.09,0,11.21
2014-12-04,338,13,29.0,29.3,15.9,27,2.0,717.0,23.358,35.61,27.72,0,9.77
2014-12-05,339,13,29.1,29.4,15.6,25,2.7,717.0,22.832,35.13,27.7,0,8.43
2014-12-06,340,14,29.0,29.0,16.4,25,2.02,618.0,22.821,34.99,27.63,0,8.28
2014-12-07,341,13,28.6,28.9,14.9,26,1.84,720.0,22.961,35.30,27.36,0,8.67
2014-12-08,342,13,28.8,29.1,13.8,28,0.98,715.0,24.141,35.90,27.61,0,11.42
2014-12-09,343,13,29.0,29.3,14.4,35,0.51,703.0,26.23,36.54,28.2,0,16.05
2014-12-10,344,13,29.1,29.4,15.2,38,1.1,695.0,25.658,36.58,28.53,0,15.12
2014-12-11,345,13,29.2,29.4,16.9,39,2.18,681.0,25.13,36.00,28.72,0,13.77
2014-12-12,346,14,29.3,29.3,18.1,43,2.37,496.0,25.293,35.08,29.22,0,13.61
2014-12-13,347,13,26.9,26.9,19.8,56,3.32,436.0,24.31,31.85,27.69,0,8.84
2014-12-14,348,14,27.1,27.1,19.9,54,2.48,467.0,24.539,33.07,27.78,0,10.19
2014-12-15,349,13,21.8,22.1,16.3,75,2.96,252.0,21.012,26.21,21.9,0,0.15
2014-12-16,350,13,24.4,24.8,13.7,30,2.69,720.0,19.744,30.81,24.04,0,3.47
2014-12-17,351,13,23.2,23.7,12.3,27,2.33,735.0,18.521,30.18,22.74,0,3.02
2014-12-18,352,13,23.3,23.8,11.8,34,1.96,729.0,19.638,30.78,22.94,0,3.45
2014-12-19,353,13,24.0,24.5,9.9,31,2.2,730.0,19.744,31.06,23.63,0,3.65
2014-12-20,354,13,24.4,24.9,11.1,34,1.34,691.0,20.887,32.02,24.09,0,4.35
2014-12-21,355,14,25.9,25.9,12.6,30,1.41,633.0,21.431,32.79,25.61,0,4.90
2014-12-22,356,14,26.0,26.0,11.0,30,1.14,636.0,21.75,33.04,25.72,0,5.08
2014-12-23,357,14,26.6,26.6,10.9,29,0.41,636.0,23.317,33.52,26.34,0,7.92
2014-12-24,358,13,27.2,27.5,11.8,30,1.56,725.0,22.606,34.35,26.55,0,7.18
2014-12-25,359,13,26.8,27.2,14.3,34,1.62,717.0,22.769,34.06,26.46,0,7.28
2014-12-26,360,13,25.8,26.2,14.8,33,2.41,719.0,21.405,32.45,25.55,0,4.66
2014-12-27,361,14,24.4,24.4,12.5,20,1.92,655.0,18.495,31.04,23.91,0,3.64
2014-12-28,362,14,24.1,24.2,11.8,25,1.64,655.0,19.158,31.11,23.66,0,3.69
2014-12-29,363,14,24.9,24.9,10.1,24,1.53,657.0,19.73,31.84,24.49,0,4.21
2014-12-30,364,14,26.8,26.9,10.0,28,1.0,646.0,22.301,33.75,26.22,0,6.17
2014-12-31,365,14,28.2,28.4,16.6,46,3.31,501.0,24.464,33.20,28.31,0,10.34
2015-01-01,1,15,25.9,25.9,18.9,56,0.98,169.0,23.307,30.69,25.95,0,5.85
2015-01-02,2,15,25.1,25.1,18.1,64,0.51,207.0,24.077,31.11,25.22,0,7.61
2015-01-03,3,14,24.2,24.2,18.2,70,0.51,407.0,24.794,32.40,24.35,0,9.90
2015-01-04,4,13,24.7,25.2,17.4,60,2.12,525.0,23.218,31.73,24.75,0,6.44
2015-01-05,5,14,24.2,24.4,14.4,43,1.0,659.0,22.032,32.24,24.0,0,4.57
2015-01-06,6,14,25.1,25.2,10.3,29,0.45,675.0,22.214,32.73,24.76,0,5.27
2015-01-07,7,12,24.3,25.5,10.4,42,0.89,760.0,22.412,32.88,24.09,0,5.75
2015-01-08,8,12,24.7,25.4,12.1,30,1.94,772.0,20.4,32.12,24.35,0,4.42
2015-01-09,9,13,23.5,24.2,11.8,34,0.89,765.0,20.802,31.96,23.15,0,4.31
2015-01-10,10,12,22.9,24.8,10.0,37,0.5,779.0,21.543,31.91,22.56,0,4.27
2015-01-11,11,15,25.4,25.4,10.1,26,0.45,541.0,21.56,32.06,25.04,0,4.38
2015-01-12,12,14,26.4,26.6,10.3,29,1.04,690.0,22.183,33.68,26.13,0,5.89
2015-01-13,13,14,25.3,25.5,10.9,28,0.36,698.0,22.317,32.49,24.96,0,5.28
2015-01-14,14,14,26.2,26.2,9.8,28,0.67,695.0,22.463,33.61,25.9,0,6.37
2015-01-15,15,13,26.3,26.6,11.0,26,1.2,778.0,21.697,33.88,25.98,0,5.69
2015-01-16,16,13,25.9,26.4,13.0,32,0.36,767.0,23.585,33.48,25.64,0,8.40
2015-01-17,17,13,25.1,25.7,14.2,36,0.73,767.0,22.688,33.39,24.85,0,6.64
2015-01-18,18,13,24.1,25.1,12.8,34,0.85,778.0,21.405,32.52,23.78,0,4.71
2015-01-19,19,14,25.5,25.5,12.3,31,0.14,701.0,22.903,31.23,25.21,0,5.48
2015-01-20,20,14,26.8,26.9,12.5,28,2.27,663.0,21.49,33.06,26.22,0,5.10
2015-01-21,21,14,27.7,27.8,15.5,33,2.69,683.0,22.842,33.81,27.02,0,7.24
2015-01-22,22,15,28.1,28.1,15.3,35,1.63,477.0,23.447,33.92,27.43,0,8.62
2015-01-23,23,14,27.4,27.5,18.4,41,1.33,558.0,24.027,34.24,27.22,0,9.86
2015-01-24,24,14,28.0,28.1,17.9,39,1.58,594.0,24.211,34.77,27.6,0,10.74
2015-01-25,25,13,28.6,29.1,17.0,41,3.11,752.0,24.682,35.01,28.29,0,12.05
2015-01-26,26,13,28.6,29.0,17.1,37,3.32,735.0,24.069,34.57,27.98,0,10.46
2015-01-27,27,12,27.3,28.9,16.1,44,2.1,783.0,24.337,34.92,27.32,0,10.97
2015-01-28,28,12,26.1,27.7,17.0,50,1.25,778.0,24.525,34.72,26.09,0,11.07
2015-01-29,29,12,26.0,26.9,16.5,51,0.51,763.0,25.766,35.03,25.99,0,13.63
2015-01-30,30,15,26.5,26.5,16.2,22,1.44,582.0,20.574,32.74,26.14,0,4.87
2015-01-31,31,14,26.2,26.4,12.7,23,0.67,746.0,21.854,33.69,25.84,0,5.55
2015-02-01,32,14,28.1,28.2,13.4,24,1.34,741.0,22.617,35.12,26.93,0,7.75
2015-02-02,33,14,29.9,29.9,13.2,24,3.09,740.0,23.224,35.74,28.31,0,9.84
2015-02-03,34,14,30.5,30.5,15.2,29,1.57,737.0,25.198,37.50,29.15,0,15.15
2015-02-04,35,13,30.0,30.3,16.1,30,1.17,817.0,25.46,37.58,28.75,0,15.55
2015-02-05,36,14,29.5,29.5,18.4,34,1.3,639.0,25.112,36.38,28.59,0,13.97
2015-02-06,37,13,29.7,29.9,17.5,31,2.0,767.0,24.656,36.71,28.55,0,13.33
2015-02-07,38,13,29.7,30.2,16.0,32,2.73,782.0,24.535,36.28,28.62,0,12.82
2015-02-08,39,12,28.6,29.8,16.9,39,3.21,789.0,24.452,35.02,28.13,0,11.57
2015-02-09,40,14,28.0,28.0,18.6,43,2.1,689.0,24.652,35.09,27.88,0,11.90
2015-02-10,41,13,29.3,29.6,18.7,38,1.7,813.0,25.588,37.05,28.73,0,15.40
2015-02-11,42,14,29.0,29.0,18.2,36,2.01,697.0,24.655,35.87,28.27,0,12.62
2015-02-12,43,14,27.0,27.4,17.4,45,0.86,618.0,24.807,34.66,27.13,0,11.61
2015-02-13,44,11,27.2,30.2,15.8,41,1.21,771.0,24.464,35.26,27.07,0,11.37
2015-02-14,45,13,29.3,30.1,14.1,26,0.54,859.0,25.482,37.01,27.91,0,14.87
2015-02-15,46,12,31.3,32.8,15.6,25,2.32,864.0,24.998,38.34,29.63,0,15.56
2015-02-16,47,15,32.1,32.1,17.4,23,0.57,638.0,26.447,38.38,30.26,0,18.55
2015-02-17,48,12,32.5,33.9,16.3,26,2.82,866.0,25.957,39.37,30.94,0,18.59
2015-02-18,49,11,31.0,33.2,18.0,25,0.36,801.0,26.801,37.81,29.34,0,18.47
2015-02-19,50,13,31.9,32.3,19.1,26,2.44,871.0,25.621,38.97,30.3,0,17.44
2015-02-20,51,12,31.2,31.6,18.1,33,1.94,803.0,26.319,38.55,30.25,0,18.43
2015-02-21,52,12,31.6,32.6,19.0,27,1.33,848.0,26.187,39.10,30.08,0,18.52
2015-02-22,53,12,33.0,34.1,18.6,21,1.66,886.0,25.985,40.28,31.01,0,19.33
2015-02-23,54,13,33.2,33.6,18.9,23,0.32,883.0,28.432,39.97,31.39,0,23.87
2015-02-24,55,14,34.3,34.3,19.8,21,0.89,808.0,27.625,41.33,32.38,0,23.70
2015-02-25,56,13,34.2,34.4,19.4,22,2.79,891.0,26.59,41.21,32.38,0,21.65
2015-02-26,57,13,33.7,34.4,20.8,25,2.91,885.0,26.739,40.69,32.17,0,21.48
2015-02-27,58,12,31.7,32.7,21.8,30,0.41,861.0,28.407,39.39,30.48,0,23.07
2015-02-28,59,14,32.5,33.0,21.5,31,3.86,742.0,26.356,38.30,31.53,0,18.79
2015-03-01,60,14,22.1,22.4,18.7,84,2.19,211.0,22.144,27.67,22.33,0,1.48
2015-03-02,61,15,25.2,25.2,18.8,59,2.55,508.0,23.397,31.57,25.26,0,6.66
2015-03-03,62,13,25.7,26.9,17.9,59,1.9,691.0,24.493,33.84,25.78,0,10.37
2015-03-04,63,14,26.1,26.2,15.5,36,0.98,844.0,23.32,34.50,25.9,0,8.63
2015-03-05,64,15,27.7,27.7,14.1,40,0.71,678.0,25.223,35.41,27.41,0,13.04
2015-03-06,65,15,28.6,28.6,17.3,40,0.41,645.0,26.547,35.97,28.21,0,16.24
2015-03-07,66,13,29.1,29.7,16.7,41,0.85,913.0,26.922,37.85,28.8,0,18.53
2015-03-08,67,14,31.3,31.3,16.4,38,1.0,826.0,27.985,39.45,31.01,0,22.51
2015-03-09,68,13,31.0,31.4,19.5,47,1.61,864.0,28.438,39.60,32.05,0,23.86
2015-03-10,69,14,31.1,31.2,20.5,42,0.45,804.0,29.515,39.59,31.35,0,25.63
2015-03-11,70,13,31.6,31.8,20.4,40,1.36,902.0,28.295,40.10,31.71,0,23.83
2015-03-12,71,13,31.4,31.9,21.5,39,0.81,879.0,28.638,39.90,31.29,0,24.18
2015-03-13,72,12,31.1,32.1,19.4,41,0.67,921.0,29.058,39.95,31.19,0,24.97
2015-03-14,73,14,30.8,30.8,19.6,41,2.71,822.0,26.841,38.04,30.8,0,19.25
2015-03-15,74,12,30.7,32.3,20.8,35,2.89,868.0,25.912,37.73,29.92,0,16.95
2015-03-16,75,14,31.5,31.7,20.8,46,1.87,788.0,28.442,39.57,32.64,0,24.07
2015-03-17,76,11,29.7,31.7,20.6,54,0.22,863.0,29.966,37.92,31.23,0,25.23
2015-03-18,77,13,31.3,31.9,20.9,34,2.31,901.0,26.546,38.90,30.48,0,19.20
2015-03-19,78,14,31.8,32.0,19.6,33,1.79,852.0,27.002,39.48,30.95,0,20.66
2015-03-20,79,14,33.4,33.4,20.7,31,0.28,747.0,29.634,40.01,32.66,0,26.65
2015-03-21,80,13,34.5,34.9,22.0,26,1.0,879.0,28.797,42.26,33.27,0,26.91
2015-03-22,81,13,35.7,36.2,21.2,23,0.4,949.0,30.607,43.36,34.3,0,31.51
2015-03-23,82,11,35.3,37.1,20.9,26,1.44,894.0,29.001,43.18,34.3,0,28.34
2015-03-24,83,13,36.7,37.3,23.6,21,2.14,868.0,28.566,44.15,35.2,0,30.43
2015-03-25,84,12,36.4,37.4,23.5,20,1.56,973.0,28.652,44.27,34.66,0,30.36
2015-03-26,85,13,36.7,37.4,23.9,20,0.32,961.0,30.762,43.75,35.03,0,34.57
2015-03-27,86,13,36.8,37.0,22.3,21,0.58,842.0,30.314,44.16,35.33,0,32.27
2015-03-28,87,14,36.8,36.8,23.6,23,0.92,702.0,29.715,43.75,35.72,0,32.50
2015-03-29,88,14,37.0,37.0,23.7,26,2.01,803.0,29.828,44.58,36.68,0,33.79
2015-03-30,89,14,31.1,31.3,23.4,46,1.84,794.0,28.114,39.19,32.02,0,24.57
2015-03-31,90,11,32.4,35.0,21.8,45,1.7,813.0,29.257,40.73,33.9,0,26.91
2015-04-01,91,14,36.9,36.9,22.5,22,2.69,863.0,28.709,44.24,35.65,0,29.65
2015-04-02,92,13,37.4,38.0,21.2,18,3.0,976.0,28.22,44.95,35.53,0,28.61
2015-04-03,93,12,36.9,38.4,24.0,22,1.8,994.0,29.359,45.05,35.65,0,33.21
2015-04-04,94,13,36.8,37.2,25.4,21,3.91,970.0,28.212,44.06,35.33,0,31.84
2015-04-05,95,12,35.6,37.2,24.6,27,2.77,987.0,28.864,43.46,34.9,0,31.55
2015-04-06,96,12,36.0,37.5,24.0,26,1.52,975.0,29.655,44.29,35.25,0,33.07
2015-04-07,97,12,37.3,38.7,23.1,22,1.25,963.0,30.079,45.42,36.17,0,33.98
2015-04-08,98,13,37.3,37.6,24.6,32,2.3,885.0,31.239,45.55,38.88,0,39.02
2015-04-09,99,13,36.3,36.7,23.3,32,1.63,916.0,30.838,44.77,37.17,0,35.55
2015-04-10,100,15,37.1,37.1,24.3,28,0.28,662.0,31.863,43.50,37.35,0,37.80
2015-04-11,101,14,32.7,33.0,26.1,39,4.34,755.0,27.702,38.62,33.12,0,26.94
2015-04-12,102,13,30.7,31.0,20.8,46,2.91,904.0,27.482,38.38,31.43,0,20.94
2015-04-13,103,14,28.6,28.6,19.5,56,1.71,846.0,27.254,37.48,29.85,0,19.28
2015-04-14,104,14,27.5,27.6,18.8,63,2.62,701.0,26.314,35.20,29.02,0,15.55
2015-04-15,105,14,29.4,29.5,19.0,53,1.73,801.0,27.537,37.92,30.62,0,20.41
2015-04-16,106,13,31.1,31.2,20.1,46,1.41,928.0,28.68,40.03,32.02,0,24.62
2015-04-17,107,13,33.2,34.0,22.2,38,1.25,948.0,29.587,41.93,33.67,0,28.55
2015-04-18,108,12,36.1,37.2,22.1,30,2.24,902.0,29.927,44.11,36.32,0,31.64
2015-04-19,109,15,39.1,39.1,24.2,22,0.4,672.0,32.218,45.85,38.68,0,40.55
2015-04-20,110,13,39.2,39.5,26.4,24,2.32,883.0,31.161,47.31,39.44,0,42.46
2015-04-21,111,12,39.4,40.1,26.7,24,2.64,990.0,31.357,47.90,39.76,1,45.39
2015-04-22,112,13,39.8,40.1,26.6,18,3.48,857.0,29.74,47.21,38.53,2,42.93
2015-04-23,113,14,38.1,38.4,27.1,19,2.14,720.0,28.911,44.96,36.57,0,36.26
2015-04-24,114,13,38.9,39.2,26.2,13,2.43,989.0,28.204,46.45,36.37,0,34.87
2015-04-25,115,12,37.4,38.4,26.1,18,1.8,983.0,28.786,45.26,35.53,0,34.68
2015-04-26,116,12,37.0,38.6,24.7,28,3.34,988.0,30.017,44.90,37.19,0,35.74
2015-04-27,117,13,38.4,39.1,23.8,26,4.18,938.0,30.478,46.03,38.82,0,36.98
2015-04-28,118,13,41.4,42.2,27.3,15,3.22,967.0,30.328,49.42,39.71,1,45.22
2015-04-29,119,12,40.3,41.7,27.9,17,2.24,925.0,30.384,48.26,38.9,2,46.56
2015-04-30,120,12,39.2,40.5,25.8,20,1.03,1005.0,31.449,47.54,38.26,3,47.03
2015-05-01,121,13,40.9,41.4,24.9,14,2.64,945.0,29.818,48.70,38.83,4,45.62
2015-05-02,122,14,40.0,40.0,25.4,14,0.67,728.0,30.375,46.37,37.78,5,46.85
2015-05-03,123,11,38.3,40.4,25.6,21,0.45,961.0,32.243,46.39,37.29,6,52.10
2015-05-04,124,11,37.7,38.9,26.8,31,2.2,917.0,31.487,46.15,39.26,0,42.63
2015-05-05,125,13,38.5,39.0,26.4,26,1.24,929.0,31.851,47.01,38.98,0,43.37
2015-05-06,126,13,39.9,40.1,27.0,18,0.72,890.0,31.753,47.55,38.66,1,45.83
2015-05-07,127,15,41.1,41.1,25.4,11,0.36,729.0,30.808,46.68,38.14,2,43.02
2015-05-08,128,14,42.2,42.2,27.3,12,0.32,881.0,32.406,48.52,39.69,3,51.83
2015-05-09,129,13,41.0,41.0,26.7,17,2.28,850.0,30.769,48.76,39.82,4,49.92
2015-05-10,130,12,39.4,40.3,27.9,20,0.99,872.0,31.372,47.21,38.54,5,52.53
2015-05-11,131,12,39.2,39.3,25.9,25,1.89,966.0,31.748,47.84,39.77,0,43.49
2015-05-12,132,14,39.6,39.6,27.5,23,0.8,845.0,32.489,47.60,39.74,0,46.57
2015-05-13,133,13,40.0,40.0,28.2,22,1.04,958.0,32.449,48.49,40.02,1,49.72
2015-05-14,134,12,35.7,36.5,24.8,39,0.94,958.0,32.321,44.97,38.22,0,40.64
2015-05-15,135,12,34.5,34.9,24.7,45,1.14,805.0,31.573,43.35,37.8,0,37.78
2015-05-16,136,14,36.2,36.3,25.8,38,0.58,767.0,32.843,44.71,38.85,0,42.84
2015-05-17,137,13,38.8,39.0,26.7,28,1.64,862.0,32.035,47.19,40.14,0,44.63
2015-05-18,138,13,40.5,41.2,27.5,23,0.71,899.0,33.519,48.86,41.15,1,51.62
2015-05-19,139,12,43.1,44.7,29.3,17,2.33,993.0,32.571,51.80,42.71,2,56.30
2015-05-20,140,12,43.3,44.4,33.1,17,4.57,989.0,32.062,51.96,43.0,3,61.66
2015-05-21,141,12,43.0,44.7,30.1,17,2.12,954.0,32.536,51.53,42.57,4,60.25
2015-05-22,142,12,43.7,44.3,32.3,15,4.1,960.0,31.806,52.12,42.68,5,63.57
2015-05-23,143,12,42.2,42.9,31.9,16,4.74,902.0,30.795,50.15,41.08,6,60.84
2015-05-24,144,13,42.6,42.7,30.9,17,3.61,850.0,31.549,50.52,42.0,7,61.71
2015-05-25,145,12,42.6,43.8,31.2,19,3.9,956.0,32.195,51.10,42.83,8,64.01
2015-05-26,146,12,43.0,43.7,31.8,19,2.28,932.0,32.993,51.64,43.44,9,66.83
2015-05-27,147,13,43.3,43.6,31.9,16,2.42,898.0,32.229,51.54,42.57,10,65.11
2015-05-28,148,12,42.9,43.9,31.9,13,1.32,966.0,31.804,50.83,40.89,11,63.17
2015-05-29,149,14,44.1,44.1,32.7,15,2.63,837.0,32.332,52.07,43.22,12,66.86
2015-05-30,150,14,44.7,44.7,32.9,13,2.91,859.0,32.045,52.62,43.09,13,66.90
2015-05-31,151,13,44.0,44.0,33.4,15,0.89,905.0,33.683,51.84,43.08,14,70.01
2015-06-01,152,15,38.4,41.8,31.1,29,1.25,640.0,31.736,45.80,39.8,15,58.07
2015-06-02,153,12,37.9,39.1,29.8,33,0.3,930.0,34.31,46.18,40.32,0,51.88
2015-06-03,154,12,37.2,38.2,28.0,34,0.73,924.0,33.074,46.18,39.37,0,47.10
2015-06-04,155,12,37.9,38.5,29.0,34,0.61,937.0,33.993,47.10,40.7,0,51.15
2015-06-05,156,14,38.4,38.8,29.8,30,2.42,768.0,31.526,46.17,40.15,0,46.56
2015-06-06,157,14,40.8,40.8,30.7,22,0.61,724.0,33.274,48.28,41.25,1,54.50
2015-06-07,158,14,39.1,39.2,30.2,29,0.71,749.0,33.305,47.16,41.04,0,51.43
2015-06-08,159,14,39.7,39.9,29.9,30,2.01,799.0,32.842,48.04,42.56,0,51.41
2015-06-09,160,13,39.0,39.2,29.6,34,3.8,893.0,32.572,47.10,42.9,0,49.99
2015-06-10,161,12,39.1,39.7,28.4,33,1.98,892.0,33.107,47.96,42.67,0,50.13
2015-06-11,162,15,38.1,38.3,27.8,37,1.27,530.0,32.666,45.51,42.32,0,46.70
2015-06-12,163,12,32.5,34.2,26.3,58,0.67,714.0,31.968,41.94,37.62,0,39.31
2015-06-13,164,14,32.1,32.1,25.1,59,2.57,643.0,30.053,39.94,37.0,0,32.61
2015-06-14,165,13,30.2,30.3,24.1,68,2.2,587.0,29.334,38.42,35.03,0,28.26
2015-06-15,166,12,32.7,33.0,24.8,59,2.7,736.0,30.734,41.02,38.42,0,34.86
2015-06-16,167,13,32.6,32.6,24.9,61,0.61,656.0,32.387,42.11,38.85,0,39.05
2015-06-17,168,12,31.2,31.2,24.7,69,1.14,750.0,31.43,41.36,37.83,0,36.08
2015-06-18,169,14,32.8,32.8,25.1,64,0.42,758.0,33.703,43.12,40.46,0,43.10
2015-06-19,170,13,31.8,31.8,25.0,69,1.73,716.0,31.458,41.56,39.48,0,37.24
2015-06-20,171,14,32.6,32.6,24.7,63,3.1,686.0,30.92,40.68,39.55,0,35.27
2015-06-21,172,13,30.7,30.7,24.6,70,0.81,575.0,31.02,40.17,36.8,0,33.95
2015-06-22,173,12,27.7,27.7,24.2,75,5.28,293.0,26.518,31.20,30.71,0,16.24
2015-06-23,174,12,29.6,30.7,24.7,70,4.75,587.0,28.406,35.60,34.08,0,24.82
2015-06-24,175,17,30.4,30.6,24.7,66,2.48,241.0,28.357,35.91,35.01,0,25.30
2015-06-25,176,10,28.4,28.4,25.6,68,7.73,286.0,26.281,30.89,31.16,0,17.37
2015-06-26,177,13,30.6,30.6,25.9,56,5.01,573.0,27.695,35.67,33.14,0,24.58
2015-06-27,178,14,31.9,31.9,25.9,52,3.81,600.0,28.619,37.93,34.66,0,28.52
2015-06-28,179,13,32.5,32.7,26.1,53,3.41,864.0,29.797,40.29,36.12,0,33.23
2015-06-29,180,11,31.3,31.5,25.8,59,2.86,719.0,29.357,39.08,35.23,0,30.84
2015-06-30,181,14,33.1,33.1,26.0,49,3.76,757.0,29.574,40.02,36.2,0,32.52
2015-07-01,182,13,30.7,30.9,25.6,65,2.72,531.0,29.184,37.99,35.45,0,29.57
2015-07-02,183,12,30.6,31.1,24.4,61,2.51,551.0,28.735,37.86,34.25,0,26.79
2015-07-03,184,14,32.1,32.1,25.8,55,4.37,705.0,29.246,38.53,35.85,0,30.47
2015-07-04,185,15,31.8,32.0,25.3,55,4.9,558.0,28.665,37.10,35.23,0,27.52
2015-07-05,186,14,33.3,33.4,25.9,47,5.0,691.0,29.171,39.15,36.03,0,30.95
2015-07-06,187,15,31.7,31.7,25.8,50,4.23,380.0,27.707,35.92,33.82,0,24.91
2015-07-07,188,13,31.3,31.6,26.1,53,5.11,589.0,27.983,36.41,33.77,0,26.12
2015-07-08,189,14,31.3,31.4,26.6,58,4.93,610.0,28.648,36.94,34.97,0,28.79
2015-07-09,190,14,29.1,30.0,25.1,66,4.42,279.0,26.948,32.85,32.21,0,19.85
2015-07-10,191,10,24.9,25.0,24.2,90,5.5,241.0,25.125,27.85,25.35,0,9.81
2015-07-11,192,15,27.4,27.7,23.6,78,2.4,176.0,26.561,32.66,30.42,0,16.56
2015-07-12,193,13,31.1,31.1,23.7,58,3.2,690.0,28.909,38.33,34.56,0,26.75
2015-07-13,194,14,32.4,32.4,25.3,59,3.16,670.0,30.209,39.94,37.7,0,33.40
2015-07-14,195,13,33.0,33.4,24.8,61,3.53,837.0,31.183,41.35,39.88,0,36.49
2015-07-15,196,13,32.5,32.7,26.7,57,3.75,790.0,30.108,40.00,37.31,0,34.74
2015-07-16,197,14,31.9,32.1,26.0,53,3.72,594.0,28.752,38.03,34.91,0,29.05
2015-07-17,198,12,29.7,29.9,26.2,68,3.42,534.0,28.413,36.35,33.88,0,27.05
2015-07-18,199,13,30.0,30.3,24.7,66,3.01,453.0,28.402,36.47,34.1,0,25.45
2015-07-19,200,10,27.4,27.4,25.0,77,4.33,236.0,26.385,31.15,30.3,0,16.73
2015-07-20,201,13,27.6,28.1,25.3,78,5.23,316.0,26.781,31.51,30.87,0,18.30
2015-07-21,202,15,27.8,27.8,24.0,77,3.73,339.0,27.093,33.11,31.19,0,18.65
2015-07-22,203,15,30.1,30.1,24.5,68,2.47,439.0,28.825,37.19,34.8,0,26.80
2015-07-23,204,11,28.2,28.2,24.1,79,3.54,447.0,27.947,34.72,32.44,0,22.00
2015-07-24,205,11,28.8,28.8,24.6,79,3.89,663.0,28.852,36.35,33.99,0,26.06
2015-07-25,206,11,28.4,28.4,24.3,71,4.94,407.0,27.035,32.91,31.62,0,18.91
2015-07-26,207,11,28.7,28.7,23.6,65,4.9,591.0,26.996,34.04,31.27,0,18.70
2015-07-27,208,11,29.0,29.0,24.0,64,4.9,667.0,27.284,34.75,31.67,0,20.37
2015-07-28,209,14,30.4,30.7,23.7,62,4.18,763.0,28.628,37.30,34.06,0,25.29
2015-07-29,210,15,29.7,29.7,23.6,62,4.62,592.0,27.641,35.27,32.65,0,21.32
2015-07-30,211,15,29.8,29.8,24.2,61,4.49,501.0,27.487,34.90,32.65,0,21.46
2015-07-31,212,15,30.4,30.4,24.5,58,3.86,566.0,27.909,36.29,33.18,0,23.81
2015-08-01,213,14,30.7,30.9,24.2,57,4.25,685.0,28.193,36.91,33.54,0,24.58
2015-08-02,214,15,30.8,30.8,24.5,62,3.94,595.0,28.782,37.15,34.91,0,26.72
2015-08-03,215,13,26.0,26.7,24.1,87,3.16,219.0,26.103,31.21,26.46,0,13.96
2015-08-04,216,11,23.9,24.0,22.6,92,6.54,58.0,23.709,23.10,24.32,0,3.93
2015-08-05,217,13,24.4,24.4,22.3,80,6.69,237.0,23.601,25.74,24.69,0,3.37
2015-08-06,218,13,27.0,27.2,22.9,78,6.0,512.0,26.483,31.66,29.55,0,14.55
2015-08-07,219,12,29.7,29.7,23.6,71,2.6,523.0,28.919,37.33,34.54,0,25.92
2015-08-08,220,13,29.9,29.9,24.7,72,2.57,477.0,29.129,37.43,35.28,0,27.95
2015-08-09,221,13,29.8,30.6,24.4,71,0.98,582.0,30.07,39.13,34.79,0,30.42
2015-08-10,222,13,29.7,29.7,24.6,78,1.9,503.0,29.873,38.55,36.24,0,30.41
2015-08-11,223,14,30.3,30.8,24.3,71,0.14,573.0,31.506,38.32,36.04,0,32.90
2015-08-12,224,14,29.1,29.4,24.2,77,0.42,440.0,30.478,38.20,34.36,0,30.13
2015-08-13,225,11,25.7,25.7,23.6,86,3.22,171.0,25.55,30.14,26.14,0,11.57
2015-08-14,226,14,28.3,28.3,23.1,76,3.67,386.0,27.586,34.06,32.19,0,19.59
2015-08-15,227,14,30.5,30.5,24.5,67,2.82,647.0,29.415,38.42,35.49,0,29.05
2015-08-16,228,13,30.1,30.3,25.0,70,3.1,597.0,29.201,37.65,35.28,0,28.60
2015-08-17,229,14,29.1,29.2,24.7,70,2.83,568.0,28.265,36.55,32.95,0,24.81
2015-08-18,230,14,30.9,30.9,24.4,69,3.48,682.0,29.909,38.66,37.04,0,30.62
2015-08-19,231,12,30.5,30.9,24.4,71,2.91,645.0,29.83,38.67,36.56,0,30.30
2015-08-20,232,11,30.5,31.7,24.6,70,2.51,743.0,30.023,39.43,36.29,0,31.35
2015-08-21,233,13,30.9,31.0,23.9,55,4.1,785.0,28.313,37.61,33.48,0,24.94
2015-08-22,234,13,30.1,30.6,24.6,62,3.64,714.0,28.382,37.14,33.44,0,25.53
2015-08-23,235,13,30.5,30.5,23.3,57,3.67,681.0,28.113,37.10,33.16,0,23.37
2015-08-24,236,14,31.1,31.2,23.8,55,3.71,671.0,28.4,37.60,33.85,0,25.12
2015-08-25,237,13,31.0,31.6,24.6,59,3.18,793.0,29.109,38.78,34.6,0,28.52
2015-08-26,238,14,31.9,31.9,24.7,57,2.48,680.0,29.725,39.80,35.98,0,31.05
2015-08-27,239,11,27.6,27.6,25.0,81,1.1,350.0,28.168,35.94,31.25,0,23.91
2015-08-28,240,13,29.8,29.8,24.2,73,3.54,488.0,28.941,36.51,35.26,0,26.34
2015-08-29,241,14,28.0,28.0,24.1,80,3.56,280.0,27.475,33.31,32.1,0,19.97
2015-08-30,242,15,27.0,27.2,24.3,86,1.92,200.0,27.17,33.65,30.4,0,19.24
2015-08-31,243,12,29.8,29.8,24.2,72,2.84,496.0,29.001,37.14,35.02,0,26.82
2015-09-01,244,13,30.9,30.9,24.1,64,2.78,728.0,29.608,39.10,35.65,0,29.50
2015-09-02,245,12,30.1,30.7,23.7,67,2.81,791.0,29.289,38.63,34.56,0,27.68
2015-09-03,246,14,31.5,31.5,22.1,57,1.58,792.0,30.023,40.57,35.13,0,28.82
2015-09-04,247,12,30.7,30.7,23.6,68,2.88,743.0,29.867,39.16,36.25,0,29.67
2015-09-05,248,12,31.7,31.8,23.6,58,1.02,810.0,30.899,41.28,35.82,0,32.99
2015-09-06,249,12,32.1,32.4,24.6,60,0.51,821.0,32.576,42.26,37.31,0,38.59
2015-09-07,250,13,31.3,31.3,24.3,65,0.72,813.0,31.846,41.60,36.88,0,36.23
2015-09-08,251,14,30.7,30.7,23.5,69,1.14,653.0,30.722,40.29,36.52,0,32.09
2015-09-09,252,12,31.1,31.9,23.4,68,0.1,824.0,32.769,39.90,37.26,0,35.83
2015-09-10,253,12,32.0,32.5,23.7,59,1.63,894.0,30.889,41.72,36.78,0,33.76
2015-09-11,254,13,32.6,32.6,23.9,55,2.11,734.0,30.372,41.04,36.92,0,32.58
2015-09-12,255,10,31.7,32.8,25.0,59,0.92,694.0,30.867,40.88,36.1,0,34.38
2015-09-13,256,13,32.3,32.3,24.5,63,0.9,846.0,32.31,42.68,38.77,0,38.81
2015-09-14,257,12,30.7,31.4,24.3,73,0.41,731.0,32.651,41.26,37.68,0,37.80
2015-09-15,258,11,31.4,31.4,25.0,69,1.7,817.0,31.297,41.51,38.37,0,36.50
2015-09-16,259,12,31.4,31.7,24.7,68,3.71,749.0,30.327,39.35,38.05,0,32.63
2015-09-17,260,16,25.5,25.6,24.0,89,5.34,66.0,25.087,26.31,25.96,0,8.39
2015-09-18,261,11,29.7,29.7,23.8,65,7.4,753.0,27.895,35.42,33.25,0,22.36
2015-09-19,262,15,30.9,30.9,24.1,64,1.7,567.0,29.729,39.25,35.65,0,29.83
2015-09-20,263,12,29.6,29.6,24.6,69,1.62,370.0,28.59,37.00,33.87,0,25.98
2015-09-21,264,12,30.8,31.1,24.8,65,1.84,670.0,29.9,39.63,35.68,0,31.26
2015-09-22,265,13,30.7,30.8,23.5,68,2.92,769.0,29.898,39.24,36.25,0,29.67
2015-09-23,266,13,31.7,31.7,23.8,59,2.3,720.0,29.925,40.06,36.1,0,30.61
2015-09-24,267,14,31.2,31.2,23.4,56,2.86,683.0,28.842,38.58,34.28,0,26.35
2015-09-25,268,13,31.3,31.6,22.4,52,2.6,864.0,28.833,39.49,33.55,0,25.55
2015-09-26,269,12,30.8,31.2,20.0,48,0.85,905.0,29.315,40.00,31.92,0,25.76
2015-09-27,270,13,31.0,31.2,22.2,50,2.38,687.0,28.086,38.39,32.62,0,22.77
2015-09-28,271,10,30.1,31.2,21.9,59,1.77,722.0,28.703,38.67,32.82,0,23.98
2015-09-29,272,12,31.3,31.6,22.5,56,2.39,773.0,29.254,39.54,34.48,0,26.84
2015-09-30,273,10,30.2,32.1,22.3,62,2.22,729.0,28.931,38.65,33.64,0,25.05
2015-10-01,274,14,31.9,31.9,23.1,59,1.75,644.0,30.219,40.37,36.55,0,30.74
2015-10-02,275,13,32.7,32.9,24.5,60,1.0,760.0,31.975,42.44,38.76,0,38.01
2015-10-03,276,13,33.1,33.3,24.1,58,1.0,790.0,32.171,42.87,39.06,0,38.33
2015-10-04,277,12,33.0,33.6,23.7,50,1.98,705.0,30.096,41.08,36.29,0,31.62
2015-10-05,278,11,32.3,33.2,21.0,46,1.58,860.0,29.478,40.96,33.96,0,27.52
2015-10-06,279,11,32.0,33.9,20.5,48,2.41,854.0,29.01,40.15,33.9,0,26.03
2015-10-07,280,11,31.7,33.0,20.5,48,0.85,845.0,29.978,40.71,33.38,0,28.07
2015-10-08,281,12,32.6,33.0,21.9,42,0.64,730.0,30.067,40.77,33.58,0,28.35
2015-10-09,282,10,32.0,33.8,22.1,47,1.22,733.0,29.38,40.31,33.67,0,26.87
2015-10-10,283,16,32.7,34.3,22.2,54,1.4,240.0,29.393,38.49,36.84,0,26.88
2015-10-11,284,11,33.2,33.9,20.8,39,0.22,812.0,30.939,40.32,33.88,0,29.79
2015-10-12,285,12,34.2,34.2,21.7,35,1.4,776.0,29.478,42.04,34.56,0,28.52
2015-10-13,286,11,33.4,34.1,21.3,39,0.64,837.0,30.623,41.91,34.2,0,30.46
2015-10-14,287,11,33.1,34.5,21.3,42,1.35,832.0,29.757,41.56,34.39,0,28.64
2015-10-15,288,12,32.2,32.6,22.7,48,1.8,719.0,29.236,40.21,34.25,0,27.44
2015-10-16,289,12,31.7,32.2,23.4,54,2.04,788.0,29.558,40.21,34.77,0,29.06
2015-10-17,290,11,31.6,33.2,22.3,51,1.66,793.0,29.318,40.18,33.87,0,26.97
2015-10-18,291,11,32.2,32.2,21.2,44,0.28,805.0,30.761,39.99,33.36,0,29.02
2015-10-19,292,12,32.1,32.5,21.7,45,0.71,627.0,29.596,39.92,33.41,0,26.78
2015-10-20,293,12,33.3,33.4,22.7,38,1.51,661.0,28.845,40.63,33.82,0,26.85
2015-10-21,294,14,33.2,33.2,22.7,42,0.54,601.0,30.437,40.81,34.56,0,30.26
2015-10-22,295,13,33.2,33.2,23.2,45,0.81,719.0,30.656,41.57,35.31,0,32.09
2015-10-23,296,12,32.4,33.1,23.1,50,1.1,731.0,30.253,41.02,35.11,0,30.74
2015-10-24,297,14,32.7,32.7,22.9,49,0.6,590.0,30.777,40.75,35.42,0,31.42
2015-10-25,298,11,32.1,32.1,23.3,43,2.38,748.0,28.251,39.49,32.99,0,25.30
2015-10-26,299,12,31.7,32.1,22.6,42,1.2,740.0,28.471,39.67,32.2,0,24.73
2015-10-27,300,12,31.6,32.0,22.3,46,0.5,776.0,30.255,40.29,32.8,0,28.42
2015-10-28,301,15,31.8,32.1,22.3,38,0.41,455.0,28.327,37.95,31.66,0,22.67
2015-10-29,302,13,29.8,30.1,22.0,51,1.46,708.0,27.653,37.96,30.91,0,20.77
2015-10-30,303,13,27.8,28.2,20.6,54,1.58,577.0,25.809,35.31,28.58,0,14.51
2015-10-31,304,13,28.4,28.6,20.6,52,3.37,611.0,25.551,34.32,29.12,0,13.50
2015-11-01,305,12,28.3,28.8,20.8,54,3.24,613.0,25.725,34.45,29.21,0,13.96
2015-11-02,306,11,29.0,29.7,21.4,52,3.03,593.0,26.144,35.21,29.91,0,15.56
2015-11-03,307,13,30.4,30.7,20.8,45,2.38,637.0,26.812,37.18,30.85,0,18.60
2015-11-04,308,12,30.0,30.5,20.8,47,0.92,581.0,27.537,37.51,30.6,0,20.11
2015-11-05,309,12,30.8,31.2,20.2,43,0.95,649.0,27.873,38.42,31.09,0,21.59
2015-11-06,310,12,30.3,30.8,22.1,46,0.4,655.0,28.856,38.08,30.86,0,23.23
2015-11-07,311,13,31.1,31.3,21.7,41,1.1,630.0,27.642,38.45,31.19,0,21.21
2015-11-08,312,11,31.2,31.5,21.8,38,2.6,726.0,26.64,37.96,30.88,0,18.84
2015-11-09,313,12,30.8,31.1,20.9,40,2.43,743.0,26.669,37.84,30.66,0,18.73
2015-11-10,314,12,30.8,31.2,20.9,40,2.55,717.0,26.579,37.62,30.66,0,18.40
2015-11-11,315,12,30.9,31.8,19.8,40,1.84,773.0,27.087,38.52,30.78,0,20.06
2015-11-12,316,12,30.7,31.4,20.0,38,2.15,777.0,26.481,38.01,30.27,0,18.35
2015-11-13,317,12,31.2,32.0,19.3,36,1.92,774.0,26.728,38.58,30.62,0,19.36
2015-11-14,318,13,31.3,31.5,19.0,32,2.08,735.0,26.048,38.19,30.25,0,17.66
2015-11-15,319,12,31.1,32.0,18.2,35,1.94,764.0,26.465,38.36,30.37,0,18.61
2015-11-16,320,12,31.1,31.8,19.8,37,2.19,774.0,26.657,38.34,30.63,0,19.06
2015-11-17,321,11,30.5,31.4,18.8,36,2.25,738.0,25.906,37.44,29.81,0,16.69
2015-11-18,322,11,29.5,30.4,18.3,37,2.6,736.0,25.054,36.15,28.84,0,13.79
2015-11-19,323,13,29.9,30.1,19.1,35,3.67,736.0,24.818,35.61,29.07,0,13.03
2015-11-20,324,13,29.8,30.0,18.2,31,2.45,744.0,24.5,36.38,28.64,0,12.83
2015-11-21,325,14,30.1,30.1,17.1,35,1.25,621.0,25.765,36.95,29.27,0,15.87
2015-11-22,326,13,29.9,30.2,18.1,35,1.49,673.0,25.53,36.92,29.07,0,15.33
2015-11-23,327,14,30.2,30.2,18.5,36,1.32,572.0,25.816,36.81,29.48,0,15.94
2015-11-24,328,13,30.0,30.4,19.4,40,0.72,677.0,27.2,37.62,29.69,0,19.21
2015-11-25,329,13,30.4,30.7,20.4,40,1.88,697.0,26.48,37.60,30.16,0,18.01
2015-11-26,330,14,31.3,31.3,19.8,34,0.92,599.0,26.92,38.08,30.48,0,19.32
2015-11-27,331,13,31.5,31.7,19.1,37,1.36,695.0,27.337,38.86,31.12,0,20.90
2015-11-28,332,13,30.3,30.3,20.0,45,2.63,605.0,26.577,36.68,30.71,0,17.74
2015-11-29,333,12,30.4,31.3,21.4,45,2.04,690.0,27.056,37.73,30.85,0,19.45
2015-11-30,334,12,30.2,30.7,20.3,41,2.61,697.0,26.137,36.87,30.05,0,16.80
2015-12-01,335,13,30.2,30.6,17.2,30,1.4,707.0,25.17,37.18,28.94,0,14.78
2015-12-02,336,14,30.6,30.6,17.5,35,0.8,602.0,26.653,37.47,29.81,0,18.12
2015-12-03,337,11,29.5,31.0,20.0,47,1.33,685.0,26.94,37.36,29.93,0,18.62
2015-12-04,338,12,28.8,29.7,20.2,40,0.5,739.0,26.884,36.85,28.41,0,17.58
2015-12-05,339,13,29.6,29.9,17.6,33,1.5,715.0,25.069,36.73,28.6,0,14.14
2015-12-06,340,14,29.3,29.3,16.1,26,0.81,627.0,24.23,35.82,27.91,0,11.64
2015-12-07,341,13,29.2,29.4,15.1,26,1.44,727.0,23.72,36.10,27.83,0,10.85
2015-12-08,342,14,29.4,29.4,14.1,26,0.76,624.0,24.383,35.90,27.99,0,12.02
2015-12-09,343,15,28.8,28.9,13.5,29,0.42,462.0,24.477,34.45,27.66,0,11.03
2015-12-10,344,14,29.5,29.5,17.9,33,1.94,593.0,24.467,35.72,28.51,0,12.24
2015-12-11,345,15,30.7,30.7,19.2,43,2.42,392.0,26.267,35.86,30.96,0,16.66
2015-12-12,346,13,29.8,30.1,20.5,44,0.32,677.0,28.229,37.12,29.93,0,20.88
2015-12-13,347,14,29.7,29.7,19.1,45,0.32,580.0,27.93,36.59,29.93,0,19.94
2015-12-14,348,14,28.5,28.6,20.0,49,1.08,543.0,26.155,35.83,28.93,0,15.66
2015-12-15,349,15,27.4,27.4,17.3,39,1.2,429.0,23.514,33.38,27.11,0,8.23
2015-12-16,350,14,28.4,28.5,17.3,46,1.42,580.0,25.518,35.57,28.53,0,14.12
2015-12-17,351,13,29.3,29.6,20.1,46,2.19,599.0,25.959,36.01,29.56,0,15.66
2015-12-18,352,13,26.8,27.0,18.6,31,2.77,677.0,21.772,32.76,26.33,0,4.88
2015-12-19,353,15,26.9,26.9,15.8,35,1.5,427.0,22.364,32.52,26.56,0,5.39
2015-12-20,354,14,27.1,27.5,17.5,48,1.75,509.0,24.23,33.72,27.39,0,9.93
2015-12-21,355,13,27.5,27.5,18.2,55,0.71,509.0,26.309,35.19,28.3,0,15.26
2015-12-22,356,14,28.4,28.5,18.3,50,0.32,586.0,27.406,35.67,28.91,0,17.90
2015-12-23,357,13,27.2,27.9,18.8,53,0.58,637.0,26.49,35.57,27.81,0,15.69
2015-12-24,358,13,25.2,25.6,15.8,28,2.35,728.0,20.27,31.88,24.85,0,4.25
2015-12-25,359,14,23.0,23.1,12.8,24,2.56,649.0,17.712,29.19,22.49,0,2.30
2015-12-26,360,13,23.1,23.9,12.0,29,1.03,731.0,19.576,31.25,22.66,0,3.80
2015-12-27,361,14,27.3,27.4,12.0,19,1.64,634.0,20.675,33.55,26.25,0,5.45
2015-12-28,362,14,29.3,29.3,12.4,23,1.28,612.0,23.152,35.51,27.78,0,9.33
2015-12-29,363,15,30.1,30.1,12.7,25,0.41,478.0,24.949,35.49,28.53,0,12.99
2015-12-30,364,13,29.6,29.9,13.9,29,1.2,686.0,24.641,36.50,28.32,0,13.06
2015-12-31,365,14,30.7,30.7,14.5,28,0.71,634.0,25.891,37.31,29.27,0,16.37
2016-01-01,1,13,29.9,30.3,16.5,33,1.53,717.0,25.305,37.03,28.89,0,14.91
2016-01-02,2,11,27.9,30.2,16.1,38,0.51,674.0,25.604,35.54,27.45,0,13.87
2016-01-03,3,14,28.3,28.3,17.1,30,0.81,643.0,24.083,35.20,27.32,0,10.70
2016-01-04,4,14,28.1,28.1,15.5,25,1.33,653.0,22.589,34.70,26.96,0,7.40
2016-01-05,5,13,28.1,28.3,13.8,28,0.1,737.0,24.739,33.42,27.08,0,10.56
2016-01-06,6,14,28.6,28.6,14.0,28,0.36,651.0,24.862,35.03,27.45,0,12.10
2016-01-07,7,13,28.2,28.5,15.1,31,1.22,653.0,23.687,35.10,27.29,0,9.86
2016-01-08,8,12,28.2,28.7,15.1,34,1.21,715.0,24.273,35.57,27.45,0,11.37
2016-01-09,9,12,28.1,29.2,14.9,33,0.86,735.0,24.523,35.64,27.32,0,11.85
2016-01-10,10,14,27.5,27.5,14.5,30,0.32,663.0,24.298,34.00,26.74,0,10.12
2016-01-11,11,13,27.8,28.2,15.3,29,0.82,749.0,23.793,35.25,26.91,0,10.07
2016-01-12,12,14,28.0,28.0,14.2,27,1.02,668.0,23.163,34.88,26.97,0,8.61
2016-01-13,13,14,28.2,28.2,15.5,29,1.51,657.0,23.171,34.90,27.2,0,8.71
2016-01-14,14,13,27.8,28.2,16.1,34,2.5,748.0,23.246,34.46,27.15,0,8.52
2016-01-15,15,13,27.5,27.5,18.1,39,3.2,668.0,23.304,33.25,27.19,0,7.77
2016-01-16,16,13,26.7,27.2,17.3,45,1.52,599.0,23.866,33.90,26.89,0,9.23
2016-01-17,17,14,26.8,26.8,18.4,45,2.92,564.0,23.314,32.46,26.96,0,7.15
2016-01-18,18,14,26.6,26.9,18.3,40,2.33,527.0,22.632,32.42,26.48,0,5.83
2016-01-19,19,11,26.2,27.4,18.4,52,3.86,653.0,23.524,31.68,26.22,0,6.98
2016-01-20,20,13,23.6,24.3,15.7,44,1.8,743.0,21.15,31.59,23.38,0,4.04
2016-01-21,21,14,23.0,23.1,13.0,27,1.12,718.0,19.103,31.01,22.53,0,3.62
2016-01-22,22,14,23.4,23.5,11.2,23,1.28,732.0,18.753,31.21,22.9,0,3.76
2016-01-23,23,14,24.4,24.5,9.9,23,1.12,738.0,19.719,32.10,23.95,0,4.40
2016-01-24,24,14,26.3,26.4,9.0,22,0.32,728.0,22.317,32.97,25.93,0,5.63
2016-01-25,25,14,27.4,27.5,12.5,25,0.92,716.0,22.615,34.54,26.49,0,7.33
2016-01-26,26,14,28.5,28.8,13.8,41,1.91,698.0,24.945,35.69,28.2,0,13.01
2016-01-27,27,11,27.2,30.3,16.1,50,0.5,723.0,26.645,35.88,27.61,0,16.14
2016-01-28,28,14,29.5,29.6,13.8,26,0.7,724.0,24.862,36.52,28.07,0,13.40
2016-01-29,29,14,29.7,29.8,15.4,29,1.2,721.0,24.806,36.77,28.41,0,13.60
2016-01-30,30,14,31.9,32.1,15.1,28,1.66,726.0,26.099,38.79,30.49,0,18.28
2016-01-31,31,12,31.1,32.7,15.6,29,0.45,814.0,27.605,38.71,29.75,0,20.79
2016-02-01,32,13,31.4,32.1,16.6,31,1.22,803.0,26.699,38.96,30.26,0,19.45
2016-02-02,33,12,30.8,32.3,16.8,28,0.0,814.0,27.193,36.29,29.36,0,18.12
2016-02-03,34,13,29.2,29.8,17.3,30,1.71,822.0,24.358,36.61,28.04,0,12.50
2016-02-04,35,14,28.2,28.3,16.1,28,0.95,756.0,23.791,35.57,27.15,0,10.35
2016-02-05,36,14,29.4,29.6,15.1,25,0.61,757.0,24.91,36.55,27.94,0,13.46
2016-02-06,37,14,30.6,30.8,15.6,33,2.55,726.0,25.407,37.13,29.6,0,15.44
2016-02-07,38,14,31.7,31.8,21.1,35,2.98,732.0,26.515,38.11,31.09,0,18.79
2016-02-08,39,14,29.7,29.8,18.9,25,1.24,757.0,24.194,36.74,28.19,0,12.34
2016-02-09,40,15,29.3,29.3,17.2,28,0.5,611.0,25.16,35.90,28.01,0,13.50
2016-02-10,41,14,31.6,31.7,17.5,35,2.47,695.0,26.529,38.19,30.97,0,18.84
2016-02-11,42,11,29.8,32.5,21.3,42,1.84,749.0,26.352,37.37,29.69,0,17.43
2016-02-12,43,15,31.0,31.0,18.0,26,1.62,588.0,24.744,37.05,29.41,0,14.06
2016-02-13,44,13,30.6,31.3,20.1,45,0.0,819.0,29.523,37.32,31.13,0,23.92
2016-02-14,45,14,30.7,30.8,19.8,38,1.39,683.0,26.742,38.01,30.27,0,18.85
2016-02-15,46,11,29.5,30.6,20.9,47,2.69,615.0,26.122,35.92,29.93,0,16.04
2016-02-16,47,14,32.6,32.6,20.2,26,3.23,768.0,25.76,38.76,31.05,0,17.83
2016-02-17,48,14,32.6,32.6,18.3,28,2.84,764.0,26.223,39.07,31.27,0,19.00
2016-02-18,49,13,33.2,33.7,19.4,34,2.41,847.0,28.02,40.67,32.9,0,24.16
2016-02-19,50,13,33.5,33.9,19.6,27,1.94,857.0,27.316,40.94,32.19,0,22.76
2016-02-20,51,13,34.3,34.8,19.7,22,2.2,792.0,26.737,41.14,32.49,0,21.93
2016-02-21,52,12,33.3,34.4,21.7,37,0.32,861.0,30.87,41.11,33.62,0,30.13
2016-02-22,53,15,32.8,32.9,23.2,36,0.51,505.0,28.934,39.34,32.7,0,26.25
2016-02-23,54,15,33.0,33.0,22.6,32,0.7,629.0,28.462,39.92,32.3,0,24.93
2016-02-24,55,15,33.2,33.2,22.7,36,0.45,620.0,29.851,40.44,33.27,0,28.41
2016-02-25,56,14,33.0,33.0,22.8,42,1.63,757.0,29.299,40.98,34.23,0,28.23
2016-02-26,57,13,32.9,33.0,22.7,45,2.89,790.0,29.128,40.33,34.77,0,27.52
2016-02-27,58,14,31.0,31.0,21.5,52,1.44,648.0,28.743,39.03,33.02,0,24.39
2016-02-28,59,14,32.0,32.2,21.6,45,1.48,696.0,28.811,39.86,33.24,0,25.20
2016-02-29,60,14,29.2,30.2,22.3,58,1.14,655.0,28.081,37.73,31.06,0,21.82
2016-03-01,61,13,30.6,31.4,20.2,55,0.64,793.0,30.145,39.91,32.93,0,27.64
2016-03-02,62,14,33.1,33.1,20.9,34,0.57,702.0,29.382,40.58,32.76,0,26.61
2016-03-03,63,12,32.8,33.6,21.1,40,0.4,727.0,30.472,40.64,33.47,0,28.98
2016-03-04,64,12,33.8,34.6,20.9,30,1.2,839.0,28.624,41.59,33.02,0,26.01
2016-03-05,65,13,34.0,34.0,21.0,33,2.12,876.0,28.713,41.82,33.84,0,26.65
2016-03-06,66,14,30.8,31.5,22.0,49,1.46,731.0,28.356,39.01,32.1,0,23.30
2016-03-07,67,12,32.0,33.7,20.9,42,2.94,898.0,28.071,39.57,32.64,0,23.37
2016-03-08,68,13,33.9,33.9,19.9,31,3.04,812.0,27.833,40.76,33.33,0,24.03
2016-03-09,69,13,34.1,34.2,22.3,30,2.24,826.0,28.14,41.48,33.42,0,25.52
2016-03-10,70,13,35.5,36.0,21.1,26,0.51,915.0,30.757,43.54,34.57,0,32.02
2016-03-11,71,13,36.1,36.7,22.4,27,0.89,892.0,30.484,44.17,35.61,0,32.82
2016-03-12,72,12,36.1,37.1,22.2,27,3.1,868.0,28.982,43.38,35.61,0,29.18
2016-03-13,73,12,31.6,32.2,23.3,42,2.28,866.0,27.922,39.50,32.05,0,24.33
2016-03-14,74,13,31.5,32.5,21.2,40,0.45,893.0,29.854,40.26,31.58,0,26.84
2016-03-15,75,14,30.9,31.1,21.3,50,0.7,587.0,29.074,38.79,32.45,0,24.63
2016-03-16,76,14,31.8,31.8,21.6,44,1.81,731.0,28.361,39.55,32.72,0,23.93
2016-03-17,77,13,32.8,32.9,22.3,47,0.89,652.0,30.273,40.92,35.09,0,29.76
2016-03-18,78,13,35.2,36.6,23.2,36,1.55,906.0,30.634,43.76,36.43,0,34.05
2016-03-19,79,14,37.4,37.4,23.7,15,4.38,871.0,26.948,43.95,35.06,0,27.29
2016-03-20,80,13,36.8,37.2,24.7,17,4.18,957.0,27.177,43.74,34.68,0,28.60
2016-03-21,81,12,36.4,37.5,24.3,14,2.38,989.0,26.683,43.70,33.89,0,26.88
2016-03-22,82,13,36.3,36.9,22.3,16,1.3,973.0,27.837,43.77,34.0,0,26.82
2016-03-23,83,14,37.0,37.2,22.1,8,0.94,915.0,26.299,43.08,33.4,0,22.95
2016-03-24,84,13,37.4,38.0,20.5,11,0.98,995.0,27.67,44.32,34.36,0,26.68
2016-03-25,85,14,38.0,38.0,22.5,13,1.34,881.0,28.046,44.93,35.42,0,28.81
2016-03-26,86,13,38.3,38.8,22.4,22,1.82,943.0,30.361,46.47,37.54,0,34.96
2016-03-27,87,13,38.4,38.8,23.8,24,1.77,935.0,30.909,46.71,38.22,0,38.06
2016-03-28,88,13,35.4,36.4,21.2,29,2.15,908.0,29.218,43.31,35.04,0,29.13
2016-03-29,89,12,37.1,38.7,24.5,22,1.2,983.0,30.016,45.27,35.91,0,35.29
2016-03-30,90,14,38.6,38.6,22.6,17,0.54,871.0,30.918,45.83,36.78,0,35.51
2016-03-31,91,13,38.2,38.8,23.9,18,0.41,930.0,31.342,45.57,36.49,0,37.53
2016-04-01,92,12,38.3,39.5,21.9,15,0.51,998.0,30.598,45.75,36.05,0,33.87
2016-04-02,93,14,40.3,40.3,24.1,15,1.4,877.0,30.266,47.80,38.37,1,39.70
2016-04-03,94,13,41.0,41.2,24.3,16,1.43,941.0,31.179,48.99,39.51,2,44.62
2016-04-04,95,12,39.7,40.6,28.3,20,0.85,811.0,31.673,47.25,38.95,3,50.42
2016-04-05,96,12,39.0,39.7,27.1,22,1.7,942.0,30.991,47.30,38.54,0,42.61
2016-04-06,97,13,37.9,38.3,27.5,25,2.41,912.0,30.347,45.92,37.75,0,40.57
2016-04-07,98,13,38.1,38.3,27.7,25,2.7,934.0,30.426,46.14,38.06,0,41.23
2016-04-08,99,13,38.8,38.8,24.3,22,2.79,880.0,30.197,46.55,38.25,0,37.19
2016-04-09,100,12,38.7,39.3,26.0,21,3.9,790.0,29.449,45.62,37.84,0,36.94
2016-04-10,101,14,39.6,39.6,27.8,20,2.61,775.0,30.231,46.96,38.81,0,41.85
2016-04-11,102,13,40.3,40.6,27.2,16,2.2,964.0,30.187,48.33,38.63,1,43.65
2016-04-12,103,11,38.5,40.0,28.8,17,0.54,878.0,30.862,45.75,36.66,2,45.87
2016-04-13,104,12,38.6,40.0,26.6,17,1.06,992.0,30.152,46.47,36.78,3,44.19
2016-04-14,105,13,41.0,41.2,25.4,8,1.96,1010.0,28.27,48.27,37.17,4,42.35
2016-04-15,106,13,41.8,42.1,24.4,12,1.0,981.0,31.087,49.37,39.24,5,49.73
2016-04-16,107,12,41.6,42.6,24.9,12,0.78,1009.0,31.387,49.15,39.01,6,52.30
2016-04-17,108,12,40.7,42.2,27.4,18,1.53,985.0,31.509,49.07,39.73,7,55.66
2016-04-18,109,12,40.2,41.5,27.3,18,0.81,995.0,32.047,48.36,39.06,8,55.79
2016-04-19,110,11,40.0,40.9,28.4,23,1.2,927.0,32.425,48.48,40.36,9,58.37
2016-04-20,111,12,41.6,41.8,30.2,21,2.2,896.0,32.417,50.04,42.12,10,62.23
2016-04-21,112,14,43.4,43.5,28.7,14,3.69,868.0,31.228,51.27,41.88,11,59.03
2016-04-22,113,13,42.1,42.9,30.5,13,4.0,963.0,30.01,49.98,39.95,12,57.19
2016-04-23,114,13,39.8,40.3,28.6,18,4.48,978.0,29.684,47.55,38.53,13,52.07
2016-04-24,115,14,40.9,41.0,29.3,16,3.8,882.0,29.978,48.47,39.38,14,54.42
2016-04-25,116,12,40.9,42.0,28.0,16,2.48,998.0,30.561,49.14,39.38,15,54.49
2016-04-26,117,12,41.2,42.2,29.0,15,0.5,988.0,32.764,48.99,39.47,16,59.74
2016-04-27,118,12,41.4,42.4,28.5,19,1.78,957.0,32.081,49.89,41.05,17,59.11
2016-04-28,119,12,39.5,40.8,28.2,23,0.28,976.0,33.699,47.09,39.59,18,59.24
2016-04-29,120,13,41.7,41.9,29.9,16,1.49,948.0,31.666,49.84,40.42,19,59.68
2016-04-30,121,10,38.7,42.6,28.9,25,2.48,823.0,30.814,46.46,38.98,20,53.94
2016-05-01,122,12,41.0,42.3,26.4,13,1.12,936.0,30.58,48.48,38.68,21,51.92
2016-05-02,123,13,42.4,42.5,28.9,12,2.46,905.0,30.273,50.07,39.92,22,55.87
2016-05-03,124,13,40.7,41.1,27.9,16,2.61,898.0,30.202,48.48,39.13,23,53.13
2016-05-04,125,12,39.0,39.9,26.8,27,2.73,986.0,31.646,47.55,40.13,0,44.27
2016-05-05,126,12,37.2,38.1,28.0,30,2.11,938.0,30.963,45.61,38.08,0,42.22
2016-05-06,127,11,35.6,35.6,25.1,34,3.4,926.0,29.842,43.19,36.56,0,34.40
2016-05-07,128,13,36.2,36.8,24.6,30,0.98,965.0,31.16,44.83,36.47,0,37.46
2016-05-08,129,14,37.8,37.8,25.8,29,1.89,784.0,31.11,45.67,38.78,0,40.23
2016-05-09,130,14,38.4,38.4,27.0,27,0.61,753.0,32.559,46.17,39.13,0,44.86
2016-05-10,131,14,38.9,38.9,27.4,26,1.32,829.0,31.89,47.04,39.62,0,44.88
2016-05-11,132,13,40.0,40.0,26.9,23,1.6,895.0,32.001,48.36,40.36,1,47.40
2016-05-12,133,12,40.7,41.4,27.3,22,2.48,954.0,31.929,49.23,41.1,2,50.30
2016-05-13,134,13,42.4,42.7,30.3,18,3.4,890.0,31.795,50.55,42.12,3,56.54
2016-05-14,135,12,42.3,42.8,29.8,16,1.43,958.0,32.187,50.54,41.21,4,58.02
2016-05-15,136,13,42.7,43.3,31.2,15,2.09,915.0,31.657,50.80,41.37,5,60.57
2016-05-16,137,13,42.7,43.0,31.4,16,1.77,885.0,32.094,50.76,41.75,6,63.40
2016-05-17,138,15,43.2,43.2,31.2,13,0.28,695.0,32.887,48.74,41.25,7,63.02
2016-05-18,139,13,41.4,42.2,31.6,26,0.6,832.0,35.027,49.93,43.97,8,69.40
2016-05-19,140,13,40.6,41.2,31.1,27,1.17,830.0,33.638,49.13,42.95,9,65.24
2016-05-20,141,12,41.2,42.7,31.0,27,0.67,953.0,35.224,50.34,44.06,10,69.40
2016-05-21,142,14,43.8,43.8,32.5,21,5.24,842.0,33.278,52.41,45.74,11,69.60
2016-05-22,143,12,40.9,43.0,31.4,24,5.06,984.0,31.941,49.27,42.2,12,62.20
2016-05-23,144,13,41.2,41.9,31.0,21,4.65,941.0,31.465,49.35,41.5,13,60.64
2016-05-24,145,12,40.2,41.7,31.7,30,4.13,957.0,32.816,48.61,43.53,14,64.22
2016-05-25,146,12,40.4,41.8,31.1,25,5.72,976.0,31.661,48.66,41.76,15,60.72
2016-05-26,147,12,39.4,41.1,29.1,28,4.78,962.0,31.628,47.37,41.19,16,57.19
2016-05-27,148,12,40.2,41.8,31.3,28,4.02,910.0,32.363,48.34,42.64,17,62.38
2016-05-28,149,12,40.8,42.1,31.3,23,4.02,962.0,31.794,49.09,41.64,18,61.47
2016-05-29,150,13,40.4,40.7,30.6,22,3.52,929.0,31.312,48.50,40.63,19,58.94
2016-05-30,151,13,40.1,40.1,30.2,25,3.2,909.0,31.832,48.30,41.25,20,59.55
2016-05-31,152,12,39.5,39.9,29.7,27,1.98,782.0,32.043,47.52,40.98,0,48.70
2016-06-01,153,13,40.7,41.0,30.7,22,2.2,771.0,31.742,48.50,41.1,1,51.71
2016-06-02,154,13,41.2,41.3,32.1,22,2.04,697.0,32.069,48.76,41.89,2,56.12
2016-06-03,155,12,42.1,42.5,32.6,19,3.91,723.0,31.475,49.46,42.08,3,57.82
2016-06-04,156,11,40.9,42.3,30.5,25,1.2,823.0,33.387,49.27,42.62,4,60.71
2016-06-05,157,12,39.2,41.0,30.5,33,0.5,925.0,35.222,48.54,42.87,5,65.41
2016-06-06,158,13,40.1,40.6,29.6,31,0.36,863.0,35.574,48.66,43.79,6,67.12
2016-06-07,159,14,40.8,40.8,30.4,29,0.4,819.0,35.612,49.29,44.24,7,68.74
2016-06-08,160,15,39.8,40.0,30.6,30,1.43,659.0,32.993,47.62,42.75,8,62.27
2016-06-09,161,11,38.5,38.5,29.6,32,3.89,862.0,31.714,46.19,41.08,0,47.03
2016-06-10,162,15,40.2,40.3,27.5,28,2.33,653.0,32.425,47.71,42.64,1,49.27
2016-06-11,163,13,40.6,41.0,31.2,29,2.43,893.0,33.349,49.35,43.85,2,58.64
2016-06-12,164,13,39.6,39.8,30.6,31,4.2,859.0,32.372,47.44,42.79,0,50.99
2016-06-13,165,13,39.4,40.0,31.0,31,4.57,899.0,32.189,47.27,42.4,1,52.50
2016-06-14,166,12,38.1,39.4,30.2,31,4.88,950.0,31.117,45.72,39.97,0,45.86
2016-06-15,167,13,38.5,38.8,30.0,30,5.38,888.0,31.102,45.90,40.33,0,45.86
2016-06-16,168,13,38.4,39.1,29.9,29,3.41,871.0,31.179,46.15,39.8,0,45.87
2016-06-17,169,12,37.6,37.6,27.1,34,2.83,736.0,31.404,45.09,40.12,0,42.38
2016-06-18,170,11,29.8,29.8,24.9,64,0.86,425.0,28.957,37.67,33.25,0,27.28
2016-06-19,171,15,33.4,33.4,25.0,56,1.26,575.0,31.399,41.86,39.09,0,37.21
2016-06-20,172,14,33.2,33.2,25.1,56,3.54,751.0,30.615,40.79,38.61,0,34.89
2016-06-21,173,14,33.5,33.6,27.5,53,3.4,716.0,30.481,40.87,38.29,0,37.37
2016-06-22,174,13,34.5,34.9,27.5,51,2.64,879.0,31.612,43.27,39.88,0,41.84
2016-06-23,175,12,34.6,34.9,26.5,54,2.48,816.0,32.062,43.52,41.29,0,42.22
2016-06-24,176,12,31.6,32.0,25.3,65,0.89,554.0,31.133,40.62,37.63,0,35.61
2016-06-25,177,14,32.5,32.5,24.8,62,2.09,592.0,30.863,40.85,38.94,0,35.17
2016-06-26,178,12,32.8,32.8,25.0,61,0.61,801.0,32.999,43.05,39.36,0,41.19
2016-06-27,179,13,32.0,32.5,25.8,66,0.4,534.0,32.411,41.11,39.0,0,39.47
2016-06-28,180,16,29.3,29.3,25.0,76,1.93,301.0,28.726,36.48,34.67,0,26.63
2016-06-29,181,16,31.9,31.9,24.7,65,1.4,411.0,30.551,39.86,38.4,0,33.56
2016-06-30,182,13,32.4,32.4,25.3,65,1.7,749.0,31.648,42.09,39.73,0,38.43
2016-07-01,183,12,31.7,31.7,25.9,69,3.71,680.0,30.616,39.53,39.2,0,35.13
2016-07-02,184,14,31.5,31.5,25.1,65,4.12,539.0,29.658,37.86,37.38,0,30.51
2016-07-03,185,16,26.2,26.2,25.0,93,2.56,110.0,26.569,31.45,26.75,0,16.07
2016-07-04,186,13,27.8,27.8,24.7,83,3.61,275.0,27.565,33.22,32.04,0,20.75
2016-07-05,187,13,25.0,25.0,24.5,93,5.97,160.0,25.272,26.97,25.49,0,9.80
2016-07-06,188,13,26.0,26.0,24.3,91,5.21,217.0,26.273,29.45,26.52,0,13.25
2016-07-07,189,13,26.1,26.1,23.8,82,5.47,165.0,25.34,28.10,26.5,0,9.93
2016-07-08,190,13,24.7,24.7,24.0,91,5.91,115.0,24.65,25.76,25.15,0,7.34
2016-07-09,191,14,25.9,25.9,24.0,84,6.58,214.0,25.403,27.93,26.32,0,10.16
2016-07-10,192,14,28.7,28.9,23.6,78,4.84,517.0,28.263,34.60,33.53,0,22.34
2016-07-11,193,13,26.5,26.5,23.9,88,3.61,225.0,26.65,31.48,27.0,0,14.96
2016-07-12,194,15,27.7,27.7,24.0,73,6.72,422.0,26.443,31.43,30.46,0,15.94
2016-07-13,195,15,29.8,29.8,24.3,65,4.0,400.0,27.815,34.91,33.46,0,22.51
2016-07-14,196,14,31.1,31.3,24.8,59,4.64,698.0,28.756,37.35,34.81,0,27.13
2016-07-15,197,14,30.4,30.5,25.4,67,2.24,436.0,29.061,37.67,35.26,0,28.81
2016-07-16,198,11,28.1,28.7,24.6,73,3.61,411.0,27.144,33.82,31.28,0,19.99
2016-07-17,199,13,31.2,31.5,25.1,67,3.94,710.0,29.916,38.63,37.22,0,31.50
2016-07-18,200,16,26.8,26.8,24.1,85,2.06,192.0,26.808,33.07,29.73,0,17.65
2016-07-19,201,12,27.8,27.8,23.8,76,4.1,458.0,27.183,33.51,31.05,0,18.82
2016-07-20,202,13,31.2,31.2,24.2,65,2.22,701.0,30.159,39.93,36.64,0,31.63
2016-07-21,203,14,30.9,31.2,24.8,70,2.04,574.0,30.259,39.54,37.33,0,32.49
2016-07-22,204,16,25.8,25.8,24.4,93,2.15,92.0,26.143,31.13,26.33,0,14.33
2016-07-23,205,12,27.8,27.8,24.1,79,1.66,377.0,27.915,35.74,31.46,0,22.31
2016-07-24,206,15,30.7,30.7,23.5,63,0.78,541.0,30.172,39.34,34.94,0,29.78
2016-07-25,207,15,30.7,30.7,24.4,69,1.82,551.0,30.006,39.27,36.52,0,31.05
2016-07-26,208,15,29.6,29.6,24.1,72,1.66,461.0,29.146,37.82,34.53,0,27.28
2016-07-27,209,12,28.8,29.2,23.8,78,3.22,633.0,28.841,36.77,33.79,0,25.32
2016-07-28,210,14,30.3,30.3,23.9,74,2.48,677.0,30.16,39.27,36.85,0,30.88
2016-07-29,211,11,29.1,29.9,23.9,77,1.84,625.0,29.491,38.41,34.36,0,28.07
2016-07-30,212,12,30.0,30.0,24.3,68,1.44,575.0,29.507,38.77,34.56,0,28.90
2016-07-31,213,11,27.8,27.8,24.3,81,2.41,351.0,27.787,34.95,31.75,0,21.85
2016-08-01,214,12,25.2,25.2,24.0,91,4.11,197.0,25.519,29.15,25.68,0,11.26
2016-08-02,215,11,26.6,26.6,23.8,84,3.71,359.0,26.676,32.31,27.05,0,15.51
2016-08-03,216,15,25.5,25.5,23.8,93,4.71,273.0,26.147,29.89,26.02,0,12.74
2016-08-04,217,13,27.9,28.1,23.3,80,5.0,477.0,27.605,33.35,31.85,0,19.21
2016-08-05,218,15,26.3,26.5,23.8,90,3.77,205.0,26.571,31.01,26.82,0,14.35
2016-08-06,219,16,26.4,26.4,24.1,85,3.67,243.0,26.3,31.20,26.86,0,14.33
2016-08-07,220,16,26.8,26.8,23.4,81,3.74,184.0,26.118,30.72,29.39,0,13.71
2016-08-08,221,14,30.0,30.0,23.9,63,5.38,661.0,28.038,35.66,33.45,0,23.00
2016-08-09,222,13,28.5,28.9,24.8,70,5.32,525.0,27.188,33.49,31.67,0,20.22
2016-08-10,223,14,28.0,28.0,23.7,72,4.36,370.0,26.752,32.64,30.94,0,17.22
2016-08-11,224,15,29.3,29.3,24.2,67,4.42,536.0,27.757,34.94,32.8,0,22.06
2016-08-12,225,11,27.8,28.0,24.5,72,4.3,389.0,26.607,32.58,30.53,0,17.68
2016-08-13,226,13,30.4,30.4,23.9,67,3.35,614.0,29.126,37.64,35.26,0,27.15
2016-08-14,227,13,28.1,28.1,24.5,70,5.28,405.0,26.605,32.23,30.86,0,17.55
2016-08-15,228,12,27.7,27.7,24.2,70,5.55,352.0,26.098,31.17,30.1,0,15.20
2016-08-16,229,15,28.8,28.8,24.6,67,4.32,289.0,26.808,32.70,31.78,0,18.73
2016-08-17,230,15,26.5,26.5,24.5,77,1.53,97.0,25.42,31.37,26.86,0,13.26
2016-08-18,231,15,28.7,29.0,24.3,66,3.31,290.0,26.74,33.43,31.43,0,18.65
2016-08-19,232,14,28.0,28.0,24.2,65,4.87,401.0,26.014,32.01,30.03,0,15.62
2016-08-20,233,13,28.3,28.3,23.1,64,6.24,490.0,26.209,32.24,30.42,0,15.01
2016-08-21,234,11,29.2,29.2,21.9,61,4.47,777.0,27.364,35.64,31.54,0,18.78
2016-08-22,235,13,29.6,29.8,23.3,61,3.8,675.0,27.707,36.15,32.27,0,21.59
2016-08-23,236,14,29.3,29.3,23.5,72,3.83,567.0,28.447,35.97,33.81,0,23.66
2016-08-24,237,13,30.1,30.3,23.6,74,2.14,725.0,30.194,39.57,36.31,0,30.61
2016-08-25,238,12,31.2,31.6,24.6,66,2.01,767.0,30.495,40.51,36.93,0,33.25
2016-08-26,239,14,30.6,30.6,24.0,66,2.18,545.0,29.407,38.53,35.47,0,28.53
2016-08-27,240,16,30.0,30.0,24.4,66,0.6,359.0,29.492,37.74,34.1,0,28.07
2016-08-28,241,13,31.4,31.6,24.5,71,1.49,756.0,31.546,41.61,39.02,0,36.70
2016-08-29,242,14,31.7,31.7,24.7,70,0.54,691.0,32.877,42.17,39.54,0,40.04
2016-08-30,243,13,30.8,31.3,24.8,71,0.73,570.0,31.338,40.41,37.36,0,35.17
2016-08-31,244,13,30.2,31.0,24.7,72,0.41,605.0,31.635,39.93,36.05,0,34.78
2016-09-01,245,11,27.3,27.4,24.4,80,3.2,435.0,27.214,33.96,30.42,0,19.67
2016-09-02,246,15,29.0,29.0,24.1,70,3.98,393.0,27.592,34.25,32.73,0,21.10
2016-09-03,247,15,28.9,28.9,24.8,69,2.8,346.0,27.489,34.86,32.33,0,22.02
2016-09-04,248,12,29.6,30.3,24.4,58,3.81,825.0,27.59,36.67,31.73,0,22.83
2016-09-05,249,13,29.4,29.6,24.2,65,3.73,728.0,28.065,36.50,32.63,0,23.70
2016-09-06,250,14,29.8,29.8,22.5,55,4.35,730.0,27.18,35.86,31.56,0,19.19
2016-09-07,251,13,29.9,30.1,22.5,54,3.94,775.0,27.296,36.45,31.55,0,19.83
2016-09-08,252,11,28.5,29.2,23.7,66,3.41,598.0,27.18,35.14,31.05,0,19.88
2016-09-09,253,11,29.3,29.5,25.2,67,3.54,608.0,28.034,36.08,32.8,0,24.57
2016-09-10,254,12,30.2,30.3,24.7,63,3.92,645.0,28.422,36.76,33.86,0,25.60
2016-09-11,255,13,29.3,29.3,24.6,67,2.82,575.0,28.146,36.61,32.8,0,24.46
2016-09-12,256,15,30.6,30.6,25.7,62,1.82,389.0,28.715,37.56,34.48,0,28.13
2016-09-13,257,13,30.2,30.2,24.2,69,2.5,617.0,29.397,38.38,35.28,0,28.56
2016-09-14,258,13,29.7,29.7,24.2,74,1.77,540.0,29.596,38.48,35.25,0,29.00
2016-09-15,259,12,30.0,30.2,24.6,72,2.16,596.0,29.617,38.61,35.53,0,29.70
2016-09-16,260,14,30.2,30.3,24.2,72,1.33,503.0,30.028,39.05,36.05,0,30.52
2016-09-17,261,13,29.8,30.3,23.4,76,1.97,547.0,29.829,38.65,36.01,0,28.91
2016-09-18,262,11,28.9,29.1,23.7,75,1.1,598.0,29.549,38.44,33.45,0,27.63
2016-09-19,263,13,30.3,30.4,23.8,69,0.54,651.0,31.307,40.14,35.52,0,33.06
2016-09-20,264,12,30.6,30.7,24.2,71,1.36,744.0,30.859,40.64,36.82,0,33.53
2016-09-21,265,12,29.7,30.8,23.3,77,1.3,625.0,30.419,39.59,35.99,0,30.58
2016-09-22,266,13,30.5,30.7,24.3,72,3.05,803.0,30.166,39.36,36.84,0,31.42
2016-09-23,267,13,30.6,30.7,24.7,68,2.48,757.0,29.931,39.48,36.0,0,31.21
2016-09-24,268,14,29.8,29.8,24.4,71,2.7,554.0,29.049,37.53,34.79,0,27.34
2016-09-25,269,13,27.0,27.9,23.8,88,2.18,483.0,28.096,35.73,30.74,0,22.03
2016-09-26,270,14,28.7,28.7,23.8,77,1.2,403.0,28.924,37.18,33.34,0,25.61
2016-09-27,271,13,30.3,30.5,23.5,72,1.77,683.0,30.271,39.76,36.31,0,30.78
2016-09-28,272,11,29.9,30.8,24.2,72,2.63,766.0,29.666,38.85,35.28,0,29.41
2016-09-29,273,12,29.7,30.5,24.6,72,2.62,643.0,29.258,38.03,34.78,0,28.33
2016-09-30,274,13,28.1,28.1,23.9,77,0.5,420.0,29.314,37.02,31.88,0,25.81
2016-10-01,275,12,29.9,30.2,23.9,75,2.83,763.0,29.917,38.90,36.03,0,29.85
2016-10-02,276,14,28.1,28.1,23.9,78,2.67,414.0,27.86,35.22,32.03,0,21.81
2016-10-03,277,14,29.6,29.6,23.3,66,2.86,587.0,28.331,36.91,33.24,0,23.68
2016-10-04,278,15,30.0,30.0,23.2,71,1.65,497.0,29.517,38.43,35.28,0,27.66
2016-10-05,279,13,30.7,30.7,24.0,67,2.44,694.0,29.815,39.26,35.98,0,30.01
2016-10-06,280,13,29.7,29.7,23.5,69,1.93,625.0,29.166,38.36,34.1,0,26.85
2016-10-07,281,13,29.3,29.9,23.7,71,0.4,422.0,29.957,37.68,33.6,0,27.90
2016-10-08,282,12,27.3,27.4,24.0,83,0.32,325.0,28.825,35.47,30.76,0,23.46
2016-10-09,283,11,29.3,31.0,24.1,73,3.26,618.0,28.761,36.86,34.02,0,25.67
2016-10-10,284,12,31.4,31.6,23.5,59,3.0,805.0,29.55,39.47,35.44,0,28.88
2016-10-11,285,12,31.9,32.4,23.4,52,2.66,815.0,29.276,39.91,34.66,0,28.28
2016-10-12,286,11,30.5,31.9,22.2,57,1.97,830.0,28.934,39.31,33.16,0,25.24
2016-10-13,287,13,30.8,30.9,18.0,37,0.22,852.0,28.698,37.78,30.27,0,22.37
2016-10-14,288,11,30.0,30.8,19.1,48,0.51,822.0,29.19,38.97,30.74,0,24.34
2016-10-15,289,11,30.0,30.5,20.7,43,0.32,785.0,28.625,37.75,30.05,0,22.13
2016-10-16,290,11,30.1,31.0,19.8,44,1.36,827.0,27.373,38.45,30.31,0,20.37
2016-10-17,291,12,29.9,30.3,18.3,40,2.72,879.0,26.008,37.28,29.57,0,16.67
2016-10-18,292,12,30.2,30.6,17.8,42,2.19,867.0,26.738,38.07,30.17,0,18.85
2016-10-19,293,11,29.9,30.9,18.3,44,2.12,823.0,26.695,37.72,30.06,0,18.47
2016-10-20,294,12,30.3,30.8,17.2,39,2.26,866.0,26.382,37.97,29.92,0,18.01
2016-10-21,295,12,30.0,30.6,17.1,43,1.92,856.0,26.816,38.07,30.05,0,18.95
2016-10-22,296,11,29.9,30.8,17.6,44,0.92,811.0,27.663,38.36,30.06,0,20.76
2016-10-23,297,11,29.8,31.1,18.7,47,1.49,809.0,27.348,38.17,30.33,0,20.13
2016-10-24,298,12,30.9,31.2,19.4,42,2.5,789.0,27.086,38.22,31.08,0,19.95
2016-10-25,299,12,30.6,30.8,20.9,41,1.68,823.0,27.158,38.59,30.54,0,20.16
2016-10-26,300,11,29.7,30.7,20.9,49,2.2,748.0,26.977,37.37,30.47,0,18.90
2016-10-27,301,12,29.8,30.4,18.9,35,3.89,850.0,24.854,35.89,28.96,0,13.26
2016-10-28,302,13,29.3,29.4,18.2,36,1.75,811.0,25.275,36.91,28.56,0,14.64
2016-10-29,303,13,29.6,29.9,19.0,45,0.5,696.0,28.099,37.75,29.81,0,21.05
2016-10-30,304,13,29.5,29.7,19.5,41,0.92,721.0,26.694,37.34,29.23,0,17.89
2016-10-31,305,12,29.2,29.6,18.6,44,1.3,808.0,26.593,37.48,29.22,0,17.79
2016-11-01,306,13,29.2,29.3,19.0,38,2.36,784.0,25.109,36.32,28.63,0,13.93
2016-11-02,307,13,29.1,29.1,17.8,36,1.94,782.0,24.94,36.45,28.37,0,13.61
2016-11-03,308,12,29.3,29.4,19.3,42,2.25,695.0,25.613,36.26,29.12,0,15.03
2016-11-04,309,13,30.0,30.2,19.1,44,2.25,667.0,26.436,36.96,30.18,0,17.48
2016-11-05,310,12,29.4,29.8,21.8,44,2.97,720.0,25.758,35.96,29.45,0,15.20
2016-11-06,311,13,29.4,29.6,18.4,31,3.05,782.0,24.033,35.68,28.28,0,11.30
2016-11-07,312,12,29.8,30.2,15.7,32,2.53,811.0,24.739,36.68,28.71,0,13.52
2016-11-08,313,12,29.7,30.1,16.2,31,1.8,813.0,24.854,37.05,28.55,0,13.95
2016-11-09,314,13,28.8,29.0,15.0,30,1.46,777.0,24.114,36.14,27.71,0,11.58
2016-11-10,315,13,29.0,29.3,14.1,34,1.36,778.0,24.954,36.57,28.13,0,13.64
2016-11-11,316,13,28.7,28.9,14.1,31,2.14,774.0,23.768,35.66,27.68,0,10.57
2016-11-12,317,11,27.1,28.4,14.1,41,0.86,769.0,24.811,35.32,26.99,0,12.04
2016-11-13,318,13,28.2,28.3,15.1,41,1.79,738.0,24.829,35.69,27.91,0,12.68
2016-11-14,319,13,28.4,28.5,16.7,44,0.99,726.0,26.034,36.44,28.35,0,15.66
2016-11-15,320,13,28.8,29.0,17.5,39,2.14,739.0,24.912,35.92,28.32,0,13.16
2016-11-16,321,13,28.6,28.8,17.0,36,2.39,744.0,24.237,35.41,27.91,0,11.36
2016-11-17,322,13,27.8,28.0,16.3,34,2.28,755.0,23.346,34.69,27.15,0,8.87
2016-11-18,323,13,28.0,28.3,15.2,35,2.2,755.0,23.688,34.99,27.35,0,9.81
2016-11-19,324,13,28.2,28.3,13.6,31,1.46,736.0,23.677,35.42,27.29,0,10.08
2016-11-20,325,13,28.4,28.7,13.2,35,0.98,744.0,24.909,36.03,27.68,0,12.99
2016-11-21,326,13,28.8,29.0,14.0,38,1.48,733.0,25.147,36.30,28.24,0,13.85
2016-11-22,327,13,28.9,29.1,14.4,33,1.66,738.0,24.42,36.08,27.97,0,12.21
2016-11-23,328,12,28.0,28.9,13.5,38,1.42,769.0,24.581,35.74,27.53,0,12.11
2016-11-24,329,13,28.6,28.9,13.9,33,1.86,736.0,24.045,35.65,27.72,0,11.10
2016-11-25,330,13,28.8,29.2,14.1,31,2.06,743.0,23.832,35.66,27.77,0,10.72
2016-11-26,331,15,29.9,29.9,13.8,31,0.22,458.0,25.679,34.61,28.73,0,13.81
2016-11-27,332,13,30.6,31.0,14.8,30,1.61,732.0,25.404,37.61,29.33,0,15.68
2016-11-28,333,13,29.4,29.7,13.9,33,1.26,727.0,25.123,36.70,28.42,0,14.16
2016-11-29,334,13,29.4,29.6,13.9,33,0.67,720.0,25.922,36.82,28.42,0,15.75
2016-11-30,335,13,29.3,29.5,15.9,33,1.17,719.0,25.107,36.60,28.33,0,14.02
2016-12-01,336,13,28.3,28.5,15.7,38,1.6,644.0,24.44,35.28,27.79,0,11.60
2016-12-02,337,13,28.2,28.5,16.0,41,1.78,707.0,24.772,35.54,27.91,0,12.46
2016-12-03,338,13,28.4,28.7,16.8,43,2.28,706.0,24.96,35.42,28.26,0,12.86
2016-12-04,339,13,28.3,28.6,17.0,43,1.56,707.0,25.251,35.89,28.16,0,13.72
2016-12-05,340,13,27.1,27.4,16.5,40,1.32,717.0,24.029,34.79,26.94,0,10.18
2016-12-06,341,13,26.6,27.0,15.1,45,1.66,709.0,23.932,34.29,26.55,0,9.64
2016-12-07,342,13,26.7,27.0,15.3,40,0.57,717.0,24.786,34.77,26.65,0,11.59
2016-12-08,343,13,26.5,27.1,14.9,37,1.6,720.0,22.926,33.94,26.34,0,7.48
2016-12-09,344,13,26.2,26.8,14.1,29,2.02,734.0,21.389,33.14,25.92,0,5.15
2016-12-10,345,13,26.5,27.2,12.2,33,1.75,725.0,22.318,33.70,26.28,0,6.16
2016-12-11,346,14,28.9,28.9,14.1,27,2.02,619.0,23.069,34.97,27.64,0,8.73
2016-12-12,347,13,29.0,29.4,15.5,31,1.92,715.0,24.013,35.81,27.93,0,11.23
2016-12-13,348,12,28.1,29.0,16.0,33,2.85,741.0,23.229,34.38,27.32,0,8.49
2016-12-14,349,14,28.2,28.2,16.5,31,2.15,582.0,22.971,34.13,27.29,0,7.81
2016-12-15,350,14,27.7,27.7,16.4,32,1.77,610.0,22.933,34.13,26.97,0,7.63
2016-12-16,351,13,27.2,27.4,15.0,34,1.25,714.0,23.387,34.63,26.72,0,8.85
2016-12-17,352,13,26.4,26.9,13.4,35,2.3,717.0,22.215,33.17,26.2,0,5.59
2016-12-18,353,14,25.8,25.8,12.6,29,1.27,633.0,21.32,32.75,25.5,0,4.88
2016-12-19,354,14,26.2,26.2,11.6,28,1.2,636.0,21.576,33.11,25.9,0,5.13
2016-12-20,355,14,26.7,26.8,11.0,32,1.14,636.0,22.61,33.72,26.31,0,6.73
2016-12-21,356,13,27.1,27.8,11.0,35,1.03,727.0,23.699,34.74,26.69,0,9.52
2016-12-22,357,13,27.3,27.8,11.6,28,0.91,733.0,23.052,34.67,26.53,0,8.25
2016-12-23,358,14,28.1,28.4,11.3,26,1.77,641.0,22.43,34.45,27.0,0,6.92
2016-12-24,359,14,27.7,27.7,11.1,29,0.71,637.0,23.593,34.61,26.84,0,9.22
2016-12-25,360,12,26.6,28.0,12.6,35,0.42,746.0,24.507,34.45,26.41,0,10.84
2016-12-26,361,13,26.0,26.4,14.9,23,2.3,742.0,20.222,32.62,25.63,0,4.78
2016-12-27,362,14,25.6,25.6,12.7,29,2.11,646.0,20.68,32.03,25.29,0,4.36
2016-12-28,363,14,26.1,26.1,12.4,35,0.71,638.0,23.087,33.51,25.89,0,7.48
2016-12-29,364,14,27.3,27.3,12.3,32,0.63,640.0,23.864,34.44,26.7,0,9.62
2016-12-30,365,13,27.6,28.1,12.4,37,0.45,724.0,25.553,35.47,27.15,0,13.61
2016-12-31,366,13,27.6,27.9,13.5,38,0.8,721.0,24.836,35.40,27.21,0,12.22
2017-01-01,1,13,28.3,28.5,13.2,37,2.33,723.0,24.102,35.09,27.72,0,10.81
2017-01-02,2,12,27.6,29.2,15.3,38,1.32,743.0,24.263,35.29,27.21,0,11.06
2017-01-03,3,14,25.4,25.5,14.7,36,1.06,656.0,22.168,32.91,25.17,0,5.31
2017-01-04,4,14,25.2,25.2,13.4,40,0.63,652.0,23.139,33.10,25.01,0,7.28
2017-01-05,5,13,25.8,26.1,12.0,39,0.5,746.0,24.177,34.13,25.63,0,9.98
2017-01-06,6,12,26.5,27.7,12.7,37,2.01,757.0,22.764,33.81,26.34,0,7.08
2017-01-07,7,13,27.5,27.7,13.7,31,3.96,744.0,22.174,32.73,26.79,0,5.19
2017-01-08,8,13,27.1,27.6,13.8,45,1.6,739.0,24.477,34.97,27.21,0,11.23
2017-01-09,9,12,26.6,27.2,14.7,46,2.73,667.0,23.5,33.10,26.56,0,7.96
2017-01-10,10,12,25.4,26.2,16.4,45,2.45,742.0,22.55,32.58,25.29,0,5.79
2017-01-11,11,13,23.4,23.7,13.3,34,1.43,768.0,20.137,31.55,23.04,0,4.01
2017-01-12,12,13,22.5,23.0,11.9,31,0.73,776.0,19.905,31.26,22.06,0,3.80
2017-01-13,13,14,23.7,23.9,10.5,32,1.22,687.0,20.145,31.45,23.33,0,3.93
2017-01-14,14,14,24.5,24.5,11.5,33,1.39,684.0,20.79,32.00,24.18,0,4.33
2017-01-15,15,15,26.9,26.9,11.9,30,0.45,536.0,23.345,33.43,26.36,0,7.91
2017-01-16,16,14,27.9,27.9,13.1,31,0.85,612.0,23.75,34.71,27.07,0,9.62
2017-01-17,17,14,28.8,28.8,14.0,33,0.73,622.0,25.014,35.73,27.89,0,13.05
2017-01-18,18,13,28.9,29.1,14.9,33,1.66,765.0,24.475,36.21,27.97,0,12.41
2017-01-19,19,13,28.4,28.6,15.3,34,3.26,769.0,23.553,34.49,27.62,0,9.30
2017-01-20,20,12,28.1,28.5,16.0,35,3.3,772.0,23.432,34.19,27.43,0,8.78
2017-01-21,21,14,29.6,29.6,15.7,29,1.66,697.0,24.314,36.37,28.32,0,12.35
2017-01-22,22,13,30.4,30.8,16.3,31,1.39,777.0,25.654,37.77,29.21,0,16.23
2017-01-23,23,13,29.8,30.1,16.9,33,1.4,780.0,25.454,37.29,28.79,0,15.35
2017-01-24,24,13,29.9,30.1,16.8,31,2.14,786.0,24.79,36.91,28.73,0,13.79
2017-01-25,25,14,29.6,29.6,15.8,26,1.8,720.0,23.792,36.28,28.16,0,11.24
2017-01-26,26,14,28.3,28.3,14.6,35,1.77,623.0,23.888,34.91,27.59,0,10.22
2017-01-27,27,12,29.5,30.3,18.2,38,2.21,742.0,25.355,36.55,28.93,0,14.67
2017-01-28,28,13,27.8,28.7,15.7,33,0.6,808.0,24.99,35.80,27.09,0,12.76
2017-01-29,29,13,28.0,29.1,13.9,29,0.41,817.0,25.06,35.64,27.05,0,12.76
2017-01-30,30,13,29.5,30.1,13.5,28,0.5,819.0,25.985,37.15,28.18,0,16.02
2017-01-31,31,12,29.6,31.1,14.4,30,0.5,816.0,26.374,37.35,28.39,0,16.97
2017-02-01,32,14,30.8,30.8,16.5,27,1.02,734.0,25.608,37.83,29.29,0,16.21
2017-02-02,33,14,30.8,30.8,16.8,29,0.45,736.0,27.112,38.04,29.44,0,19.26
2017-02-03,34,13,30.6,31.2,17.4,29,0.5,825.0,27.068,38.27,29.25,0,19.27
2017-02-04,35,13,31.3,31.7,17.2,25,1.55,834.0,25.381,38.57,29.63,0,16.44
2017-02-05,36,13,31.4,31.7,15.3,23,1.26,838.0,25.352,38.64,29.59,0,16.43
2017-02-06,37,12,30.7,31.9,17.2,32,0.6,824.0,27.322,38.53,29.61,0,20.07
2017-02-07,38,12,29.8,31.1,17.7,30,0.42,837.0,26.761,37.48,28.57,0,17.87
2017-02-08,39,13,31.2,31.6,15.9,26,0.78,846.0,26.403,38.70,29.6,0,18.46
2017-02-09,40,13,32.2,32.5,16.0,24,2.08,836.0,25.601,39.24,30.44,0,17.64
2017-02-10,41,13,30.6,31.0,19.0,32,1.35,820.0,26.101,38.24,29.51,0,17.52
2017-02-11,42,14,30.8,30.8,18.8,37,2.02,671.0,26.281,37.63,30.27,0,17.70
2017-02-12,43,14,30.3,30.3,17.9,34,2.02,767.0,25.602,37.44,29.38,0,15.95
2017-02-13,44,12,29.1,29.4,17.6,42,1.8,733.0,25.729,36.60,28.9,0,15.41
2017-02-14,45,13,31.7,31.8,18.6,30,2.34,848.0,26.146,38.89,30.48,0,18.44
2017-02-15,46,13,31.5,31.9,18.4,29,0.95,860.0,26.911,39.24,30.16,0,20.01
2017-02-16,47,17,30.0,32.5,18.4,43,1.21,207.0,25.508,34.38,30.05,0,13.81
2017-02-17,48,17,30.9,33.2,18.5,46,0.76,206.0,27.009,35.71,31.72,0,18.23
2017-02-18,49,13,33.4,34.4,19.0,22,3.31,872.0,25.77,39.95,31.51,0,18.88
2017-02-19,50,13,34.0,34.6,19.1,21,1.82,874.0,26.641,41.25,32.06,0,21.66
2017-02-20,51,12,34.0,35.8,17.4,20,1.14,885.0,27.018,41.29,31.96,0,22.37
2017-02-21,52,12,34.4,35.7,19.3,21,2.92,889.0,26.49,41.31,32.49,0,21.58
2017-02-22,53,13,33.8,35.0,20.5,17,2.41,890.0,25.328,40.66,31.53,0,18.56
2017-02-23,54,13,33.3,34.7,18.4,23,0.94,886.0,27.355,40.78,31.5,0,22.47
2017-02-24,55,13,32.5,32.8,19.0,16,2.25,905.0,24.212,39.37,30.26,0,15.05
2017-02-25,56,14,32.6,32.7,17.5,13,2.42,836.0,23.37,38.93,30.28,0,13.14
2017-02-26,57,13,34.0,34.4,16.3,15,2.12,916.0,25.175,40.94,31.61,0,18.50
2017-02-27,58,13,34.5,35.0,18.2,15,1.43,915.0,26.003,41.53,32.09,0,20.67
2017-02-28,59,17,32.6,35.2,18.7,37,1.39,235.0,26.947,37.00,32.6,0,19.37
2017-03-01,60,13,35.3,35.5,18.8,16,1.08,914.0,27.216,42.41,32.96,0,23.92
2017-03-02,61,13,35.3,35.6,20.5,18,3.86,907.0,26.283,41.88,33.15,0,21.85
2017-03-03,62,14,35.4,35.4,20.7,20,4.22,823.0,26.629,41.58,33.5,0,22.42
2017-03-04,63,14,35.6,35.6,21.0,18,4.76,814.0,26.213,41.57,33.48,0,21.61
2017-03-05,64,13,34.1,34.4,20.9,21,0.3,915.0,28.827,40.74,32.17,0,25.46
2017-03-06,65,14,33.0,33.0,20.4,20,1.65,837.0,25.691,40.01,30.94,0,18.55
2017-03-07,66,15,32.0,32.0,20.4,32,2.5,639.0,26.283,38.17,31.06,0,18.39
2017-03-08,67,12,32.0,34.3,20.4,40,1.43,869.0,28.515,40.35,32.28,0,24.64
2017-03-09,68,12,33.8,34.8,19.7,22,2.33,928.0,26.516,41.14,31.94,0,21.30
2017-03-10,69,12,33.2,33.7,20.6,20,3.64,938.0,25.208,39.78,31.14,0,17.55
2017-03-11,70,13,31.9,32.2,18.8,21,4.13,871.0,24.198,37.80,29.94,0,13.77
2017-03-12,71,13,30.5,30.9,19.1,16,2.39,962.0,22.74,37.57,28.55,0,10.33
2017-03-13,72,13,31.5,32.1,17.3,17,0.81,954.0,25.094,38.83,29.41,0,16.01
2017-03-14,73,14,32.9,32.9,18.9,16,0.91,867.0,25.549,39.74,30.63,0,17.97
2017-03-15,74,15,33.4,33.4,19.4,17,0.4,707.0,26.764,39.29,31.14,0,20.14
2017-03-16,75,15,34.6,34.7,20.5,18,0.9,673.0,26.833,40.74,32.41,0,21.79
2017-03-17,76,10,32.4,36.4,22.4,34,2.92,739.0,26.983,38.92,31.83,0,21.01
2017-03-18,77,12,34.2,36.1,20.9,18,1.14,957.0,26.878,41.63,32.0,0,22.36
2017-03-19,78,11,34.3,36.4,22.5,23,3.2,893.0,26.747,41.17,32.61,0,22.59
2017-03-20,79,12,33.5,34.6,21.4,20,3.24,971.0,25.596,40.45,31.44,0,18.88
2017-03-21,80,13,35.4,35.7,20.3,14,1.33,969.0,26.607,42.58,32.9,0,22.87
2017-03-22,81,12,36.6,37.4,20.3,14,0.36,974.0,29.207,43.18,34.1,0,28.67
2017-03-23,82,13,38.8,39.0,21.4,14,1.14,959.0,29.297,46.22,36.43,0,31.90
2017-03-24,83,13,39.9,40.0,24.3,15,2.41,886.0,29.377,47.41,37.89,1,37.80
2017-03-25,84,12,39.6,40.2,25.5,14,0.92,971.0,30.219,47.09,37.33,2,42.02
2017-03-26,85,13,39.6,39.8,24.4,15,1.06,958.0,30.278,47.23,37.54,0,37.69
2017-03-27,86,14,40.0,40.0,24.4,15,1.08,866.0,30.352,47.31,38.01,1,39.73
2017-03-28,87,12,40.2,40.9,24.9,14,0.51,976.0,31.654,47.66,38.01,2,44.69
2017-03-29,88,11,39.9,41.7,25.6,16,0.71,919.0,31.3,47.41,38.13,3,46.37
2017-03-30,89,13,41.4,41.6,24.9,12,0.57,970.0,31.677,48.68,38.79,4,49.10
2017-03-31,90,17,39.5,41.8,24.5,35,1.08,270.0,32.816,45.27,44.42,5,52.08
2017-04-01,91,13,41.3,41.3,25.4,13,0.91,889.0,30.986,48.53,39.02,6,51.68
2017-04-02,92,14,40.8,40.8,27.5,12,1.32,786.0,29.584,47.55,38.13,7,50.45
2017-04-03,93,12,40.4,40.7,26.3,14,2.75,989.0,29.475,48.28,38.24,8,49.41
2017-04-04,94,12,40.6,41.2,27.7,16,2.08,971.0,30.486,48.71,39.01,9,53.55
2017-04-05,95,11,39.4,40.9,26.3,19,1.32,918.0,30.835,47.37,38.26,10,51.33
2017-04-06,96,13,40.9,41.5,25.7,15,1.84,970.0,30.557,48.94,39.1,11,51.55
2017-04-07,97,10,37.7,41.1,27.2,19,0.1,804.0,30.833,42.86,36.07,12,48.30
2017-04-08,98,11,38.8,41.0,26.2,10,0.5,952.0,29.346,45.32,35.51,13,45.90
2017-04-09,99,13,40.3,40.8,25.9,13,0.6,981.0,31.141,47.65,37.89,14,51.50
2017-04-10,100,12,38.8,39.3,25.6,8,4.14,1025.0,26.011,45.62,35.07,0,28.95
2017-04-11,101,13,39.5,39.7,22.4,7,2.72,1016.0,26.518,46.40,35.51,0,26.90
2017-04-12,102,10,38.7,40.5,22.8,8,0.45,842.0,28.434,44.39,34.97,1,31.00
2017-04-13,103,11,41.0,42.0,23.5,7,1.34,967.0,28.279,47.77,36.91,2,36.35
2017-04-14,104,12,42.2,42.7,23.7,7,1.35,1023.0,29.186,49.42,38.05,3,41.59
2017-04-15,105,12,42.6,43.3,23.9,8,1.94,1015.0,29.387,50.19,38.75,4,44.68
2017-04-16,106,13,44.1,44.1,27.8,7,5.58,976.0,28.916,51.96,39.98,5,51.74
2017-04-17,107,11,41.1,42.7,27.1,13,0.98,954.0,30.879,48.61,38.79,6,53.43
2017-04-18,108,11,43.1,44.0,26.1,9,2.62,914.0,29.632,50.55,39.6,7,51.62
2017-04-19,109,11,42.5,43.3,30.4,9,2.48,916.0,29.274,49.85,38.97,8,55.22
2017-04-20,110,10,40.4,43.5,26.8,13,1.8,832.0,29.354,47.54,38.01,9,49.14
2017-04-21,111,12,42.4,42.4,27.3,12,2.78,1006.0,30.302,50.48,39.92,10,54.35
2017-04-22,112,11,42.1,43.5,30.3,10,2.9,958.0,29.272,49.67,38.88,11,54.94
2017-04-23,113,12,40.8,41.5,28.4,13,4.31,1003.0,29.048,48.54,38.45,12,51.32
2017-04-24,114,12,40.1,41.0,27.1,11,4.72,1022.0,27.837,47.54,37.08,13,46.28
2017-04-25,115,12,39.5,40.4,27.8,12,4.74,1015.0,27.721,46.87,36.73,14,46.27
2017-04-26,116,10,38.4,40.3,27.1,16,3.58,826.0,28.073,45.20,36.34,15,44.77
2017-04-27,117,11,39.7,41.7,25.1,12,0.85,961.0,29.773,46.83,36.94,16,47.04
2017-04-28,118,12,41.9,42.0,26.5,8,1.52,946.0,29.08,48.97,38.05,17,49.33
2017-04-29,119,12,41.3,41.7,25.3,11,2.78,987.0,29.144,48.98,38.35,18,48.16
2017-04-30,120,12,40.2,40.8,26.5,12,0.81,850.0,29.943,46.92,37.48,19,49.26
2017-05-01,121,12,40.1,40.1,25.7,14,1.66,995.0,29.833,47.98,37.9,20,49.04
2017-05-02,122,11,38.6,39.6,27.4,22,3.14,826.0,29.845,45.95,37.96,0,39.60
2017-05-03,123,12,39.0,39.6,28.4,21,1.21,777.0,30.831,46.48,38.26,0,43.13
2017-05-04,124,13,41.7,41.7,28.9,18,2.89,913.0,31.447,49.88,41.12,1,50.06
2017-05-05,125,15,42.4,42.4,27.5,11,0.72,630.0,30.752,48.15,39.55,2,46.95
2017-05-06,126,10,40.3,40.3,28.9,24,3.95,819.0,31.449,47.90,41.2,3,52.00
2017-05-07,127,13,41.6,41.6,28.0,16,0.54,970.0,33.17,49.51,40.29,4,56.69
2017-05-08,128,11,40.9,42.2,27.5,19,1.6,942.0,31.796,49.24,40.33,5,55.00
2017-05-09,129,11,41.1,41.8,27.3,16,1.81,950.0,30.984,49.20,39.64,6,54.61
2017-05-10,130,12,39.2,39.8,26.8,24,2.21,943.0,31.312,47.60,39.44,0,43.42
2017-05-11,131,12,39.5,39.5,27.8,21,0.78,925.0,32.168,47.61,38.97,0,46.03
2017-05-12,132,13,41.3,41.3,28.0,21,1.1,951.0,33.13,49.87,41.65,1,52.38
2017-05-13,133,12,42.9,42.9,30.4,18,2.77,965.0,32.484,51.53,42.85,2,57.27
2017-05-14,134,12,44.1,44.5,30.6,14,1.12,958.0,33.22,52.15,42.77,3,60.98
2017-05-15,135,12,44.1,44.1,31.0,13,1.58,842.0,32.215,51.71,42.35,4,60.74
2017-05-16,136,13,44.3,44.3,33.2,14,4.08,878.0,31.819,52.39,43.03,5,64.97
2017-05-17,137,12,43.3,43.3,32.5,14,4.94,843.0,30.881,51.13,41.75,6,62.67
2017-05-18,138,13,43.6,43.7,32.4,12,4.01,967.0,30.761,51.70,41.31,7,62.57
2017-05-19,139,12,43.5,44.1,30.9,12,2.73,991.0,31.092,51.69,41.19,8,61.39
2017-05-20,140,12,43.3,43.6,29.0,11,2.79,963.0,30.53,51.23,40.56,9,57.55
2017-05-21,141,11,42.8,43.7,30.9,11,3.22,960.0,30.028,50.62,40.0,10,58.16
2017-05-22,142,13,43.3,43.4,30.7,12,3.77,949.0,30.576,51.27,40.96,11,59.79
2017-05-23,143,13,42.9,43.0,30.2,12,2.98,925.0,30.473,50.72,40.49,12,58.45
2017-05-24,144,12,43.1,43.3,29.1,12,0.76,1005.0,32.501,50.81,40.72,13,61.14
2017-05-25,145,11,42.5,43.4,30.8,16,1.84,741.0,31.629,49.90,41.48,14,61.10
2017-05-26,146,13,43.3,43.7,31.8,16,1.03,663.0,32.694,50.18,42.57,15,64.89
2017-05-27,147,12,43.6,44.6,31.9,20,2.28,920.0,33.713,52.38,44.88,16,69.38
2017-05-28,148,13,42.6,43.2,26.9,22,3.3,887.0,33.044,51.10,44.2,17,61.10
2017-05-29,149,13,40.5,40.5,26.0,27,2.35,914.0,32.91,49.21,42.76,18,57.90
2017-05-30,150,12,37.9,39.0,28.0,35,3.26,841.0,31.88,45.78,41.09,0,45.19
2017-05-31,151,12,37.8,38.3,27.8,37,1.42,817.0,32.956,46.56,41.68,0,47.77
2017-06-01,152,12,39.8,39.8,28.3,32,2.05,845.0,33.384,48.51,43.64,0,51.30
2017-06-02,153,13,39.9,39.9,26.6,32,1.0,817.0,34.262,48.70,43.85,0,51.20
2017-06-03,154,12,40.2,40.3,30.0,31,2.72,837.0,33.224,48.64,43.99,1,54.87
2017-06-04,155,13,41.0,41.0,31.2,30,2.2,831.0,33.884,49.71,45.13,2,60.39
2017-06-05,156,11,41.2,41.2,32.0,32,3.89,844.0,33.95,49.61,46.6,3,63.58
2017-06-06,157,14,41.5,41.5,28.3,27,1.7,776.0,33.82,49.94,44.63,4,60.19
2017-06-07,158,11,36.1,36.1,27.6,42,4.63,850.0,31.198,43.32,40.07,0,41.28
2017-06-08,159,14,38.3,38.3,26.7,39,2.62,786.0,33.025,46.65,43.64,0,47.42
2017-06-09,160,11,36.4,36.4,27.5,45,2.04,818.0,32.616,45.26,41.93,0,45.94
2017-06-10,161,13,36.6,36.6,26.3,41,0.45,826.0,34.245,45.81,40.75,0,47.57
2017-06-11,162,13,35.2,35.2,25.5,50,0.4,797.0,34.243,44.67,41.15,0,45.96
2017-06-12,163,13,33.7,34.1,27.3,52,0.2,760.0,33.041,41.71,38.4,0,42.63
2017-06-13,164,12,34.7,35.4,26.2,50,0.45,687.0,33.438,43.76,39.97,0,44.16
2017-06-14,165,14,35.8,35.8,26.6,47,1.5,733.0,32.538,44.61,41.36,0,44.06
2017-06-15,166,10,36.4,36.5,28.2,42,2.69,686.0,31.657,43.99,40.71,0,43.57
2017-06-16,167,12,35.7,36.4,25.3,46,2.77,885.0,31.948,44.29,40.73,0,40.96
2017-06-17,168,14,32.4,34.9,27.1,60,0.91,631.0,31.483,41.49,38.03,0,39.16
2017-06-18,169,13,38.0,38.0,28.1,34,4.05,893.0,31.671,45.72,40.89,0,44.80
2017-06-19,170,14,38.9,38.9,28.6,30,4.0,803.0,31.554,46.30,41.06,0,45.64
2017-06-20,171,13,38.7,38.7,28.9,31,4.1,844.0,31.621,46.24,41.07,0,46.08
2017-06-21,172,12,37.8,38.2,27.2,33,3.55,896.0,31.44,45.64,40.14,0,42.97
2017-06-22,173,13,36.9,36.9,27.4,36,4.5,831.0,30.915,43.98,39.5,0,40.78
2017-06-23,174,13,36.6,36.7,25.1,41,3.94,801.0,31.541,43.98,40.75,0,39.74
2017-06-24,175,13,32.3,35.2,27.2,56,0.5,649.0,31.767,41.29,36.56,0,39.12
2017-06-25,176,12,35.6,36.0,27.4,44,1.0,647.0,32.178,43.85,39.75,0,43.16
2017-06-26,177,12,30.7,31.2,25.8,73,1.79,561.0,30.486,39.74,37.68,0,34.36
2017-06-27,178,14,30.2,30.2,25.7,68,3.23,552.0,28.962,37.25,35.03,0,28.58
2017-06-28,179,15,31.5,31.5,25.4,58,3.91,375.0,28.551,36.42,35.39,0,26.99
2017-06-29,180,12,32.2,32.2,25.8,56,3.91,699.0,29.536,39.01,36.34,0,31.54
2017-06-30,181,12,32.5,32.5,25.2,54,4.59,585.0,29.266,38.24,36.41,0,29.80
2017-07-01,182,13,30.9,30.9,25.1,62,5.13,394.0,28.357,35.34,35.13,0,25.39
2017-07-02,183,15,27.5,28.5,24.8,84,3.83,183.0,27.088,31.80,31.39,0,18.70
2017-07-03,184,15,31.5,31.5,26.0,57,6.3,574.0,28.505,36.51,35.13,0,27.57
2017-07-04,185,11,30.7,30.9,25.5,58,6.99,586.0,27.844,35.50,33.76,0,24.50
2017-07-05,186,13,32.0,32.0,24.8,51,4.52,598.0,28.46,37.51,34.61,0,26.61
2017-07-06,187,15,32.8,32.8,26.0,49,3.96,490.0,28.821,38.11,35.62,0,29.50
2017-07-07,188,17,33.1,33.9,25.6,57,1.12,273.0,30.419,39.69,38.71,0,34.35
2017-07-08,189,13,34.0,34.3,27.0,48,4.44,786.0,30.157,40.80,37.73,0,35.92
2017-07-09,190,13,33.8,34.2,27.4,49,3.69,828.0,30.325,41.25,37.63,0,36.99
2017-07-10,191,15,30.0,30.0,26.3,65,3.61,312.0,27.864,34.86,33.88,0,25.05
2017-07-11,192,15,32.2,32.6,24.4,54,4.04,483.0,28.897,37.61,35.78,0,27.48
2017-07-12,193,11,27.5,27.5,24.4,75,5.8,454.0,26.586,31.84,30.29,0,16.91
2017-07-13,194,16,27.2,27.7,24.0,77,2.98,132.0,26.01,31.12,29.88,0,14.68
2017-07-14,195,17,27.2,27.2,23.9,81,2.4,70.0,26.189,31.16,30.3,0,15.08
2017-07-15,196,17,26.4,26.4,23.8,90,2.52,19.0,25.891,29.50,26.92,0,11.97
2017-07-16,197,11,28.7,28.7,24.0,70,3.22,469.0,27.594,35.09,32.08,0,21.36
2017-07-17,198,11,28.8,28.8,24.2,74,2.48,383.0,28.094,35.73,33.02,0,23.35
2017-07-18,199,13,29.4,29.4,24.7,75,2.9,692.0,29.294,37.88,34.7,0,28.37
2017-07-19,200,12,29.1,29.2,24.0,80,2.27,614.0,29.592,38.22,35.02,0,28.48
2017-07-20,201,14,29.3,29.3,24.4,70,4.96,396.0,27.763,33.93,33.39,0,21.79
2017-07-21,202,11,30.2,30.2,25.1,66,5.64,710.0,28.6,36.27,34.55,0,26.31
2017-07-22,203,14,29.4,29.5,25.3,71,5.7,491.0,28.058,34.38,33.83,0,23.89
2017-07-23,204,14,28.3,28.6,25.2,74,4.82,437.0,27.323,33.28,31.87,0,20.86
2017-07-24,205,15,30.1,30.1,24.0,66,5.24,556.0,28.328,35.51,34.33,0,23.88
2017-07-25,206,15,29.5,29.5,24.2,65,4.32,515.0,27.704,35.01,32.83,0,22.02
2017-07-26,207,13,27.0,27.0,24.6,77,3.68,198.0,25.961,30.88,29.46,0,14.96
2017-07-27,208,10,25.7,25.9,23.8,83,4.92,174.0,25.109,28.15,26.1,0,9.53
2017-07-28,209,14,30.0,30.1,23.7,62,5.1,674.0,27.98,35.79,33.24,0,22.67
2017-07-29,210,13,30.6,30.6,24.1,61,3.64,754.0,28.796,37.86,34.25,0,26.55
2017-07-30,211,13,30.8,30.8,24.6,62,3.38,707.0,29.084,38.18,34.91,0,28.15
2017-07-31,212,14,31.3,31.3,24.9,69,2.75,656.0,30.435,39.72,38.1,0,33.36
2017-08-01,213,12,31.4,31.9,25.1,68,3.1,838.0,30.618,40.26,38.05,0,34.31
2017-08-02,214,13,31.6,31.9,25.7,65,4.13,748.0,30.086,39.02,37.63,0,32.95
2017-08-03,215,13,30.7,30.8,25.5,59,4.43,675.0,28.384,36.87,33.99,0,26.59
2017-08-04,216,13,30.2,30.2,24.7,61,3.55,659.0,28.291,37.00,33.43,0,25.37
2017-08-05,217,11,29.2,29.4,25.3,67,3.18,449.0,27.712,35.39,32.6,0,23.50
2017-08-06,218,17,27.9,27.9,24.6,79,2.56,168.0,27.089,33.10,31.7,0,19.52
2017-08-07,219,13,28.1,28.6,24.6,82,2.16,339.0,28.22,35.60,32.68,0,23.83
2017-08-08,220,16,28.0,28.0,24.7,82,1.6,179.0,27.761,34.63,32.41,0,22.28
2017-08-09,221,11,29.4,30.2,24.2,75,2.5,619.0,29.285,37.92,34.7,0,27.80
2017-08-10,222,12,30.9,31.3,24.5,62,3.89,729.0,29.1,37.98,35.13,0,28.01
2017-08-11,223,12,30.2,30.5,24.7,65,3.7,603.0,28.62,36.87,34.32,0,26.23
2017-08-12,224,14,30.9,30.9,25.3,59,4.1,604.0,28.512,36.99,34.39,0,26.83
2017-08-13,225,12,30.7,30.8,25.4,66,3.7,792.0,29.506,38.48,35.71,0,30.40
2017-08-14,226,12,29.5,29.5,24.4,72,1.91,412.0,28.811,37.17,34.29,0,26.44
2017-08-15,227,13,30.6,30.7,24.4,69,2.61,766.0,30.011,39.48,36.27,0,31.12
2017-08-16,228,11,30.9,31.6,25.1,66,3.1,833.0,29.91,39.44,36.19,0,31.68
2017-08-17,229,13,31.4,31.6,25.2,60,2.4,673.0,29.64,39.47,35.71,0,31.13
2017-08-18,230,12,30.6,30.6,24.7,73,4.46,779.0,30.02,38.30,37.4,0,31.06
2017-08-19,231,13,30.2,30.2,24.0,79,0.67,790.0,32.384,41.62,37.99,0,37.32
2017-08-20,232,11,30.3,30.3,24.4,71,4.16,736.0,29.505,37.75,36.04,0,28.82
2017-08-21,233,12,28.2,28.2,23.9,69,4.29,602.0,27.06,34.20,30.92,0,19.15
2017-08-22,234,13,28.7,28.8,23.8,69,2.79,588.0,27.827,36.15,31.92,0,22.27
2017-08-23,235,11,29.8,29.8,24.2,75,1.35,701.0,30.439,39.85,35.76,0,31.77
2017-08-24,236,14,30.7,30.7,24.7,68,2.52,709.0,29.926,39.34,36.25,0,31.20
2017-08-25,237,13,30.3,30.5,24.0,70,0.91,678.0,30.785,40.15,35.78,0,32.42
2017-08-26,238,13,30.1,30.1,24.4,73,1.61,666.0,30.247,39.66,36.05,0,31.61
2017-08-27,239,11,30.3,30.3,24.2,73,0.51,784.0,32.249,41.19,36.58,0,36.46
2017-08-28,240,13,27.4,27.8,24.3,89,1.08,315.0,28.662,36.24,32.02,0,24.53
2017-08-29,241,15,26.9,26.9,23.8,82,3.16,207.0,26.457,31.82,29.7,0,15.73
2017-08-30,242,12,29.0,29.1,24.3,69,5.45,589.0,27.642,34.37,32.54,0,21.44
2017-08-31,243,10,30.1,31.5,24.5,73,2.77,694.0,29.794,38.72,36.05,0,30.19
2017-09-01,244,13,30.8,31.3,24.3,62,3.14,757.0,29.227,38.63,34.91,0,28.40
2017-09-02,245,12,30.7,31.1,22.6,61,2.52,769.0,29.235,39.06,34.46,0,26.58
2017-09-03,246,12,30.3,30.5,23.9,72,1.36,833.0,30.872,40.76,36.31,0,33.10
2017-09-04,247,12,31.1,31.1,24.6,68,2.57,840.0,30.513,40.38,37.26,0,33.31
2017-09-05,248,11,30.8,31.4,24.7,73,1.73,778.0,31.075,40.96,37.96,0,35.17
2017-09-06,249,12,30.9,31.6,24.9,67,0.22,702.0,32.08,39.73,36.47,0,35.86
2017-09-07,250,12,31.4,31.5,24.4,69,0.8,816.0,32.249,42.09,38.37,0,38.01
2017-09-08,251,13,30.5,30.5,24.9,77,0.94,780.0,31.955,41.57,38.3,0,37.64
2017-09-09,252,11,31.1,31.4,24.6,77,1.56,828.0,32.014,42.16,40.15,0,38.51
2017-09-10,253,13,31.9,31.9,24.8,69,1.34,763.0,31.931,42.18,39.76,0,38.46
2017-09-11,254,13,29.6,31.1,25.7,81,0.36,708.0,32.368,40.40,36.72,0,37.92
2017-09-12,255,12,30.5,31.6,23.8,76,0.72,776.0,32.208,41.57,38.0,0,36.72
2017-09-13,256,12,29.2,29.2,24.0,77,2.91,654.0,29.242,37.60,34.63,0,27.23
2017-09-14,257,12,28.7,28.7,23.9,76,1.49,633.0,29.225,38.19,33.15,0,26.95
2017-09-15,258,15,28.5,28.7,23.8,76,1.0,503.0,29.105,37.61,32.66,0,26.01
2017-09-16,259,14,30.6,30.8,23.5,69,1.22,634.0,30.504,40.02,36.27,0,31.39
2017-09-17,260,11,30.6,31.0,24.4,70,0.45,714.0,32.17,40.94,36.54,0,36.35
2017-09-18,261,13,30.8,30.8,24.1,68,2.62,801.0,30.145,39.79,36.5,0,31.33
2017-09-19,262,11,30.3,30.3,24.4,75,0.64,574.0,31.476,40.28,37.13,0,34.78
2017-09-20,263,15,28.0,28.0,24.5,81,3.04,389.0,27.928,34.78,32.25,0,22.41
2017-09-21,264,12,28.6,28.6,23.6,80,2.02,551.0,29.073,37.51,33.65,0,26.01
2017-09-22,265,10,27.3,27.4,23.1,81,3.13,542.0,27.546,34.77,30.53,0,19.41
2017-09-23,266,11,30.1,31.3,22.3,66,1.96,825.0,29.591,39.50,34.33,0,27.16
2017-09-24,267,12,31.6,31.8,23.5,60,1.99,808.0,30.257,40.68,36.16,0,31.36
2017-09-25,268,12,31.8,32.4,24.5,62,2.5,808.0,30.453,40.65,37.21,0,33.27
2017-09-26,269,12,32.1,32.5,24.2,56,2.18,789.0,30.107,40.72,36.13,0,31.91
2017-09-27,270,10,31.0,31.9,24.4,65,2.56,733.0,29.899,39.53,36.16,0,30.90
2017-09-28,271,11,31.7,32.8,24.2,58,2.78,830.0,29.818,40.06,35.82,0,30.77
2017-09-29,272,11,31.4,32.1,23.3,61,1.0,842.0,31.079,41.34,35.98,0,33.09
2017-09-30,273,11,32.3,33.0,23.0,53,1.75,843.0,30.245,41.29,35.71,0,31.02
2017-10-01,274,10,30.6,31.8,23.4,66,0.41,707.0,31.7,40.34,35.47,0,33.46
2017-10-02,275,11,30.7,32.9,24.0,72,0.5,801.0,32.607,41.67,37.38,0,37.55
2017-10-03,276,11,31.9,33.9,22.4,53,1.7,849.0,29.925,40.89,34.91,0,29.13
2017-10-04,277,13,33.0,33.3,21.1,46,2.02,856.0,29.819,41.45,35.2,0,28.98
2017-10-05,278,12,30.4,30.4,23.1,71,2.1,665.0,30.056,39.42,36.3,0,29.65
2017-10-06,279,11,31.1,31.9,24.6,72,2.32,790.0,30.974,40.77,38.49,0,34.93
2017-10-07,280,13,30.1,30.1,24.4,72,1.26,711.0,30.504,40.04,35.79,0,32.28
2017-10-08,281,13,29.6,29.6,23.6,70,1.3,720.0,29.795,39.29,34.08,0,28.82
2017-10-09,282,15,27.3,27.4,23.4,81,1.82,325.0,27.413,34.78,30.53,0,19.51
2017-10-10,283,11,28.8,28.8,23.2,85,1.04,644.0,30.67,39.59,35.25,0,30.66
2017-10-11,284,13,31.3,31.3,23.0,64,0.76,787.0,31.583,41.37,36.59,0,33.94
2017-10-12,285,12,30.4,31.0,23.7,73,0.5,688.0,32.077,40.87,36.85,0,35.42
2017-10-13,286,11,30.9,31.0,24.1,68,0.5,679.0,31.972,40.93,36.75,0,35.70
2017-10-14,287,12,31.0,31.2,23.7,72,1.1,732.0,31.575,41.36,38.21,0,35.33
2017-10-15,288,11,31.9,32.4,23.8,64,1.2,802.0,31.572,41.93,38.08,0,35.81
2017-10-16,289,11,32.4,33.2,22.7,56,2.06,819.0,30.494,41.30,36.78,0,31.55
2017-10-17,290,14,33.5,33.6,21.5,39,0.32,703.0,30.852,40.79,34.36,0,30.14
2017-10-18,291,13,31.4,31.5,19.3,49,2.06,821.0,28.704,39.67,33.08,0,24.79
2017-10-19,292,13,31.6,31.7,19.6,50,2.09,808.0,28.974,39.87,33.64,0,25.66
2017-10-20,293,12,30.8,30.8,23.8,71,0.92,748.0,31.538,41.18,37.36,0,34.93
2017-10-21,294,12,31.0,31.0,23.9,70,1.25,739.0,31.216,41.09,37.6,0,34.47
2017-10-22,295,11,31.0,31.0,23.7,67,0.36,751.0,32.333,40.86,36.72,0,35.85
2017-10-23,296,11,30.8,32.3,21.9,59,0.81,784.0,30.436,40.33,34.19,0,28.96
2017-10-24,297,12,30.6,31.3,19.2,43,0.73,843.0,28.559,39.22,30.82,0,23.36
2017-10-25,298,11,30.0,31.4,17.5,47,0.5,807.0,29.053,38.83,30.6,0,23.93
2017-10-26,299,12,30.4,30.6,18.0,40,0.3,826.0,28.697,38.00,30.16,0,22.49
2017-10-27,300,12,29.0,29.6,18.8,51,0.61,748.0,28.155,37.75,29.78,0,21.15
2017-10-28,301,13,29.4,29.5,20.1,55,0.51,670.0,29.025,38.12,30.92,0,23.48
2017-10-29,302,12,30.2,30.5,18.6,47,0.32,798.0,29.36,38.30,30.87,0,24.23
2017-10-30,303,11,29.4,30.3,18.8,52,1.12,785.0,27.893,38.17,30.47,0,21.21
2017-10-31,304,12,29.5,29.9,17.6,41,1.27,817.0,26.513,37.66,29.23,0,17.78
2017-11-01,305,12,29.1,29.7,16.7,44,1.63,817.0,26.26,37.23,29.1,0,16.94
2017-11-02,306,16,28.2,29.2,18.7,58,0.64,248.0,26.353,34.19,29.52,0,15.08
2017-11-03,307,11,28.2,29.2,16.2,47,1.1,771.0,26.201,36.59,28.4,0,16.11
2017-11-04,308,11,27.8,28.9,16.9,50,2.1,752.0,25.44,35.56,28.23,0,13.86
2017-11-05,309,13,29.6,29.6,16.9,41,3.13,760.0,25.563,36.09,29.35,0,14.89
2017-11-06,310,13,29.7,29.8,17.1,44,2.02,742.0,26.418,37.20,29.81,0,17.48
2017-11-07,311,11,29.3,30.1,18.0,46,1.75,751.0,26.482,37.15,29.56,0,17.47
2017-11-08,312,10,27.9,29.9,18.0,51,1.28,636.0,25.91,35.76,28.43,0,14.97
2017-11-09,313,10,28.0,29.6,18.6,48,1.48,609.0,25.431,35.41,28.27,0,13.75
2017-11-10,314,16,27.9,29.5,16.1,51,0.89,262.0,25.075,33.41,28.43,0,11.69
2017-11-11,315,16,27.2,28.8,15.5,57,0.58,261.0,25.471,33.24,28.11,0,12.20
2017-11-12,316,13,28.2,28.3,15.5,40,1.84,738.0,24.672,35.60,27.84,0,12.29
2017-11-13,317,13,28.3,28.5,14.9,38,1.27,735.0,24.893,35.94,27.79,0,12.93
2017-11-14,318,13,28.7,28.9,15.3,40,0.99,712.0,25.749,36.43,28.31,0,15.10
2017-11-15,319,12,29.4,29.7,20.4,52,2.06,677.0,26.998,36.99,30.47,0,18.67
2017-11-16,320,13,29.1,29.2,20.0,52,2.21,566.0,26.435,35.94,30.05,0,16.69
2017-11-17,321,13,28.6,28.8,20.7,56,1.44,534.0,26.753,36.11,29.85,0,17.34
2017-11-18,322,13,29.6,29.7,19.6,49,0.36,558.0,28.263,36.86,30.33,0,20.92
2017-11-19,323,11,29.4,30.3,19.8,51,1.3,683.0,27.362,37.52,30.33,0,19.68
2017-11-20,324,12,30.5,30.6,21.3,42,2.66,699.0,26.521,37.21,30.55,0,17.96
2017-11-21,325,13,30.2,30.3,20.7,44,1.89,672.0,26.786,37.48,30.44,0,18.61
2017-11-22,326,12,28.5,28.8,20.9,52,1.17,548.0,26.441,36.00,29.25,0,16.45
2017-11-23,327,12,29.4,30.0,19.6,48,1.4,732.0,27.023,37.51,29.93,0,18.89
2017-11-24,328,12,28.4,29.2,17.9,44,1.13,734.0,25.89,36.42,28.35,0,15.38
2017-11-25,329,16,27.0,28.8,15.5,43,0.95,249.0,23.216,31.86,27.02,0,6.53
2017-11-26,330,13,28.7,28.9,13.9,27,1.0,718.0,23.884,35.77,27.48,0,10.79
2017-11-27,331,13,28.5,28.7,13.8,28,1.41,716.0,23.469,35.49,27.37,0,9.77
2017-11-28,332,12,28.4,29.0,13.2,31,0.6,745.0,25.026,35.92,27.45,0,13.05
2017-11-29,333,14,28.6,28.6,14.0,30,1.0,600.0,23.959,35.20,27.55,0,10.55
2017-11-30,334,13,28.2,28.3,13.8,33,1.48,697.0,23.866,35.30,27.4,0,10.39
2017-12-01,335,13,27.7,27.8,14.7,33,2.28,699.0,23.019,34.26,27.02,0,7.90
2017-12-02,336,16,25.9,27.3,14.1,47,0.85,243.0,22.77,31.02,25.84,0,5.08
2017-12-03,337,13,26.9,27.1,12.7,33,1.34,699.0,22.885,34.19,26.48,0,7.59
2017-12-04,338,13,27.1,27.3,13.6,34,1.1,692.0,23.399,34.49,26.65,0,8.77
2017-12-05,339,13,27.6,27.7,13.7,37,2.01,674.0,23.546,34.42,27.15,0,9.05
2017-12-06,340,14,27.9,27.9,15.9,47,0.82,558.0,25.729,35.31,28.09,0,14.17
2017-12-07,341,16,28.7,29.5,18.0,51,0.5,229.0,26.122,34.07,29.39,0,14.50
2017-12-08,342,13,29.5,29.8,19.2,37,3.11,666.0,24.779,35.35,28.84,0,12.69
2017-12-09,343,12,28.3,29.2,18.6,40,2.73,694.0,24.305,34.71,27.93,0,10.99
2017-12-10,344,14,27.5,27.5,15.2,26,2.38,598.0,21.588,33.19,26.59,0,5.19
2017-12-11,345,13,27.8,28.1,12.8,29,0.32,687.0,24.479,34.33,26.91,0,10.70
2017-12-12,346,15,28.8,28.8,14.0,34,0.5,429.0,24.965,34.66,27.95,0,12.21
2017-12-13,347,14,29.2,29.4,17.8,40,0.71,561.0,26.174,36.19,28.81,0,15.92
2017-12-14,348,13,30.1,30.2,17.2,33,1.89,657.0,25.132,36.72,29.09,0,14.43
2017-12-15,349,16,28.4,29.7,17.4,44,0.76,240.0,24.705,33.29,28.35,0,10.88
2017-12-16,350,13,29.2,29.3,15.4,37,2.33,665.0,24.765,35.70,28.54,0,12.80
2017-12-17,351,13,28.0,28.2,17.2,41,2.15,632.0,24.265,34.64,27.73,0,10.79
2017-12-18,352,16,26.0,27.3,15.1,39,0.82,262.0,22.025,30.87,25.84,0,3.56
2017-12-19,353,16,25.3,26.7,12.4,39,1.1,260.0,21.186,30.07,25.1,0,2.94
2017-12-20,354,16,26.2,27.4,13.2,43,0.8,256.0,22.677,31.23,26.1,0,5.05
2017-12-21,355,13,26.9,27.2,14.5,39,1.43,662.0,23.517,34.20,26.74,0,8.79
2017-12-22,356,16,26.7,27.7,14.2,52,0.58,218.0,24.236,31.97,27.25,0,8.63
2017-12-23,357,14,27.4,27.4,14.6,34,1.52,589.0,23.056,33.98,26.86,0,7.76
2017-12-24,358,14,27.7,27.7,12.9,30,0.71,594.0,23.61,34.41,26.88,0,9.12
2017-12-25,359,12,27.2,28.6,12.7,36,1.2,705.0,23.681,34.69,26.81,0,9.45
2017-12-26,360,16,25.2,26.6,14.2,31,1.1,276.0,20.154,29.79,24.89,0,2.73
2017-12-27,361,13,26.5,26.8,11.2,28,1.3,702.0,21.889,33.68,26.22,0,5.55
2017-12-28,362,13,26.7,27.0,12.1,29,1.3,705.0,22.205,33.91,26.2,0,6.10
2017-12-29,363,13,27.1,27.4,11.4,30,1.6,702.0,22.447,34.12,26.48,0,6.71
2017-12-30,364,13,27.2,27.4,12.2,31,1.58,698.0,22.678,34.24,26.59,0,7.23
2017-12-31,365,14,27.3,27.3,12.3,30,0.42,612.0,23.955,34.08,26.61,0,9.53
2018-01-01,1,13,26.7,26.9,13.7,34,0.22,690.0,24.276,32.99,26.39,0,9.35
2018-01-02,2,13,26.5,26.9,15.0,36,0.5,689.0,24.221,34.28,26.32,0,10.17
2018-01-03,3,13,26.0,26.4,13.7,32,1.22,703.0,22.109,33.44,25.75,0,5.58
2018-01-04,4,14,25.1,25.2,12.0,31,0.36,625.0,22.311,32.05,24.79,0,4.96
2018-01-05,5,14,25.8,25.8,11.1,33,0.78,621.0,22.401,33.04,25.55,0,5.85
2018-01-06,6,15,26.1,26.2,12.6,35,0.5,480.0,23.014,32.63,25.89,0,6.70
2018-01-07,7,13,26.0,26.3,13.9,36,0.81,693.0,23.113,33.73,25.8,0,7.69
2018-01-08,8,14,26.2,26.2,13.8,33,1.2,628.0,22.248,33.25,25.97,0,5.71
2018-01-09,9,14,26.1,26.1,12.6,25,1.8,642.0,20.647,32.60,25.76,0,4.77
2018-01-10,10,14,26.6,26.7,12.8,31,0.36,628.0,23.571,33.31,26.36,0,8.25
2018-01-11,11,12,26.5,28.7,13.6,33,0.5,713.0,23.902,34.25,26.28,0,9.55
2018-01-12,12,14,28.1,28.1,14.0,28,0.73,624.0,23.695,34.83,27.08,0,9.61
2018-01-13,13,14,28.9,28.9,14.9,25,2.02,620.0,22.745,34.90,27.55,0,8.04
2018-01-14,14,13,28.9,28.9,16.3,32,1.4,688.0,24.349,35.91,27.91,0,11.93
2018-01-15,15,13,29.2,29.7,17.4,36,0.4,713.0,26.751,36.59,28.46,0,17.17
2018-01-16,16,13,27.9,28.2,14.1,28,0.1,745.0,24.6,33.28,26.94,0,10.17
2018-01-17,17,14,28.5,28.5,13.6,27,0.32,654.0,24.634,34.68,27.33,0,11.37
2018-01-18,18,13,28.1,28.6,14.9,21,2.73,758.0,21.413,34.24,26.84,0,5.95
2018-01-19,19,15,27.5,27.5,13.2,24,0.81,532.0,22.172,33.57,26.52,0,5.79
2018-01-20,20,14,27.9,27.9,12.6,26,0.4,674.0,24.057,34.64,26.86,0,10.12
2018-01-21,21,13,28.0,28.2,13.4,29,0.5,753.0,24.708,35.54,27.05,0,12.02
2018-01-22,22,14,27.9,27.9,13.5,27,0.61,681.0,23.795,34.94,26.9,0,9.85
2018-01-23,23,14,29.0,29.1,13.0,30,2.82,669.0,23.425,34.83,27.87,0,9.39
2018-01-24,24,13,28.1,28.4,17.2,30,2.22,753.0,23.047,34.87,27.17,0,8.45
2018-01-25,25,12,25.4,26.7,12.7,24,1.08,787.0,20.824,33.17,25.01,0,5.18
2018-01-26,26,14,26.5,26.5,12.0,25,0.32,700.0,22.858,33.11,26.18,0,6.75
2018-01-27,27,14,27.2,27.2,11.9,23,0.5,706.0,22.973,34.34,26.3,0,7.86
2018-01-28,28,13,27.9,28.3,11.8,24,0.32,782.0,24.086,34.62,26.79,0,10.16
2018-01-29,29,13,28.6,29.4,13.2,24,0.82,783.0,23.739,35.88,27.29,0,10.53
2018-01-30,30,15,29.8,29.8,13.4,22,1.5,565.0,23.094,35.60,28.14,0,9.42
2018-01-31,31,14,31.4,31.9,14.3,18,1.49,716.0,23.904,37.75,29.35,0,12.95
2018-02-01,32,13,30.9,31.2,13.8,16,2.16,801.0,22.874,37.35,28.88,0,10.55
2018-02-02,33,15,30.3,30.4,13.0,21,0.61,569.0,24.33,36.14,28.52,0,12.29
2018-02-03,34,14,30.8,30.8,14.2,22,2.12,711.0,23.865,37.09,28.99,0,12.27
2018-02-04,35,13,30.4,30.9,15.1,28,1.63,785.0,25.01,37.56,28.98,0,14.77
2018-02-05,36,14,30.8,30.8,16.4,31,1.17,708.0,26.033,37.91,29.62,0,17.19
2018-02-06,37,13,30.5,30.7,16.6,33,0.71,731.0,26.796,37.93,29.5,0,18.61
2018-02-07,38,14,28.8,28.8,18.3,39,1.51,547.0,24.834,35.33,28.32,0,12.58
2018-02-08,39,12,29.3,30.9,16.8,36,2.8,793.0,24.773,36.01,28.56,0,13.05
2018-02-09,40,12,29.6,30.9,16.7,34,0.6,802.0,26.635,37.49,28.68,0,17.68
2018-02-10,41,14,29.0,29.0,16.9,33,2.88,462.0,23.451,33.63,28.06,0,8.64
2018-02-11,42,15,27.7,27.7,17.4,48,2.21,403.0,24.323,33.19,27.96,0,9.94
2018-02-12,43,14,27.0,27.8,17.2,51,1.12,562.0,25.05,34.56,27.48,0,12.12
2018-02-13,44,15,24.9,24.9,17.2,60,0.32,396.0,24.545,31.78,24.96,0,8.98
2018-02-14,45,14,26.6,26.7,15.8,49,1.91,734.0,24.304,34.41,26.6,0,10.42
2018-02-15,46,14,27.4,27.5,14.1,33,1.2,756.0,23.563,35.00,26.81,0,9.45
2018-02-16,47,15,28.3,28.3,13.1,32,0.86,610.0,24.209,35.11,27.42,0,10.91
2018-02-17,48,12,27.8,29.1,14.0,39,0.32,838.0,26.345,35.59,27.43,0,15.29
2018-02-18,49,13,30.1,30.3,15.2,32,1.08,834.0,25.993,37.89,29.0,0,16.87
2018-02-19,50,15,31.2,31.2,16.8,32,0.61,605.0,27.064,37.93,30.14,0,19.35
2018-02-20,51,13,30.9,30.9,18.3,33,0.7,780.0,27.287,38.57,29.92,0,20.15
2018-02-21,52,12,31.2,31.9,18.3,30,0.72,839.0,27.178,38.94,29.94,0,20.22
2018-02-22,53,13,32.3,32.3,17.5,27,1.35,804.0,26.647,39.62,30.82,0,20.04
2018-02-23,54,13,32.9,33.1,18.3,27,1.92,790.0,26.715,40.00,31.49,0,20.68
2018-02-24,55,14,33.6,33.6,19.4,27,1.79,734.0,27.249,40.54,32.31,0,22.39
2018-02-25,56,14,33.8,33.8,19.3,25,1.36,757.0,27.383,40.86,32.29,0,22.87
2018-02-26,57,12,33.5,34.5,19.7,27,1.08,852.0,28.008,41.14,32.19,0,24.21
2018-02-27,58,12,33.0,34.4,19.3,24,0.63,868.0,27.872,40.46,31.28,0,23.13
2018-02-28,59,13,34.1,34.6,19.3,21,0.45,867.0,28.686,41.36,32.17,0,25.65
2018-03-01,60,12,34.1,34.8,20.8,23,1.61,860.0,27.245,41.47,32.39,0,23.09
2018-03-02,61,13,35.4,35.8,19.5,20,1.08,763.0,27.902,42.24,33.5,0,25.30
2018-03-03,62,12,34.9,35.5,20.8,23,1.2,870.0,28.259,42.43,33.32,0,26.04
2018-03-04,63,14,35.3,35.3,20.7,20,1.2,771.0,27.713,42.18,33.38,0,24.85
2018-03-05,64,17,31.6,34.4,21.8,47,1.26,154.0,27.185,35.82,33.0,0,19.12
2018-03-06,65,17,32.0,34.2,22.6,48,1.2,186.0,27.854,36.74,33.9,0,22.08
2018-03-07,66,15,33.8,34.1,21.2,23,0.32,411.0,27.254,38.23,32.05,0,20.64
2018-03-08,67,12,34.2,34.2,21.7,23,2.83,863.0,26.737,41.11,32.5,0,21.91
2018-03-09,68,14,32.0,32.3,21.5,28,0.63,699.0,27.315,38.95,30.6,0,20.73
2018-03-10,69,13,33.4,34.5,19.9,25,0.0,721.0,28.477,38.39,31.83,0,22.98
2018-03-11,70,13,33.3,33.6,20.6,26,1.34,620.0,26.871,39.71,31.83,0,20.90
2018-03-12,71,14,35.1,35.1,19.8,23,1.75,719.0,27.669,41.89,33.56,0,24.63
2018-03-13,72,13,36.3,36.5,20.5,21,1.35,893.0,28.83,43.92,34.71,0,28.71
2018-03-14,73,13,36.5,36.5,23.0,20,3.7,838.0,27.614,43.16,34.78,0,27.06
2018-03-15,74,11,33.1,33.1,24.5,25,2.28,605.0,25.985,39.00,31.49,0,21.50
2018-03-16,75,12,26.6,26.6,19.3,50,3.96,411.0,23.209,30.36,26.61,0,5.43
2018-03-17,76,12,31.4,32.7,17.6,38,1.7,907.0,27.575,39.62,31.14,0,21.91
2018-03-18,77,11,31.9,32.5,20.6,38,0.78,818.0,28.829,40.09,31.8,0,24.86
2018-03-19,78,14,34.5,34.5,21.1,24,1.5,625.0,27.348,40.88,32.98,0,23.07
2018-03-20,79,12,34.2,34.9,24.3,29,2.12,674.0,27.817,40.88,33.38,0,26.79
2018-03-21,80,14,35.7,35.8,23.1,24,0.5,606.0,29.595,42.09,34.47,0,30.03
2018-03-22,81,13,36.2,36.7,23.9,14,2.72,927.0,26.301,43.14,33.69,0,25.21
2018-03-23,82,12,35.7,36.7,22.1,15,1.04,944.0,27.376,42.84,33.28,0,24.77
2018-03-24,83,13,37.3,37.5,21.9,13,0.1,929.0,29.309,42.09,34.7,0,28.29
2018-03-25,84,13,37.6,38.0,23.0,13,1.4,928.0,27.793,44.70,35.01,0,28.59
2018-03-26,85,12,37.2,38.0,22.0,11,1.75,959.0,26.688,44.18,34.16,0,24.65
2018-03-27,86,12,37.8,38.7,20.4,11,0.1,959.0,29.152,42.43,34.75,0,28.26
2018-03-28,87,17,37.7,39.3,21.3,29,0.81,243.0,30.278,42.37,38.61,0,31.78
2018-03-29,88,13,39.9,40.0,23.3,9,0.1,948.0,29.929,44.38,36.35,1,34.92
2018-03-30,89,12,39.6,40.1,21.5,8,0.67,976.0,28.752,46.00,35.82,2,33.82
2018-03-31,90,11,38.1,39.9,22.7,21,1.75,871.0,29.886,45.86,37.02,0,33.78
2018-04-01,91,11,37.7,39.8,24.5,23,4.03,872.0,29.211,44.80,36.95,0,33.82
2018-04-02,92,12,35.9,38.1,22.3,26,0.89,954.0,30.267,44.12,35.11,0,32.07
2018-04-03,93,12,38.5,39.5,22.7,14,0.32,813.0,30.134,44.39,36.1,0,32.85
2018-04-04,94,11,38.6,38.7,23.4,18,1.98,887.0,29.426,46.23,36.99,0,33.99
2018-04-05,95,12,39.2,39.7,26.3,22,2.92,929.0,30.543,47.20,38.83,0,40.86
2018-04-06,96,13,39.7,39.7,25.0,16,0.63,803.0,31.035,46.65,37.89,0,39.53
2018-04-07,97,11,38.4,38.4,26.5,18,4.01,747.0,28.39,44.87,36.74,0,34.57
2018-04-08,98,13,37.2,37.6,25.2,22,3.41,889.0,28.763,44.43,36.04,0,33.18
2018-04-09,99,12,36.6,37.3,22.9,25,2.91,918.0,29.121,44.19,35.87,0,30.94
2018-04-10,100,11,34.9,34.9,23.6,29,1.6,839.0,29.008,42.65,34.33,0,29.86
2018-04-11,101,13,36.4,36.4,22.9,28,2.51,859.0,29.609,44.04,36.28,0,31.90
2018-04-12,102,11,35.7,36.7,24.2,27,1.24,832.0,29.579,43.45,35.04,0,32.48
2018-04-13,103,12,36.6,37.0,25.1,29,1.63,912.0,30.526,44.90,36.84,0,37.03
2018-04-14,104,12,37.8,38.9,25.2,27,3.14,874.0,30.364,45.44,38.17,0,37.73
2018-04-15,105,13,38.1,38.1,25.0,29,3.53,872.0,30.902,45.73,39.28,0,39.13
2018-04-16,106,12,38.1,38.9,23.9,30,2.38,909.0,31.532,46.46,39.62,0,39.69
2018-04-17,107,13,41.1,41.1,24.8,17,2.78,899.0,30.727,49.03,39.95,1,42.87
2018-04-18,108,12,40.7,41.3,26.8,13,1.48,899.0,29.926,48.11,38.34,2,44.09
2018-04-19,109,13,41.2,41.4,25.1,11,0.4,957.0,31.568,47.99,38.24,3,46.75
2018-04-20,110,12,41.6,42.2,25.1,12,3.21,974.0,29.536,49.37,39.01,4,45.86
2018-04-21,111,12,40.0,40.5,26.5,15,1.92,923.0,29.757,47.71,38.01,5,48.01
2018-04-22,112,13,40.5,40.7,26.5,13,0.85,953.0,30.651,47.86,38.12,6,51.52
2018-04-23,113,11,38.6,40.5,26.5,24,1.04,915.0,31.707,46.88,38.52,7,52.95
2018-04-24,114,13,40.8,41.1,24.7,8,1.08,978.0,28.842,47.62,36.97,8,45.40
2018-04-25,115,12,40.0,40.6,24.1,12,1.2,972.0,29.515,47.38,37.26,9,45.90
2018-04-26,116,15,41.6,41.6,23.9,8,0.32,696.0,29.96,46.40,37.75,10,45.98
2018-04-27,117,11,40.5,41.7,26.8,16,2.12,894.0,30.26,48.28,38.88,11,51.71
2018-04-28,118,11,40.9,41.7,28.4,16,2.06,916.0,30.629,48.84,39.38,12,54.87
2018-04-29,119,11,41.6,41.9,28.8,16,2.92,913.0,30.79,49.57,40.29,13,56.51
2018-04-30,120,11,41.3,42.8,27.6,17,2.9,925.0,30.877,49.36,40.22,14,55.09
2018-05-01,121,13,41.7,41.9,27.2,16,0.95,840.0,32.029,49.20,40.42,15,56.76
2018-05-02,122,12,41.5,42.7,27.7,21,3.31,940.0,32.0,49.89,41.97,16,58.37
2018-05-03,123,11,39.7,39.9,28.4,25,1.97,906.0,32.0,48.17,40.59,0,47.42
2018-05-04,124,12,39.3,39.8,26.2,28,3.68,941.0,31.746,47.42,41.01,0,43.99
2018-05-05,125,11,40.2,42.0,27.9,24,3.47,860.0,31.54,48.08,41.04,1,47.74
2018-05-06,126,14,42.6,42.6,30.2,16,1.65,761.0,31.858,50.08,41.61,2,54.35
2018-05-07,127,12,42.4,42.5,31.2,14,2.41,967.0,31.052,50.57,40.63,3,55.65
2018-05-08,128,12,42.4,42.4,30.7,13,3.1,962.0,30.464,50.40,40.3,4,55.37
2018-05-09,129,13,42.5,42.7,27.3,13,3.61,934.0,30.354,50.37,40.42,5,52.89
2018-05-10,130,13,42.2,43.0,29.6,14,1.3,861.0,31.425,49.73,40.38,6,58.79
2018-05-11,131,11,42.0,43.4,30.1,16,0.4,864.0,33.476,49.26,40.81,7,63.07
2018-05-12,132,11,41.9,42.0,30.5,16,1.61,887.0,31.607,49.84,40.68,8,60.37
2018-05-13,133,13,43.2,43.6,30.5,12,1.7,928.0,31.295,51.00,40.84,9,60.68
2018-05-14,134,12,41.6,41.8,29.5,16,1.9,912.0,31.237,49.63,40.29,10,58.21
2018-05-15,135,12,40.0,41.0,27.8,23,3.2,936.0,31.333,48.18,40.36,11,55.38
2018-05-16,136,10,39.9,40.7,28.3,20,1.8,792.0,30.865,47.53,39.24,12,54.20
2018-05-17,137,13,42.1,42.7,29.6,16,0.2,762.0,33.237,47.79,40.94,13,61.02
2018-05-18,138,14,42.3,42.3,31.4,13,2.66,744.0,30.191,49.36,40.18,14,58.21
2018-05-19,139,12,42.5,43.2,29.0,13,2.53,767.0,30.422,49.70,40.42,15,56.19
2018-05-20,140,12,43.4,43.9,29.4,13,2.02,983.0,31.677,51.63,41.49,16,60.82
2018-05-21,141,11,42.6,44.0,32.2,16,0.14,918.0,34.084,48.49,41.61,17,66.41
2018-05-22,142,12,42.2,42.2,32.1,21,2.79,931.0,32.699,50.81,43.08,18,65.89
2018-05-23,143,14,40.1,40.1,32.4,26,4.2,628.0,31.402,46.78,41.64,19,60.34
2018-05-24,144,12,42.9,43.3,30.9,16,2.57,892.0,31.859,51.05,42.02,20,62.68
2018-05-25,145,11,42.3,43.7,30.5,14,0.81,914.0,32.268,49.85,40.51,21,61.57
2018-05-26,146,12,41.9,42.9,31.6,22,1.73,905.0,33.188,50.54,43.03,22,66.02
2018-05-27,147,12,40.9,41.6,29.0,26,3.31,910.0,32.672,49.32,43.05,23,61.14
2018-05-28,148,11,42.1,42.9,31.1,21,3.49,839.0,32.274,50.17,42.92,24,63.41
2018-05-29,149,11,43.0,44.1,32.3,18,3.9,894.0,32.137,51.26,43.0,25,65.36
2018-05-30,150,13,40.8,41.2,31.9,22,0.99,625.0,32.355,47.87,41.25,26,62.21
2018-05-31,151,12,42.6,43.5,32.2,21,1.58,923.0,33.622,51.32,43.73,27,68.37
2018-06-01,152,13,41.7,41.7,28.8,24,1.8,857.0,33.385,50.28,43.58,28,63.14
2018-06-02,153,13,38.7,38.7,29.4,35,2.02,708.0,32.776,46.76,42.71,0,49.83
2018-06-03,154,13,39.3,40.0,28.8,30,2.7,929.0,32.43,47.87,41.8,1,50.60
2018-06-04,155,13,39.4,39.4,27.2,33,2.4,875.0,33.128,48.08,43.28,0,49.09
2018-06-05,156,13,39.2,39.2,27.1,32,0.64,888.0,34.509,48.22,42.44,0,51.37
2018-06-06,157,14,37.9,37.9,27.9,39,0.1,754.0,34.825,44.90,42.75,0,50.62
2018-06-07,158,12,37.3,37.9,26.8,44,2.16,868.0,33.288,46.46,43.62,0,47.88
2018-06-08,159,13,37.3,37.3,26.7,43,2.36,808.0,32.939,45.98,43.17,0,46.59
2018-06-09,160,14,31.9,32.1,25.2,64,2.93,473.0,30.023,38.88,38.08,0,32.31
2018-06-10,161,15,30.4,30.4,24.9,71,4.36,407.0,29.012,35.96,36.3,0,27.28
2018-06-11,162,15,31.6,32.6,25.0,71,2.75,450.0,30.535,39.22,39.6,0,33.86
2018-06-12,163,12,34.5,34.5,25.5,52,4.62,579.0,30.812,40.67,40.26,0,36.25
2018-06-13,164,14,35.0,35.2,27.3,46,4.2,664.0,30.629,41.49,39.18,0,38.20
2018-06-14,165,17,34.5,35.7,28.0,62,1.5,295.0,32.212,42.10,44.51,0,44.44
2018-06-15,166,13,36.3,36.3,26.4,34,3.99,925.0,30.289,43.74,37.75,0,37.60
2018-06-16,167,14,36.5,36.5,28.0,34,3.72,833.0,30.39,43.71,38.1,0,39.77
2018-06-17,168,12,35.3,35.4,28.5,41,4.85,906.0,30.381,42.39,38.1,0,39.38
2018-06-18,169,13,36.1,36.3,26.3,42,2.6,842.0,31.693,44.40,40.07,0,41.48
2018-06-19,170,13,35.5,35.5,25.4,47,0.95,845.0,33.082,44.98,40.67,0,43.69
2018-06-20,171,14,36.0,36.0,25.6,46,1.04,777.0,33.103,45.15,41.42,0,44.37
2018-06-21,172,11,33.1,35.0,26.5,60,0.76,806.0,32.837,43.26,39.77,0,42.94
2018-06-22,173,15,31.7,31.7,24.8,66,1.71,606.0,30.795,40.60,38.21,0,34.60
2018-06-23,174,11,32.1,32.8,24.9,63,0.67,753.0,32.308,42.14,38.26,0,38.70
2018-06-24,175,14,31.8,31.8,25.7,63,3.69,671.0,30.008,39.08,37.51,0,32.80
2018-06-25,176,14,32.2,32.2,26.0,59,4.67,652.0,29.702,38.53,37.24,0,32.07
2018-06-26,177,14,32.3,32.3,26.1,57,3.86,592.0,29.587,38.70,36.86,0,31.96
2018-06-27,178,14,29.1,29.1,24.3,73,3.18,471.0,28.308,35.87,33.53,0,24.15
2018-06-28,179,15,27.2,27.2,24.0,85,3.32,168.0,26.902,31.86,30.73,0,17.22
2018-06-29,180,14,31.4,31.5,23.8,56,3.68,761.0,28.945,38.49,34.68,0,27.10
2018-06-30,181,12,31.2,31.7,23.7,64,3.42,783.0,29.8,39.14,36.36,0,29.69
2018-07-01,182,10,31.2,32.1,25.2,66,2.26,594.0,30.047,39.45,36.93,0,32.34
2018-07-02,183,13,31.1,31.1,24.5,66,3.82,798.0,29.866,38.91,36.68,0,30.70
2018-07-03,184,14,30.5,30.6,24.1,65,5.16,667.0,28.77,36.58,34.99,0,25.85
2018-07-04,185,12,30.4,30.4,24.9,63,5.25,610.0,28.354,35.97,34.29,0,25.30
2018-07-05,186,14,29.8,29.8,24.3,69,5.0,568.0,28.424,35.53,34.33,0,24.43
2018-07-06,187,11,27.0,27.0,24.4,90,4.7,238.0,27.26,31.42,31.09,0,18.17
2018-07-07,188,12,30.5,30.6,23.6,73,2.91,761.0,30.249,39.40,37.12,0,30.89
2018-07-08,189,14,31.0,31.0,25.3,71,3.3,598.0,30.124,38.72,37.9,0,32.44
2018-07-09,190,14,30.4,30.4,24.6,71,5.78,584.0,29.149,36.26,36.3,0,27.41
2018-07-10,191,11,27.5,27.5,24.1,84,3.24,473.0,27.881,34.73,31.39,0,21.50
2018-07-11,192,12,29.9,29.9,24.5,71,4.03,554.0,28.855,36.42,35.03,0,26.38
2018-07-12,193,12,29.9,29.9,24.2,73,3.8,645.0,29.266,37.25,35.52,0,27.59
2018-07-13,194,15,30.0,30.0,24.1,71,3.91,468.0,28.813,36.15,35.28,0,25.73
2018-07-14,195,12,29.2,29.2,24.5,71,6.11,582.0,27.967,34.48,33.37,0,22.69
2018-07-15,196,15,30.4,30.6,25.2,71,2.81,471.0,29.42,37.70,36.3,0,29.66
2018-07-16,197,13,29.8,29.8,25.0,76,4.66,537.0,29.173,36.16,36.01,0,27.74
2018-07-17,198,17,27.0,27.0,24.3,88,3.73,76.0,26.601,30.13,30.74,0,15.75
2018-07-18,199,13,30.8,30.8,24.7,62,5.92,721.0,28.691,36.74,34.91,0,26.49
2018-07-19,200,13,30.9,30.9,25.4,69,3.91,722.0,29.882,38.49,37.04,0,31.61
2018-07-20,201,13,29.7,29.7,25.0,70,5.25,571.0,28.412,35.36,34.32,0,25.10
2018-07-21,202,15,28.5,28.5,25.1,77,4.59,400.0,27.785,33.70,32.84,0,22.28
2018-07-22,203,15,28.0,28.6,24.0,80,3.04,249.0,27.47,33.60,32.1,0,20.05
2018-07-23,204,15,25.8,26.1,23.6,89,5.37,178.0,25.768,28.45,26.28,0,10.75
2018-07-24,205,14,30.1,30.1,23.9,68,5.66,670.0,28.671,36.08,34.8,0,25.00
2018-07-25,206,13,30.2,30.2,24.6,68,4.4,607.0,28.84,36.57,35.03,0,26.57
2018-07-26,207,11,28.0,28.5,23.8,69,6.97,569.0,26.517,32.45,30.54,0,16.61
2018-07-27,208,13,29.8,30.1,23.9,64,4.8,694.0,28.089,35.94,33.25,0,23.22
2018-07-28,209,12,30.0,30.4,24.0,64,3.9,747.0,28.511,37.09,33.66,0,25.12
2018-07-29,210,11,30.7,30.7,24.6,62,4.55,689.0,28.736,37.07,34.7,0,26.62
2018-07-30,211,14,31.3,31.3,25.1,56,3.51,661.0,28.731,38.02,34.48,0,27.80
2018-07-31,212,15,30.1,30.2,25.2,65,4.08,479.0,28.239,35.73,34.1,0,25.19
2018-08-01,213,14,30.8,30.8,24.9,60,3.91,684.0,28.7,37.48,34.43,0,27.10
2018-08-02,214,14,31.0,31.0,25.2,58,4.03,623.0,28.53,37.19,34.36,0,26.89
2018-08-03,215,15,31.9,31.9,25.2,54,4.33,557.0,28.71,37.47,35.17,0,27.73
2018-08-04,216,14,31.4,31.7,24.7,59,3.5,648.0,29.164,38.30,35.44,0,28.71
2018-08-05,217,13,30.4,30.7,25.3,62,3.91,707.0,28.596,37.25,34.06,0,27.06
2018-08-06,218,15,30.3,30.3,25.2,60,3.2,515.0,28.086,36.59,33.41,0,25.26
2018-08-07,219,14,28.6,28.8,24.9,65,4.72,306.0,26.399,32.15,31.09,0,17.65
2018-08-08,220,12,25.9,25.9,23.8,86,5.41,288.0,25.841,29.44,26.35,0,11.84
2018-08-09,221,12,28.8,28.8,23.8,75,3.88,523.0,28.198,35.28,33.21,0,22.82
2018-08-10,222,12,29.7,29.8,24.3,70,5.76,628.0,28.439,35.45,34.32,0,24.39
2018-08-11,223,13,29.1,29.1,24.4,74,5.07,412.0,28.018,34.02,33.74,0,22.47
2018-08-12,224,13,28.2,28.3,24.3,77,5.91,611.0,27.7,33.80,32.12,0,20.99
2018-08-13,225,13,30.2,30.2,24.6,70,3.65,682.0,29.317,37.70,35.53,0,28.48
2018-08-14,226,14,29.3,29.3,25.2,73,4.88,589.0,28.427,35.37,34.02,0,25.25
2018-08-15,227,14,30.0,30.0,25.4,73,3.35,372.0,28.925,36.21,35.78,0,27.69
2018-08-16,228,12,30.2,30.7,24.4,79,3.72,640.0,30.206,38.29,37.99,0,31.26
2018-08-17,229,14,29.9,29.9,24.2,74,1.84,622.0,29.937,39.10,35.77,0,30.28
2018-08-18,230,13,30.0,30.0,23.7,65,5.28,601.0,28.187,35.53,33.88,0,23.12
2018-08-19,231,12,29.0,29.1,24.1,76,3.32,555.0,28.662,36.33,33.9,0,25.06
2018-08-20,232,16,27.8,27.8,24.0,86,3.18,204.0,27.726,33.32,32.55,0,20.50
2018-08-21,233,11,26.8,27.7,23.7,81,6.67,471.0,26.467,31.08,29.39,0,14.98
2018-08-22,234,14,29.7,29.9,23.5,65,5.2,596.0,27.907,35.16,33.25,0,21.85
2018-08-23,235,14,29.7,29.7,24.2,67,5.98,624.0,28.081,35.13,33.66,0,23.13
2018-08-24,236,14,29.8,29.8,23.9,67,5.17,497.0,28.068,34.89,33.88,0,22.66
2018-08-25,237,12,29.8,29.8,24.0,62,5.02,679.0,27.811,35.61,32.84,0,22.42
2018-08-26,238,10,27.9,28.0,23.9,71,5.2,374.0,26.468,31.87,30.6,0,16.23
2018-08-27,239,15,25.8,26.0,23.3,90,4.13,179.0,25.962,29.65,26.29,0,11.64
2018-08-28,240,16,25.5,25.5,23.4,89,4.75,300.0,25.822,29.77,25.96,0,11.57
2018-08-29,241,14,30.0,30.0,22.9,63,4.51,631.0,28.113,36.00,33.45,0,22.22
2018-08-30,242,13,30.4,30.4,24.0,61,3.88,726.0,28.516,37.29,33.83,0,25.34
2018-08-31,243,11,26.1,26.7,23.6,88,4.14,413.0,26.626,31.94,26.58,0,14.89
2018-09-01,244,11,27.5,27.5,23.4,78,4.15,410.0,26.996,32.92,30.64,0,17.42
2018-09-02,245,12,29.0,29.0,23.3,70,4.08,605.0,27.967,35.43,32.73,0,21.73
2018-09-03,246,13,29.9,29.9,23.3,62,4.3,717.0,28.072,36.38,33.04,0,22.73
2018-09-04,247,14,30.8,30.8,23.6,56,4.02,743.0,28.296,37.42,33.51,0,24.43
2018-09-05,248,15,28.8,29.2,23.6,69,3.41,393.0,27.385,34.45,32.12,0,20.05
2018-09-06,249,10,27.6,27.6,23.4,69,6.54,541.0,26.132,31.85,29.8,0,14.70
2018-09-07,250,13,27.0,27.0,22.6,74,5.41,344.0,25.837,30.54,29.2,0,12.04
2018-09-08,251,13,28.8,28.8,21.4,61,5.03,713.0,26.813,34.48,30.85,0,16.65
2018-09-09,252,13,29.8,29.9,21.5,60,3.33,714.0,27.946,36.93,32.46,0,21.16
2018-09-10,253,12,30.3,30.7,21.2,57,2.06,839.0,28.719,39.05,32.79,0,24.27
2018-09-11,254,11,30.0,30.8,21.9,59,2.31,850.0,28.577,38.68,32.63,0,23.67
2018-09-12,255,13,31.0,31.0,22.6,54,3.82,816.0,28.386,38.02,33.45,0,23.85
2018-09-13,256,13,31.0,31.0,22.4,53,3.01,774.0,28.402,38.45,33.23,0,23.87
2018-09-14,257,11,29.1,29.7,21.3,65,2.33,833.0,28.375,37.98,32.03,0,22.57
2018-09-15,258,11,30.4,30.9,23.1,61,1.48,810.0,29.587,39.77,33.83,0,28.10
2018-09-16,259,12,31.2,31.3,23.3,62,1.41,802.0,30.489,40.78,35.8,0,31.50
2018-09-17,260,12,31.5,31.8,23.1,53,2.22,801.0,29.189,39.83,34.15,0,27.51
2018-09-18,261,12,31.7,32.3,23.1,51,2.71,780.0,28.892,39.42,34.05,0,26.61
2018-09-19,262,11,31.8,32.7,24.0,55,2.91,639.0,29.177,38.95,35.23,0,28.31
2018-09-20,263,11,32.2,32.9,23.3,52,3.18,779.0,29.328,39.67,35.25,0,28.30
2018-09-21,264,9,28.4,28.6,23.9,78,5.1,373.0,27.683,33.11,32.77,0,20.23
2018-09-22,265,12,28.8,28.8,22.9,73,5.3,703.0,28.062,35.05,32.83,0,21.21
2018-09-23,266,12,30.5,30.6,24.2,70,4.34,836.0,29.696,38.24,36.29,0,29.40
2018-09-24,267,12,31.2,31.3,23.4,66,2.77,847.0,30.32,40.17,36.93,0,31.28
2018-09-25,268,12,31.1,31.8,23.5,62,2.14,781.0,29.904,40.01,35.58,0,29.99
2018-09-26,269,13,31.7,31.8,23.2,60,0.54,785.0,32.004,41.60,36.38,0,35.05
2018-09-27,270,11,31.7,31.8,23.1,58,0.28,789.0,32.057,40.56,35.82,0,34.08
2018-09-28,271,10,30.5,32.1,23.4,69,0.5,725.0,31.851,40.77,36.02,0,34.27
2018-09-29,272,11,32.2,32.9,22.6,54,1.2,855.0,30.755,41.63,35.78,0,31.79
2018-09-30,273,13,32.9,32.9,21.8,46,1.6,849.0,29.976,41.57,35.02,0,29.30
2018-10-01,274,11,32.2,32.9,22.2,51,0.2,856.0,31.847,40.25,34.99,0,32.10
2018-10-02,275,11,31.8,32.7,22.0,54,0.22,838.0,31.809,40.13,34.97,0,31.70
2018-10-03,276,10,30.8,32.6,22.2,61,0.5,727.0,31.232,40.41,34.67,0,30.93
2018-10-04,277,11,31.9,32.7,22.3,53,0.81,830.0,30.832,41.28,34.91,0,31.01
2018-10-05,278,13,33.0,33.0,22.8,49,1.32,762.0,30.515,41.67,36.01,0,31.69
2018-10-06,279,11,32.2,32.9,22.4,51,1.17,828.0,30.347,41.29,34.99,0,30.25
2018-10-07,280,10,31.1,32.9,21.7,54,1.2,727.0,29.466,39.81,33.63,0,26.55
2018-10-08,281,11,32.4,33.0,21.6,45,0.5,817.0,30.954,41.27,33.9,0,30.51
2018-10-09,282,16,32.4,32.8,22.1,44,0.61,270.0,28.567,37.83,33.68,0,23.55
2018-10-10,283,11,32.8,34.5,19.9,38,2.28,809.0,28.289,40.35,33.07,0,24.50
2018-10-11,284,12,32.6,33.2,21.2,39,4.52,868.0,27.741,38.93,32.97,0,22.40
2018-10-12,285,11,31.1,32.8,22.5,53,5.41,782.0,28.037,37.00,33.41,0,22.31
2018-10-13,286,12,31.6,32.4,22.5,46,1.77,857.0,28.72,40.06,32.8,0,25.59
2018-10-14,287,12,32.0,32.4,20.8,40,1.87,839.0,28.15,39.98,32.28,0,23.68
2018-10-15,288,11,31.5,32.9,20.3,45,0.2,823.0,30.333,38.85,32.45,0,27.05
2018-10-16,289,12,32.4,32.9,19.6,37,0.5,858.0,29.927,40.83,32.32,0,27.66
2018-10-17,290,12,32.2,32.5,19.9,39,0.0,848.0,30.183,38.67,32.39,0,26.62
2018-10-18,291,11,31.7,31.8,21.8,45,1.91,725.0,28.342,39.41,32.76,0,23.80
2018-10-19,292,12,32.6,32.9,21.8,40,0.42,723.0,30.285,40.50,33.16,0,28.41
2018-10-20,293,11,32.5,33.4,21.8,42,0.0,799.0,30.726,39.06,33.42,0,28.30
2018-10-21,294,13,33.3,33.4,21.7,37,0.36,695.0,30.348,40.58,33.62,0,28.76
2018-10-22,295,11,33.2,33.9,21.6,40,2.4,784.0,28.839,40.72,34.1,0,26.19
2018-10-23,296,11,32.1,33.5,19.8,37,1.12,802.0,28.323,40.08,31.91,0,23.94
2018-10-24,297,12,32.2,32.4,19.2,31,1.08,782.0,27.47,39.71,31.17,0,21.79
2018-10-25,298,12,31.9,32.3,18.1,33,0.5,827.0,28.796,39.86,31.07,0,24.36
2018-10-26,299,11,31.2,32.0,17.8,36,0.5,790.0,28.55,39.19,30.62,0,23.25
2018-10-27,300,11,31.2,32.2,17.8,38,0.8,796.0,28.134,39.26,30.88,0,22.61
2018-10-28,301,12,31.0,31.0,18.2,35,1.56,815.0,26.715,38.70,30.26,0,19.29
2018-10-29,302,13,30.7,30.8,18.0,29,3.05,784.0,24.8,36.99,29.35,0,14.10
2018-10-30,303,13,30.4,30.6,19.2,37,3.12,776.0,25.732,36.87,29.8,0,15.94
2018-10-31,304,14,29.9,30.0,19.9,46,2.78,496.0,26.09,35.53,30.32,0,15.84
2018-11-01,305,13,30.0,30.0,21.0,49,3.61,600.0,26.565,35.67,30.89,0,17.06
2018-11-02,306,13,30.8,30.8,21.5,46,2.33,668.0,27.376,37.87,31.58,0,20.44
2018-11-03,307,14,31.9,31.9,20.2,38,1.03,600.0,27.903,38.96,31.8,0,22.29
2018-11-04,308,13,31.5,31.7,21.7,46,0.32,585.0,29.677,38.59,32.64,0,25.69
2018-11-05,309,11,31.2,31.4,22.6,53,1.92,614.0,28.691,38.82,33.59,0,25.05
2018-11-06,310,11,30.8,32.4,22.3,51,0.57,590.0,29.391,38.84,32.48,0,25.62
2018-11-07,311,13,31.6,31.7,21.4,36,0.41,744.0,28.901,39.19,31.11,0,24.09
2018-11-08,312,13,30.7,30.9,17.7,33,0.61,750.0,27.241,38.25,29.71,0,19.75
2018-11-09,313,12,30.2,31.1,17.0,35,0.54,790.0,27.424,38.10,29.38,0,19.87
2018-11-10,314,12,30.4,31.2,16.9,31,1.32,791.0,25.744,37.86,29.21,0,16.46
2018-11-11,315,12,30.3,30.9,15.4,27,1.57,790.0,24.815,37.46,28.82,0,14.27
2018-11-12,316,13,30.1,30.2,16.1,29,1.0,745.0,25.416,37.32,28.77,0,15.29
2018-11-13,317,12,30.0,30.7,14.7,31,0.32,778.0,26.9,36.91,28.83,0,17.81
2018-11-14,318,13,31.1,31.2,15.2,30,1.75,731.0,25.729,38.05,29.84,0,16.80
2018-11-15,319,13,31.2,31.4,15.9,30,1.4,728.0,26.045,38.29,29.94,0,17.61
2018-11-16,320,11,30.1,31.4,15.9,35,0.42,730.0,27.43,37.58,29.27,0,19.47
2018-11-17,321,11,29.5,31.0,16.8,40,0.58,722.0,27.208,37.40,29.13,0,18.86
2018-11-18,322,13,31.0,31.2,17.1,36,0.45,710.0,28.278,38.60,30.38,0,22.22
2018-11-19,323,13,31.2,31.4,17.9,37,0.54,704.0,28.31,38.82,30.75,0,22.58
2018-11-20,324,13,31.9,31.9,19.6,36,0.63,689.0,28.486,39.37,31.49,0,23.58
2018-11-21,325,12,31.1,31.5,19.1,36,2.27,731.0,26.397,38.03,30.5,0,18.29
2018-11-22,326,13,30.2,30.3,17.7,35,1.6,691.0,25.75,37.26,29.38,0,16.10
2018-11-23,327,13,29.8,29.8,16.0,34,2.42,703.0,24.887,36.31,28.88,0,13.60
2018-11-24,328,12,29.3,29.7,16.7,35,0.94,738.0,25.712,36.87,28.48,0,15.41
2018-11-25,329,12,28.3,28.8,15.6,33,1.0,746.0,24.522,35.84,27.48,0,12.05
2018-11-26,330,16,27.7,28.8,14.7,41,0.63,244.0,23.887,32.48,27.47,0,8.42
2018-11-27,331,14,28.6,28.6,14.1,29,0.72,602.0,24.211,35.21,27.5,0,11.02
2018-11-28,332,13,28.4,28.5,13.9,33,1.39,700.0,24.109,35.55,27.56,0,11.09
2018-11-29,333,13,28.2,28.3,15.1,36,0.64,678.0,25.271,35.67,27.57,0,13.37
2018-11-30,334,13,28.3,28.5,15.0,36,0.67,691.0,25.33,35.82,27.66,0,13.63
2018-12-01,335,13,27.8,28.0,15.3,36,0.57,650.0,25.009,35.18,27.25,0,12.41
2018-12-02,336,14,27.4,27.4,15.2,37,0.5,577.0,24.744,34.49,27.0,0,11.32
2018-12-03,337,12,26.9,27.6,14.3,38,1.26,637.0,23.466,34.12,26.7,0,8.63
2018-12-04,338,13,27.4,27.4,15.0,38,1.3,642.0,23.875,34.59,27.06,0,9.77
2018-12-05,339,13,26.9,27.0,16.4,41,0.5,573.0,24.806,34.25,26.84,0,11.26
2018-12-06,340,13,28.2,28.5,15.3,44,0.7,635.0,26.059,35.89,28.15,0,15.24
2018-12-07,341,13,28.6,28.7,17.3,45,0.41,654.0,27.217,36.34,28.65,0,17.94
2018-12-08,342,13,28.7,28.8,17.0,46,0.85,673.0,26.605,36.65,28.86,0,17.08
2018-12-09,343,14,27.6,27.6,18.6,53,1.33,493.0,25.464,34.73,28.26,0,13.31
2018-12-10,344,12,27.1,27.8,18.9,59,2.4,564.0,25.322,34.04,28.13,0,12.50
2018-12-11,345,11,25.4,27.6,17.3,54,1.55,659.0,23.824,33.44,25.4,0,8.82
2018-12-12,346,13,27.0,27.2,14.3,42,0.22,671.0,25.493,33.62,26.97,0,12.10
2018-12-13,347,12,27.1,27.7,15.8,42,1.43,665.0,24.072,34.55,27.04,0,10.11
2018-12-14,348,13,27.2,27.4,16.8,37,2.92,675.0,22.873,33.19,26.86,0,6.84
2018-12-15,349,12,25.6,26.1,15.4,40,3.41,705.0,21.791,31.35,25.43,0,3.86
2018-12-16,350,13,25.5,25.5,14.2,33,3.8,679.0,20.703,30.50,25.23,0,3.25
2018-12-17,351,10,20.0,20.1,15.7,53,4.16,167.0,16.913,20.29,19.72,0,0.00
2018-12-18,352,14,23.8,24.0,14.1,47,1.8,588.0,21.326,31.00,23.63,0,3.61
2018-12-19,353,13,23.5,23.8,11.5,44,1.77,693.0,20.978,31.26,23.28,0,3.80
2018-12-20,354,13,23.9,24.2,11.6,45,0.89,691.0,22.216,32.32,23.71,0,4.97
2018-12-21,355,13,24.2,24.5,10.6,35,1.2,702.0,20.991,32.04,23.89,0,4.37
2018-12-22,356,13,24.5,24.8,9.7,37,1.53,701.0,21.217,32.13,24.24,0,4.43
2018-12-23,357,13,25.2,25.5,10.6,35,1.51,694.0,21.568,32.64,24.94,0,4.79
2018-12-24,358,16,25.2,26.2,11.3,58,0.32,263.0,23.972,30.89,25.25,0,7.26
2018-12-25,359,14,26.5,26.5,12.2,33,1.61,585.0,22.096,33.02,26.28,0,5.25
2018-12-26,360,14,27.7,27.9,13.7,39,2.22,584.0,23.62,33.91,27.35,0,8.91
2018-12-27,361,13,25.8,25.9,14.8,26,2.61,701.0,20.328,31.98,25.46,0,4.32
2018-12-28,362,13,23.7,24.0,10.6,22,1.78,714.0,18.448,30.95,23.2,0,3.58
2018-12-29,363,13,22.9,23.2,8.9,24,2.11,718.0,17.938,30.03,22.39,0,2.91
2018-12-30,364,14,23.6,23.6,8.6,22,1.02,632.0,18.786,30.92,23.1,0,3.56
2018-12-31,365,14,24.9,25.0,8.8,22,0.92,624.0,19.911,31.91,24.46,0,4.27
2019-01-01,1,16,25.9,26.8,9.4,48,0.3,281.0,23.623,31.00,25.85,0,6.68
2019-01-02,2,13,27.3,28.0,10.0,28,0.89,707.0,23.014,34.54,26.53,0,8.08
2019-01-03,3,12,27.1,28.4,11.8,31,0.45,717.0,24.289,34.68,26.52,0,10.59
2019-01-04,4,14,27.5,27.5,11.8,30,1.2,621.0,22.899,34.24,26.74,0,7.65
2019-01-05,5,14,28.0,28.0,11.6,32,1.53,616.0,23.339,34.60,27.19,0,8.81
2019-01-06,6,14,28.3,28.4,13.3,35,1.96,618.0,23.782,34.74,27.59,0,9.90
2019-01-07,7,13,26.6,27.0,15.7,32,1.34,709.0,22.519,33.93,26.38,0,6.71
2019-01-08,8,14,24.6,24.7,11.9,28,1.34,639.0,20.152,31.71,24.22,0,4.12
2019-01-09,9,13,24.8,25.3,10.4,34,0.41,721.0,22.771,32.73,24.51,0,6.32
2019-01-10,10,14,25.8,25.8,11.1,31,1.0,642.0,21.888,33.00,25.52,0,5.06
2019-01-11,11,15,26.7,26.7,11.4,32,0.45,488.0,23.273,33.05,26.31,0,7.49
2019-01-12,12,13,27.6,28.2,12.9,41,1.92,707.0,24.173,34.84,27.39,0,10.64
2019-01-13,13,13,28.4,29.0,14.8,41,2.31,681.0,24.645,35.17,28.1,0,12.03
2019-01-14,14,13,27.6,27.7,16.9,42,1.77,679.0,24.322,34.86,27.45,0,10.95
2019-01-15,15,14,26.0,26.1,13.5,30,0.7,659.0,22.415,33.33,25.72,0,6.08
2019-01-16,16,14,26.3,26.4,11.6,29,0.51,655.0,22.964,33.58,26.02,0,7.30
2019-01-17,17,13,27.8,28.6,10.9,29,0.57,743.0,24.305,35.29,26.91,0,11.06
2019-01-18,18,13,27.9,28.3,13.0,26,0.92,743.0,23.245,35.15,26.86,0,8.96
2019-01-19,19,13,27.5,28.0,13.1,27,0.22,749.0,24.134,33.61,26.63,0,9.53
2019-01-20,20,13,28.8,29.3,12.1,26,0.8,753.0,24.187,36.02,27.51,0,11.55
2019-01-21,21,13,29.9,30.2,12.4,23,2.35,756.0,23.322,36.32,28.27,0,10.42
2019-01-22,22,13,29.2,29.8,16.9,33,4.96,725.0,23.69,33.83,28.24,0,9.31
2019-01-23,23,13,28.3,28.7,16.8,38,2.16,732.0,24.325,35.32,27.79,0,11.42
2019-01-24,24,14,27.9,27.9,17.1,45,0.94,623.0,25.512,35.51,27.93,0,13.85
2019-01-25,25,13,25.4,25.4,15.5,56,2.14,546.0,23.489,32.32,25.43,0,7.38
2019-01-26,26,15,23.8,23.8,16.3,55,3.32,407.0,21.298,28.27,23.74,0,1.64
2019-01-27,27,12,23.3,24.2,14.5,50,2.47,738.0,21.201,30.78,23.15,0,3.45
2019-01-28,28,13,22.5,23.0,12.6,40,2.24,773.0,19.587,30.19,22.17,0,3.03
2019-01-29,29,13,21.7,22.1,9.9,25,2.5,799.0,17.093,29.04,21.14,0,2.20
2019-01-30,30,14,23.4,23.5,8.2,27,1.7,715.0,18.956,30.87,22.95,0,3.52
2019-01-31,31,14,26.4,26.5,8.7,29,2.33,704.0,21.361,32.89,26.13,0,4.97
2019-02-01,32,14,27.5,27.5,10.8,34,1.72,694.0,23.251,34.52,26.93,0,8.52
2019-02-02,33,13,28.3,28.5,14.0,36,1.52,754.0,24.461,35.80,27.66,0,11.97
2019-02-03,34,14,29.7,29.7,14.2,27,2.32,708.0,23.769,36.04,28.29,0,11.07
2019-02-04,35,13,29.6,29.8,13.9,25,2.68,781.0,23.351,35.98,28.11,0,10.17
2019-02-05,36,13,30.3,30.5,13.7,23,2.12,794.0,23.809,37.04,28.6,0,11.98
2019-02-06,37,14,31.3,31.3,14.6,26,2.26,712.0,24.931,37.70,29.7,0,14.99
2019-02-07,38,14,30.8,31.1,19.3,34,5.69,629.0,24.959,34.91,29.92,0,13.11
2019-02-08,39,13,27.6,28.6,17.9,31,1.7,785.0,23.112,34.97,26.86,0,8.58
2019-02-09,40,14,24.7,24.7,13.6,18,3.1,761.0,18.159,30.72,24.2,0,3.41
2019-02-10,41,14,25.3,25.5,11.1,22,1.1,759.0,20.349,32.89,24.88,0,4.98
2019-02-11,42,14,28.6,28.7,11.4,24,0.5,746.0,24.38,35.76,27.29,0,11.65
2019-02-12,43,14,30.7,30.7,14.7,26,1.7,729.0,24.76,37.46,29.13,0,14.28
2019-02-13,44,13,31.9,32.4,15.6,25,1.28,815.0,26.052,39.15,30.22,0,18.35
2019-02-14,45,12,31.4,33.0,15.5,29,2.5,826.0,25.63,38.33,30.06,0,16.90
2019-02-15,46,12,30.1,30.6,19.6,41,2.75,700.0,26.009,36.66,29.92,0,16.36
2019-02-16,47,14,29.5,29.8,17.6,37,0.41,731.0,27.206,37.08,28.84,0,18.52
2019-02-17,48,12,27.4,29.6,16.5,29,0.73,841.0,23.868,35.37,26.64,0,10.29
2019-02-18,49,14,30.8,31.0,13.9,23,0.28,750.0,26.12,36.79,29.04,0,16.33
2019-02-19,50,13,32.6,33.3,16.5,29,1.84,823.0,26.927,39.97,31.39,0,21.03
2019-02-20,51,12,32.7,33.4,18.4,39,1.57,807.0,28.744,40.71,33.12,0,25.64
2019-02-21,52,12,33.9,34.2,21.1,34,3.72,801.0,28.144,40.42,33.9,0,24.58
2019-02-22,53,12,34.9,35.6,21.4,30,3.54,737.0,28.24,41.24,34.53,0,25.60
2019-02-23,54,12,33.6,34.8,21.7,32,1.84,808.0,28.238,41.15,33.1,0,25.00
2019-02-24,55,12,34.3,35.7,20.7,28,3.19,851.0,27.649,41.19,33.34,0,24.00
2019-02-25,56,12,32.4,33.6,19.2,23,2.98,864.0,25.262,39.04,30.56,0,16.90
2019-02-26,57,11,29.8,32.4,17.7,24,0.63,787.0,25.095,36.99,28.23,0,14.24
2019-02-27,58,12,30.4,31.4,18.0,25,3.67,864.0,23.842,36.49,28.79,0,11.72
2019-02-28,59,13,28.5,28.8,17.6,27,2.63,869.0,22.951,35.40,27.33,0,8.71
2019-03-01,60,14,30.0,30.1,17.0,28,1.63,781.0,24.675,37.15,28.62,0,13.71
2019-03-02,61,14,32.7,32.7,18.4,34,1.91,757.0,27.67,40.00,32.22,0,22.77
2019-03-03,62,13,34.5,35.6,22.3,31,4.27,845.0,28.091,40.93,34.16,0,25.30
2019-03-04,63,14,34.2,34.5,19.3,25,2.81,779.0,27.004,40.83,32.76,0,22.30
2019-03-05,64,12,31.1,32.5,21.6,25,2.89,886.0,24.656,37.87,29.43,0,14.49
2019-03-06,65,13,30.6,30.8,18.9,26,2.48,881.0,24.569,37.64,29.03,0,14.01
2019-03-07,66,13,31.1,31.4,17.9,21,0.45,892.0,26.413,38.50,29.21,0,18.18
2019-03-08,67,14,32.6,32.8,18.1,21,0.71,807.0,26.617,39.55,30.61,0,19.85
2019-03-09,68,11,32.6,35.2,18.5,24,1.0,820.0,26.754,39.85,30.85,0,20.41
2019-03-10,69,15,35.6,35.6,18.9,17,2.33,652.0,26.3,41.55,33.37,0,21.72
2019-03-11,70,12,34.9,36.2,20.3,26,0.14,886.0,30.389,40.80,33.78,0,29.05
2019-03-12,71,13,35.7,36.2,23.4,22,0.98,888.0,28.992,43.29,34.13,0,29.98
2019-03-13,72,12,36.0,36.5,23.2,28,4.4,861.0,28.78,42.69,35.69,0,29.50
2019-03-14,73,13,35.1,35.6,22.1,24,0.92,752.0,28.698,42.18,33.71,0,26.95
2019-03-15,74,13,34.3,34.6,23.2,29,1.34,769.0,28.575,41.73,33.51,0,27.60
2019-03-16,75,13,34.9,35.6,22.7,29,1.9,883.0,28.897,42.74,34.33,0,28.66
2019-03-17,76,13,37.0,37.0,23.1,19,5.92,852.0,27.412,43.47,35.22,0,27.18
2019-03-18,77,13,33.4,33.9,22.1,32,1.12,895.0,28.842,41.55,32.83,0,26.44
2019-03-19,78,12,34.0,35.1,22.2,30,1.12,886.0,28.981,42.03,33.29,0,27.34
2019-03-20,79,11,34.4,35.3,22.1,34,2.69,834.0,28.907,41.80,34.64,0,27.42
2019-03-21,80,13,34.0,34.6,21.0,38,1.58,865.0,29.822,42.34,34.93,0,29.53
2019-03-22,81,11,33.9,35.1,24.3,36,0.41,825.0,31.119,42.03,34.32,0,34.21
2019-03-23,82,14,35.3,35.3,23.1,23,1.5,824.0,28.209,42.65,33.8,0,27.57
2019-03-24,83,14,36.2,36.2,22.7,18,0.71,831.0,28.798,43.14,34.14,0,28.69
2019-03-25,84,14,37.3,37.4,22.6,18,0.64,753.0,29.583,43.98,35.41,0,31.14
2019-03-26,85,13,37.4,38.3,22.8,21,0.14,826.0,31.144,42.90,36.1,0,33.80
2019-03-27,86,13,36.3,36.9,23.7,21,1.8,929.0,28.551,44.03,34.71,0,30.25
2019-03-28,87,13,37.4,37.7,21.6,16,1.08,927.0,28.82,44.75,35.2,0,29.48
2019-03-29,88,17,37.4,39.3,22.8,48,0.51,232.0,33.554,43.90,45.83,0,42.69
2019-03-30,89,14,40.5,40.5,23.8,14,2.05,766.0,29.476,47.50,38.36,1,37.64
2019-03-31,90,12,40.1,40.4,24.1,12,2.87,931.0,28.501,47.45,37.37,2,37.41
2019-04-01,91,12,38.5,39.3,26.2,17,1.02,953.0,30.049,46.19,36.66,0,38.28
2019-04-02,92,13,38.6,39.1,23.8,16,1.24,829.0,29.33,45.73,36.58,0,33.76
2019-04-03,93,14,39.6,39.6,23.3,15,0.6,737.0,30.563,46.09,37.54,0,36.12
2019-04-04,94,11,39.1,40.0,26.8,22,3.54,882.0,30.216,46.68,38.68,1,42.07
2019-04-05,95,11,39.3,40.5,26.0,19,4.81,893.0,29.394,46.60,38.13,2,40.98
2019-04-06,96,13,40.0,40.6,27.2,13,0.32,811.0,30.926,45.91,37.56,3,46.24
2019-04-07,97,13,39.7,40.2,25.7,13,2.7,949.0,28.615,47.19,37.23,4,42.59
2019-04-08,98,11,38.4,39.7,25.2,18,1.43,902.0,29.68,46.07,36.74,0,36.36
2019-04-09,99,11,38.4,40.9,26.9,21,1.79,898.0,30.145,46.32,37.43,1,41.33
2019-04-10,100,12,40.0,41.4,26.1,14,1.77,970.0,29.637,47.78,37.78,2,42.28
2019-04-11,101,13,41.3,41.3,25.4,13,0.0,830.0,31.931,46.21,39.02,3,46.79
2019-04-12,102,13,40.8,41.1,26.2,15,0.86,891.0,31.322,48.23,38.98,4,49.69
2019-04-13,103,13,41.7,41.8,25.9,13,1.42,905.0,30.717,49.26,39.48,5,50.79
2019-04-14,104,15,41.6,41.7,26.5,11,0.71,665.0,30.304,47.43,38.68,6,50.76
2019-04-15,105,12,40.9,41.3,27.8,14,0.89,942.0,31.161,48.43,38.83,7,54.67
2019-04-16,106,13,33.9,33.9,26.2,33,0.58,789.0,30.125,41.78,33.7,0,34.14
2019-04-17,107,14,33.9,34.2,23.6,33,1.42,629.0,28.553,40.84,33.7,0,27.46
2019-04-18,108,12,34.9,36.0,24.5,30,0.41,901.0,31.177,42.97,34.53,0,35.31
2019-04-19,109,11,35.7,38.3,24.5,26,0.64,880.0,30.439,43.58,34.84,0,34.47
2019-04-20,110,11,36.7,37.9,25.5,27,2.1,887.0,29.889,44.63,36.48,0,35.97
2019-04-21,111,12,38.1,38.2,22.9,25,0.5,899.0,32.64,46.32,38.06,0,39.94
2019-04-22,112,11,38.0,39.3,25.1,19,0.67,891.0,30.668,45.51,36.45,0,37.59
2019-04-23,113,11,39.0,40.8,26.6,16,0.14,752.0,30.879,43.84,37.05,1,40.43
2019-04-24,114,14,41.6,41.6,25.1,13,0.72,761.0,31.222,48.20,39.37,2,45.01
2019-04-25,115,13,41.8,41.8,27.6,15,0.76,796.0,32.011,48.90,40.22,3,51.90
2019-04-26,116,15,42.4,42.4,28.1,13,1.02,598.0,30.918,48.44,40.3,4,51.79
2019-04-27,117,11,42.2,43.7,27.9,15,0.85,922.0,32.453,49.94,40.72,5,57.35
2019-04-28,118,10,41.3,43.7,28.9,20,1.22,794.0,32.401,49.11,41.27,6,59.70
2019-04-29,119,11,42.2,43.5,30.3,17,2.41,836.0,31.599,50.10,41.44,7,60.59
2019-04-30,120,13,44.3,44.4,31.3,9,2.42,965.0,30.628,52.15,40.94,8,61.22
2019-05-01,121,13,43.4,43.4,29.4,10,2.15,969.0,30.519,51.22,40.29,9,57.89
2019-05-02,122,13,43.6,43.6,30.5,10,2.8,971.0,30.382,51.49,40.51,10,59.19
2019-05-03,123,12,41.5,42.3,27.2,13,2.22,989.0,30.196,49.49,39.25,11,53.07
2019-05-04,124,10,39.0,41.2,30.4,23,1.92,806.0,30.837,46.76,38.83,12,55.89
2019-05-05,125,13,41.1,41.1,28.9,13,4.14,907.0,29.176,48.52,38.79,13,52.26
2019-05-06,126,12,41.0,41.0,27.9,13,2.06,836.0,29.654,48.27,38.68,14,51.77
2019-05-07,127,11,41.9,41.9,30.9,13,1.8,884.0,30.543,49.49,39.71,15,58.21
2019-05-08,128,12,43.1,43.1,32.0,10,3.11,966.0,29.919,50.88,39.96,16,59.41
2019-05-09,129,13,42.4,42.6,30.6,11,3.68,899.0,29.533,49.87,39.55,17,56.17
2019-05-10,130,12,41.5,41.6,30.2,14,2.31,742.0,30.052,48.55,39.54,18,55.72
2019-05-11,131,14,40.9,40.9,31.2,19,0.58,762.0,32.777,48.21,40.33,19,62.09
2019-05-12,132,11,40.8,42.7,28.7,15,2.51,849.0,29.944,48.30,38.98,20,53.39
2019-05-13,133,11,39.8,41.5,29.2,18,1.4,822.0,30.614,47.33,38.53,21,54.37
2019-05-14,134,11,40.2,42.4,29.1,16,2.73,830.0,29.674,47.57,38.51,22,52.64
2019-05-15,135,13,42.2,42.7,28.4,15,1.06,885.0,32.054,49.87,40.72,23,58.80
2019-05-16,136,13,42.5,42.6,29.7,14,3.71,819.0,30.49,49.97,40.75,24,57.45
2019-05-17,137,10,40.3,42.9,31.6,18,4.53,797.0,29.818,47.42,39.19,25,55.97
2019-05-18,138,13,42.0,42.2,31.5,15,3.45,797.0,30.461,49.39,40.47,26,58.97
2019-05-19,139,11,40.4,41.5,29.5,16,0.61,898.0,31.868,47.86,38.75,27,57.55
2019-05-20,140,12,42.7,43.2,29.9,13,1.7,839.0,31.106,50.18,40.65,28,58.96
2019-05-21,141,12,42.8,43.5,29.9,15,0.64,771.0,32.941,49.84,41.5,29,62.49
2019-05-22,142,13,44.4,44.4,30.7,14,3.0,914.0,32.221,52.63,43.16,30,64.70
2019-05-23,143,11,42.7,43.8,30.9,16,2.33,872.0,31.775,50.74,41.75,31,62.20
2019-05-24,144,13,43.7,44.0,32.1,15,4.42,894.0,31.655,51.87,42.68,32,64.54
2019-05-25,145,11,42.4,43.7,32.2,16,4.62,917.0,30.986,50.46,41.34,33,61.87
2019-05-26,146,10,41.3,44.0,31.7,18,1.34,797.0,31.759,48.93,40.56,34,61.36
2019-05-27,147,11,43.3,45.3,32.3,14,1.64,788.0,31.814,50.74,41.75,35,63.91
2019-05-28,148,11,43.6,45.4,33.6,14,1.17,872.0,32.613,51.27,42.13,36,67.46
2019-05-29,149,13,43.0,43.2,30.1,15,0.36,723.0,33.479,49.37,41.76,37,63.50
2019-05-30,150,12,42.3,43.4,31.2,23,0.85,934.0,34.754,51.10,44.16,38,69.34
2019-05-31,151,13,43.4,43.9,32.9,16,1.91,735.0,32.254,50.90,42.7,39,65.91
2019-06-01,152,13,42.8,43.1,33.0,18,2.28,664.0,32.083,50.10,42.7,40,65.13
2019-06-02,153,11,43.5,44.1,31.9,19,2.94,832.0,32.965,51.75,44.22,41,67.27
2019-06-03,154,12,44.3,44.3,33.1,19,3.0,855.0,33.598,52.79,45.5,42,71.09
2019-06-04,155,12,42.9,43.7,31.3,23,1.93,941.0,34.168,51.95,45.22,43,69.35
2019-06-05,156,12,44.5,45.0,32.9,19,1.7,919.0,34.454,53.24,45.82,44,72.91
2019-06-06,157,13,45.2,45.3,34.1,14,0.71,727.0,34.116,52.02,44.22,45,72.09
2019-06-07,158,12,44.0,45.2,32.1,19,0.85,939.0,35.035,52.51,45.01,46,72.25
2019-06-08,159,13,41.7,42.2,29.8,25,0.58,853.0,35.152,50.26,44.04,47,67.80
2019-06-09,160,14,42.7,42.7,31.7,21,1.04,712.0,33.758,50.38,43.89,48,67.42
2019-06-10,161,13,42.9,43.3,33.0,21,2.2,872.0,33.393,51.46,44.22,49,69.15
2019-06-11,162,12,41.7,42.1,32.3,26,4.08,918.0,33.144,50.20,44.52,50,67.06
2019-06-12,163,13,41.4,41.7,33.4,27,3.94,891.0,33.118,49.78,44.44,51,67.96
2019-06-13,164,12,38.8,40.0,31.4,36,4.14,856.0,32.64,46.68,43.37,52,62.09
2019-06-14,165,13,40.5,40.9,32.3,30,2.28,819.0,33.413,49.02,44.12,53,66.57
2019-06-15,166,13,39.8,39.9,31.1,33,3.76,733.0,32.833,47.37,44.11,0,52.88
2019-06-16,167,11,37.9,39.3,30.4,36,4.63,806.0,31.713,45.13,41.48,0,47.35
2019-06-17,168,12,38.6,38.8,30.8,32,5.39,800.0,31.457,45.73,41.27,0,47.69
2019-06-18,169,15,39.0,39.0,30.8,30,2.12,624.0,31.872,46.31,41.24,0,48.88
2019-06-19,170,12,38.3,39.1,31.2,32,4.55,843.0,31.392,45.64,40.7,0,47.76
2019-06-20,171,13,38.7,38.7,31.1,35,3.35,692.0,32.3,46.05,42.71,0,50.40
2019-06-21,172,11,36.4,38.6,27.5,39,0.76,788.0,32.83,45.09,39.59,0,45.34
2019-06-22,173,15,37.7,38.8,30.3,36,1.5,427.0,31.719,44.26,41.08,0,46.47
2019-06-23,174,13,32.5,32.5,26.3,60,2.6,443.0,30.125,39.38,38.27,0,34.22
2019-06-24,175,14,33.7,33.7,24.6,60,2.73,736.0,31.775,42.38,41.36,0,38.67
2019-06-25,176,14,34.3,35.4,27.0,57,2.47,707.0,31.99,42.93,41.74,0,42.42
2019-06-26,177,12,35.8,35.9,27.6,50,2.41,880.0,32.741,45.00,42.63,0,46.36
2019-06-27,178,12,34.9,34.9,26.8,54,3.51,838.0,32.052,43.24,42.06,0,42.64
2019-06-28,179,10,32.1,32.1,26.1,63,3.2,668.0,30.395,39.86,38.26,0,34.84
2019-06-29,180,13,32.1,32.1,25.7,67,1.88,741.0,31.478,41.73,39.62,0,38.28
2019-06-30,181,17,31.1,31.1,24.8,65,3.61,151.0,28.443,34.79,36.4,0,25.28
2019-07-01,182,13,31.3,31.3,25.0,67,2.21,602.0,30.291,39.76,37.48,0,33.00
2019-07-02,183,17,28.5,28.5,25.0,81,3.14,53.0,27.285,31.76,33.57,0,20.09
2019-07-03,184,14,30.1,30.1,24.3,67,5.73,470.0,28.248,34.89,34.56,0,23.72
2019-07-04,185,13,29.9,29.9,24.8,70,6.18,553.0,28.477,35.19,34.8,0,25.04
2019-07-05,186,13,29.0,29.0,25.2,71,7.14,412.0,27.43,32.98,32.91,0,21.23
2019-07-06,187,12,29.0,29.0,24.9,69,7.82,555.0,27.384,33.68,32.54,0,21.16
2019-07-07,188,12,29.9,29.9,24.6,71,6.45,668.0,28.723,35.81,35.03,0,25.81
2019-07-08,189,13,29.4,29.7,24.5,70,3.01,292.0,27.893,34.92,33.62,0,22.95
2019-07-09,190,13,30.2,30.2,24.9,72,4.66,576.0,29.191,36.56,36.05,0,27.96
2019-07-10,191,14,31.7,31.7,25.4,60,5.5,669.0,29.272,37.67,36.38,0,29.62
2019-07-11,192,14,30.8,31.3,26.0,66,4.39,440.0,28.894,36.25,35.95,0,28.42
2019-07-12,193,14,32.4,32.4,25.9,55,4.3,727.0,29.566,39.06,36.49,0,31.81
2019-07-13,194,13,33.0,33.2,26.1,52,5.26,829.0,29.719,39.63,36.88,0,32.88
2019-07-14,195,12,32.6,32.9,27.7,55,4.2,839.0,29.928,39.88,36.92,0,35.34
2019-07-15,196,13,33.8,34.0,26.8,48,4.91,839.0,29.972,40.57,37.32,0,35.02
2019-07-16,197,12,33.8,34.7,26.3,48,3.28,815.0,30.271,41.41,37.32,0,35.61
2019-07-17,198,13,35.5,35.6,26.6,40,3.14,900.0,30.77,43.44,38.16,0,38.68
2019-07-18,199,12,35.2,35.4,27.9,46,1.71,701.0,31.652,43.52,39.62,0,42.47
2019-07-19,200,13,33.1,33.1,26.4,57,1.34,655.0,31.38,41.96,38.71,0,38.74
2019-07-20,201,12,32.8,33.6,25.5,65,1.27,789.0,32.438,43.07,40.84,0,41.28
2019-07-21,202,15,33.3,33.3,24.7,57,3.11,600.0,30.681,40.59,39.2,0,34.63
2019-07-22,203,12,33.3,33.3,26.5,57,2.96,836.0,31.122,41.83,39.2,0,38.45
2019-07-23,204,15,35.1,35.1,26.9,51,1.8,629.0,32.063,43.45,41.32,0,42.65
2019-07-24,205,14,35.4,35.4,27.6,51,3.68,671.0,31.802,42.75,42.06,0,42.75
2019-07-25,206,13,32.7,32.7,25.9,61,4.34,721.0,30.565,39.88,39.11,0,35.26
2019-07-26,207,15,29.1,29.2,24.7,72,3.45,176.0,27.419,33.18,33.34,0,20.93
2019-07-27,208,12,27.1,28.0,24.0,83,4.75,400.0,27.015,32.20,30.27,0,17.50
2019-07-28,209,12,26.6,26.6,23.9,84,6.18,335.0,26.37,30.23,27.05,0,13.54
2019-07-29,210,14,28.3,28.3,23.5,78,4.06,307.0,27.561,33.27,32.52,0,19.56
2019-07-30,211,12,25.8,25.8,23.8,91,6.61,277.0,26.118,28.93,26.31,0,12.00
2019-07-31,212,12,27.7,27.8,23.5,75,7.28,466.0,26.68,31.75,30.71,0,16.12
2019-08-01,213,16,29.9,29.9,23.9,68,4.03,353.0,28.138,34.92,34.33,0,22.98
2019-08-02,214,14,27.8,28.2,24.5,83,5.28,483.0,27.79,33.32,32.04,0,21.01
2019-08-03,215,13,29.2,29.2,24.4,71,5.52,602.0,28.059,34.81,33.37,0,22.98
2019-08-04,216,15,29.3,29.8,24.1,75,4.78,491.0,28.491,35.05,34.45,0,24.02
2019-08-05,217,14,31.0,31.0,24.3,65,3.61,641.0,29.456,38.14,36.16,0,28.94
2019-08-06,218,11,29.4,29.4,24.8,74,3.91,440.0,28.508,35.45,34.48,0,25.17
2019-08-07,219,9,27.4,27.4,24.7,80,5.72,302.0,26.72,30.99,30.65,0,17.03
2019-08-08,220,12,25.6,25.6,23.6,92,5.26,294.0,26.148,29.67,26.11,0,12.35
2019-08-09,221,15,28.8,29.0,23.4,75,5.88,442.0,27.809,33.49,33.21,0,20.33
2019-08-10,222,13,30.9,30.9,23.9,70,4.19,842.0,30.113,38.90,37.33,0,30.70
2019-08-11,223,12,31.3,31.8,24.7,59,3.8,865.0,29.34,38.94,35.23,0,29.42
2019-08-12,224,11,30.6,31.4,25.4,67,3.89,795.0,29.487,38.29,35.73,0,30.23
2019-08-13,225,14,27.6,27.6,24.4,82,5.11,318.0,27.201,31.92,31.38,0,18.53
2019-08-14,226,14,26.2,26.2,24.2,92,4.3,190.0,26.569,30.34,26.74,0,14.33
2019-08-15,227,13,30.5,30.5,24.0,70,5.56,801.0,29.46,37.43,36.29,0,28.13
2019-08-16,228,14,31.3,31.3,24.2,60,5.56,754.0,29.01,37.52,35.49,0,27.29
2019-08-17,229,14,31.8,31.9,24.7,57,3.65,738.0,29.406,38.96,35.76,0,29.76
2019-08-18,230,14,30.6,31.3,24.5,68,2.11,690.0,29.959,39.51,36.0,0,31.05
2019-08-19,231,14,29.0,29.0,24.7,74,4.44,697.0,28.477,35.91,33.49,0,24.96
2019-08-20,232,14,28.7,28.9,25.0,80,3.61,439.0,28.507,35.33,33.92,0,25.11
2019-08-21,233,13,29.9,30.0,25.0,70,4.62,489.0,28.545,35.53,34.8,0,25.65
2019-08-22,234,12,30.1,30.1,24.8,74,3.45,670.0,29.681,38.04,36.31,0,29.93
2019-08-23,235,14,29.6,29.6,24.5,73,3.42,517.0,28.828,36.53,34.76,0,26.31
2019-08-24,236,12,26.9,26.9,24.4,90,3.32,385.0,27.683,33.85,30.82,0,20.62
2019-08-25,237,11,28.0,28.0,23.6,80,2.31,483.0,28.229,36.09,32.1,0,22.82
2019-08-26,238,14,26.8,26.8,23.6,82,5.17,355.0,26.491,31.08,29.47,0,14.94
2019-08-27,239,14,28.2,28.4,23.2,72,5.47,556.0,27.145,33.34,31.35,0,18.04
2019-08-28,240,14,29.4,29.4,23.6,73,3.36,707.0,28.984,37.32,34.26,0,25.94
2019-08-29,241,14,29.7,29.7,23.8,74,2.38,602.0,29.474,38.24,35.25,0,28.12
2019-08-30,242,12,30.4,31.0,24.1,74,1.3,715.0,30.983,40.60,37.13,0,33.73
2019-08-31,243,14,30.6,30.6,24.7,73,1.03,633.0,31.133,40.53,37.4,0,34.76
2019-09-01,244,13,30.6,30.6,23.9,71,1.21,598.0,30.644,40.04,36.82,0,32.34
2019-09-02,245,12,30.4,30.4,24.6,71,2.64,673.0,29.867,38.94,36.3,0,30.70
2019-09-03,246,14,30.1,30.1,24.5,74,2.55,508.0,29.609,38.06,36.31,0,29.47
2019-09-04,247,13,29.8,30.1,24.3,81,0.85,750.0,31.761,41.04,37.33,0,35.83
2019-09-05,248,11,30.1,30.1,24.6,71,1.71,662.0,29.96,39.38,35.53,0,30.90
2019-09-06,249,12,29.9,29.9,24.9,78,2.24,582.0,30.104,38.91,36.82,0,31.67
2019-09-07,250,14,30.5,30.5,24.4,74,3.59,580.0,29.881,37.99,37.41,0,30.22
2019-09-08,251,15,28.9,28.9,24.6,79,4.0,395.0,28.447,34.86,34.25,0,24.31
2019-09-09,252,12,29.3,29.3,24.3,73,5.5,675.0,28.477,35.48,34.02,0,24.37
2019-09-10,253,14,30.0,30.0,24.1,71,6.24,677.0,28.851,36.04,35.28,0,25.72
2019-09-11,254,14,29.4,29.4,24.3,78,4.36,562.0,29.083,36.15,35.4,0,26.52
2019-09-12,255,13,27.9,28.0,23.9,77,5.97,530.0,27.283,32.91,31.42,0,18.83
2019-09-13,256,11,28.7,28.7,23.6,75,5.52,729.0,28.184,35.08,32.96,0,22.32
2019-09-14,257,13,30.0,30.0,23.6,72,5.62,820.0,29.218,36.97,35.53,0,26.59
2019-09-15,258,15,29.7,29.9,23.7,74,3.81,479.0,28.887,36.17,35.25,0,25.41
2019-09-16,259,12,29.0,29.3,24.4,80,2.63,618.0,29.378,37.74,34.74,0,28.09
2019-09-17,260,13,30.4,30.4,24.1,72,0.81,711.0,31.339,40.68,36.57,0,34.25
2019-09-18,261,15,29.9,29.9,23.8,75,1.12,520.0,30.28,39.21,36.03,0,30.64
2019-09-19,262,14,30.2,30.2,23.8,71,1.06,585.0,30.372,39.57,35.79,0,30.99
2019-09-20,263,14,29.5,29.5,23.4,75,1.9,544.0,29.458,38.23,34.96,0,27.52
2019-09-21,264,11,28.5,29.0,22.9,80,1.1,497.0,29.403,37.87,33.38,0,25.98
2019-09-22,265,13,29.9,29.9,23.3,77,1.1,618.0,30.777,39.95,36.55,0,31.72
2019-09-23,266,13,29.1,29.8,23.7,78,0.22,558.0,31.046,38.00,34.58,0,30.56
2019-09-24,267,10,28.2,28.2,24.0,86,2.48,422.0,28.841,36.35,33.69,0,25.22
2019-09-25,268,12,27.7,27.7,23.6,80,1.96,520.0,28.154,36.32,31.36,0,22.56
2019-09-26,269,14,28.0,28.0,23.9,80,0.73,244.0,28.368,35.70,32.1,0,23.15
2019-09-27,270,14,29.5,29.5,24.0,67,4.6,573.0,27.982,35.28,33.23,0,22.65
2019-09-28,271,14,26.4,26.4,23.8,90,2.91,340.0,27.161,33.34,26.92,0,17.15
2019-09-29,272,12,27.9,28.3,23.8,83,2.98,391.0,28.05,34.91,32.3,0,21.93
2019-09-30,273,11,29.5,30.0,23.2,74,3.11,735.0,29.297,37.91,34.73,0,26.66
2019-10-01,274,11,29.5,30.4,23.5,76,2.28,736.0,29.79,38.92,35.2,0,28.85
2019-10-02,275,11,29.9,30.4,23.5,70,2.92,748.0,29.324,38.32,34.8,0,27.38
2019-10-03,276,12,30.5,30.8,22.6,67,1.53,743.0,30.186,40.03,35.49,0,29.45
2019-10-04,277,13,30.7,30.8,22.4,64,0.89,746.0,30.696,40.42,35.19,0,30.35
2019-10-05,278,12,30.7,30.9,22.7,59,1.17,780.0,29.849,40.01,33.99,0,28.36
2019-10-06,279,13,30.9,31.2,22.7,66,0.54,792.0,31.973,41.24,36.19,0,34.08
2019-10-07,280,11,30.2,30.8,22.8,68,0.7,796.0,31.142,40.52,35.03,0,31.67
2019-10-08,281,12,30.6,31.0,22.6,56,2.55,790.0,28.579,38.67,33.14,0,24.56
2019-10-09,282,11,29.6,30.2,22.3,70,1.43,746.0,29.744,39.32,34.08,0,27.23
2019-10-10,283,13,31.2,31.2,21.8,52,1.8,772.0,28.953,39.61,33.37,0,25.34
2019-10-11,284,12,30.9,31.2,21.3,52,0.98,821.0,29.511,39.98,32.85,0,26.46
2019-10-12,285,12,30.5,30.8,21.5,55,1.58,742.0,28.761,39.07,32.75,0,24.35
2019-10-13,286,11,30.5,31.1,21.5,55,1.13,797.0,29.272,39.59,32.75,0,25.69
2019-10-14,287,12,31.6,31.9,21.2,40,2.5,865.0,27.546,39.22,31.71,0,21.78
2019-10-15,288,11,30.7,31.6,19.8,49,1.6,817.0,28.341,39.21,31.95,0,23.36
2019-10-16,289,11,30.8,31.2,20.8,49,1.68,810.0,28.363,39.23,32.1,0,23.47
2019-10-17,290,13,31.5,31.5,20.7,44,2.28,791.0,27.978,39.16,32.26,0,22.76
2019-10-18,291,11,28.1,28.5,21.5,72,0.82,530.0,28.603,37.09,31.14,0,22.02
2019-10-19,292,14,28.5,28.5,22.5,70,1.8,527.0,27.977,36.64,31.67,0,21.30
2019-10-20,293,14,27.6,27.6,22.4,76,2.34,433.0,27.308,34.95,30.62,0,18.30
2019-10-21,294,15,28.2,28.2,21.9,70,1.12,385.0,27.714,35.95,31.06,0,19.49
2019-10-22,295,13,29.9,29.9,22.0,63,1.8,738.0,28.989,38.79,33.25,0,24.76
2019-10-23,296,12,30.1,30.1,21.9,61,2.86,658.0,28.369,37.51,33.23,0,22.66
2019-10-24,297,14,30.0,30.0,22.0,54,3.4,511.0,27.055,35.63,31.71,0,18.26
2019-10-25,298,14,28.4,28.4,22.6,58,2.13,464.0,26.288,35.02,29.81,0,16.36
2019-10-26,299,12,27.9,28.2,22.0,70,0.14,373.0,28.301,34.43,30.47,0,19.28
2019-10-27,300,14,29.5,29.5,22.2,63,1.3,572.0,28.575,37.88,32.45,0,23.26
2019-10-28,301,15,27.9,27.9,22.0,72,2.5,421.0,27.109,34.75,30.73,0,17.36
2019-10-29,302,12,30.4,30.5,21.5,62,1.4,676.0,29.476,39.28,34.06,0,26.34
2019-10-30,303,11,30.4,31.1,21.8,64,1.06,716.0,30.118,39.84,34.52,0,28.13
2019-10-31,304,11,30.2,31.4,21.5,58,1.08,740.0,29.275,39.25,32.81,0,25.47
2019-11-01,305,14,29.7,29.7,22.2,58,1.22,545.0,28.187,37.63,31.91,0,22.14
2019-11-02,306,11,28.3,28.5,21.7,62,1.75,572.0,27.056,36.16,30.15,0,18.06
2019-11-03,307,12,31.2,31.7,20.3,48,0.71,781.0,29.628,39.93,32.55,0,26.54
2019-11-04,308,11,30.6,31.5,21.7,52,0.7,737.0,29.492,39.39,32.34,0,25.81
2019-11-05,309,13,31.4,31.4,21.3,44,1.71,708.0,28.019,39.06,32.12,0,22.71
2019-11-06,310,12,29.6,29.9,20.9,57,0.57,597.0,29.04,38.06,31.56,0,23.70
2019-11-07,311,14,30.8,30.8,21.2,49,0.63,559.0,28.903,38.48,32.1,0,23.95
2019-11-08,312,11,30.5,31.0,21.4,54,0.22,708.0,30.212,38.15,32.55,0,26.35
2019-11-09,313,13,31.5,31.8,20.8,39,2.35,719.0,27.123,38.49,31.42,0,20.34
2019-11-10,314,13,30.9,31.1,20.0,42,1.56,726.0,27.442,38.58,31.08,0,20.88
2019-11-11,315,13,30.9,31.0,19.7,42,1.55,723.0,27.443,38.57,31.08,0,20.88
2019-11-12,316,13,30.7,30.8,18.4,36,1.57,729.0,26.423,38.04,30.03,0,18.17
2019-11-13,317,13,30.3,30.3,17.4,35,2.55,731.0,25.461,36.92,29.48,0,15.35
2019-11-14,318,13,29.5,29.6,16.5,32,2.72,739.0,24.297,35.87,28.44,0,12.00
2019-11-15,319,13,29.4,29.5,16.6,36,1.43,711.0,25.376,36.70,28.66,0,14.72
2019-11-16,320,13,29.7,29.9,17.2,43,0.28,705.0,28.104,36.85,29.69,0,20.36
2019-11-17,321,13,30.5,30.6,18.5,40,1.94,705.0,26.552,37.70,30.28,0,18.27
2019-11-18,322,13,30.1,30.3,17.2,37,2.56,706.0,25.53,36.66,29.47,0,15.29
2019-11-19,323,14,29.9,29.9,16.3,38,0.57,605.0,26.939,37.05,29.36,0,18.19
2019-11-20,324,14,29.7,29.7,17.1,38,1.0,593.0,26.022,36.66,29.14,0,16.09
2019-11-21,325,14,29.4,29.4,17.0,40,1.02,599.0,26.029,36.51,29.02,0,15.95
2019-11-22,326,13,29.3,29.4,16.9,43,0.81,703.0,26.9,37.22,29.22,0,18.18
2019-11-23,327,13,29.3,29.5,17.0,43,1.24,702.0,26.372,37.04,29.22,0,17.06
2019-11-24,328,13,29.4,29.5,16.9,40,0.98,684.0,26.299,36.98,29.02,0,16.80
2019-11-25,329,12,28.5,29.2,16.9,47,2.09,675.0,25.566,35.73,28.73,0,14.41
2019-11-26,330,13,29.7,29.9,16.3,43,1.9,690.0,26.246,36.98,29.69,0,16.95
2019-11-27,331,13,29.7,29.9,16.8,44,1.6,692.0,26.553,37.26,29.81,0,17.78
2019-11-28,332,13,29.6,29.8,17.2,48,1.41,677.0,27.072,37.44,30.19,0,19.03
2019-11-29,333,12,28.9,29.5,17.6,48,0.57,716.0,27.71,37.31,29.3,0,19.81
2019-11-30,334,12,28.7,29.3,17.5,47,1.62,713.0,26.075,36.50,28.96,0,16.01
2019-12-01,335,13,29.5,29.6,17.3,41,1.26,685.0,26.227,37.03,29.23,0,16.78
2019-12-02,336,13,29.2,29.2,17.8,44,1.6,664.0,26.051,36.60,29.22,0,16.13
2019-12-03,337,13,28.5,28.5,17.9,46,1.42,635.0,25.739,35.97,28.63,0,14.87
2019-12-04,338,12,28.2,28.7,18.2,45,3.26,711.0,24.729,34.41,28.23,0,11.68
2019-12-05,339,13,27.0,27.2,15.6,38,1.86,683.0,23.253,34.06,26.77,0,8.18
2019-12-06,340,13,26.7,26.9,14.1,37,2.11,680.0,22.74,33.50,26.52,0,6.82
2019-12-07,341,13,26.6,26.8,13.7,40,1.8,672.0,23.169,33.75,26.48,0,7.81
2019-12-08,342,13,27.1,27.4,14.0,39,1.48,678.0,23.69,34.44,26.89,0,9.29
2019-12-09,343,13,27.4,27.6,14.1,40,0.72,684.0,24.961,35.16,27.17,0,12.27
2019-12-10,344,13,27.5,27.7,13.7,41,0.76,674.0,25.073,35.24,27.31,0,12.59
2019-12-11,345,13,27.9,28.0,14.7,44,0.54,669.0,26.265,35.86,27.86,0,15.50
2019-12-12,346,13,28.7,28.8,15.9,41,3.3,644.0,24.54,34.37,28.39,0,11.36
2019-12-13,347,13,27.7,27.9,19.3,52,3.44,619.0,24.914,33.53,28.29,0,11.42
2019-12-14,348,12,26.5,27.2,19.0,58,0.6,557.0,26.089,34.76,26.61,0,14.05
2019-12-15,349,12,25.6,26.1,19.1,65,1.43,541.0,24.956,33.68,25.76,0,11.13
2019-12-16,350,13,23.2,23.5,17.3,71,1.5,395.0,22.833,30.63,23.31,0,4.92
2019-12-17,351,14,26.1,26.1,16.1,56,1.02,568.0,24.899,34.09,26.16,0,11.32
2019-12-18,352,13,25.1,25.5,14.5,56,1.08,641.0,24.111,33.53,25.11,0,9.42
2019-12-19,353,12,25.4,26.3,15.3,55,0.36,689.0,25.598,33.88,25.42,0,12.48
2019-12-20,354,12,25.8,26.8,15.2,54,0.54,695.0,25.612,34.66,25.82,0,13.08
2019-12-21,355,13,27.3,27.6,15.3,48,0.57,671.0,26.139,35.54,27.57,0,14.92
2019-12-22,356,13,27.3,27.6,17.6,44,1.03,648.0,24.817,34.98,27.32,0,11.92
2019-12-23,357,14,27.7,27.7,17.8,42,2.26,571.0,23.96,33.94,27.54,0,9.64
2019-12-24,358,13,28.7,28.9,16.0,43,2.12,643.0,25.168,35.53,28.57,0,13.45
2019-12-25,359,13,28.3,28.4,17.5,48,2.97,544.0,24.957,34.01,28.6,0,11.96
2019-12-26,360,14,22.3,22.3,18.8,75,1.72,319.0,22.015,29.10,22.42,0,2.26
2019-12-27,361,13,22.9,23.1,12.3,22,3.13,713.0,17.295,28.79,22.36,0,2.01
2019-12-28,362,14,22.5,22.5,9.5,25,2.46,632.0,17.448,28.78,21.98,0,2.01
2019-12-29,363,14,23.0,23.0,7.7,27,1.63,617.0,18.461,30.03,22.53,0,2.91
2019-12-30,364,14,23.8,23.8,10.2,32,0.4,413.0,20.534,29.88,23.44,0,2.81
2019-12-31,365,14,18.6,18.6,16.4,77,2.97,281.0,18.181,23.23,18.56,0,0.00
2020-01-01,1,13,23.7,23.8,14.3,64,3.14,468.0,22.268,29.29,23.75,0,2.88
2020-01-02,2,13,21.4,21.7,15.3,79,0.41,376.0,22.939,29.93,21.53,0,4.61
2020-01-03,3,13,23.3,23.9,16.1,67,1.24,614.0,23.311,32.20,23.37,0,6.95
2020-01-04,4,13,22.6,22.9,15.9,64,1.55,501.0,21.862,30.41,22.59,0,3.18
2020-01-05,5,13,22.4,22.7,13.2,46,2.62,708.0,19.874,29.46,22.15,0,2.50
2020-01-06,6,14,23.5,23.5,10.4,45,1.8,624.0,20.923,30.87,23.29,0,3.52
2020-01-07,7,13,24.8,25.0,11.8,53,1.17,632.0,23.407,32.98,24.76,0,7.70
2020-01-08,8,15,23.2,23.2,17.7,77,2.78,206.0,22.437,27.59,23.39,0,1.97
2020-01-09,9,16,23.8,24.0,15.1,58,0.89,230.0,21.94,29.51,23.78,0,2.54
2020-01-10,10,14,21.6,21.7,11.0,48,2.6,645.0,19.254,28.45,21.33,0,1.77
2020-01-11,11,14,21.9,22.1,8.9,46,1.0,653.0,20.302,30.45,21.62,0,3.21
2020-01-12,12,14,23.4,23.6,9.6,45,0.3,648.0,22.587,31.05,23.19,0,4.76
2020-01-13,13,13,25.2,25.7,10.2,37,1.1,731.0,22.262,33.16,24.97,0,5.67
2020-01-14,14,14,26.7,26.7,11.6,46,0.36,631.0,25.571,34.23,26.94,0,12.69
2020-01-15,15,13,27.6,27.8,13.2,50,2.88,707.0,24.888,34.36,28.01,0,11.87
2020-01-16,16,13,26.0,26.4,16.4,53,3.61,644.0,23.487,31.72,26.02,0,6.94
2020-01-17,17,11,23.7,25.3,17.4,64,1.2,580.0,23.346,32.24,23.75,0,7.05
2020-01-18,18,14,25.8,25.9,16.9,57,0.5,501.0,25.377,33.75,25.86,0,11.98
2020-01-19,19,13,24.3,24.8,16.4,60,0.99,440.0,23.304,31.83,24.33,0,6.67
2020-01-20,20,14,24.8,25.0,13.3,51,0.32,646.0,24.479,32.66,24.73,0,9.49
2020-01-21,21,13,27.3,27.8,13.8,56,2.21,724.0,25.565,35.13,28.15,0,13.76
2020-01-22,22,12,27.6,28.5,16.8,57,2.0,710.0,26.021,35.63,28.6,0,15.14
2020-01-23,23,14,26.3,26.4,18.4,60,0.89,535.0,25.567,34.40,26.43,0,12.81
2020-01-24,24,14,26.6,26.7,15.2,49,0.64,663.0,25.435,34.87,26.6,0,12.89
2020-01-25,25,12,26.3,28.4,14.8,50,0.45,748.0,26.063,35.17,26.3,0,14.30
2020-01-26,26,14,27.9,28.0,14.4,33,1.53,675.0,23.53,34.87,27.17,0,9.36
2020-01-27,27,14,29.4,29.7,13.8,35,1.96,664.0,24.812,36.09,28.57,0,13.18
2020-01-28,28,12,28.6,30.1,18.3,46,2.72,742.0,25.415,35.55,28.74,0,13.99
2020-01-29,29,13,26.6,26.6,17.9,45,1.92,671.0,23.708,33.87,26.55,0,8.91
2020-01-30,30,13,26.0,26.3,15.7,39,2.25,760.0,22.479,33.21,25.84,0,6.11
2020-01-31,31,14,25.4,25.5,13.2,36,1.46,695.0,21.902,32.89,25.17,0,4.97
2020-02-01,32,13,24.4,24.4,14.2,40,2.79,540.0,20.608,29.87,24.17,0,2.79
2020-02-02,33,15,26.1,26.1,14.1,39,2.32,534.0,22.094,31.94,25.94,0,4.47
2020-02-03,34,14,23.2,23.8,15.1,66,0.64,344.0,22.948,30.65,23.25,0,5.15
2020-02-04,35,14,27.7,27.7,15.3,52,2.6,468.0,24.826,33.47,28.29,0,11.22
2020-02-05,36,15,26.6,26.6,17.3,50,1.5,472.0,24.051,33.30,26.61,0,9.15
2020-02-06,37,14,26.9,26.9,16.4,59,1.62,641.0,25.656,35.02,27.89,0,13.75
2020-02-07,38,15,23.0,23.4,16.1,71,1.42,327.0,22.476,29.97,23.1,0,3.76
2020-02-08,39,14,24.0,24.4,14.7,52,3.94,462.0,21.178,28.02,23.91,0,1.46
2020-02-09,40,14,24.0,24.0,13.2,50,3.22,723.0,21.574,30.44,23.88,0,3.21
2020-02-10,41,14,25.0,25.1,11.7,44,1.6,723.0,22.469,32.90,24.85,0,5.87
2020-02-11,42,14,27.0,27.0,13.3,43,1.02,714.0,24.61,34.99,27.02,0,11.43
2020-02-12,43,13,27.6,28.0,14.4,40,0.51,811.0,26.027,36.07,27.33,0,15.00
2020-02-13,44,13,29.2,29.9,14.3,34,1.7,822.0,24.959,36.80,28.31,0,13.87
2020-02-14,45,14,30.8,31.0,16.0,33,2.69,740.0,25.552,37.30,29.81,0,15.92
2020-02-15,46,13,29.8,30.2,15.7,29,1.04,834.0,25.327,37.44,28.5,0,15.11
2020-02-16,47,14,30.3,30.4,15.3,30,0.58,753.0,26.527,37.68,29.04,0,17.75
2020-02-17,48,14,30.9,30.9,15.3,18,1.98,772.0,23.336,37.38,28.92,0,11.46
2020-02-18,49,15,30.8,30.8,14.1,18,0.67,627.0,24.182,36.73,28.84,0,12.55
2020-02-19,50,14,31.3,31.3,13.3,22,1.81,763.0,24.518,37.99,29.44,0,14.33
2020-02-20,51,14,32.2,32.3,15.6,34,2.2,735.0,27.065,39.18,31.58,0,20.79
2020-02-21,52,12,30.3,31.3,18.9,44,4.13,820.0,26.433,36.47,30.57,0,17.27
2020-02-22,53,12,30.2,31.4,19.1,43,1.88,775.0,26.864,37.93,30.3,0,19.03
2020-02-23,54,13,32.2,32.7,19.8,35,2.47,816.0,27.253,39.43,31.73,0,21.38
2020-02-24,55,13,30.9,31.6,20.0,42,3.33,785.0,26.821,37.51,31.08,0,18.94
2020-02-25,56,13,28.8,29.3,18.3,30,1.92,849.0,23.951,36.23,27.71,0,11.33
2020-02-26,57,15,29.5,29.9,16.0,22,3.13,640.0,22.371,34.71,27.9,0,7.32
2020-02-27,58,12,29.1,30.2,15.3,29,0.36,862.0,26.102,36.54,27.9,0,15.70
2020-02-28,59,14,31.2,31.2,16.2,27,0.81,776.0,26.345,38.44,29.68,0,18.19
2020-02-29,60,17,29.6,32.1,16.5,53,0.67,192.0,26.732,34.73,30.92,0,16.70
2020-03-01,61,13,32.6,32.8,17.8,30,2.3,833.0,26.883,39.82,31.51,0,20.88
2020-03-02,62,13,31.8,32.2,19.4,36,2.44,745.0,26.952,38.73,31.36,0,20.17
2020-03-03,63,11,31.6,33.9,20.0,39,1.94,792.0,27.533,39.24,31.55,0,21.70
2020-03-04,64,12,32.1,33.2,18.4,24,1.51,883.0,25.967,39.55,30.34,0,18.52
2020-03-05,65,12,31.0,31.4,18.2,25,0.64,818.0,26.293,38.32,29.34,0,17.88
2020-03-06,66,13,30.8,30.8,19.8,47,5.07,778.0,27.051,36.43,31.75,0,18.84
2020-03-07,67,12,30.4,31.6,19.3,31,0.89,852.0,26.394,38.24,29.21,0,17.96
2020-03-08,68,13,31.9,32.5,19.5,30,1.58,861.0,26.761,39.56,30.7,0,20.16
2020-03-09,69,14,31.5,31.5,20.7,37,1.7,602.0,26.898,38.21,31.12,0,19.60
2020-03-10,70,15,32.2,32.2,21.5,47,1.91,535.0,28.652,39.10,34.02,0,24.64
2020-03-11,71,12,31.3,32.3,21.0,45,1.0,832.0,28.969,39.95,32.15,0,25.15
2020-03-12,72,12,32.1,32.9,21.6,33,0.41,866.0,29.24,40.04,31.31,0,25.42
2020-03-13,73,11,29.6,32.4,22.1,53,0.82,628.0,28.185,37.81,30.92,0,21.79
2020-03-14,74,13,30.5,30.5,19.9,43,1.3,839.0,27.674,38.88,30.69,0,21.40
2020-03-15,75,13,31.7,32.1,19.9,29,1.88,892.0,26.288,39.30,30.38,0,18.97
2020-03-16,76,14,32.5,32.6,19.1,33,0.22,778.0,29.308,38.96,31.81,0,24.95
2020-03-17,77,12,33.5,33.7,20.8,34,1.2,907.0,29.188,41.83,33.32,0,27.36
2020-03-18,78,13,30.7,32.2,21.2,48,1.65,780.0,28.106,38.94,31.77,0,22.66
2020-03-19,79,12,33.9,35.2,21.1,37,4.46,898.0,28.608,40.57,34.54,0,25.81
2020-03-20,80,15,33.7,33.9,19.3,29,0.36,538.0,28.812,39.56,32.73,0,24.79
2020-03-21,81,11,30.5,33.2,19.6,46,0.71,855.0,28.939,39.38,31.14,0,24.31
2020-03-22,82,13,34.5,34.8,18.9,20,0.4,917.0,28.929,41.64,32.5,0,26.43
2020-03-23,83,12,34.2,35.0,19.4,26,0.72,783.0,28.787,41.50,32.9,0,26.21
2020-03-24,84,13,35.8,35.8,21.5,29,1.63,855.0,29.76,43.73,35.62,0,30.67
2020-03-25,85,11,35.1,35.8,22.3,31,1.28,829.0,29.778,43.04,35.03,0,30.34
2020-03-26,86,13,35.1,35.8,23.0,30,1.8,816.0,29.179,42.77,34.82,0,29.75
2020-03-27,87,12,35.9,36.7,23.4,31,4.16,846.0,29.28,42.70,36.26,0,30.89
2020-03-28,88,13,35.3,35.3,23.8,35,1.78,818.0,30.228,43.33,36.33,0,33.63
2020-03-29,89,11,34.7,35.4,23.8,35,1.2,819.0,30.181,42.85,35.34,0,32.83
2020-03-30,90,12,33.3,34.7,22.6,38,0.36,603.0,30.184,40.20,33.82,0,28.95
2020-03-31,91,12,37.2,37.7,22.9,26,2.28,920.0,30.062,45.23,36.97,0,33.88
2020-04-01,92,11,36.5,37.9,23.4,30,1.9,859.0,30.36,44.54,36.94,0,34.51
2020-04-02,93,12,37.0,37.9,22.5,20,1.21,944.0,29.39,44.82,35.39,0,31.25
2020-04-03,94,13,35.8,35.8,25.4,26,0.51,754.0,30.53,43.14,34.98,0,35.42
2020-04-04,95,13,36.8,36.8,24.2,31,2.95,826.0,30.298,44.30,37.71,0,35.45
2020-04-05,96,13,35.9,36.0,23.6,31,0.82,757.0,30.855,43.67,36.26,0,34.80
2020-04-06,97,15,37.1,37.1,24.0,25,0.86,555.0,30.054,43.49,36.58,0,33.74
2020-04-07,98,11,37.0,38.3,25.4,30,4.28,879.0,30.031,44.13,37.75,0,36.23
2020-04-08,99,13,38.4,38.6,24.5,16,2.53,917.0,28.538,45.85,36.34,0,33.08
2020-04-09,100,11,36.3,38.6,23.4,20,1.22,914.0,28.775,43.91,34.54,0,30.17
2020-04-10,101,11,35.9,36.8,23.5,29,2.42,786.0,29.301,43.22,35.77,0,31.24
2020-04-11,102,12,37.5,37.5,24.0,22,0.71,929.0,30.99,45.43,36.44,0,36.86
2020-04-12,103,13,39.6,40.0,24.9,16,1.46,763.0,29.746,46.62,37.77,1,38.58
2020-04-13,104,11,38.2,39.6,24.2,22,3.61,816.0,29.393,45.26,37.4,0,34.31
2020-04-14,105,12,39.8,39.8,24.9,18,2.97,924.0,29.986,47.62,38.53,0,38.37
2020-04-15,106,12,39.2,39.7,26.2,20,3.18,925.0,29.973,46.98,38.26,0,39.30
2020-04-16,107,13,39.9,40.0,25.9,19,3.4,817.0,30.039,47.24,38.94,1,41.19
2020-04-17,108,12,40.4,41.0,27.1,16,2.28,967.0,30.228,48.45,38.75,2,45.41
2020-04-18,109,13,40.7,40.7,27.7,16,2.56,874.0,30.183,48.39,39.13,3,47.79
2020-04-19,110,14,38.4,38.4,27.2,24,0.0,713.0,32.254,43.85,38.22,0,42.50
2020-04-20,111,12,38.6,39.0,26.2,22,3.4,872.0,29.844,46.06,37.96,0,38.29
2020-04-21,112,11,39.3,40.7,28.6,17,3.45,869.0,29.118,46.59,37.63,1,41.64
2020-04-22,113,13,38.9,38.9,25.5,19,0.58,908.0,31.644,46.59,37.6,0,41.11
2020-04-23,114,13,40.4,40.6,26.6,16,2.5,860.0,29.958,47.98,38.75,1,42.31
2020-04-24,115,13,40.1,40.1,25.6,18,4.44,827.0,29.722,47.30,38.92,2,41.94
2020-04-25,116,13,40.3,40.8,28.2,16,3.42,884.0,29.624,47.80,38.63,3,46.71
2020-04-26,117,11,37.2,39.6,25.7,21,2.48,823.0,28.731,44.43,35.84,0,33.63
2020-04-27,118,13,37.9,37.9,27.3,28,0.98,854.0,31.929,46.15,38.63,0,43.82
2020-04-28,119,12,36.5,37.2,24.3,31,0.45,917.0,32.734,45.15,37.22,0,40.59
2020-04-29,120,12,38.1,38.5,24.0,24,1.82,888.0,30.553,46.15,37.78,0,37.06
2020-04-30,121,11,38.5,39.3,25.1,25,0.78,894.0,32.216,46.74,38.67,0,42.23
2020-05-01,122,13,40.4,40.4,26.0,19,2.06,903.0,31.051,48.49,39.63,1,44.37
2020-05-02,123,11,40.1,42.2,27.0,17,1.12,895.0,31.007,47.81,38.64,2,46.26
2020-05-03,124,12,42.8,42.9,27.8,12,3.89,980.0,30.229,50.79,40.38,3,50.19
2020-05-04,125,11,40.4,41.8,29.3,20,0.76,916.0,32.639,48.49,39.95,4,56.34
2020-05-05,126,10,37.5,40.8,28.6,31,0.9,790.0,32.144,45.66,38.91,5,53.82
2020-05-06,127,13,39.6,39.9,28.5,21,0.36,755.0,32.643,46.51,39.11,0,47.00
2020-05-07,128,11,37.3,39.5,26.7,33,1.91,898.0,31.643,45.84,39.21,0,42.57
2020-05-08,129,11,39.5,40.2,29.5,27,4.88,882.0,31.382,47.12,40.98,1,48.59
2020-05-09,130,13,41.2,41.4,27.4,20,2.16,902.0,31.878,49.51,41.12,2,50.52
2020-05-10,131,14,38.0,38.2,27.3,22,0.5,643.0,31.112,44.66,37.12,0,40.64
2020-05-11,132,13,38.9,39.8,25.7,23,0.28,917.0,33.055,46.16,38.68,0,44.11
2020-05-12,133,14,40.5,40.5,26.3,22,1.1,784.0,32.384,48.32,40.79,1,47.55
2020-05-13,134,13,38.9,39.4,27.9,29,2.62,883.0,31.857,47.15,40.68,0,45.87
2020-05-14,135,12,39.7,41.0,27.4,27,0.36,910.0,34.559,47.97,41.33,1,52.89
2020-05-15,136,14,41.3,41.3,29.0,25,1.93,781.0,33.081,49.53,43.33,2,55.50
2020-05-16,137,14,40.5,40.7,29.4,23,1.55,761.0,32.169,48.36,41.15,3,54.25
2020-05-17,138,12,39.2,40.2,26.9,28,0.36,903.0,34.34,47.46,40.84,4,56.34
2020-05-18,139,12,40.3,41.6,29.0,26,1.04,895.0,33.473,48.96,41.99,5,60.33
2020-05-19,140,10,38.1,40.3,27.5,27,3.2,782.0,30.449,45.37,38.64,6,50.70
2020-05-20,141,13,42.3,42.4,25.3,11,6.09,909.0,29.065,50.14,39.44,7,49.26
2020-05-21,142,10,39.1,42.4,27.1,14,1.92,828.0,28.629,46.15,36.77,8,46.66
2020-05-22,143,13,43.5,43.5,25.5,10,5.26,954.0,29.719,51.45,40.4,9,52.03
2020-05-23,144,13,44.3,44.3,31.0,11,3.65,944.0,30.957,52.30,41.73,10,61.90
2020-05-24,145,13,44.0,44.0,30.7,12,0.78,857.0,32.755,51.17,41.79,11,64.14
2020-05-25,146,12,44.3,44.8,28.9,12,2.19,959.0,31.853,52.44,42.15,12,61.39
2020-05-26,147,14,44.5,44.5,30.6,13,3.49,846.0,31.715,52.35,42.84,13,63.31
2020-05-27,148,12,42.6,43.4,29.0,15,3.98,962.0,31.017,50.79,41.24,14,58.40
2020-05-28,149,11,42.0,44.0,32.0,18,4.0,891.0,31.348,50.00,41.54,15,62.07
2020-05-29,150,10,39.5,43.0,31.5,27,1.92,787.0,32.084,47.56,40.98,16,60.90
2020-05-30,151,12,39.6,39.8,30.9,24,2.52,765.0,31.199,47.21,40.07,0,47.94
2020-05-31,152,12,39.8,40.6,30.7,24,1.08,816.0,32.396,47.85,40.39,1,52.21
2020-06-01,153,11,35.2,35.2,28.1,41,4.07,611.0,30.001,41.21,37.9,0,37.27
2020-06-02,154,14,31.7,31.7,26.0,49,2.86,508.0,28.089,37.74,33.6,0,27.11
2020-06-03,155,13,30.4,30.4,24.5,62,2.5,652.0,28.866,38.25,34.06,0,27.36
2020-06-04,156,12,32.5,32.9,24.4,49,8.39,819.0,28.541,38.67,35.04,0,27.30
2020-06-05,157,12,33.8,33.9,23.4,42,2.9,889.0,29.648,41.63,35.6,0,30.57
2020-06-06,158,11,33.0,33.0,26.0,54,0.9,780.0,31.691,42.37,37.49,0,38.70
2020-06-07,159,12,35.0,35.2,26.1,45,2.86,829.0,31.062,43.04,38.83,0,38.61
2020-06-08,160,13,35.6,35.8,27.0,40,3.51,753.0,30.535,42.67,38.36,0,38.22
2020-06-09,161,13,36.5,36.8,26.7,40,1.92,757.0,31.879,44.75,40.16,0,42.59
2020-06-10,162,12,36.9,37.0,25.9,41,2.9,825.0,32.106,45.06,41.4,0,42.76
2020-06-11,163,14,37.4,37.4,25.6,41,2.97,655.0,32.235,44.84,42.51,0,42.91
2020-06-12,164,13,33.2,33.6,25.7,57,1.32,617.0,31.398,41.90,38.95,0,38.00
2020-06-13,165,15,29.6,29.9,24.7,73,2.55,450.0,28.895,37.00,34.76,0,27.00
2020-06-14,166,14,31.1,31.1,25.2,69,1.28,563.0,30.75,40.23,37.56,0,34.47
2020-06-15,167,10,29.6,29.6,25.5,78,2.06,448.0,29.58,37.94,35.96,0,30.36
2020-06-16,168,14,32.2,32.3,25.1,63,3.0,514.0,30.254,39.35,38.51,0,33.13
2020-06-17,169,14,30.2,30.2,25.4,74,4.03,563.0,29.483,37.13,36.58,0,29.70
2020-06-18,170,11,30.9,31.6,25.4,63,4.74,743.0,29.087,37.54,35.39,0,28.81
2020-06-19,171,13,31.7,32.4,25.3,59,3.42,559.0,29.303,38.27,36.1,0,29.89
2020-06-20,172,11,32.7,32.7,26.9,55,4.16,851.0,30.044,40.09,37.14,0,34.86
2020-06-21,173,12,33.3,33.3,27.3,56,5.42,789.0,30.432,40.10,38.85,0,36.70
2020-06-22,174,10,31.6,32.1,25.8,62,4.47,588.0,29.431,37.77,36.73,0,30.59
2020-06-23,175,16,30.2,30.2,24.6,63,3.52,390.0,28.019,35.60,33.86,0,23.89
2020-06-24,176,13,32.9,33.1,24.4,56,1.98,786.0,30.934,41.82,37.91,0,35.16
2020-06-25,177,12,31.3,32.7,24.8,71,1.92,651.0,30.97,40.65,38.74,0,35.16
2020-06-26,178,14,32.3,32.6,25.9,64,2.18,548.0,30.783,40.48,39.11,0,36.10
2020-06-27,179,12,31.0,31.8,25.7,73,1.8,569.0,30.787,40.16,38.53,0,35.43
2020-06-28,180,15,30.4,30.4,24.9,73,2.3,503.0,29.857,38.57,36.85,0,30.97
2020-06-29,181,14,31.8,31.8,25.1,63,1.0,617.0,31.131,40.94,37.51,0,35.57
2020-06-30,182,12,31.4,32.1,26.0,65,3.0,872.0,30.358,40.23,37.13,0,34.50
2020-07-01,183,14,32.7,32.8,23.7,57,2.12,703.0,30.65,41.17,37.77,0,33.29
2020-07-02,184,11,32.8,32.8,26.0,65,3.04,778.0,31.515,41.62,40.84,0,39.07
2020-07-03,185,12,31.4,31.4,26.1,74,0.2,708.0,33.357,41.05,40.04,0,41.96
2020-07-04,186,12,29.7,29.7,24.9,76,0.22,455.0,31.013,38.02,35.74,0,32.34
2020-07-05,187,15,30.1,30.1,24.8,71,1.46,394.0,29.436,38.07,35.53,0,29.20
2020-07-06,188,12,27.6,27.6,24.3,83,4.31,315.0,27.377,32.61,31.52,0,19.29
2020-07-07,189,13,31.5,31.5,24.6,61,4.36,725.0,29.45,38.31,36.21,0,29.42
2020-07-08,190,13,32.3,32.3,24.5,60,3.55,784.0,30.326,40.11,37.78,0,32.84
2020-07-09,191,10,29.7,29.8,25.1,76,2.47,426.0,29.279,37.33,35.74,0,28.80
2020-07-10,192,10,30.4,30.4,25.3,71,2.44,527.0,29.644,38.38,36.3,0,30.69
2020-07-11,193,13,32.0,32.0,25.6,62,4.18,800.0,30.176,39.50,37.69,0,33.37
2020-07-12,194,13,32.8,33.0,25.4,59,3.42,791.0,30.71,40.80,38.67,0,35.45
2020-07-13,195,13,31.2,31.2,24.9,67,1.82,563.0,30.283,39.76,37.22,0,32.77
2020-07-14,196,15,29.4,29.6,24.6,78,0.6,322.0,30.055,37.92,35.4,0,29.98
2020-07-15,197,13,29.6,30.1,23.7,78,1.49,629.0,30.295,39.45,35.96,0,30.70
2020-07-16,198,12,30.8,30.8,24.2,71,2.09,861.0,30.807,40.80,37.36,0,33.75
2020-07-17,199,14,31.7,31.8,24.4,60,3.0,739.0,29.84,39.61,36.38,0,30.93
2020-07-18,200,13,31.9,31.9,24.9,67,2.5,803.0,31.121,41.21,39.07,0,36.09
2020-07-19,201,12,31.2,31.2,25.3,71,2.36,508.0,30.393,39.38,38.46,0,33.63
2020-07-20,202,12,30.6,30.6,25.2,70,3.16,562.0,29.598,38.04,36.54,0,30.33
2020-07-21,203,11,29.7,30.0,25.2,74,2.26,549.0,29.408,38.07,35.25,0,29.52
2020-07-22,204,13,30.6,30.6,24.9,72,2.41,571.0,30.047,39.00,37.11,0,31.73
2020-07-23,205,13,30.6,30.6,24.2,75,3.08,792.0,30.563,39.70,37.99,0,32.73
2020-07-24,206,15,29.8,29.8,23.8,73,1.39,551.0,29.836,38.88,35.26,0,29.28
2020-07-25,207,11,30.1,30.1,24.6,70,2.42,740.0,29.67,39.01,35.28,0,30.00
2020-07-26,208,12,31.1,31.7,24.2,70,2.48,845.0,30.78,40.66,37.87,0,33.79
2020-07-27,209,12,32.3,32.3,24.6,68,2.14,861.0,31.87,42.40,40.55,0,38.57
2020-07-28,210,12,31.7,31.7,25.7,67,1.53,613.0,31.034,40.87,38.53,0,36.41
2020-07-29,211,13,30.5,31.0,24.2,74,0.7,823.0,32.158,41.57,37.41,0,36.87
2020-07-30,212,14,31.9,31.9,25.0,68,1.48,760.0,31.697,41.96,39.41,0,37.96
2020-07-31,213,13,32.6,32.6,25.5,64,1.58,859.0,32.017,42.81,39.91,0,39.95
2020-08-01,214,11,31.6,32.3,25.3,75,1.21,707.0,32.31,42.32,41.02,0,40.33
2020-08-02,215,14,31.4,31.6,25.5,69,0.94,653.0,31.614,41.26,38.37,0,37.50
2020-08-03,216,13,28.4,28.7,24.9,82,3.44,300.0,28.137,34.31,33.49,0,23.39
2020-08-04,217,9,28.6,28.9,25.1,83,2.45,397.0,28.876,36.43,34.24,0,26.83
2020-08-05,218,11,29.6,29.6,24.2,78,1.92,502.0,29.766,38.40,35.96,0,29.52
2020-08-06,219,13,30.6,30.6,24.5,66,4.37,819.0,29.315,37.96,35.47,0,28.52
2020-08-07,220,15,31.7,31.7,24.9,67,3.4,605.0,30.328,39.22,38.53,0,32.95
2020-08-08,221,15,27.3,27.4,25.3,87,2.28,156.0,27.311,33.25,31.36,0,20.74
2020-08-09,222,14,26.2,26.2,24.7,91,4.32,191.0,26.473,30.24,26.73,0,14.66
2020-08-10,223,13,29.5,29.5,24.4,78,3.96,644.0,29.382,37.03,35.68,0,27.94
2020-08-11,224,13,29.9,29.9,24.9,72,5.87,641.0,28.853,35.91,35.28,0,26.56
2020-08-12,225,13,29.5,29.9,24.8,77,3.93,501.0,29.035,36.20,35.43,0,27.06
2020-08-13,226,14,26.4,26.5,24.2,89,3.89,287.0,26.776,31.70,26.91,0,15.71
2020-08-14,227,14,26.6,26.6,23.8,82,5.26,290.0,26.152,30.22,27.03,0,13.00
2020-08-15,228,13,28.8,28.8,23.6,75,4.63,507.0,28.057,34.58,33.21,0,21.81
2020-08-16,229,17,26.6,26.6,24.1,89,2.92,67.0,26.321,30.43,27.12,0,13.85
2020-08-17,230,16,26.6,26.6,24.0,87,3.85,233.0,26.644,31.34,27.09,0,15.00
2020-08-18,231,13,29.1,29.1,24.2,71,5.22,514.0,27.86,34.34,33.14,0,21.94
2020-08-19,232,14,29.6,29.6,24.2,70,5.41,618.0,28.369,35.40,34.08,0,24.02
2020-08-20,233,14,30.7,30.7,24.1,73,4.96,677.0,29.892,37.67,37.68,0,29.76
2020-08-21,234,14,28.2,28.3,24.2,78,6.8,494.0,27.549,32.94,32.28,0,20.02
2020-08-22,235,14,27.4,27.6,23.9,79,6.64,534.0,26.949,32.17,30.53,0,17.33
2020-08-23,236,13,30.4,30.5,23.9,69,5.11,807.0,29.324,37.43,35.77,0,27.57
2020-08-24,237,14,30.9,30.9,23.9,61,4.69,737.0,28.854,37.40,34.88,0,26.33
2020-08-25,238,12,31.5,31.9,24.4,58,4.5,937.0,29.359,38.93,35.39,0,29.16
2020-08-26,239,14,30.3,30.3,24.7,64,3.51,435.0,28.322,36.11,34.31,0,25.11
2020-08-27,240,12,27.4,27.4,24.5,78,4.95,444.0,26.864,32.36,30.42,0,17.97
2020-08-28,241,16,24.5,24.5,23.4,92,6.31,88.0,24.435,24.81,24.95,0,6.23
2020-08-29,242,14,26.2,26.4,23.7,83,7.72,455.0,25.981,30.00,26.62,0,12.39
2020-08-30,243,14,30.2,30.2,23.0,65,4.56,683.0,28.598,36.62,34.32,0,24.02
2020-08-31,244,12,30.8,31.2,23.6,62,3.8,862.0,29.222,38.53,34.91,0,27.50
2020-09-01,245,13,31.6,32.2,23.3,62,2.27,874.0,30.474,40.89,36.73,0,31.90
2020-09-02,246,11,29.7,29.8,24.7,70,1.33,626.0,29.646,38.93,34.32,0,29.65
2020-09-03,247,12,30.9,30.9,24.2,65,1.28,805.0,30.675,40.78,35.92,0,32.95
2020-09-04,248,13,32.1,32.3,24.6,61,1.3,809.0,31.322,41.86,37.62,0,36.05
2020-09-05,249,12,30.9,31.3,24.6,74,1.94,632.0,30.869,40.34,38.55,0,34.44
2020-09-06,250,12,31.8,31.8,24.6,68,1.42,818.0,31.771,42.13,39.14,0,37.66
2020-09-07,251,11,29.8,30.5,24.2,78,1.99,748.0,30.447,39.82,36.53,0,32.05
2020-09-08,252,11,30.3,31.2,24.9,80,0.36,767.0,33.134,41.47,38.6,0,39.90
2020-09-09,253,11,31.1,31.4,25.2,71,0.92,764.0,31.864,41.63,38.18,0,37.81
2020-09-10,254,12,28.9,29.1,24.7,82,1.81,476.0,29.488,37.86,34.89,0,28.80
2020-09-11,255,11,29.7,29.7,24.0,75,0.89,576.0,30.498,39.40,35.49,0,31.23
2020-09-12,256,13,31.0,31.0,24.3,81,0.41,756.0,33.887,42.79,41.23,0,42.55
2020-09-13,257,10,30.0,30.9,24.7,76,0.32,622.0,31.935,39.75,36.56,0,35.41
2020-09-14,258,14,32.3,32.3,23.9,66,1.49,718.0,31.748,42.07,39.82,0,37.01
2020-09-15,259,11,31.5,32.4,24.7,72,1.03,784.0,32.259,42.28,39.65,0,38.99
2020-09-16,260,13,32.2,32.2,24.2,66,0.32,770.0,33.412,42.12,39.54,0,40.43
2020-09-17,261,12,30.9,31.8,24.1,76,0.54,697.0,32.794,41.86,39.2,0,38.83
2020-09-18,262,11,30.6,31.0,25.1,78,0.22,633.0,32.768,40.28,38.92,0,38.71
2020-09-19,263,12,30.5,31.2,24.8,74,1.22,694.0,31.103,40.68,37.41,0,34.94
2020-09-20,264,12,31.2,31.6,24.2,76,0.36,837.0,33.792,42.48,40.12,0,41.63
2020-09-21,265,12,30.3,30.3,24.8,73,0.45,503.0,31.46,39.76,36.58,0,34.64
2020-09-22,266,13,28.5,28.6,24.2,78,2.18,521.0,28.64,36.88,33.02,0,25.21
2020-09-23,267,12,30.0,30.0,24.2,75,4.96,844.0,29.667,37.64,36.3,0,28.91
2020-09-24,268,11,28.5,28.5,24.7,82,3.9,455.0,28.502,35.08,33.76,0,24.50
2020-09-25,269,12,31.9,32.0,24.4,66,2.86,761.0,30.81,40.61,38.73,0,34.35
2020-09-26,270,12,30.6,31.2,23.8,76,1.21,793.0,31.651,41.48,38.29,0,35.71
2020-09-27,271,13,30.8,30.8,24.3,67,2.04,746.0,30.176,39.99,36.22,0,31.66
2020-09-28,272,13,31.1,31.1,23.8,66,1.14,794.0,31.096,41.14,36.68,0,33.82
2020-09-29,273,12,31.0,31.0,24.3,68,0.76,775.0,31.725,41.34,37.01,0,35.85
2020-09-30,274,13,31.7,31.8,23.4,53,1.36,686.0,29.652,40.12,34.53,0,29.09
2020-10-01,275,10,30.7,31.6,24.5,65,3.31,724.0,29.379,38.43,35.45,0,28.97
2020-10-02,276,12,32.8,33.4,23.4,49,2.84,884.0,29.747,40.92,35.62,0,30.25
2020-10-03,277,12,32.5,33.3,22.0,48,2.55,885.0,29.452,40.74,34.79,0,27.62
2020-10-04,278,11,31.4,33.0,22.2,53,2.62,651.0,28.673,38.65,33.96,0,24.57
2020-10-05,279,11,31.3,32.4,22.1,48,3.2,742.0,27.937,38.18,32.71,0,22.25
2020-10-06,280,14,32.1,32.1,23.0,44,2.5,669.0,28.2,39.07,33.2,0,24.63
2020-10-07,281,13,28.8,28.9,24.2,64,3.94,572.0,27.096,34.73,31.3,0,20.09
2020-10-08,282,14,28.9,30.0,23.2,76,0.1,514.0,30.477,36.78,33.65,0,27.67
2020-10-09,283,11,30.1,30.1,23.5,73,0.85,660.0,30.959,40.14,36.05,0,32.26
2020-10-10,284,12,30.2,30.9,23.6,74,0.5,617.0,31.758,40.37,36.58,0,34.24
2020-10-11,285,12,29.2,30.0,24.0,82,2.02,699.0,30.173,39.21,35.77,0,30.58
2020-10-12,286,13,31.4,31.5,23.3,68,2.31,742.0,30.729,40.56,38.05,0,32.63
2020-10-13,287,14,31.7,31.7,24.0,59,5.19,614.0,29.11,37.43,36.1,0,27.41
2020-10-14,288,13,29.7,29.7,24.8,68,4.62,569.0,28.272,35.57,33.88,0,24.58
2020-10-15,289,13,28.1,28.1,23.9,78,2.53,509.0,28.11,35.96,32.03,0,22.82
2020-10-16,290,12,29.7,29.7,23.8,75,0.85,761.0,31.057,40.33,35.49,0,32.71
2020-10-17,291,12,30.3,30.3,23.7,68,1.33,549.0,29.805,39.06,35.27,0,29.23
2020-10-18,292,13,30.8,31.1,23.6,73,1.1,713.0,31.448,41.12,37.96,0,34.71
2020-10-19,293,12,31.0,31.1,24.0,68,1.35,733.0,30.89,40.80,37.01,0,33.54
2020-10-20,294,10,30.2,31.4,22.8,65,1.42,680.0,29.623,39.30,34.32,0,27.66
2020-10-21,295,11,31.1,31.7,22.6,57,2.0,778.0,29.376,39.73,34.32,0,27.27
2020-10-22,296,16,31.1,31.7,21.7,44,0.58,303.0,27.623,36.70,31.68,0,20.09
2020-10-23,297,12,31.4,31.8,20.3,43,1.14,836.0,28.624,39.88,31.94,0,24.38
2020-10-24,298,11,31.1,32.0,21.4,50,1.58,796.0,28.8,39.63,32.78,0,24.84
2020-10-25,299,11,30.5,30.8,21.0,57,0.5,791.0,30.682,40.04,33.16,0,28.83
2020-10-26,300,11,30.4,30.7,22.4,53,0.91,747.0,29.098,39.21,32.19,0,25.34
2020-10-27,301,10,29.6,31.0,21.5,58,0.22,663.0,29.707,37.30,31.73,0,24.48
2020-10-28,302,13,31.0,31.1,18.7,37,0.32,675.0,28.308,37.83,30.5,0,21.76
2020-10-29,303,11,29.9,30.9,19.1,48,0.14,725.0,28.987,36.53,30.6,0,22.14
2020-10-30,304,11,29.9,31.1,20.0,47,1.6,773.0,27.283,38.04,30.46,0,19.96
2020-10-31,305,13,30.8,30.9,19.0,33,2.64,762.0,25.607,37.45,29.81,0,16.13
2020-11-01,306,13,31.2,31.3,18.0,34,2.72,761.0,26.068,37.86,30.37,0,17.50
2020-11-02,307,13,31.3,31.4,18.9,33,3.05,754.0,25.886,37.64,30.37,0,17.00
2020-11-03,308,16,29.6,31.2,18.0,43,0.98,277.0,25.596,34.72,29.57,0,14.04
2020-11-04,309,16,28.3,30.1,15.4,46,0.82,284.0,24.998,33.71,28.42,0,11.76
2020-11-05,310,11,28.8,30.0,14.5,31,0.72,787.0,25.203,36.46,27.77,0,13.89
2020-11-06,311,13,29.9,29.9,14.6,30,1.96,770.0,24.694,36.91,28.66,0,13.58
2020-11-07,312,12,29.5,29.9,14.0,29,2.25,810.0,24.14,36.47,28.24,0,12.06
2020-11-08,313,12,29.2,29.7,14.2,27,2.28,811.0,23.565,36.08,27.88,0,10.56
2020-11-09,314,16,27.5,28.8,14.1,41,0.81,273.0,23.636,32.51,27.31,0,7.90
2020-11-10,315,13,28.1,28.2,13.9,27,1.89,763.0,22.771,35.06,27.04,0,8.01
2020-11-11,316,16,27.8,29.0,13.8,46,0.81,263.0,24.473,33.02,27.91,0,10.08
2020-11-12,317,12,30.0,30.1,18.3,50,2.51,664.0,27.094,37.06,31.05,0,19.12
2020-11-13,318,13,31.7,31.7,20.8,38,2.09,712.0,27.248,38.81,31.53,0,20.85
2020-11-14,319,13,31.8,31.9,20.1,37,2.38,719.0,27.078,38.69,31.51,0,20.44
2020-11-15,320,12,31.5,32.0,19.3,37,3.28,754.0,26.597,37.85,31.12,0,18.77
2020-11-16,321,13,32.2,32.3,18.9,37,0.92,715.0,28.451,39.83,32.04,0,24.05
2020-11-17,322,13,31.9,32.0,19.6,39,0.5,657.0,29.171,39.48,31.96,0,25.13
2020-11-18,323,11,30.3,31.4,19.7,48,2.88,651.0,26.973,36.87,31.17,0,18.80
2020-11-19,324,11,30.2,31.2,21.1,51,2.97,685.0,27.292,37.03,31.52,0,19.64
2020-11-20,325,14,30.1,30.1,21.9,50,2.01,490.0,27.006,36.62,31.2,0,18.69
2020-11-21,326,13,29.3,29.3,20.1,44,2.66,696.0,25.723,36.01,29.33,0,15.13
2020-11-22,327,13,28.3,28.5,16.0,33,1.2,723.0,24.244,35.66,27.48,0,11.39
2020-11-23,328,12,27.7,28.7,14.2,36,0.5,756.0,25.457,35.67,27.18,0,13.58
2020-11-24,329,12,28.0,28.7,14.5,33,1.64,749.0,23.698,35.28,27.24,0,10.00
2020-11-25,330,13,28.3,28.6,14.5,30,2.64,719.0,22.991,34.55,27.32,0,8.16
2020-11-26,331,13,29.3,29.3,16.0,40,2.67,623.0,25.062,35.42,28.92,0,13.30
2020-11-27,332,12,24.6,25.2,19.5,54,4.7,307.0,21.519,26.68,24.56,0,0.49
2020-11-28,333,13,28.6,28.8,17.5,39,3.45,679.0,24.215,34.24,28.13,0,10.55
2020-11-29,334,14,29.8,29.8,17.5,35,1.5,580.0,25.224,36.31,28.96,0,14.27
2020-11-30,335,13,30.2,30.3,17.2,34,1.88,689.0,25.436,37.04,29.28,0,15.31
2020-12-01,336,13,29.7,29.9,17.6,36,1.53,691.0,25.515,36.85,28.95,0,15.20
2020-12-02,337,12,28.8,29.7,15.0,32,1.62,732.0,24.204,35.93,27.82,0,11.64
2020-12-03,338,12,29.2,30.2,13.8,27,1.7,736.0,23.723,36.07,27.88,0,10.86
2020-12-04,339,13,29.7,29.8,14.5,25,1.7,706.0,23.734,36.32,28.19,0,11.17
2020-12-05,340,16,28.4,29.8,14.5,38,0.63,246.0,24.114,32.99,27.88,0,9.37
2020-12-06,341,13,29.9,30.2,14.0,28,1.91,696.0,24.257,36.48,28.53,0,12.40
2020-12-07,342,12,29.3,30.3,14.0,31,1.61,725.0,24.464,36.34,28.19,0,12.56
2020-12-08,343,12,29.4,30.1,14.6,32,1.4,720.0,24.839,36.56,28.35,0,13.49
2020-12-09,344,13,29.8,29.9,14.5,29,0.95,686.0,25.085,36.75,28.5,0,14.15
2020-12-10,345,13,29.6,29.7,15.9,31,0.95,674.0,25.199,36.60,28.46,0,14.24
2020-12-11,346,14,29.7,29.7,16.1,32,0.86,566.0,25.254,36.19,28.62,0,14.11
2020-12-12,347,12,28.5,28.7,18.3,37,1.14,648.0,24.848,35.68,27.9,0,12.71
2020-12-13,348,13,28.0,28.0,19.6,41,1.91,594.0,24.292,34.63,27.73,0,10.83
2020-12-14,349,12,27.4,27.4,20.2,44,2.47,547.0,23.821,33.38,27.41,0,8.92
2020-12-15,350,14,28.2,28.3,19.9,44,1.2,460.0,24.937,34.65,28.15,0,12.22
2020-12-16,351,12,28.6,29.1,19.0,47,1.93,697.0,25.775,36.08,28.84,0,15.10
2020-12-17,352,13,28.1,28.1,17.7,45,1.77,675.0,25.125,35.49,28.13,0,13.17
2020-12-18,353,13,27.1,27.4,16.6,44,0.41,681.0,25.859,35.00,27.15,0,13.85
2020-12-19,354,13,26.2,26.5,14.6,35,1.48,698.0,22.448,33.56,25.99,0,6.30
2020-12-20,355,14,26.9,26.9,12.2,18,2.92,623.0,19.652,32.13,25.97,0,4.43
2020-12-21,356,14,27.0,27.0,10.9,20,2.16,623.0,20.339,32.90,26.09,0,4.98
2020-12-22,357,13,26.9,27.2,10.7,21,1.94,714.0,20.716,33.50,26.05,0,5.42
2020-12-23,358,14,27.2,27.2,11.0,22,0.73,618.0,21.994,33.76,26.27,0,5.60
2020-12-24,359,13,27.0,27.4,11.3,27,0.81,705.0,22.737,34.25,26.31,0,7.35
2020-12-25,360,13,27.2,27.5,13.0,26,1.84,704.0,21.795,33.93,26.4,0,5.72
2020-12-26,361,13,27.0,27.4,11.7,27,1.02,707.0,22.447,34.21,26.31,0,6.77
2020-12-27,362,14,28.4,28.4,11.9,30,0.32,609.0,24.856,34.52,27.39,0,11.70
2020-12-28,363,13,28.2,28.5,13.4,34,1.62,690.0,23.896,35.23,27.45,0,10.41
2020-12-29,364,14,28.2,28.2,15.3,37,0.32,603.0,25.656,34.72,27.64,0,13.44
2020-12-30,365,14,28.7,28.7,15.0,33,1.4,608.0,24.141,35.34,27.8,0,11.08
2020-12-31,366,13,27.9,28.1,14.4,34,1.99,695.0,23.447,34.71,27.22,0,9.11
2021-01-01,1,13,28.1,28.3,13.8,34,2.41,694.0,23.436,34.55,27.37,0,9.03
2021-01-02,2,14,28.3,28.3,13.9,35,1.5,594.0,23.982,34.92,27.59,0,10.40
2021-01-03,3,13,29.0,29.4,15.8,33,1.64,701.0,24.44,36.00,28.06,0,12.22
2021-01-04,4,12,28.0,28.8,15.8,37,1.88,686.0,23.978,34.97,27.47,0,10.39
2021-01-05,5,14,29.2,29.2,16.3,32,0.32,499.0,25.41,34.77,28.17,0,13.21
2021-01-06,6,12,29.0,29.9,19.1,41,0.1,652.0,27.051,34.72,28.7,0,16.47
2021-01-07,7,11,28.2,29.3,19.1,47,1.58,546.0,25.277,35.12,28.4,0,13.30
2021-01-08,8,14,29.6,29.9,21.7,42,2.22,347.0,25.109,34.44,29.46,0,12.88
2021-01-09,9,13,30.6,31.0,20.2,37,1.2,688.0,26.689,37.95,30.03,0,18.61
2021-01-10,10,13,30.4,30.7,19.0,38,0.0,645.0,27.833,35.90,29.92,0,19.26
2021-01-11,11,13,31.0,31.5,18.8,39,0.5,703.0,28.542,38.78,30.77,0,22.99
2021-01-12,12,13,29.9,30.6,19.3,45,0.82,698.0,27.659,37.92,30.19,0,20.49
2021-01-13,13,13,27.7,28.4,16.1,33,0.8,738.0,24.291,35.31,27.02,0,11.06
2021-01-14,14,14,27.8,27.9,13.5,28,0.98,664.0,23.191,34.73,26.87,0,8.56
2021-01-15,15,14,28.4,28.5,12.1,26,0.4,667.0,24.438,35.04,27.21,0,11.21
2021-01-16,16,14,29.5,29.5,14.5,29,0.36,650.0,25.754,35.91,28.24,0,14.71
2021-01-17,17,14,29.4,29.6,16.3,28,1.33,559.0,23.896,35.52,28.09,0,10.86
2021-01-18,18,14,30.0,30.0,15.3,28,1.84,653.0,24.287,36.39,28.62,0,12.43
2021-01-19,19,13,31.0,31.3,18.1,36,2.94,724.0,26.066,37.37,30.38,0,17.15
2021-01-20,20,11,29.5,31.6,19.7,46,0.2,643.0,28.103,36.06,29.81,0,19.84
2021-01-21,21,13,29.7,30.1,17.7,25,0.82,751.0,24.707,36.77,28.19,0,13.33
2021-01-22,22,14,29.9,29.9,14.3,22,0.5,690.0,24.884,36.51,28.23,0,13.50
2021-01-23,23,14,31.0,31.1,14.4,26,2.01,685.0,24.747,37.39,29.41,0,14.31
2021-01-24,24,14,31.6,31.9,15.7,33,1.65,674.0,26.564,38.49,30.71,0,19.02
2021-01-25,25,13,30.2,30.7,16.8,32,0.81,759.0,26.282,37.69,29.1,0,17.31
2021-01-26,26,14,30.1,30.1,16.9,34,0.6,680.0,26.701,37.37,29.18,0,17.91
2021-01-27,27,13,28.7,29.5,17.2,38,0.57,751.0,26.36,36.65,28.15,0,16.35
2021-01-28,28,12,29.1,29.7,18.7,41,2.82,668.0,25.058,35.36,28.8,0,13.21
2021-01-29,29,13,27.3,28.1,17.5,44,0.4,720.0,26.164,35.33,27.32,0,14.73
2021-01-30,30,14,27.7,27.8,14.2,17,1.73,714.0,20.726,34.23,26.47,0,5.94
2021-01-31,31,14,28.2,28.2,13.1,23,1.1,715.0,22.701,35.11,26.96,0,7.90
2021-02-01,32,13,28.1,28.6,13.1,23,0.94,799.0,23.025,35.46,26.89,0,8.77
2021-02-02,33,14,29.7,29.8,12.4,16,0.98,734.0,22.728,36.20,27.92,0,9.08
2021-02-03,34,13,30.2,30.4,12.8,16,0.92,811.0,23.374,36.99,28.31,0,11.02
2021-02-04,35,14,30.3,30.3,13.5,15,0.92,732.0,23.036,36.65,28.38,0,10.16
2021-02-05,36,13,30.3,30.5,14.6,19,2.24,800.0,23.006,36.85,28.45,0,10.27
2021-02-06,37,14,29.0,29.1,17.2,28,2.56,722.0,23.294,35.26,27.76,0,9.42
2021-02-07,38,14,27.2,27.3,14.7,18,1.79,756.0,20.583,34.01,26.16,0,5.78
2021-02-08,39,14,27.9,28.1,12.8,20,0.64,759.0,22.788,35.00,26.67,0,7.99
2021-02-09,40,13,29.0,29.7,11.8,22,0.67,831.0,24.133,36.37,27.52,0,11.71
2021-02-10,41,13,30.6,31.1,13.2,20,0.81,827.0,24.718,37.66,28.73,0,14.20
2021-02-11,42,12,30.7,31.9,14.6,22,0.58,826.0,25.687,37.88,28.9,0,16.25
2021-02-12,43,14,31.6,31.6,15.9,23,0.3,738.0,26.716,37.62,29.78,0,18.34
2021-02-13,44,14,32.3,32.3,16.5,25,1.56,742.0,25.991,39.16,30.63,0,18.39
2021-02-14,45,12,31.2,31.9,18.3,30,1.84,684.0,25.665,37.87,29.94,0,16.59
2021-02-15,46,12,31.0,32.0,18.9,31,2.28,672.0,25.433,37.38,29.83,0,15.76
2021-02-16,47,12,31.8,32.6,19.2,28,3.19,746.0,25.436,37.86,30.38,0,16.32
2021-02-17,48,15,27.8,27.8,18.6,42,1.64,496.0,24.15,34.10,27.62,0,10.14
2021-02-18,49,15,27.6,27.9,17.3,40,0.32,490.0,25.107,33.69,27.33,0,11.55
2021-02-19,50,13,26.1,26.1,15.0,46,0.42,527.0,24.658,33.39,26.03,0,10.36
2021-02-20,51,13,28.6,29.0,16.1,35,3.96,719.0,23.627,33.88,27.85,0,9.08
2021-02-21,52,13,30.1,30.4,16.1,30,2.38,847.0,24.801,37.19,28.85,0,14.06
2021-02-22,53,12,31.0,31.8,15.3,20,1.63,875.0,24.226,38.17,29.08,0,13.77
2021-02-23,54,12,31.8,33.0,15.8,19,1.14,873.0,25.079,38.95,29.75,0,16.19
2021-02-24,55,11,31.4,33.6,15.8,21,0.85,804.0,25.411,38.38,29.48,0,16.30
2021-02-25,56,12,33.7,34.9,16.4,20,1.65,873.0,26.304,40.90,31.65,0,20.62
2021-02-26,57,12,34.6,35.2,20.1,21,3.62,871.0,26.423,41.13,32.72,0,21.41
2021-02-27,58,17,32.3,35.1,19.0,38,1.3,213.0,26.793,36.56,32.35,0,18.67
2021-02-28,59,12,35.1,35.8,19.1,21,2.16,871.0,27.31,42.34,33.28,0,24.17
2021-03-01,60,12,35.1,36.4,19.2,22,0.99,867.0,28.458,42.54,33.41,0,26.53
2021-03-02,61,13,34.3,35.3,19.0,19,1.49,895.0,26.711,41.57,32.19,0,22.08
2021-03-03,62,17,31.5,33.5,17.6,39,0.81,227.0,26.635,36.03,31.42,0,17.64
2021-03-04,63,13,35.0,35.4,17.1,15,0.36,904.0,28.089,41.35,32.57,0,24.66
2021-03-05,64,13,36.1,36.4,19.0,12,4.15,898.0,25.234,42.35,33.3,0,20.26
2021-03-06,65,12,34.0,35.4,18.3,12,0.61,919.0,26.095,40.52,31.36,0,19.85
2021-03-07,66,13,35.7,35.9,17.3,13,1.5,905.0,26.279,42.56,33.12,0,22.32
2021-03-08,67,14,36.7,36.7,19.3,16,2.83,808.0,26.978,43.32,34.43,0,24.68
2021-03-09,68,12,36.1,36.9,21.4,18,3.19,878.0,27.024,42.94,34.03,0,24.34
2021-03-10,69,13,36.0,36.2,22.3,19,3.5,749.0,26.907,42.17,34.05,0,23.92
2021-03-11,70,11,34.3,35.4,22.3,25,2.7,714.0,27.009,40.69,32.88,0,22.61
2021-03-12,71,12,35.3,35.9,20.8,22,2.61,893.0,27.525,42.55,33.65,0,24.86
2021-03-13,72,14,33.5,33.5,20.1,26,1.8,806.0,27.118,40.71,32.06,0,22.17
2021-03-14,73,12,33.6,34.7,21.9,28,1.57,773.0,27.649,40.86,32.45,0,23.43
2021-03-15,74,13,35.0,35.2,20.9,23,0.85,760.0,28.54,42.02,33.44,0,26.32
2021-03-16,75,11,34.7,35.7,22.1,25,1.63,813.0,28.017,42.05,33.37,0,25.44
2021-03-17,76,13,35.3,35.5,21.5,21,0.2,663.0,28.977,40.35,33.51,0,25.96
2021-03-18,77,12,34.6,34.9,22.7,26,2.9,727.0,27.404,41.03,33.4,0,24.26
2021-03-19,78,13,32.7,33.0,22.2,34,1.22,758.0,28.168,40.29,32.22,0,24.15
2021-03-20,79,12,33.8,34.9,20.2,31,2.02,908.0,28.316,41.67,33.19,0,25.55
2021-03-21,80,13,36.5,36.5,21.4,22,3.36,882.0,28.214,43.58,35.13,0,27.46
2021-03-22,81,13,35.4,35.4,21.5,23,2.33,775.0,27.728,42.30,33.92,0,25.17
2021-03-23,82,12,32.1,32.1,21.7,29,1.55,576.0,26.171,38.31,30.82,0,18.19
2021-03-24,83,14,35.8,35.8,20.5,21,1.61,809.0,28.062,42.98,34.1,0,26.35
2021-03-25,84,12,35.5,36.1,21.0,21,1.4,784.0,27.936,42.55,33.75,0,25.68
2021-03-26,85,13,36.3,36.6,22.5,16,1.52,935.0,27.564,43.64,34.0,0,26.44
2021-03-27,86,11,35.8,37.4,20.1,13,1.0,901.0,26.873,42.53,33.22,0,23.45
2021-03-28,87,12,38.3,39.0,19.7,13,1.55,950.0,28.218,45.60,35.74,0,29.15
2021-03-29,88,12,39.6,40.2,20.9,12,1.24,960.0,29.158,46.89,36.84,1,33.93
2021-03-30,89,12,40.1,40.5,21.8,11,5.18,965.0,27.69,47.35,37.08,2,33.25
2021-03-31,90,14,39.9,39.9,25.6,11,4.47,865.0,27.541,46.65,36.87,0,33.25
2021-04-01,91,13,39.3,39.4,26.9,14,3.12,944.0,28.474,46.72,36.99,0,36.63
2021-04-02,92,13,38.6,38.8,21.8,10,0.6,965.0,28.915,45.17,35.31,0,30.00
2021-04-03,93,12,39.0,39.6,22.1,10,0.32,975.0,29.722,44.95,35.71,0,31.63
2021-04-04,94,11,37.8,39.8,24.1,14,1.43,915.0,28.176,45.00,35.35,0,30.94
2021-04-05,95,13,39.7,39.9,21.7,9,1.84,966.0,27.738,46.73,36.15,0,29.22
2021-04-06,96,13,40.2,40.4,21.5,13,3.16,948.0,28.823,47.71,37.78,1,34.24
2021-04-07,97,11,39.3,41.1,24.1,15,1.06,909.0,29.951,46.69,37.19,2,39.53
2021-04-08,98,11,38.9,39.7,26.8,18,2.58,901.0,29.402,46.53,37.37,0,38.27
2021-04-09,99,12,38.5,38.5,27.1,19,2.51,859.0,29.309,45.98,37.08,0,37.93
2021-04-10,100,13,37.4,37.6,24.1,27,2.7,864.0,30.165,45.11,37.54,0,35.60
2021-04-11,101,14,35.6,35.6,24.3,26,1.39,560.0,28.548,41.91,34.71,0,29.41
2021-04-12,102,12,37.6,38.3,24.5,20,0.28,921.0,31.347,44.36,36.15,0,37.24
2021-04-13,103,11,37.0,38.3,23.7,24,0.51,904.0,31.524,44.98,36.21,0,37.11
2021-04-14,104,12,38.1,38.3,22.9,19,2.15,955.0,29.321,45.99,36.57,0,32.88
2021-04-15,105,12,36.7,36.7,24.6,21,0.86,912.0,29.799,44.39,35.2,0,34.09
2021-04-16,106,11,36.5,38.0,22.1,18,0.54,918.0,29.705,43.82,34.48,0,30.32
2021-04-17,107,14,38.8,38.8,25.1,15,0.32,701.0,30.285,44.38,36.62,0,36.12
2021-04-18,108,13,39.2,39.2,24.3,15,2.12,893.0,29.002,46.65,37.07,0,34.57
2021-04-19,109,11,38.6,39.6,25.6,16,1.17,885.0,29.523,45.95,36.58,0,36.38
2021-04-20,110,11,38.6,39.9,26.0,22,1.87,872.0,30.44,46.51,37.96,0,39.50
2021-04-21,111,10,35.4,38.4,25.7,32,1.1,736.0,30.182,43.06,35.72,0,35.33
2021-04-22,112,12,38.0,38.7,24.7,16,2.12,957.0,28.49,45.62,35.88,0,32.89
2021-04-23,113,13,39.0,39.2,23.2,14,1.08,919.0,29.435,46.26,36.65,0,33.67
2021-04-24,114,13,40.1,40.2,24.2,12,0.5,930.0,30.867,47.03,37.37,1,40.03
2021-04-25,115,13,40.0,40.4,25.3,13,1.14,949.0,29.854,47.40,37.56,2,41.41
2021-04-26,116,14,40.4,40.4,24.1,9,1.49,844.0,28.246,46.95,36.84,3,38.04
2021-04-27,117,13,39.9,40.3,24.6,13,1.12,832.0,29.554,46.79,37.45,4,42.87
2021-04-28,118,12,41.1,41.5,23.2,10,0.51,885.0,30.742,47.64,37.83,5,45.91
2021-04-29,119,12,41.3,41.8,26.0,12,1.7,954.0,29.972,48.94,38.68,6,50.64
2021-04-30,120,13,40.9,40.9,26.2,12,0.92,854.0,30.275,47.78,38.24,7,50.44
2021-05-01,121,11,39.3,39.9,27.3,17,1.58,763.0,29.707,46.40,37.63,0,39.43
2021-05-02,122,12,37.0,37.5,26.7,22,0.51,802.0,30.793,44.31,35.78,0,38.58
2021-05-03,123,12,37.5,37.5,26.5,25,2.78,919.0,29.892,45.32,37.16,0,37.89
2021-05-04,124,12,37.5,38.2,24.8,24,0.76,917.0,31.294,45.59,36.91,0,38.66
2021-05-05,125,11,38.6,39.3,27.3,24,3.19,872.0,30.355,46.24,38.52,0,40.87
2021-05-06,126,12,38.9,39.2,28.6,26,3.89,861.0,30.84,46.42,39.62,0,43.84
2021-05-07,127,13,38.8,38.8,27.2,29,2.32,743.0,31.654,46.52,40.5,0,44.15
2021-05-08,128,13,38.8,39.0,26.7,27,2.69,842.0,31.274,46.71,39.79,0,42.72
2021-05-09,129,13,38.1,38.7,24.8,33,3.41,804.0,31.592,45.68,40.7,0,40.69
2021-05-10,130,14,38.1,38.1,24.4,30,1.9,760.0,31.501,45.98,39.62,0,39.87
2021-05-11,131,13,38.8,39.2,26.1,27,1.77,783.0,31.592,46.74,39.79,0,42.64
2021-05-12,132,10,36.3,39.6,27.2,29,1.2,797.0,30.417,44.13,36.37,0,38.54
2021-05-13,133,12,38.5,39.0,25.7,20,2.52,898.0,29.615,46.21,37.32,0,37.14
2021-05-14,134,10,37.2,38.2,26.7,30,2.93,780.0,30.376,44.54,38.08,0,38.82
2021-05-15,135,13,36.2,37.1,27.6,37,3.81,797.0,30.57,43.28,38.52,0,39.49
2021-05-16,136,13,38.4,38.4,28.3,34,4.39,846.0,31.878,45.92,41.68,0,45.86
2021-05-17,137,13,37.8,37.9,26.9,35,4.49,788.0,31.451,44.90,40.89,0,42.39
2021-05-18,138,12,37.8,37.8,29.3,36,5.51,859.0,31.564,45.09,41.28,0,45.68
2021-05-19,139,14,37.5,37.7,25.4,38,6.02,700.0,31.381,44.08,41.47,0,40.13
2021-05-20,140,13,36.1,36.1,27.1,34,5.92,851.0,29.71,42.69,37.41,0,36.44
2021-05-21,141,14,37.8,38.0,23.8,24,3.5,827.0,29.566,44.95,37.34,0,33.92
2021-05-22,142,10,36.2,38.8,25.0,31,0.92,783.0,31.014,44.12,36.73,0,37.24
2021-05-23,143,13,38.8,38.8,27.2,26,4.2,864.0,30.699,46.22,39.46,0,41.74
2021-05-24,144,10,37.9,39.0,27.4,24,4.72,793.0,29.354,44.57,37.49,0,37.50
2021-05-25,145,10,37.4,40.1,26.4,20,5.79,761.0,27.861,43.60,35.89,1,33.89
2021-05-26,146,11,39.3,40.7,26.0,20,6.89,882.0,29.361,46.91,38.4,2,41.25
2021-05-27,147,10,37.6,39.9,29.7,31,5.32,635.0,30.214,43.57,39.08,0,41.68
2021-05-28,148,11,38.3,39.7,28.8,32,2.91,852.0,31.791,46.32,40.7,0,46.20
2021-05-29,149,12,40.6,41.0,29.7,27,2.55,776.0,32.68,48.66,42.95,1,53.12
2021-05-30,150,13,39.9,39.9,29.3,29,1.52,791.0,33.091,48.28,42.51,0,51.33
2021-05-31,151,14,38.2,38.4,30.9,30,1.68,635.0,31.45,45.55,39.8,0,47.11
2021-06-01,152,11,37.7,38.1,29.4,31,3.04,750.0,30.899,45.00,39.26,0,43.73
2021-06-02,153,18,33.1,34.2,27.7,54,0.64,83.0,29.343,37.44,37.72,0,32.77
2021-06-03,154,13,36.4,36.4,25.2,37,2.3,735.0,31.085,44.11,38.89,0,38.40
2021-06-04,155,14,32.4,32.4,25.9,52,1.99,513.0,29.401,39.51,35.64,0,31.50
2021-06-05,156,15,35.7,35.8,25.4,40,1.66,573.0,30.937,43.00,38.55,0,37.42
2021-06-06,157,11,33.2,35.3,26.6,57,2.26,783.0,31.197,42.04,38.95,0,38.77
2021-06-07,158,12,36.2,36.8,26.1,42,2.7,823.0,31.714,44.38,40.29,0,41.35
2021-06-08,159,12,36.5,36.5,26.7,44,2.48,830.0,32.377,45.08,41.74,0,44.35
2021-06-09,160,12,33.0,33.5,24.5,57,2.65,661.0,30.646,40.90,38.47,0,34.28
2021-06-10,161,12,31.0,31.0,25.1,65,4.25,563.0,29.209,37.24,36.16,0,28.76
2021-06-11,162,15,30.2,30.5,24.1,71,4.59,561.0,29.067,36.44,35.79,0,26.61
2021-06-12,163,16,31.9,31.9,24.4,61,3.3,409.0,29.454,37.89,37.14,0,29.24
2021-06-13,164,14,32.4,32.4,24.3,64,5.11,681.0,30.467,39.17,39.38,0,32.79
2021-06-14,165,15,31.7,31.8,25.3,63,3.52,435.0,29.518,37.79,37.27,0,30.39
2021-06-15,166,12,31.3,31.3,24.7,64,4.9,662.0,29.436,37.67,36.59,0,29.19
2021-06-16,167,13,31.7,31.7,24.8,65,3.55,747.0,30.299,39.59,37.89,0,32.81
2021-06-17,168,13,30.8,30.8,24.8,64,4.81,613.0,28.905,36.81,35.42,0,27.25
2021-06-18,169,16,30.1,30.1,24.5,63,3.12,240.0,27.617,34.67,33.66,0,22.27
2021-06-19,170,14,31.7,31.8,24.4,54,5.47,752.0,28.66,37.66,34.77,0,26.69
2021-06-20,171,12,31.0,31.4,25.0,60,4.79,812.0,28.918,37.74,34.85,0,27.97
2021-06-21,172,14,32.4,32.4,25.0,52,3.83,769.0,29.338,39.36,35.64,0,30.23
2021-06-22,173,14,32.9,32.9,25.2,57,2.71,604.0,30.429,40.44,38.24,0,34.26
2021-06-23,174,13,28.5,28.5,24.7,79,4.3,429.0,28.085,34.29,33.2,0,22.94
2021-06-24,175,10,29.3,29.7,24.1,68,5.28,534.0,27.752,34.47,33.0,0,21.66
2021-06-25,176,13,30.5,30.5,24.0,64,3.28,466.0,28.617,36.76,34.75,0,25.48
2021-06-26,177,13,32.6,32.6,24.9,63,2.72,733.0,31.113,41.22,39.55,0,36.26
2021-06-27,178,12,32.6,32.6,24.8,66,0.22,809.0,33.911,42.20,40.65,0,42.54
2021-06-28,179,13,31.6,32.3,24.1,68,0.82,812.0,32.28,42.21,38.59,0,37.89
2021-06-29,180,14,32.3,32.3,25.1,67,2.73,705.0,31.249,41.09,40.18,0,36.89
2021-06-30,181,12,31.7,32.3,26.6,73,2.16,763.0,31.681,41.72,40.6,0,40.06
2021-07-01,182,13,33.8,33.8,26.5,57,3.72,853.0,31.405,41.98,40.44,0,39.55
2021-07-02,183,13,29.9,29.9,25.4,63,4.97,474.0,27.699,34.70,33.25,0,23.34
2021-07-03,184,13,32.5,32.7,25.3,53,3.06,791.0,29.781,40.25,36.12,0,32.23
2021-07-04,185,13,34.0,34.1,25.1,46,2.95,865.0,30.345,41.98,37.11,0,34.69
2021-07-05,186,14,33.8,34.0,26.4,48,2.11,611.0,30.297,41.30,37.32,0,35.70
2021-07-06,187,12,32.6,33.5,26.0,58,2.0,821.0,30.96,41.77,37.86,0,37.02
2021-07-07,188,13,34.6,34.6,26.5,56,1.68,843.0,32.78,44.41,42.12,0,44.53
2021-07-08,189,12,26.4,28.5,24.5,92,3.02,166.0,26.831,31.78,26.95,0,16.22
2021-07-09,190,15,30.2,30.2,24.4,78,1.25,584.0,30.948,40.17,37.7,0,33.92
2021-07-10,191,12,31.1,31.1,24.6,68,1.17,703.0,31.081,40.90,37.26,0,34.77
2021-07-11,192,13,30.7,31.3,25.3,76,0.45,753.0,33.048,41.89,38.59,0,40.51
2021-07-12,193,13,31.4,31.4,24.6,67,2.41,738.0,30.569,40.36,37.74,0,33.59
2021-07-13,194,15,32.0,32.0,24.2,68,1.53,589.0,31.377,41.24,39.69,0,36.01
2021-07-14,195,11,30.4,30.4,24.1,78,2.46,815.0,30.94,40.45,38.3,0,33.98
2021-07-15,196,13,30.5,31.1,24.6,64,3.83,754.0,29.006,37.80,34.75,0,27.67
2021-07-16,197,13,31.7,31.9,25.0,62,2.9,772.0,30.161,40.01,36.97,0,32.75
2021-07-17,198,14,32.9,32.9,25.1,61,1.2,800.0,32.145,42.86,39.62,0,39.65
2021-07-18,199,12,31.9,32.4,26.0,73,1.72,757.0,32.094,42.34,41.22,0,40.83
2021-07-19,200,11,30.3,32.1,25.0,76,1.98,769.0,30.762,40.37,37.42,0,34.30
2021-07-20,201,9,28.4,28.6,25.2,77,4.31,388.0,27.699,33.71,32.6,0,22.15
2021-07-21,202,17,25.6,25.6,24.2,93,2.42,60.0,25.724,29.93,26.12,0,12.44
2021-07-22,203,11,28.6,28.6,24.2,79,1.12,511.0,29.419,37.96,33.46,0,27.62
2021-07-23,204,13,26.6,26.6,24.3,87,2.86,334.0,27.06,33.34,27.09,0,17.58
2021-07-24,205,15,28.0,28.0,24.2,82,3.81,299.0,27.691,33.39,32.41,0,20.67
2021-07-25,206,15,30.1,30.1,24.8,67,6.36,615.0,28.409,35.53,34.56,0,25.07
2021-07-26,207,11,29.4,29.4,25.0,67,6.87,497.0,27.531,33.83,33.02,0,21.84
2021-07-27,208,15,30.0,30.0,24.8,62,5.76,465.0,27.581,34.35,33.24,0,22.16
2021-07-28,209,13,28.2,28.3,24.1,71,6.13,496.0,26.88,32.63,31.2,0,18.02
2021-07-29,210,13,27.4,27.4,23.9,72,6.04,272.0,25.818,30.01,29.76,0,13.35
2021-07-30,211,14,25.1,25.1,23.9,92,5.06,196.0,25.432,28.15,25.58,0,10.25
2021-07-31,212,13,30.3,30.3,23.7,59,6.64,589.0,27.625,35.06,33.2,0,21.46
2021-08-01,213,15,29.1,29.3,25.1,67,5.73,581.0,27.478,34.19,32.39,0,21.89
2021-08-02,214,12,29.4,29.4,24.5,63,6.86,679.0,27.345,34.56,32.26,0,21.15
2021-08-03,215,14,29.1,29.1,24.2,65,5.73,603.0,27.292,34.18,32.03,0,20.34
2021-08-04,216,14,31.0,31.0,23.6,62,4.92,764.0,29.066,37.59,35.35,0,26.69
2021-08-05,217,11,29.3,29.3,24.6,64,5.6,581.0,27.351,34.31,32.25,0,21.09
2021-08-06,218,13,29.5,29.5,24.2,67,4.52,638.0,28.097,35.68,33.23,0,23.39
2021-08-07,219,13,32.2,32.2,24.2,53,4.03,850.0,29.36,39.41,35.51,0,29.32
2021-08-08,220,11,30.6,30.6,24.1,70,3.54,763.0,29.851,38.69,36.54,0,29.99
2021-08-09,221,12,31.9,31.9,24.2,59,3.49,809.0,29.887,39.69,36.55,0,30.90
2021-08-10,222,12,31.8,31.8,25.5,65,4.2,775.0,30.3,39.36,38.14,0,33.56
2021-08-11,223,16,31.6,31.6,24.7,57,2.83,496.0,28.983,38.14,35.34,0,28.21
2021-08-12,224,14,31.9,32.0,24.8,60,3.16,711.0,29.935,39.59,36.84,0,31.73
2021-08-13,225,12,31.3,31.5,25.1,68,1.65,813.0,31.115,41.31,37.79,0,35.91
2021-08-14,226,13,31.3,31.5,24.8,63,3.14,773.0,29.836,39.39,36.31,0,31.20
2021-08-15,227,13,31.4,31.5,24.8,64,2.56,782.0,30.245,40.16,36.84,0,32.73
2021-08-16,228,14,32.2,32.2,24.8,59,2.33,693.0,30.326,40.51,37.24,0,33.28
2021-08-17,229,14,28.1,29.2,24.7,83,0.58,247.0,28.981,36.23,32.84,0,25.90
2021-08-18,230,11,28.9,28.9,24.0,78,0.45,538.0,30.777,38.76,34.05,0,30.75
2021-08-19,231,13,29.2,29.9,23.9,75,2.37,682.0,29.259,38.12,34.19,0,27.36
2021-08-20,232,14,27.9,27.9,23.9,82,2.44,452.0,28.224,35.81,32.15,0,22.98
2021-08-21,233,12,29.3,29.7,23.6,75,4.65,799.0,28.982,36.70,34.45,0,25.55
2021-08-22,234,11,29.5,29.5,23.8,74,2.34,721.0,29.526,38.61,34.73,0,28.30
2021-08-23,235,14,31.2,31.2,24.1,65,3.08,704.0,29.876,39.16,36.64,0,30.42
2021-08-24,236,12,31.0,31.3,24.4,65,2.22,778.0,30.114,40.05,36.16,0,31.68
2021-08-25,237,13,31.9,31.9,24.2,59,4.32,782.0,29.673,38.96,36.55,0,29.97
2021-08-26,238,13,31.4,31.4,23.7,56,4.0,827.0,28.974,38.54,34.68,0,27.07
2021-08-27,239,12,31.1,31.6,23.9,57,2.28,806.0,29.295,39.62,34.32,0,28.56
2021-08-28,240,13,30.2,30.4,23.4,69,0.41,436.0,30.656,38.67,35.28,0,30.22
2021-08-29,241,13,30.2,30.2,24.1,70,0.58,651.0,31.218,40.09,35.53,0,33.21
2021-08-30,242,14,30.0,30.4,24.1,78,1.77,663.0,30.586,39.89,37.11,0,32.46
2021-08-31,243,11,29.4,30.2,24.1,81,3.36,760.0,29.913,38.29,36.12,0,29.67
2021-09-01,244,13,28.5,28.8,24.3,79,3.22,626.0,28.642,36.44,33.2,0,25.08
2021-09-02,245,14,29.2,29.5,23.6,74,1.36,724.0,29.799,39.14,33.98,0,28.69
2021-09-03,246,12,30.1,30.4,23.6,70,0.41,783.0,31.915,40.47,35.28,0,34.13
2021-09-04,247,14,29.2,29.5,24.0,76,0.45,587.0,31.039,39.20,34.41,0,31.70
2021-09-05,248,14,31.0,31.0,23.8,67,0.64,720.0,31.708,41.06,36.72,0,34.93
2021-09-06,249,14,29.8,30.1,24.6,78,0.64,521.0,31.138,39.68,36.53,0,33.72
2021-09-07,250,10,29.1,29.7,24.3,80,3.82,596.0,29.149,36.56,35.02,0,26.80
2021-09-08,251,15,29.4,29.4,24.0,71,3.83,499.0,28.312,35.63,33.83,0,23.75
2021-09-09,252,15,29.3,29.3,24.0,68,3.93,335.0,27.543,34.10,33.0,0,20.89
2021-09-10,253,13,30.2,30.2,24.1,68,2.76,701.0,29.357,38.46,35.03,0,28.33
2021-09-11,254,13,28.5,28.5,23.3,82,1.7,537.0,29.3,37.81,33.76,0,26.35
2021-09-12,255,14,29.9,29.9,23.9,74,2.44,632.0,29.704,38.58,35.77,0,29.12
2021-09-13,256,13,29.1,29.3,24.3,83,1.84,618.0,30.1,38.97,35.71,0,30.59
2021-09-14,257,11,29.3,30.1,24.9,80,3.3,510.0,29.29,36.86,35.59,0,28.19
2021-09-15,258,15,27.6,27.6,24.2,80,3.89,265.0,27.005,32.33,31.12,0,18.12
2021-09-16,259,14,27.2,27.2,24.1,76,4.97,383.0,26.352,31.52,29.78,0,15.69
2021-09-17,260,14,28.9,28.9,23.8,69,4.79,513.0,27.505,34.19,32.33,0,20.39
2021-09-18,261,12,29.6,30.3,23.2,65,2.82,687.0,28.415,37.40,33.04,0,23.99
2021-09-19,262,12,30.4,30.6,22.4,62,2.64,781.0,29.048,38.73,34.06,0,25.60
2021-09-20,263,13,27.0,27.0,24.2,90,0.71,372.0,28.96,36.51,31.09,0,24.83
2021-09-21,264,15,28.3,28.3,23.3,82,1.03,437.0,29.297,37.51,33.21,0,25.92
2021-09-22,265,13,30.2,30.8,23.5,74,0.36,775.0,32.42,40.69,36.58,0,35.61
2021-09-23,266,11,30.5,30.5,23.7,69,0.14,722.0,31.99,38.96,36.02,0,33.57
2021-09-24,267,12,29.2,29.2,23.9,77,1.92,618.0,29.533,38.42,34.63,0,28.25
2021-09-25,268,11,29.0,29.3,23.7,77,1.0,615.0,30.008,38.89,34.1,0,29.06
2021-09-26,269,12,30.3,31.2,23.6,79,0.92,798.0,32.048,41.63,38.3,0,36.34
2021-09-27,270,13,31.0,31.0,24.0,67,4.74,714.0,29.596,37.85,36.72,0,28.86
2021-09-28,271,13,28.9,29.0,24.5,72,6.08,603.0,27.821,34.27,32.88,0,22.07
2021-09-29,272,14,30.4,30.4,23.0,62,1.84,582.0,28.994,38.47,34.06,0,26.01
2021-09-30,273,12,30.7,31.0,22.9,70,0.86,796.0,31.543,41.21,36.8,0,33.70
2021-10-01,274,13,30.8,30.9,23.7,75,0.5,764.0,32.919,41.95,38.58,0,38.44
2021-10-02,275,12,29.9,30.2,23.8,68,0.91,667.0,30.156,39.45,34.33,0,29.95
2021-10-03,276,13,31.1,31.1,23.9,69,1.2,764.0,31.305,41.26,37.56,0,34.74
2021-10-04,277,12,31.5,31.7,24.0,66,0.36,784.0,32.796,41.52,37.69,0,37.91
2021-10-05,278,13,32.0,32.0,24.6,62,0.76,709.0,31.796,41.66,37.69,0,36.82
2021-10-06,279,11,30.6,30.6,24.4,70,2.15,694.0,30.171,39.67,36.54,0,31.65
2021-10-07,280,12,31.1,31.5,23.9,69,0.57,792.0,32.413,41.75,37.56,0,37.19
2021-10-08,281,13,32.1,32.1,24.6,62,0.41,737.0,32.743,41.89,37.94,0,38.87
2021-10-09,282,12,31.6,31.8,24.1,59,1.44,745.0,30.362,40.72,35.88,0,32.18
2021-10-10,283,11,31.6,32.7,21.8,50,1.2,838.0,29.666,40.57,33.64,0,27.48
2021-10-11,284,11,31.4,32.1,20.5,49,0.57,835.0,30.426,40.54,33.08,0,28.68
2021-10-12,285,11,31.3,32.3,20.0,48,1.0,835.0,29.37,40.18,32.71,0,26.28
2021-10-13,286,12,32.3,32.7,21.5,46,2.51,827.0,28.926,40.16,33.96,0,25.90
2021-10-14,287,10,30.6,32.8,22.3,54,2.95,714.0,28.078,37.82,32.73,0,22.50
2021-10-15,288,14,32.5,32.5,21.4,49,1.36,683.0,29.855,40.70,35.04,0,28.45
2021-10-16,289,13,32.0,32.4,23.2,59,3.92,729.0,29.763,39.12,36.78,0,29.17
2021-10-17,290,13,28.4,28.4,23.3,77,3.71,481.0,27.972,34.85,32.6,0,21.27
2021-10-18,291,15,29.5,29.5,23.4,70,3.82,438.0,28.184,35.32,33.85,0,22.59
2021-10-19,292,12,30.4,31.0,22.9,58,3.36,827.0,28.44,38.00,33.18,0,24.18
2021-10-20,293,13,30.3,30.6,21.1,51,1.28,767.0,28.384,38.88,31.67,0,23.10
2021-10-21,294,10,28.3,30.8,19.1,61,1.48,710.0,27.421,37.03,30.03,0,19.34
2021-10-22,295,14,30.3,30.3,17.3,34,0.45,705.0,27.371,37.74,29.38,0,19.51
2021-10-23,296,13,30.3,30.3,17.1,38,1.02,799.0,27.034,38.30,29.8,0,19.43
2021-10-24,297,12,29.7,30.1,17.6,43,0.78,831.0,27.639,38.23,29.69,0,20.49
2021-10-25,298,11,28.9,29.9,18.8,50,2.0,795.0,26.561,36.97,29.53,0,17.48
2021-10-26,299,14,29.6,29.6,18.9,42,0.82,552.0,26.586,36.64,29.46,0,17.26
2021-10-27,300,13,29.8,30.0,19.3,44,2.47,701.0,26.239,36.73,29.93,0,16.85
2021-10-28,301,12,29.4,29.6,18.8,43,3.32,816.0,25.687,36.07,29.34,0,15.10
2021-10-29,302,16,28.4,29.6,17.5,49,0.91,291.0,25.393,34.04,28.81,0,12.89
2021-10-30,303,14,29.7,29.7,17.8,40,1.57,657.0,25.968,36.87,29.35,0,16.22
2021-10-31,304,13,29.2,29.3,16.1,38,0.91,784.0,26.202,37.17,28.63,0,16.61
2021-11-01,305,16,27.7,29.1,15.9,49,0.81,286.0,24.84,33.33,28.04,0,11.04
2021-11-02,306,13,29.7,29.7,17.2,49,2.0,692.0,26.962,37.26,30.47,0,18.79
2021-11-03,307,14,29.7,29.7,20.2,52,1.39,584.0,27.447,37.32,30.91,0,19.92
2021-11-04,308,13,29.6,29.8,19.8,51,1.7,699.0,27.292,37.54,30.62,0,19.68
2021-11-05,309,12,29.8,30.4,19.2,45,0.86,749.0,27.641,38.06,30.06,0,20.50
2021-11-06,310,12,29.5,29.8,18.0,43,1.17,793.0,26.825,37.71,29.45,0,18.49
2021-11-07,311,13,29.3,29.4,17.0,34,2.25,756.0,24.629,36.20,28.4,0,12.86
2021-11-08,312,16,28.2,29.4,16.3,42,1.12,268.0,24.101,33.08,27.99,0,9.45
2021-11-09,313,13,29.4,29.6,16.3,31,2.87,751.0,24.036,35.67,28.28,0,11.30
2021-11-10,314,16,28.0,29.4,15.9,46,1.08,266.0,24.44,33.13,28.11,0,10.17
2021-11-11,315,12,28.5,28.7,17.4,36,3.16,706.0,23.84,34.42,27.83,0,9.87
2021-11-12,316,13,30.4,30.4,19.8,50,3.69,666.0,27.144,36.47,31.65,0,19.01
2021-11-13,317,13,30.3,30.4,22.4,55,2.59,572.0,27.77,37.14,32.4,0,21.42
2021-11-14,318,13,29.5,29.5,22.5,62,2.28,561.0,27.922,36.94,32.27,0,21.63
2021-11-15,319,13,30.7,30.7,21.2,50,1.72,621.0,27.983,38.24,32.13,0,22.05
2021-11-16,320,14,31.2,31.2,21.2,46,2.61,454.0,27.2,36.86,32.18,0,19.59
2021-11-17,321,14,30.7,30.7,22.3,54,3.1,498.0,27.732,36.64,32.91,0,21.06
2021-11-18,322,13,31.7,32.0,22.0,45,2.82,606.0,27.764,38.09,32.76,0,21.76
2021-11-19,323,13,31.8,31.8,22.2,40,3.14,637.0,27.13,37.84,31.99,0,20.33
2021-11-20,324,12,30.7,31.0,22.5,53,2.94,540.0,27.732,36.96,32.7,0,21.45
2021-11-21,325,14,30.1,30.1,21.8,61,1.03,516.0,28.998,38.23,33.23,0,24.37
2021-11-22,326,13,30.4,30.7,22.0,58,0.41,638.0,30.36,39.08,33.18,0,27.54
2021-11-23,327,13,30.2,30.5,21.2,54,0.41,606.0,29.589,38.37,32.04,0,25.15
2021-11-24,328,12,30.6,31.0,20.1,48,0.0,734.0,29.643,37.22,31.62,0,24.26
2021-11-25,329,11,29.5,31.2,18.9,49,0.4,688.0,28.63,37.64,30.2,0,22.12
2021-11-26,330,12,29.6,30.0,18.5,40,1.49,729.0,26.093,37.18,29.24,0,16.64
2021-11-27,331,11,27.8,29.5,16.1,40,1.82,702.0,24.263,35.04,27.49,0,10.99
2021-11-28,332,12,28.1,28.6,14.5,28,2.98,741.0,22.455,34.11,27.08,0,6.75
2021-11-29,333,13,28.5,28.7,15.5,28,2.34,692.0,22.911,34.78,27.37,0,8.20
2021-11-30,334,14,28.1,28.1,15.4,29,2.14,579.0,22.589,33.94,27.12,0,6.89
2021-12-01,335,13,28.0,28.2,16.7,34,2.69,678.0,23.225,34.12,27.3,0,8.29
2021-12-02,336,13,27.8,27.9,16.2,33,2.5,676.0,22.977,34.05,27.09,0,7.69
2021-12-03,337,13,28.2,28.5,17.3,35,2.21,630.0,23.613,34.51,27.51,0,9.38
2021-12-04,338,14,29.0,29.0,17.8,35,2.25,571.0,24.157,34.94,28.2,0,10.98
2021-12-05,339,13,29.1,29.3,17.2,41,1.7,675.0,25.537,36.32,28.8,0,14.81
2021-12-06,340,12,28.9,29.7,17.4,43,0.8,703.0,26.565,36.83,28.78,0,17.10
2021-12-07,341,13,29.2,29.3,19.0,44,1.8,673.0,25.952,36.51,29.22,0,15.88
2021-12-08,342,12,28.2,29.2,18.4,42,2.8,705.0,24.472,34.68,27.99,0,11.31
2021-12-09,343,13,29.3,29.3,18.2,38,0.71,673.0,26.329,36.78,28.73,0,16.61
2021-12-10,344,13,28.6,28.9,17.5,42,1.33,640.0,25.405,35.92,28.38,0,14.11
2021-12-11,345,13,28.1,28.3,18.4,41,1.12,672.0,25.109,35.65,27.82,0,13.15
2021-12-12,346,13,27.3,27.5,15.7,36,1.32,683.0,23.607,34.61,26.88,0,9.25
2021-12-13,347,13,27.0,27.1,14.1,33,0.92,694.0,23.403,34.43,26.54,0,8.74
2021-12-14,348,13,26.9,27.1,13.8,32,1.73,687.0,22.45,33.84,26.44,0,6.51
2021-12-15,349,14,27.1,27.1,14.1,35,1.63,583.0,22.856,33.63,26.69,0,7.13
2021-12-16,350,14,26.9,26.9,14.1,36,1.8,577.0,22.712,33.32,26.61,0,6.63
2021-12-17,351,13,26.7,27.3,13.3,39,0.36,666.0,24.843,34.01,26.61,0,11.16
2021-12-18,352,13,26.2,26.6,15.3,42,1.96,675.0,22.987,33.34,26.09,0,7.17
2021-12-19,353,14,24.1,24.1,13.5,33,1.61,598.0,20.106,30.99,23.76,0,3.60
2021-12-20,354,14,23.5,23.5,10.1,21,1.36,617.0,18.205,30.54,22.98,0,3.28
2021-12-21,355,14,24.4,24.4,9.0,25,0.22,609.0,20.857,30.31,23.97,0,3.11
2021-12-22,356,13,25.0,25.5,9.9,30,0.28,693.0,22.327,31.81,24.67,0,4.81
2021-12-23,357,12,25.9,27.1,11.6,34,0.45,708.0,23.659,33.77,25.67,0,8.74
2021-12-24,358,14,28.1,28.1,12.4,36,1.72,584.0,23.794,34.57,27.49,0,9.76
2021-12-25,359,12,27.5,28.3,15.7,37,1.14,699.0,24.115,35.01,27.08,0,10.53
2021-12-26,360,13,27.5,27.8,15.0,37,0.22,679.0,25.319,33.83,27.08,0,11.95
2021-12-27,361,12,26.9,27.8,14.8,44,0.63,692.0,25.227,35.01,26.99,0,12.60
2021-12-28,362,12,27.1,28.5,16.2,54,3.93,605.0,24.473,32.42,27.78,0,9.60
2021-12-29,363,13,24.1,24.3,16.1,54,0.73,560.0,23.223,32.27,24.04,0,6.84
2021-12-30,364,15,23.3,23.3,14.0,56,1.49,298.0,21.175,29.12,23.22,0,2.25
2021-12-31,365,14,24.7,24.8,13.3,55,1.8,587.0,22.984,32.20,24.68,0,6.33
2022-01-01,1,14,25.2,25.2,13.8,53,1.43,571.0,23.41,32.80,25.18,0,7.58
2022-01-02,2,13,25.5,25.8,14.8,51,1.34,687.0,23.809,33.70,25.47,0,8.98
2022-01-03,3,13,25.3,25.7,14.2,47,0.9,695.0,23.679,33.63,25.21,0,8.68
2022-01-04,4,13,26.4,26.8,13.3,40,0.81,696.0,23.967,34.29,26.27,0,9.70
2022-01-05,5,13,26.8,27.2,13.3,40,1.41,688.0,23.63,34.31,26.72,0,9.08
2022-01-06,6,14,28.1,28.1,15.9,42,1.68,595.0,24.627,34.96,27.9,0,11.77
2022-01-07,7,12,27.8,28.8,16.3,43,3.35,711.0,24.106,33.81,27.69,0,9.88
2022-01-08,8,13,27.9,27.9,16.1,47,3.93,647.0,24.456,33.20,28.09,0,10.25
2022-01-09,9,13,24.9,25.3,16.7,65,2.42,574.0,23.906,32.15,25.02,0,8.04
2022-01-10,10,14,23.6,23.9,16.1,67,1.14,465.0,23.277,31.63,23.68,0,6.48
2022-01-11,11,13,23.2,23.2,15.8,66,0.81,337.0,22.692,30.48,23.25,0,4.54
2022-01-12,12,14,22.6,22.6,14.8,64,0.4,401.0,22.814,30.32,22.59,0,4.66
2022-01-13,13,14,24.2,24.3,13.9,52,0.85,508.0,22.764,31.85,24.12,0,5.67
2022-01-14,14,12,21.0,21.0,15.3,73,2.42,359.0,20.469,27.12,21.03,0,0.81
2022-01-15,15,13,22.9,23.2,15.1,59,2.47,479.0,21.227,29.19,22.84,0,2.31
2022-01-16,16,14,24.4,24.4,13.3,51,1.43,654.0,22.668,32.45,24.31,0,5.92
2022-01-17,17,14,25.0,25.0,12.9,47,0.42,654.0,24.25,33.21,24.89,0,9.46
2022-01-18,18,12,24.1,25.6,13.5,52,0.71,738.0,23.575,33.17,24.01,0,8.15
2022-01-19,19,14,25.2,25.3,12.8,35,0.45,670.0,23.066,33.03,24.94,0,7.09
2022-01-20,20,13,26.9,27.4,11.7,32,1.08,744.0,23.105,34.50,26.44,0,8.22
2022-01-21,21,13,28.0,28.4,13.8,32,4.42,752.0,22.662,32.96,27.19,0,6.35
2022-01-22,22,13,28.8,29.2,12.8,32,4.6,745.0,23.291,33.68,27.82,0,8.29
2022-01-23,23,11,25.2,27.1,16.7,44,3.32,658.0,21.853,30.92,25.06,0,3.55
2022-01-24,24,13,23.8,23.9,13.7,33,2.5,769.0,19.777,30.82,23.45,0,3.48
2022-01-25,25,13,22.8,23.0,11.9,34,1.43,772.0,19.638,31.09,22.41,0,3.68
2022-01-26,26,13,23.0,23.2,11.4,32,2.21,774.0,19.11,30.45,22.6,0,3.22
2022-01-27,27,13,22.8,23.5,10.4,31,1.68,790.0,19.135,30.90,22.37,0,3.54
2022-01-28,28,14,23.2,23.3,10.3,28,1.0,718.0,19.535,31.25,22.75,0,3.79
2022-01-29,29,14,25.6,25.7,9.1,25,0.5,723.0,22.062,33.24,25.23,0,5.35
2022-01-30,30,14,27.5,27.6,9.6,28,1.36,718.0,22.694,34.61,26.66,0,7.53
2022-01-31,31,11,26.0,29.1,11.4,32,0.4,731.0,23.553,33.61,25.75,0,8.43
2022-02-01,32,12,27.8,29.1,13.0,27,0.92,799.0,23.458,35.38,26.83,0,9.53
2022-02-02,33,13,29.1,29.3,13.9,30,0.36,794.0,26.049,36.30,27.96,0,15.44
2022-02-03,34,13,30.3,30.9,16.3,35,4.62,783.0,25.047,35.64,29.48,0,13.64
2022-02-04,35,14,25.3,25.3,14.8,27,2.83,732.0,20.05,31.49,24.95,0,3.96
2022-02-05,36,14,26.3,26.4,9.8,19,0.36,748.0,21.878,33.19,25.89,0,5.19
2022-02-06,37,13,27.3,27.7,11.8,25,0.91,816.0,22.797,34.95,26.43,0,7.97
2022-02-07,38,13,29.0,29.4,12.0,27,0.41,807.0,25.538,36.37,27.72,0,14.44
2022-02-08,39,13,29.5,30.0,14.6,30,1.0,803.0,25.216,37.08,28.3,0,14.56
2022-02-09,40,12,29.1,30.6,19.2,43,3.47,734.0,25.258,35.21,29.0,0,13.55
2022-02-10,41,14,28.8,28.8,18.0,31,1.89,732.0,23.896,35.72,27.77,0,10.89
2022-02-11,42,13,26.2,26.8,14.5,29,1.61,830.0,21.815,33.92,25.92,0,5.72
2022-02-12,43,14,27.8,27.9,11.5,23,1.41,767.0,22.21,34.92,26.69,0,6.84
2022-02-13,44,17,26.4,28.5,13.1,60,0.2,191.0,24.874,31.05,26.53,0,9.07
2022-02-14,45,14,29.4,29.6,13.7,27,0.28,752.0,25.691,35.73,28.04,0,14.39
2022-02-15,46,14,29.8,29.9,15.6,27,1.7,750.0,24.24,36.72,28.38,0,12.49
2022-02-16,47,13,29.1,29.3,17.3,36,0.92,694.0,25.598,36.52,28.37,0,14.90
2022-02-17,48,13,26.9,27.3,17.5,42,1.63,755.0,23.951,34.69,26.89,0,9.96
2022-02-18,49,15,29.1,29.1,17.8,39,0.1,544.0,26.485,34.19,28.62,0,14.99
2022-02-19,50,14,28.8,28.8,19.0,45,0.9,658.0,26.457,36.59,28.87,0,16.76
2022-02-20,51,12,31.1,32.0,18.1,32,4.22,835.0,25.412,36.95,30.04,0,15.49
2022-02-21,52,14,31.4,31.4,15.5,18,2.48,785.0,23.52,37.70,29.35,0,12.20
2022-02-22,53,14,32.6,32.6,14.9,17,1.58,784.0,24.676,39.18,30.39,0,15.83
2022-02-23,54,14,33.0,33.0,15.1,22,2.16,781.0,25.711,39.69,31.09,0,18.42
2022-02-24,55,13,33.1,33.4,20.3,32,4.19,803.0,27.047,39.14,32.43,0,21.04
2022-02-25,56,13,32.6,32.9,18.2,20,0.14,862.0,27.292,37.77,30.55,0,19.82
2022-02-26,57,12,30.9,32.1,19.1,35,2.72,847.0,26.106,37.98,30.14,0,17.58
2022-02-27,58,13,32.4,32.4,19.1,27,3.7,803.0,25.716,38.45,30.93,0,17.47
2022-02-28,59,12,31.6,32.8,19.0,30,2.82,862.0,25.903,38.53,30.37,0,17.67
2022-03-01,60,12,32.0,33.0,19.9,30,1.8,853.0,26.68,39.54,30.82,0,20.04
2022-03-02,61,13,33.1,33.4,20.2,25,0.54,801.0,28.206,40.36,31.49,0,23.76
2022-03-03,62,12,32.9,32.9,20.5,25,2.13,874.0,26.391,40.18,31.27,0,20.12
2022-03-04,63,13,33.0,33.4,19.7,25,1.06,808.0,27.159,40.27,31.38,0,21.68
2022-03-05,64,12,33.2,34.2,20.8,25,0.94,879.0,27.645,40.80,31.6,0,23.06
2022-03-06,65,15,34.1,34.1,20.5,21,0.54,650.0,27.738,40.32,32.17,0,23.10
2022-03-07,66,13,34.2,34.5,20.4,20,2.06,884.0,26.464,41.38,32.17,0,21.46
2022-03-08,67,12,34.0,35.7,20.3,20,1.62,887.0,26.584,41.28,31.96,0,21.54
2022-03-09,68,14,34.6,34.6,20.5,21,0.95,792.0,27.733,41.58,32.72,0,24.21
2022-03-10,69,12,33.4,34.1,21.1,24,0.61,730.0,27.857,40.24,31.71,0,23.10
2022-03-11,70,12,34.5,34.9,22.3,23,0.76,873.0,28.588,41.98,32.85,0,26.51
2022-03-12,71,13,34.5,34.9,21.6,19,1.41,894.0,26.931,41.79,32.4,0,22.72
2022-03-13,72,17,33.6,35.2,18.5,29,0.28,238.0,27.369,37.09,32.6,0,20.23
2022-03-14,73,12,35.0,36.2,18.3,17,0.58,922.0,28.209,42.12,32.74,0,25.50
2022-03-15,74,13,38.1,38.8,21.1,16,2.62,907.0,28.261,45.44,36.0,0,29.22
2022-03-16,75,13,39.3,40.1,23.4,14,3.69,900.0,28.256,46.43,36.99,1,33.59
2022-03-17,76,10,35.0,40.3,21.9,22,0.42,718.0,29.14,41.58,33.3,2,30.41
2022-03-18,77,12,38.6,39.5,24.1,17,2.33,919.0,29.045,46.22,36.78,0,34.00
2022-03-19,78,12,37.2,38.1,23.4,21,1.8,911.0,29.223,44.98,35.84,0,32.28
2022-03-20,79,11,35.8,37.6,23.7,28,1.68,837.0,29.502,43.58,35.4,0,31.97
2022-03-21,80,12,37.3,38.2,25.1,21,0.64,752.0,30.298,44.31,35.97,0,35.85
2022-03-22,81,13,39.3,39.3,22.8,11,3.25,937.0,27.493,46.35,36.26,0,29.45
2022-03-23,82,13,39.3,39.3,21.3,11,1.55,928.0,28.274,46.37,36.26,0,30.01
2022-03-24,83,13,38.9,38.9,22.2,14,2.6,901.0,28.293,46.17,36.54,0,30.24
2022-03-25,84,11,37.4,38.7,24.5,23,4.6,857.0,28.844,44.21,36.53,0,32.54
2022-03-26,85,13,39.9,40.1,25.8,15,2.48,910.0,29.386,47.50,37.89,1,39.63
2022-03-27,86,11,38.2,39.8,23.6,11,2.21,897.0,27.032,45.05,35.15,0,28.16
2022-03-28,87,11,38.7,40.2,21.6,10,1.1,905.0,27.914,45.29,35.41,1,29.90
2022-03-29,88,13,40.6,41.0,22.0,9,2.01,955.0,28.244,47.75,37.04,2,34.57
2022-03-30,89,14,40.9,40.9,25.4,10,2.64,862.0,28.371,47.87,37.62,3,40.75
2022-03-31,90,12,40.0,40.5,22.7,10,0.61,970.0,29.884,46.77,36.71,4,40.99
2022-04-01,91,12,39.9,40.7,24.7,11,1.22,972.0,29.094,47.12,36.87,5,43.81
2022-04-02,92,11,37.4,40.8,23.5,25,0.5,894.0,32.063,45.49,37.01,6,48.56
2022-04-03,93,13,39.7,39.8,25.3,17,0.14,814.0,31.875,45.00,38.14,0,40.37
2022-04-04,94,14,40.8,40.8,25.2,13,0.67,828.0,30.927,47.59,38.45,1,42.11
2022-04-05,95,11,38.9,40.8,26.0,22,1.3,886.0,31.133,46.95,38.39,2,44.62
2022-04-06,96,14,40.6,40.7,25.6,15,0.71,787.0,31.195,47.49,38.73,3,46.45
2022-04-07,97,11,38.4,39.9,27.6,25,2.92,877.0,30.503,46.17,38.51,0,41.45
2022-04-08,98,13,40.4,40.4,28.1,20,2.2,868.0,31.18,48.41,39.95,1,47.13
2022-04-09,99,12,40.1,40.9,27.0,19,2.51,866.0,30.553,47.91,39.21,2,45.69
2022-04-10,100,12,40.3,41.1,27.8,19,3.05,893.0,30.561,48.15,39.49,3,48.58
2022-04-11,101,13,42.3,42.7,27.4,12,1.52,941.0,30.805,49.99,39.8,4,51.68
2022-04-12,102,13,40.9,41.3,28.1,15,0.7,751.0,31.341,47.65,39.1,5,53.24
2022-04-13,103,14,41.2,41.2,28.3,18,1.97,714.0,31.096,48.49,40.42,6,55.77
2022-04-14,104,13,40.4,40.4,28.9,19,2.64,796.0,30.619,47.93,39.63,7,54.87
2022-04-15,105,12,41.4,41.9,26.3,10,1.55,943.0,29.447,48.69,38.14,8,49.62
2022-04-16,106,11,40.7,42.1,26.5,10,2.26,929.0,28.498,47.92,37.42,9,47.24
2022-04-17,107,12,41.2,42.5,25.4,10,1.0,983.0,29.974,48.39,37.94,10,49.27
2022-04-18,108,14,42.7,42.7,25.6,10,1.75,858.0,30.062,49.88,39.52,11,51.34
2022-04-19,109,14,43.3,43.3,27.1,10,1.63,854.0,30.557,50.52,40.18,12,54.73
2022-04-20,110,14,43.3,44.1,29.0,10,0.76,852.0,31.556,50.10,40.18,13,58.53
2022-04-21,111,13,43.2,43.2,30.4,10,0.85,961.0,31.576,50.51,40.07,14,60.45
2022-04-22,112,13,39.5,39.8,28.3,19,1.25,911.0,30.968,47.44,38.4,0,44.02
2022-04-23,113,12,39.3,39.8,27.1,24,1.17,816.0,31.894,47.28,39.6,0,44.69
2022-04-24,114,13,41.8,41.8,27.1,12,3.05,909.0,29.635,49.36,39.24,1,43.46
2022-04-25,115,12,44.1,44.4,26.5,7,1.75,974.0,30.053,51.66,39.98,2,47.16
2022-04-26,116,12,42.3,42.5,27.3,10,2.52,988.0,29.602,50.04,39.09,3,47.40
2022-04-27,117,12,43.1,43.6,27.5,9,2.39,989.0,29.845,50.85,39.6,4,50.54
2022-04-28,118,13,43.6,43.7,26.8,8,1.99,913.0,29.871,50.96,39.78,5,51.58
2022-04-29,119,14,45.5,45.5,30.0,5,1.04,782.0,30.362,52.26,40.63,6,59.17
2022-04-30,120,12,43.8,43.9,31.2,9,3.64,975.0,29.89,51.61,40.36,7,59.10
2022-05-01,121,10,40.4,42.4,28.7,16,2.85,806.0,29.745,47.69,38.75,8,52.48
2022-05-02,122,11,41.3,42.8,30.4,16,2.51,905.0,30.703,49.23,39.9,9,57.82
2022-05-03,123,12,42.1,42.7,28.7,16,0.99,835.0,32.261,49.65,40.94,10,59.46
2022-05-04,124,14,42.5,42.6,28.6,15,2.02,813.0,31.365,50.13,41.11,11,58.07
2022-05-05,125,13,42.6,42.6,29.3,11,2.73,871.0,29.911,50.03,39.77,12,55.57
2022-05-06,126,11,40.2,42.3,26.1,14,1.12,931.0,30.294,47.69,38.01,13,50.21
2022-05-07,127,10,38.6,40.1,28.1,25,0.45,792.0,32.885,46.42,38.82,14,56.82
2022-05-08,128,11,40.9,42.8,27.1,15,1.21,924.0,30.993,48.62,39.1,15,53.78
2022-05-09,129,11,41.2,43.2,28.8,16,0.81,821.0,31.832,48.50,39.77,16,57.50
2022-05-10,130,11,40.1,44.1,29.2,21,4.61,923.0,30.589,47.86,39.84,17,55.19
2022-05-11,131,11,39.2,41.2,29.5,28,3.89,907.0,31.568,47.08,40.84,18,57.20
2022-05-12,132,13,40.9,41.1,30.8,27,0.36,839.0,35.326,49.06,43.5,19,68.23
2022-05-13,133,12,41.8,42.8,30.7,24,2.69,880.0,33.085,50.35,43.76,20,64.91
2022-05-14,134,11,42.2,44.1,31.2,19,2.32,904.0,32.312,50.59,42.23,21,63.64
2022-05-15,135,12,43.3,43.5,31.5,18,2.47,911.0,32.822,51.80,43.44,22,66.27
2022-05-16,136,12,41.5,41.5,30.7,21,3.92,911.0,31.806,49.67,41.97,23,61.34
2022-05-17,137,12,42.6,42.9,30.8,14,1.87,919.0,31.398,50.57,40.88,24,60.93
2022-05-18,138,11,39.9,41.3,30.1,28,0.6,822.0,34.213,48.35,42.09,25,64.27
2022-05-19,139,13,39.3,39.8,29.2,29,2.6,914.0,32.243,47.78,41.4,0,48.84
2022-05-20,140,14,42.1,42.1,30.4,23,0.72,757.0,34.398,50.05,43.81,1,58.51
2022-05-21,141,14,43.1,43.1,30.8,16,3.6,773.0,31.515,50.69,42.29,2,55.10
2022-05-22,142,12,39.4,41.0,30.5,22,4.74,952.0,30.295,47.11,39.12,3,50.34
2022-05-23,143,11,37.5,39.9,29.3,30,4.61,876.0,30.38,44.66,38.59,0,42.13
2022-05-24,144,13,37.5,38.3,26.4,30,0.71,899.0,32.572,46.07,38.59,0,43.91
2022-05-25,145,11,38.8,40.4,26.9,25,0.89,859.0,32.18,46.95,39.14,1,46.26
2022-05-26,146,11,39.5,40.0,27.7,25,2.92,840.0,31.33,47.36,40.26,2,47.96
2022-05-27,147,11,39.0,41.6,27.8,23,4.04,872.0,30.24,46.42,38.83,3,46.48
2022-05-28,148,13,40.7,40.9,29.1,19,4.8,919.0,30.507,48.51,40.05,4,52.13
2022-05-29,149,12,40.3,41.1,30.0,23,4.31,929.0,31.294,48.26,40.83,5,56.45
2022-05-30,150,12,41.2,42.1,29.5,20,2.33,927.0,31.839,49.59,41.12,6,59.63
2022-05-31,151,12,41.4,41.8,30.7,23,3.34,883.0,32.327,49.65,42.63,7,62.55
2022-06-01,152,14,42.7,42.9,30.5,14,0.51,655.0,32.542,48.97,41.0,8,61.63
2022-06-02,153,12,43.1,43.5,30.4,13,3.27,898.0,30.83,50.95,41.13,9,59.75
2022-06-03,154,12,43.7,44.0,32.2,13,2.58,876.0,31.46,51.56,41.86,10,63.76
2022-06-04,155,14,43.4,43.8,32.4,13,1.92,622.0,31.056,49.98,41.49,11,61.95
2022-06-05,156,13,44.2,44.2,32.1,12,2.77,826.0,31.326,51.79,42.03,12,63.62
2022-06-06,157,12,44.9,44.9,32.9,11,3.07,927.0,31.522,52.90,42.44,13,65.88
2022-06-07,158,11,42.3,43.0,31.9,14,3.33,828.0,30.45,49.80,40.51,14,59.73
2022-06-08,159,10,40.7,42.9,32.2,23,5.81,788.0,31.196,48.22,41.48,15,60.71
2022-06-09,160,13,41.6,41.6,32.0,24,3.53,795.0,32.546,49.53,43.41,16,64.69
2022-06-10,161,13,41.0,41.1,27.1,25,2.3,862.0,32.805,49.46,42.8,17,59.18
2022-06-11,162,12,39.2,39.2,28.8,32,2.21,866.0,32.839,47.81,42.44,0,49.90
2022-06-12,163,15,36.3,36.3,25.6,43,0.5,613.0,33.459,44.57,40.89,0,44.42
2022-06-13,164,13,37.1,37.5,27.6,39,2.97,857.0,31.985,45.26,41.03,0,44.53
2022-06-14,165,13,38.9,39.1,27.3,33,2.06,858.0,32.837,47.53,42.26,0,47.88
2022-06-15,166,13,37.4,38.5,25.7,39,2.34,803.0,32.383,45.76,41.66,0,43.66
2022-06-16,167,12,34.6,34.7,25.8,48,2.3,894.0,31.453,43.46,39.02,0,39.37
2022-06-17,168,13,33.1,33.1,24.7,56,3.33,667.0,30.436,40.42,38.37,0,33.73
2022-06-18,169,12,33.2,33.2,25.2,54,3.68,775.0,30.365,40.63,37.94,0,34.17
2022-06-19,170,14,31.4,31.8,25.1,65,2.25,663.0,30.262,39.97,37.13,0,33.08
2022-06-20,171,13,32.8,33.0,23.9,55,3.2,658.0,30.05,40.02,37.36,0,31.40
2022-06-21,172,13,32.1,32.1,23.2,60,1.41,678.0,30.821,41.10,37.31,0,32.80
2022-06-22,173,13,31.9,32.2,23.2,65,0.78,851.0,32.388,42.47,38.4,0,37.16
2022-06-23,174,13,33.3,33.5,24.8,59,0.22,861.0,33.88,42.49,39.92,0,42.43
2022-06-24,175,13,32.5,32.8,24.2,62,1.91,867.0,31.486,42.27,38.94,0,36.68
2022-06-25,176,14,31.3,32.1,25.4,65,3.01,693.0,29.97,39.30,36.88,0,32.30
2022-06-26,177,11,31.1,31.8,25.9,69,1.2,714.0,31.19,41.03,37.56,0,36.69
2022-06-27,178,13,31.1,31.1,24.6,65,0.92,654.0,30.904,40.52,36.4,0,33.84
2022-06-28,179,12,32.3,33.1,24.5,64,2.48,791.0,31.135,41.40,39.11,0,35.80
2022-06-29,180,10,31.9,32.3,26.1,65,2.11,700.0,30.864,40.89,38.4,0,36.53
2022-06-30,181,11,29.9,30.0,24.8,73,1.1,570.0,30.221,39.30,35.52,0,31.57
2022-07-01,182,15,30.5,30.9,25.1,68,1.0,388.0,29.793,38.52,35.75,0,30.64
2022-07-02,183,11,28.6,28.7,25.5,78,2.42,352.0,28.257,35.68,33.27,0,25.22
2022-07-03,184,13,30.2,30.2,24.2,70,1.9,533.0,29.562,38.58,35.53,0,29.11
2022-07-04,185,13,28.5,28.5,24.2,76,5.26,525.0,27.825,33.96,32.66,0,21.42
2022-07-05,186,12,30.3,30.3,23.9,69,4.35,792.0,29.332,37.70,35.52,0,27.68
2022-07-06,187,13,30.3,30.4,23.9,68,1.9,718.0,29.831,39.46,35.27,0,29.81
2022-07-07,188,14,29.8,30.0,24.5,74,2.97,569.0,29.328,37.60,35.51,0,28.30
2022-07-08,189,13,30.8,30.8,24.5,70,1.94,798.0,30.661,40.57,37.07,0,33.55
2022-07-09,190,13,30.4,30.4,23.8,74,2.72,696.0,30.21,39.25,37.13,0,30.95
2022-07-10,191,12,28.7,28.7,23.3,78,2.64,736.0,29.091,37.74,33.53,0,25.82
2022-07-11,192,12,28.9,28.9,23.9,75,3.97,470.0,28.181,35.02,33.45,0,22.80
2022-07-12,193,12,29.5,29.5,23.8,76,3.45,615.0,29.224,37.17,35.2,0,26.86
2022-07-13,194,15,28.9,29.7,23.9,81,0.2,510.0,30.981,37.72,34.68,0,30.50
2022-07-14,195,15,28.0,28.0,23.9,81,2.4,297.0,27.837,34.80,32.25,0,21.55
2022-07-15,196,18,26.8,27.6,23.7,89,0.85,87.0,27.084,33.22,30.38,0,18.06
2022-07-16,197,12,30.2,30.3,23.7,72,2.18,651.0,29.912,39.12,36.05,0,29.77
2022-07-17,198,12,29.6,29.6,24.7,78,2.6,436.0,29.381,37.33,35.96,0,28.61
2022-07-18,199,9,25.3,26.4,24.2,94,0.61,87.0,26.24,31.97,25.82,0,14.89
2022-07-19,200,15,29.7,29.7,23.8,62,5.2,448.0,27.328,34.08,32.65,0,20.11
2022-07-20,201,12,30.5,30.5,23.7,68,3.71,720.0,29.429,38.05,35.75,0,27.97
2022-07-21,202,14,28.9,29.6,24.6,80,3.55,517.0,28.864,36.12,34.46,0,26.08
2022-07-22,203,14,28.9,29.1,24.0,77,3.62,548.0,28.596,35.96,33.85,0,24.53
2022-07-23,204,13,27.2,27.2,24.2,86,3.14,400.0,27.652,34.17,30.91,0,20.60
2022-07-24,205,13,26.1,26.4,23.6,90,3.05,289.0,26.707,32.38,26.61,0,15.36
2022-07-25,206,11,27.0,27.0,23.5,84,2.06,309.0,27.29,34.30,30.12,0,18.90
2022-07-26,207,12,28.8,29.6,23.9,76,1.24,706.0,29.689,38.85,33.4,0,28.40
2022-07-27,208,12,29.2,29.8,23.0,74,0.14,673.0,31.128,37.69,33.98,0,29.45
2022-07-28,209,13,30.9,31.2,23.6,70,1.84,875.0,30.955,41.11,37.33,0,33.54
2022-07-29,210,12,29.7,30.2,24.2,76,1.22,842.0,30.88,40.54,35.74,0,33.09
2022-07-30,211,12,31.4,31.4,23.9,67,1.52,851.0,31.265,41.60,37.74,0,34.98
2022-07-31,212,11,31.2,31.4,24.5,70,1.3,851.0,31.602,41.80,38.14,0,36.61
2022-08-01,213,12,31.6,31.8,24.7,66,1.66,836.0,31.208,41.59,37.95,0,35.87
2022-08-02,214,15,32.1,32.1,25.1,59,1.48,666.0,30.622,40.91,37.0,0,34.39
2022-08-03,215,12,31.4,32.0,25.2,71,0.78,861.0,32.623,42.51,39.02,0,40.19
2022-08-04,216,15,30.5,30.6,24.4,71,0.76,601.0,31.096,40.19,36.56,0,33.78
2022-08-05,217,14,31.1,31.1,23.9,71,0.4,691.0,32.681,41.32,38.18,0,37.62
2022-08-06,218,13,31.1,31.1,23.6,71,1.0,878.0,32.02,42.07,38.18,0,36.56
2022-08-07,219,12,30.3,30.3,24.0,74,2.31,748.0,30.355,39.76,36.85,0,31.72
2022-08-08,220,15,29.0,29.8,23.9,80,0.14,655.0,31.503,37.98,34.74,0,31.70
2022-08-09,221,13,28.2,28.2,23.7,80,4.36,675.0,28.307,35.31,32.6,0,22.71
2022-08-10,222,12,25.5,25.9,24.1,89,7.37,352.0,25.727,28.72,25.96,0,11.45
2022-08-11,223,15,27.0,27.1,23.8,80,4.74,225.0,26.233,30.39,29.74,0,14.29
2022-08-12,224,13,30.1,30.5,23.8,70,4.7,792.0,29.192,37.28,35.28,0,26.91
2022-08-13,225,14,29.1,29.9,24.5,72,3.14,368.0,27.985,35.15,33.34,0,23.19
2022-08-14,226,14,27.8,27.8,24.3,76,5.66,409.0,26.912,32.08,31.05,0,17.86
2022-08-15,227,12,24.5,24.5,23.7,91,6.76,147.0,24.513,25.45,24.94,0,6.73
2022-08-16,228,12,29.3,29.3,23.2,69,5.83,759.0,28.121,35.45,33.19,0,22.09
2022-08-17,229,14,31.2,31.2,23.3,60,4.72,757.0,29.039,37.78,35.27,0,26.40
2022-08-18,230,13,31.7,31.8,24.0,57,4.0,850.0,29.404,39.08,35.55,0,28.95
2022-08-19,231,12,31.0,31.6,24.7,63,3.73,884.0,29.572,39.00,35.62,0,30.05
2022-08-20,232,12,29.0,29.0,24.7,71,5.73,608.0,27.854,34.49,32.91,0,22.54
2022-08-21,233,12,29.7,29.7,23.8,62,6.96,661.0,27.481,34.80,32.65,0,20.91
2022-08-22,234,14,28.7,28.7,23.7,67,7.31,719.0,27.137,34.02,31.59,0,19.19
2022-08-23,235,13,30.2,30.2,22.8,67,3.41,850.0,29.302,38.44,34.79,0,26.61
2022-08-24,236,13,31.4,31.8,23.3,59,2.4,823.0,29.79,40.09,35.44,0,29.55
2022-08-25,237,14,30.3,30.3,24.6,63,2.64,695.0,28.918,38.28,34.08,0,27.61
2022-08-26,238,12,31.0,31.4,22.8,58,2.69,859.0,29.249,39.44,34.36,0,27.07
2022-08-27,239,13,32.0,32.0,24.1,58,3.04,861.0,30.06,40.34,36.48,0,31.56
2022-08-28,240,13,30.0,30.5,24.8,70,1.03,700.0,30.403,39.83,35.04,0,32.12
2022-08-29,241,15,29.7,29.7,24.1,72,0.86,448.0,29.818,38.40,34.78,0,29.07
2022-08-30,242,14,31.4,31.4,23.4,65,1.61,730.0,30.726,40.82,37.13,0,32.59
2022-08-31,243,13,31.5,31.6,23.7,65,1.53,844.0,31.108,41.50,37.38,0,34.24
2022-09-01,244,13,30.9,30.9,23.8,67,2.37,805.0,30.23,40.08,36.47,0,31.33
2022-09-02,245,14,32.1,32.1,24.4,61,0.42,699.0,32.5,41.65,37.62,0,37.89
2022-09-03,246,11,31.7,31.9,24.8,66,1.71,820.0,31.239,41.60,38.21,0,36.16
2022-09-04,247,13,28.7,29.4,24.3,77,1.12,317.0,28.694,36.63,33.34,0,25.36
2022-09-05,248,10,29.1,29.6,23.4,76,2.37,626.0,29.16,37.81,34.15,0,26.35
2022-09-06,249,14,31.0,31.1,23.6,65,0.4,725.0,32.022,40.75,36.16,0,34.86
2022-09-07,250,13,31.5,31.5,23.7,69,0.95,848.0,32.179,42.27,38.64,0,37.29
2022-09-08,251,13,31.6,31.6,24.6,69,3.0,859.0,30.983,40.80,38.92,0,35.12
2022-09-09,252,13,31.4,31.4,25.1,71,3.14,790.0,30.869,40.31,39.02,0,35.18
2022-09-10,253,12,31.6,31.6,24.8,65,3.54,889.0,30.42,40.09,37.63,0,33.30
2022-09-11,254,12,29.8,29.8,24.1,75,0.36,586.0,31.507,39.42,35.76,0,33.36
2022-09-12,255,12,27.2,27.2,23.6,83,2.06,470.0,27.81,35.58,30.51,0,21.06
2022-09-13,256,13,27.9,27.9,23.6,82,4.81,624.0,28.072,34.48,32.15,0,21.38
2022-09-14,257,11,28.1,28.1,23.5,75,5.46,519.0,27.304,33.21,31.58,0,18.68
2022-09-15,258,13,29.1,29.1,23.8,71,5.87,638.0,27.977,34.72,33.14,0,21.98
2022-09-16,259,14,29.1,29.1,23.4,72,5.55,736.0,28.257,35.41,33.34,0,22.61
2022-09-17,260,14,31.3,31.4,23.3,58,1.82,691.0,29.604,39.77,34.97,0,28.79
2022-09-18,261,13,31.2,31.2,23.2,64,1.62,846.0,30.649,40.99,36.36,0,32.05
2022-09-19,262,12,31.5,31.8,24.3,59,2.11,856.0,30.07,40.60,35.66,0,31.69
2022-09-20,263,12,31.0,31.0,24.1,67,3.33,803.0,30.008,39.31,36.72,0,30.80
2022-09-21,264,12,29.8,30.3,23.9,70,2.69,695.0,29.209,38.18,34.56,0,27.44
2022-09-22,265,11,28.0,28.6,23.9,74,4.39,491.0,27.188,33.57,31.21,0,19.05
2022-09-23,266,13,29.7,29.7,23.5,62,3.96,822.0,28.103,36.89,32.65,0,23.25
2022-09-24,267,14,29.7,29.7,22.1,66,2.47,661.0,28.687,37.80,33.45,0,23.67
2022-09-25,268,12,30.2,30.6,23.0,69,1.49,873.0,30.418,40.44,35.28,0,30.58
2022-09-26,269,12,30.5,30.9,23.3,68,1.61,813.0,30.384,40.37,35.75,0,30.99
2022-09-27,270,13,30.9,30.9,23.5,67,1.34,821.0,30.881,40.99,36.47,0,32.87
2022-09-28,271,12,30.4,30.4,23.6,70,1.35,832.0,30.755,40.70,36.03,0,32.38
2022-09-29,272,13,31.9,32.1,23.5,55,2.86,811.0,29.578,39.93,35.43,0,29.26
2022-09-30,273,13,31.9,31.9,22.9,51,3.35,822.0,28.95,39.30,34.42,0,26.55
2022-10-01,274,10,30.6,32.1,22.8,61,2.33,732.0,29.149,38.95,34.25,0,26.49
2022-10-02,275,10,30.5,32.4,22.6,60,3.51,627.0,28.409,37.16,33.81,0,23.40
2022-10-03,276,13,32.2,32.2,22.9,46,4.6,775.0,28.235,38.31,33.79,0,24.24
2022-10-04,277,10,30.5,30.5,23.6,59,3.9,656.0,28.262,36.92,33.59,0,24.03
2022-10-05,278,13,30.2,30.2,23.1,69,1.2,759.0,30.438,40.15,35.28,0,30.52
2022-10-06,279,13,29.0,29.0,23.2,74,2.24,641.0,28.932,37.72,33.49,0,25.38
2022-10-07,280,14,28.8,28.8,22.2,71,3.33,538.0,27.908,35.59,32.47,0,20.35
2022-10-08,281,14,30.3,30.3,22.4,63,2.55,665.0,28.894,38.22,34.08,0,24.95
2022-10-09,282,14,30.8,30.8,22.6,65,1.13,681.0,30.445,40.18,35.68,0,30.13
2022-10-10,283,12,29.5,29.5,22.5,72,1.49,774.0,29.878,39.45,34.29,0,27.89
2022-10-11,284,12,28.3,28.3,22.8,73,2.33,663.0,28.163,36.85,31.71,0,22.16
2022-10-12,285,13,27.9,27.9,22.3,73,0.41,426.0,28.847,36.33,30.87,0,22.19
2022-10-13,286,12,28.3,28.8,22.0,77,1.1,749.0,29.554,38.66,32.35,0,25.40
2022-10-14,287,13,29.5,29.5,22.4,67,2.52,777.0,28.799,38.14,33.23,0,24.40
2022-10-15,288,13,29.8,29.9,21.2,56,2.94,803.0,27.734,37.47,31.73,0,20.87
2022-10-16,289,12,28.2,28.3,21.6,75,2.18,647.0,28.304,36.96,31.8,0,21.61
2022-10-17,290,13,30.0,30.0,22.4,70,1.46,799.0,30.213,40.00,35.04,0,29.08
2022-10-18,291,14,27.8,28.1,21.8,74,0.5,401.0,28.636,36.30,30.79,0,21.38
2022-10-19,292,13,29.3,29.3,21.6,68,2.1,775.0,28.892,38.38,33.0,0,24.19
2022-10-20,293,12,29.3,29.7,20.3,59,2.25,836.0,27.931,37.90,31.39,0,21.43
2022-10-21,294,11,28.3,29.1,18.9,51,2.94,805.0,25.782,35.57,28.89,0,14.76
2022-10-22,295,12,29.3,29.9,17.1,45,3.41,851.0,25.885,36.13,29.44,0,15.56
2022-10-23,296,10,27.6,29.8,17.9,56,2.87,708.0,25.576,34.69,28.51,0,13.59
2022-10-24,297,16,27.8,28.9,17.6,56,1.2,312.0,25.516,33.92,28.76,0,13.01
2022-10-25,298,15,29.4,29.6,16.4,36,0.1,523.0,26.25,34.19,28.66,0,14.56
2022-10-26,299,11,28.2,29.5,15.8,48,0.51,804.0,27.525,37.09,28.49,0,19.00
2022-10-27,300,12,29.4,29.7,16.3,40,0.3,835.0,27.856,37.04,29.02,0,19.79
2022-10-28,301,15,29.6,29.8,16.9,37,0.5,503.0,26.361,36.11,28.94,0,16.26
2022-10-29,302,11,28.5,29.7,15.7,45,0.94,801.0,26.498,36.98,28.54,0,17.00
2022-10-30,303,11,27.8,29.0,16.1,47,1.02,787.0,25.978,36.32,27.99,0,15.34
2022-10-31,304,12,27.5,27.8,15.5,43,2.12,823.0,24.453,35.24,27.43,0,11.47
2022-11-01,305,14,28.6,28.6,16.2,44,0.76,656.0,26.365,36.37,28.56,0,16.31
2022-11-02,306,12,28.9,29.4,17.3,43,2.06,817.0,25.703,36.65,28.78,0,15.35
2022-11-03,307,12,29.6,30.1,15.9,42,1.72,813.0,26.373,37.55,29.46,0,17.51
2022-11-04,308,11,29.3,30.7,16.6,44,0.76,776.0,27.312,37.65,29.33,0,19.32
2022-11-05,309,12,30.3,30.9,17.4,43,0.4,796.0,28.923,38.55,30.43,0,23.41
2022-11-06,310,13,31.2,31.4,18.3,40,0.58,751.0,28.772,39.26,31.17,0,23.92
2022-11-07,311,11,29.3,30.8,17.9,50,1.8,755.0,26.954,37.36,30.06,0,18.70
2022-11-08,312,11,28.3,29.5,16.4,45,1.51,766.0,25.66,36.32,28.33,0,14.86
2022-11-09,313,11,28.2,29.2,15.9,43,1.5,755.0,25.307,36.07,28.07,0,13.92
2022-11-10,314,12,28.6,29.0,16.8,43,1.94,775.0,25.424,36.25,28.47,0,14.42
2022-11-11,315,13,29.9,30.0,17.0,40,2.9,733.0,25.711,36.43,29.57,0,15.50
2022-11-12,316,12,28.6,29.3,18.6,47,2.25,725.0,25.682,35.95,28.84,0,14.82
2022-11-13,317,12,27.7,28.1,16.6,41,1.75,781.0,24.501,35.44,27.47,0,11.72
2022-11-14,318,13,27.6,27.7,15.2,42,1.34,742.0,24.754,35.48,27.45,0,12.21
2022-11-15,319,12,27.5,27.9,14.7,38,0.58,783.0,25.392,35.69,27.13,0,13.46
2022-11-16,320,16,26.5,28.1,14.5,66,0.32,259.0,25.994,32.70,26.71,0,12.38
2022-11-17,321,12,28.3,29.1,14.9,38,1.89,766.0,24.522,35.71,27.79,0,12.07
2022-11-18,322,16,25.9,27.3,15.8,52,0.86,254.0,23.368,31.43,25.9,0,6.50
2022-11-19,323,13,26.0,26.0,13.4,33,1.7,735.0,21.947,33.34,25.76,0,5.30
2022-11-20,324,12,24.7,25.4,12.0,38,0.71,772.0,22.642,33.19,24.46,0,6.40
2022-11-21,325,16,25.0,26.8,13.0,59,0.81,251.0,23.32,30.99,25.05,0,6.09
2022-11-22,326,16,26.3,27.9,14.5,58,0.72,254.0,24.527,32.27,26.4,0,9.30
2022-11-23,327,16,26.6,28.1,15.5,55,0.71,248.0,24.462,32.32,26.68,0,9.21
2022-11-24,328,16,25.8,27.7,14.3,62,1.04,248.0,24.171,31.80,25.93,0,8.29
2022-11-25,329,16,26.1,27.2,14.3,50,0.57,247.0,23.638,31.56,26.09,0,7.11
2022-11-26,330,16,25.5,27.2,13.3,63,0.71,252.0,24.308,31.79,25.63,0,8.54
2022-11-27,331,13,27.1,27.2,12.1,33,0.45,718.0,24.57,34.79,26.61,0,11.20
2022-11-28,332,13,27.4,27.7,12.6,35,0.72,713.0,24.39,35.04,26.9,0,11.04
2022-11-29,333,13,27.5,27.7,13.5,37,1.39,707.0,23.908,34.93,27.08,0,10.08
2022-11-30,334,13,27.4,27.6,13.8,37,1.21,690.0,23.939,34.84,27.0,0,10.05
2022-12-01,335,13,27.6,27.8,14.1,37,0.5,695.0,25.312,35.33,27.15,0,13.05
2022-12-02,336,13,28.0,28.1,14.5,42,0.92,688.0,25.427,35.78,27.8,0,13.83
2022-12-03,337,13,28.5,28.6,14.2,40,0.5,687.0,26.458,36.30,28.12,0,16.27
2022-12-04,338,16,27.6,29.0,15.5,57,0.61,240.0,25.689,33.43,28.6,0,12.93
2022-12-05,339,16,27.5,28.7,14.6,55,0.76,237.0,25.179,33.10,28.3,0,11.61
2022-12-06,340,14,29.1,29.3,16.6,40,1.9,582.0,25.098,35.62,28.71,0,13.44
2022-12-07,341,13,28.2,28.5,16.7,36,4.3,683.0,23.307,33.01,27.57,0,7.74
2022-12-08,342,13,26.2,26.5,13.2,28,3.18,695.0,20.767,31.80,25.9,0,4.19
2022-12-09,343,13,26.8,27.2,13.8,30,2.97,694.0,21.602,32.63,26.3,0,4.79
2022-12-10,344,14,28.5,28.5,13.4,31,3.2,554.0,22.849,33.35,27.52,0,7.10
2022-12-11,345,14,29.5,29.5,19.0,52,2.9,521.0,26.492,35.47,30.62,0,16.67
2022-12-12,346,12,29.3,29.6,20.3,53,2.28,586.0,26.751,36.27,30.47,0,17.68
2022-12-13,347,13,30.1,30.4,20.2,50,1.3,609.0,27.695,37.80,31.2,0,20.84
2022-12-14,348,13,30.8,31.0,20.4,43,1.22,643.0,27.569,38.29,31.09,0,20.92
2022-12-15,349,14,30.6,30.6,20.3,39,0.78,559.0,27.13,37.50,30.28,0,19.22
2022-12-16,350,12,29.7,30.6,20.0,45,1.5,677.0,26.717,37.30,29.93,0,18.16
2022-12-17,351,13,29.3,29.7,19.0,28,2.12,686.0,23.646,35.70,28.01,0,10.49
2022-12-18,352,13,27.9,28.3,15.6,26,1.88,699.0,22.33,34.51,26.86,0,6.77
2022-12-19,353,13,28.0,28.4,13.8,28,1.28,691.0,23.11,34.96,27.01,0,8.57
2022-12-20,354,13,28.7,29.1,13.5,29,1.14,687.0,23.962,35.67,27.58,0,10.91
2022-12-21,355,13,28.8,29.1,14.1,29,1.84,669.0,23.493,35.34,27.66,0,9.81
2022-12-22,356,13,28.8,29.2,14.3,32,0.76,679.0,24.98,35.97,27.82,0,13.13
2022-12-23,357,14,29.6,29.6,14.2,28,0.51,602.0,25.346,36.13,28.26,0,14.10
2022-12-24,358,13,28.7,29.2,14.5,35,1.57,680.0,24.471,35.73,27.93,0,12.04
2022-12-25,359,13,28.4,28.8,15.7,40,1.33,678.0,25.061,35.82,28.02,0,13.25
2022-12-26,360,13,29.0,29.5,16.4,42,1.94,675.0,25.45,36.10,28.79,0,14.48
2022-12-27,361,10,26.1,29.4,17.0,62,0.3,502.0,26.309,33.63,26.24,0,13.65
2022-12-28,362,13,29.1,29.4,18.4,42,1.9,676.0,25.56,36.24,28.9,0,14.83
2022-12-29,363,14,28.4,28.4,15.4,29,0.22,605.0,24.691,33.84,27.35,0,10.88
2022-12-30,364,15,29.4,29.4,14.7,39,1.08,451.0,25.41,35.54,28.93,0,14.05
2022-12-31,365,13,29.0,29.2,16.4,35,1.17,686.0,25.062,36.24,28.2,0,13.63
2023-01-01,1,14,27.4,27.4,16.2,36,0.73,606.0,24.194,34.52,26.95,0,10.29
2023-01-02,2,14,27.2,27.3,15.2,40,0.67,609.0,24.661,34.59,27.01,0,11.23
2023-01-03,3,13,27.1,27.8,14.9,44,0.78,682.0,25.079,35.08,27.15,0,12.43
2023-01-04,4,12,25.2,25.3,16.1,52,2.97,597.0,22.718,31.29,25.17,0,5.18
2023-01-05,5,13,26.1,26.5,15.1,50,1.36,660.0,24.162,34.04,26.09,0,9.89
2023-01-06,6,14,26.4,26.5,15.1,47,1.92,607.0,23.63,33.42,26.36,0,8.44
2023-01-07,7,13,24.8,25.4,13.0,28,1.06,734.0,20.813,32.55,24.43,0,4.73
2023-01-08,8,14,26.2,26.2,10.6,18,1.89,657.0,19.564,32.56,25.77,0,4.73
2023-01-09,9,14,27.2,27.3,10.3,24,0.67,649.0,22.529,34.02,26.33,0,6.79
2023-01-10,10,13,28.0,28.5,10.7,25,0.22,734.0,24.176,33.88,26.89,0,9.80
2023-01-11,11,13,27.6,28.1,11.6,28,1.12,730.0,23.03,34.86,26.73,0,8.34
2023-01-12,12,15,28.4,28.5,12.9,32,0.91,503.0,23.912,34.56,27.5,0,9.98
2023-01-13,13,12,27.7,29.1,12.8,33,0.78,738.0,24.326,35.32,27.02,0,11.13
2023-01-14,14,12,26.9,28.0,15.8,40,0.86,734.0,24.422,34.91,26.79,0,11.01
2023-01-15,15,13,27.2,27.6,14.3,36,0.98,730.0,23.987,34.91,26.81,0,10.19
2023-01-16,16,15,28.0,28.0,14.4,41,1.12,504.0,24.577,34.60,27.73,0,11.35
2023-01-17,17,13,28.3,29.0,15.9,41,1.08,726.0,25.458,36.14,28.01,0,14.23
2023-01-18,18,14,28.5,28.7,16.1,39,1.2,651.0,25.066,35.78,28.04,0,13.24
2023-01-19,19,13,28.4,29.0,15.5,42,1.08,727.0,25.676,36.30,28.18,0,14.82
2023-01-20,20,13,29.4,29.6,16.2,36,3.16,731.0,24.65,35.50,28.66,0,12.49
2023-01-21,21,13,29.6,29.8,17.4,36,2.86,687.0,24.83,35.74,28.85,0,13.07
2023-01-22,22,14,29.9,29.9,17.6,32,2.09,661.0,24.727,36.35,28.81,0,13.30
2023-01-23,23,13,29.4,29.6,16.8,33,2.51,748.0,24.45,36.02,28.42,0,12.39
2023-01-24,24,13,29.4,29.9,17.4,41,2.33,742.0,25.623,36.49,29.12,0,15.21
2023-01-25,25,13,29.4,29.7,18.0,38,2.65,738.0,25.093,36.06,28.83,0,13.79
2023-01-26,26,15,29.0,29.0,15.1,37,0.6,530.0,25.705,35.66,28.35,0,14.48
2023-01-27,27,13,29.6,30.0,16.6,36,0.73,747.0,26.477,37.31,28.85,0,17.32
2023-01-28,28,13,29.9,30.3,17.8,37,1.12,757.0,26.333,37.61,29.26,0,17.41
2023-01-29,29,13,30.4,30.7,16.9,33,2.47,762.0,25.332,37.15,29.39,0,15.24
2023-01-30,30,14,30.6,30.6,17.7,35,0.81,643.0,26.756,37.69,29.81,0,18.47
2023-01-31,31,13,30.3,30.6,19.0,34,1.71,720.0,25.68,37.40,29.38,0,16.07
2023-02-01,32,14,29.3,29.3,18.2,28,2.47,660.0,23.458,35.30,28.01,0,9.85
2023-02-02,33,13,28.0,28.7,14.3,14,1.7,835.0,20.603,35.01,26.63,0,6.51
2023-02-03,34,13,29.1,29.5,12.9,18,1.63,818.0,22.258,36.05,27.49,0,7.93
2023-02-04,35,13,29.4,29.8,12.0,16,1.48,825.0,22.204,36.31,27.69,0,8.09
2023-02-05,36,13,29.8,30.1,11.8,18,1.0,820.0,23.396,36.80,28.03,0,10.82
2023-02-06,37,13,30.6,31.0,13.2,21,0.63,805.0,25.23,37.62,28.77,0,15.15
2023-02-07,38,12,30.4,31.4,15.7,27,0.8,802.0,25.777,37.79,28.91,0,16.36
2023-02-08,39,12,29.6,31.2,15.8,25,2.04,816.0,23.679,36.58,28.11,0,11.22
2023-02-09,40,13,30.6,31.4,14.1,22,0.14,824.0,26.008,35.82,28.81,0,15.34
2023-02-10,41,11,30.4,33.9,14.8,24,0.81,755.0,25.122,37.39,28.74,0,14.77
2023-02-11,42,12,32.7,34.1,16.3,22,3.22,829.0,25.179,39.03,30.79,0,16.82
2023-02-12,43,12,30.5,32.1,16.5,25,3.61,834.0,23.893,36.50,28.88,0,11.86
2023-02-13,44,17,28.4,30.5,14.6,35,1.51,194.0,22.857,31.91,27.68,0,6.14
2023-02-14,45,17,29.1,31.1,12.6,32,1.08,194.0,23.218,32.67,28.08,0,7.52
2023-02-15,46,17,30.4,33.4,14.7,38,1.02,193.0,25.22,34.39,29.92,0,13.23
2023-02-16,47,14,34.0,34.6,16.5,17,3.26,767.0,24.998,39.95,31.72,0,17.50
2023-02-17,48,17,30.8,32.0,18.2,46,0.36,195.0,27.264,35.27,31.58,0,18.34
2023-02-18,49,17,30.2,32.3,18.2,51,0.92,198.0,26.84,35.21,31.52,0,17.47
2023-02-19,50,12,31.7,33.3,17.2,27,0.61,856.0,27.39,39.32,30.18,0,20.99
2023-02-20,51,11,31.6,34.5,16.3,28,0.3,787.0,27.765,38.20,30.17,0,20.88
2023-02-21,52,13,35.1,35.6,16.7,18,1.92,863.0,26.744,42.17,32.94,0,22.85
2023-02-22,53,17,31.6,35.1,17.8,32,1.86,205.0,25.04,35.05,30.59,0,13.61
2023-02-23,54,11,31.7,34.9,16.6,25,0.73,782.0,26.562,38.84,30.02,0,19.01
2023-02-24,55,17,32.1,34.9,17.8,32,1.66,211.0,25.545,35.77,31.18,0,15.31
2023-02-25,56,13,34.1,34.7,17.9,17,0.85,872.0,26.797,41.03,31.82,0,21.71
2023-02-26,57,14,34.6,34.6,18.5,17,0.41,781.0,27.911,40.90,32.33,0,23.91
2023-02-27,58,13,34.4,34.8,17.8,19,1.41,862.0,26.79,41.54,32.29,0,22.24
2023-02-28,59,15,34.6,34.6,18.9,18,0.81,539.0,26.577,40.01,32.41,0,20.78
2023-03-01,60,14,34.2,34.2,19.5,21,0.76,662.0,27.376,40.50,32.27,0,22.59
2023-03-02,61,14,34.9,34.9,20.6,22,0.82,751.0,28.277,41.78,33.18,0,25.55
2023-03-03,62,13,35.4,35.6,21.7,21,1.43,783.0,27.831,42.43,33.63,0,25.35
2023-03-04,63,13,35.7,35.7,20.7,18,2.24,852.0,27.02,42.71,33.58,0,24.00
2023-03-05,64,13,34.8,34.8,19.9,20,3.22,795.0,26.349,41.16,32.82,0,21.33
2023-03-06,65,13,35.1,35.1,20.7,22,1.04,790.0,28.215,42.21,33.41,0,25.83
2023-03-07,66,14,29.9,29.9,19.4,32,4.03,697.0,24.241,35.04,28.81,0,11.43
2023-03-08,67,12,32.2,33.3,16.9,23,1.7,899.0,25.748,39.61,30.36,0,18.16
2023-03-09,68,12,33.0,33.7,19.3,22,0.51,768.0,27.539,39.86,31.09,0,21.99
2023-03-10,69,12,32.3,33.5,20.3,22,0.32,706.0,26.973,38.20,30.39,0,19.47
2023-03-11,70,13,34.8,35.0,20.7,18,0.85,899.0,27.628,41.97,32.62,0,24.25
2023-03-12,71,13,35.4,35.6,20.9,16,0.32,899.0,28.626,41.64,33.06,0,26.07
2023-03-13,72,13,36.8,37.1,21.6,14,0.32,856.0,29.013,42.71,34.3,0,28.03
2023-03-14,73,13,36.0,36.0,21.1,17,2.3,902.0,27.062,43.17,33.79,0,24.49
2023-03-15,74,12,34.6,34.8,19.6,22,2.08,820.0,27.08,41.65,32.83,0,23.07
2023-03-16,75,15,30.0,30.0,22.7,33,1.82,632.0,25.031,36.52,28.99,0,14.88
2023-03-17,76,15,29.6,29.7,20.4,39,0.36,542.0,26.91,36.07,29.14,0,17.34
2023-03-18,77,14,26.6,27.3,19.3,54,0.5,528.0,25.887,34.49,26.66,0,13.47
2023-03-19,78,12,27.9,29.3,18.7,49,2.64,803.0,25.282,35.34,28.25,0,13.41
2023-03-20,79,13,30.2,30.5,17.1,35,3.06,823.0,25.364,36.85,29.38,0,15.08
2023-03-21,80,11,30.1,31.1,19.8,34,0.54,788.0,27.187,37.93,29.18,0,19.22
2023-03-22,81,12,32.2,32.8,19.8,32,2.19,865.0,26.985,39.69,31.3,0,20.90
2023-03-23,82,10,30.6,33.4,19.5,39,0.98,705.0,27.257,38.23,30.28,0,19.98
2023-03-24,83,13,35.0,35.4,20.8,24,2.25,829.0,27.745,42.19,33.59,0,24.99
2023-03-25,84,12,35.3,36.0,22.6,25,0.45,843.0,30.387,42.91,34.13,0,31.41
2023-03-26,85,12,32.8,34.0,21.1,42,0.36,903.0,31.302,41.37,33.9,0,31.24
2023-03-27,86,11,34.0,36.0,21.4,18,1.03,896.0,26.735,41.16,31.8,0,21.68
2023-03-28,87,11,34.8,36.7,21.9,18,1.1,885.0,27.233,41.96,32.62,0,23.50
2023-03-29,88,12,36.6,37.7,21.0,22,3.89,894.0,28.18,43.54,35.26,0,27.42
2023-03-30,89,11,35.8,38.1,22.4,28,1.21,874.0,29.972,43.82,35.4,0,31.52
2023-03-31,90,12,33.8,34.4,26.1,27,2.5,830.0,27.253,40.87,32.56,0,27.52
2023-04-01,91,13,34.8,35.3,22.6,21,3.69,913.0,26.622,41.52,32.94,0,22.85
2023-04-02,92,11,33.0,35.5,21.9,26,0.99,675.0,27.107,39.71,31.49,0,21.22
2023-04-03,93,12,36.6,37.2,22.8,19,1.08,940.0,28.992,44.24,34.74,0,30.19
2023-04-04,94,12,37.9,37.9,23.2,16,2.4,950.0,28.27,45.43,35.77,0,30.54
2023-04-05,95,12,36.3,36.8,23.6,20,2.5,829.0,27.802,43.34,34.54,0,28.15
2023-04-06,96,10,35.8,37.2,23.4,20,1.7,699.0,27.556,42.38,33.96,0,26.55
2023-04-07,97,12,37.1,37.8,22.6,17,0.4,733.0,29.651,43.30,35.02,0,30.63
2023-04-08,98,12,32.9,32.9,21.3,33,2.82,834.0,27.433,39.96,32.33,0,22.33
2023-04-09,99,13,34.6,35.5,22.4,33,0.45,738.0,30.948,42.34,34.73,0,32.05
2023-04-10,100,12,36.0,37.0,22.6,27,0.32,891.0,31.491,43.39,35.46,0,34.33
2023-04-11,101,13,39.1,39.3,23.5,19,2.12,875.0,29.971,46.83,37.87,0,35.90
2023-04-12,102,13,39.8,39.8,24.6,18,1.17,842.0,30.878,47.37,38.53,0,39.53
2023-04-13,103,13,41.0,41.0,25.4,15,3.53,845.0,29.77,48.38,39.22,1,41.02
2023-04-14,104,11,40.0,40.0,27.4,18,2.28,860.0,30.3,47.72,38.79,2,45.38
2023-04-15,105,15,35.4,35.4,24.8,21,4.78,664.0,26.528,40.68,33.63,0,24.89
2023-04-16,106,14,39.8,39.8,23.7,15,2.11,811.0,29.309,46.99,37.78,0,34.96
2023-04-17,107,11,39.4,40.5,25.3,16,1.17,911.0,30.178,46.97,37.53,1,40.03
2023-04-18,108,12,41.6,41.7,26.3,13,1.03,954.0,31.172,49.20,39.37,2,47.03
2023-04-19,109,15,40.7,41.6,26.7,15,0.89,594.0,30.438,46.73,38.85,3,45.80
2023-04-20,110,11,38.3,39.3,25.7,19,1.7,873.0,29.595,45.93,36.83,0,36.72
2023-04-21,111,12,36.2,37.7,22.6,25,1.72,954.0,29.425,44.32,35.32,0,31.05
2023-04-22,112,11,36.4,37.4,23.7,25,1.82,882.0,29.391,44.22,35.59,0,32.30
2023-04-23,113,11,33.7,35.7,22.0,28,1.24,862.0,28.195,41.45,32.58,0,24.93
2023-04-24,114,12,34.8,34.8,23.1,38,2.09,908.0,30.274,43.18,36.28,0,32.77
2023-04-25,115,12,33.8,33.9,22.3,41,2.2,934.0,29.853,42.26,35.34,0,30.03
2023-04-26,116,15,33.6,34.0,22.3,33,0.71,524.0,28.783,40.05,33.28,0,25.65
2023-04-27,117,12,32.5,32.5,21.2,46,3.49,943.0,28.969,40.13,34.31,0,26.09
2023-04-28,118,16,32.6,33.3,20.6,40,0.81,424.0,28.525,38.85,33.16,0,23.90
2023-04-29,119,12,32.3,32.3,21.2,45,3.53,929.0,28.625,39.75,33.74,0,24.95
2023-04-30,120,14,28.5,28.5,20.3,64,2.34,764.0,27.576,36.93,30.76,0,19.83
2023-05-01,121,13,28.7,29.1,19.0,63,2.28,736.0,27.628,37.01,30.97,0,20.06
2023-05-02,122,13,29.9,29.9,20.0,61,2.41,869.0,28.703,38.69,32.84,0,24.00
2023-05-03,123,14,26.7,27.8,20.4,71,0.58,689.0,28.106,36.54,28.43,0,19.68
2023-05-04,124,13,31.4,31.4,21.2,57,0.32,797.0,31.685,40.39,34.93,0,31.64
2023-05-05,125,13,32.2,32.7,21.6,51,0.36,832.0,31.775,41.15,34.99,0,32.38
2023-05-06,126,12,34.7,35.1,22.7,42,1.99,893.0,30.829,43.33,37.26,0,33.83
2023-05-07,127,12,36.2,36.9,23.2,33,0.51,925.0,32.661,45.01,37.29,0,39.09
2023-05-08,128,13,38.0,38.3,22.4,33,0.82,870.0,33.26,46.79,40.51,0,41.78
2023-05-09,129,10,36.5,38.7,24.8,38,0.2,748.0,33.431,43.61,39.43,0,42.20
2023-05-10,130,10,36.1,40.2,25.9,42,1.3,795.0,32.353,44.89,40.07,1,44.28
2023-05-11,131,17,38.0,40.9,21.6,43,2.18,284.0,32.461,43.94,44.85,2,42.69
2023-05-12,132,11,39.6,41.3,21.8,14,0.63,939.0,30.743,46.84,37.33,3,40.41
2023-05-13,133,11,40.6,42.3,22.7,12,0.94,941.0,30.226,47.82,37.91,4,42.84
2023-05-14,134,11,42.1,43.8,24.6,13,5.94,936.0,29.65,50.15,39.95,5,48.08
2023-05-15,135,13,41.6,41.8,29.9,16,4.74,865.0,30.297,49.23,40.29,6,56.61
2023-05-16,136,13,39.9,40.1,30.0,22,3.64,816.0,30.726,47.36,39.87,7,56.03
2023-05-17,137,13,39.9,40.0,27.5,21,2.47,839.0,30.874,47.71,39.54,8,53.53
2023-05-18,138,12,40.4,41.4,29.0,23,2.95,822.0,31.553,48.25,40.99,9,57.49
2023-05-19,139,13,42.1,42.1,29.5,16,3.51,835.0,30.88,49.77,40.94,10,57.88
2023-05-20,140,14,42.3,42.3,28.6,15,4.26,801.0,30.517,49.73,40.85,11,56.08
2023-05-21,141,13,42.6,42.6,27.5,15,2.69,750.0,31.05,49.96,41.24,12,56.11
2023-05-22,142,11,39.5,39.5,26.2,21,3.1,871.0,30.395,47.20,38.97,0,40.52
2023-05-23,143,13,41.8,41.8,27.2,18,2.19,786.0,31.585,49.52,41.26,1,48.13
2023-05-24,144,13,41.6,41.6,29.2,18,3.67,814.0,31.006,49.21,40.98,2,50.71
2023-05-25,145,13,40.3,41.0,30.1,19,5.51,867.0,30.025,47.82,39.49,3,50.01
2023-05-26,146,11,37.9,38.5,29.7,25,5.29,902.0,29.623,45.02,37.75,0,41.12
2023-05-27,147,14,40.6,40.6,28.0,19,4.37,744.0,30.266,47.62,39.91,1,44.70
2023-05-28,148,12,40.4,40.6,27.4,22,2.88,804.0,31.307,48.13,40.63,2,48.27
2023-05-29,149,11,38.2,40.9,26.0,26,0.58,848.0,32.536,46.29,38.5,3,48.50
2023-05-30,150,13,40.7,40.8,27.3,23,1.66,866.0,32.459,49.06,41.48,4,54.65
2023-05-31,151,16,41.1,41.4,27.8,14,0.5,458.0,30.683,46.07,39.06,5,50.49
2023-06-01,152,13,41.3,42.4,27.7,14,3.47,947.0,29.85,49.09,39.3,6,52.73
2023-06-02,153,11,40.6,41.8,27.8,17,4.24,843.0,29.889,47.95,39.29,7,52.10
2023-06-03,154,12,41.2,41.5,29.2,20,2.33,883.0,31.766,49.41,41.12,8,59.01
2023-06-04,155,13,39.6,39.6,28.2,24,1.36,767.0,31.845,47.41,40.07,0,46.16
2023-06-05,156,14,39.8,40.3,27.8,20,3.08,748.0,30.193,46.95,39.09,1,43.54
2023-06-06,157,13,41.9,41.9,28.6,15,4.13,874.0,30.346,49.56,40.34,2,48.78
2023-06-07,158,12,41.5,41.5,30.1,20,3.5,840.0,31.546,49.37,41.57,3,54.78
2023-06-08,159,12,41.9,42.7,29.0,13,4.02,852.0,29.709,49.27,39.71,4,50.93
2023-06-09,160,14,40.4,40.4,30.8,23,3.54,810.0,31.374,48.04,40.99,5,57.43
2023-06-10,161,15,40.5,40.5,28.8,25,2.31,628.0,31.971,47.75,41.93,6,58.03
2023-06-11,162,13,41.6,42.0,30.3,22,2.42,817.0,32.439,49.74,42.53,7,62.33
2023-06-12,163,12,41.7,42.1,30.3,24,2.24,905.0,33.232,50.43,43.58,8,64.71
2023-06-13,164,12,41.2,41.5,29.5,27,4.44,878.0,32.837,49.38,44.06,9,62.46
2023-06-14,165,14,41.5,41.5,30.6,20,4.8,824.0,31.264,49.19,41.57,10,59.70
2023-06-15,166,12,39.9,41.0,31.3,29,4.1,898.0,32.292,47.93,42.51,11,61.90
2023-06-16,167,11,39.0,40.6,30.4,27,3.81,870.0,31.163,46.65,40.13,12,56.91
2023-06-17,168,14,40.3,40.3,30.4,26,4.05,780.0,31.823,47.80,41.99,13,59.68
2023-06-18,169,13,40.0,40.0,30.7,24,3.61,917.0,31.426,48.03,40.72,14,58.97
2023-06-19,170,14,40.4,40.4,30.6,25,4.3,836.0,31.712,48.09,41.76,15,59.82
2023-06-20,171,12,39.4,39.9,30.5,29,4.06,910.0,31.904,47.35,41.58,0,49.47
2023-06-21,172,13,40.1,40.7,28.2,31,2.9,864.0,33.123,48.56,43.79,1,52.45
2023-06-22,173,13,38.9,39.1,29.2,31,3.67,728.0,31.706,46.12,41.45,0,46.64
2023-06-23,174,10,25.9,27.9,25.3,91,0.95,340.0,27.572,34.90,26.41,0,20.80
2023-06-24,175,15,32.3,32.3,25.2,61,2.14,567.0,30.483,40.33,38.11,0,34.24
2023-06-25,176,13,33.9,33.9,25.8,51,1.8,715.0,31.157,42.40,38.51,0,37.86
2023-06-26,177,13,28.2,28.6,24.9,78,5.54,385.0,27.471,32.67,32.28,0,20.50
2023-06-27,178,15,28.6,28.6,24.6,76,5.8,270.0,27.398,32.06,32.91,0,19.81
2023-06-28,179,15,29.0,29.0,24.9,75,5.23,400.0,27.988,33.80,33.69,0,22.81
2023-06-29,180,13,31.7,32.0,24.6,62,4.99,757.0,29.7,38.44,36.97,0,30.28
2023-06-30,181,15,31.8,32.0,25.4,61,5.25,519.0,29.286,37.19,36.91,0,29.50
2023-07-01,182,14,33.6,33.6,26.1,53,5.24,788.0,30.344,40.32,38.52,0,35.17
2023-07-02,183,15,33.7,33.7,26.0,51,3.7,619.0,30.174,40.27,38.07,0,34.53
2023-07-03,184,13,34.1,34.5,25.7,58,1.75,852.0,32.548,43.97,41.62,0,42.66
2023-07-04,185,13,32.6,32.6,25.9,68,0.67,624.0,32.987,42.71,41.42,0,42.74
2023-07-05,186,13,31.9,32.0,24.5,67,0.67,619.0,32.194,41.65,39.07,0,37.97
2023-07-06,187,13,32.7,32.9,25.6,60,2.4,797.0,31.072,41.64,38.76,0,37.00
2023-07-07,188,15,29.6,30.0,25.0,74,3.16,358.0,28.651,35.87,34.99,0,26.16
2023-07-08,189,13,29.9,29.9,24.2,70,4.75,602.0,28.715,36.07,34.8,0,25.43
2023-07-09,190,16,27.1,28.1,24.7,82,2.95,273.0,26.878,32.94,30.17,0,18.55
2023-07-10,191,15,31.4,31.5,24.2,67,2.94,592.0,30.131,39.16,37.74,0,31.43
2023-07-11,192,16,27.7,27.7,24.7,84,4.11,324.0,27.62,33.08,31.92,0,20.71
2023-07-12,193,13,31.2,31.2,24.1,71,2.5,809.0,30.919,40.72,38.46,0,34.19
2023-07-13,194,11,31.0,31.1,24.0,70,1.51,783.0,31.094,41.11,37.6,0,34.36
2023-07-14,195,13,31.5,31.5,24.9,66,1.8,571.0,30.48,40.10,37.69,0,33.56
2023-07-15,196,12,29.8,29.8,25.2,73,3.91,553.0,28.994,36.55,35.26,0,27.64
2023-07-16,197,12,29.3,29.3,24.6,73,4.41,564.0,28.453,35.56,34.02,0,24.74
2023-07-17,198,12,31.5,31.5,24.1,66,5.12,847.0,30.078,38.84,37.69,0,30.96
2023-07-18,199,10,30.2,30.2,24.1,73,4.1,655.0,29.514,37.45,36.31,0,28.38
2023-07-19,200,13,30.4,30.4,24.3,78,1.88,809.0,31.202,40.98,38.3,0,35.09
2023-07-20,201,15,30.5,30.8,24.5,74,0.72,523.0,31.247,40.10,37.41,0,34.44
2023-07-21,202,13,30.9,30.9,24.6,73,3.18,756.0,30.547,39.65,38.24,0,33.22
2023-07-22,203,12,30.1,30.1,24.5,73,2.4,603.0,29.745,38.63,36.05,0,30.04
2023-07-23,204,16,29.3,30.2,24.1,77,0.86,407.0,29.827,38.14,34.89,0,28.94
2023-07-24,205,13,31.8,31.8,23.6,65,1.57,826.0,31.325,41.76,38.14,0,35.01
2023-07-25,206,13,31.9,31.9,24.5,67,2.65,626.0,30.751,40.25,39.07,0,34.23
2023-07-26,207,15,31.1,31.9,24.9,70,1.52,587.0,30.75,40.29,37.87,0,34.28
2023-07-27,208,14,31.8,31.8,24.9,70,1.63,767.0,31.738,41.97,39.83,0,38.09
2023-07-28,209,13,29.8,29.9,24.9,73,5.08,462.0,28.672,35.21,35.26,0,25.71
2023-07-29,210,15,30.8,31.0,26.0,69,4.67,517.0,29.332,36.78,36.78,0,29.94
2023-07-30,211,13,32.0,32.0,25.0,60,4.81,785.0,29.807,38.90,37.07,0,31.31
2023-07-31,212,11,30.9,30.9,25.6,66,4.66,785.0,29.501,38.01,36.19,0,30.46
2023-08-01,213,15,31.9,31.9,25.7,63,4.12,618.0,29.934,38.63,37.76,0,32.43
2023-08-02,214,12,28.8,28.9,24.8,70,5.26,364.0,27.195,32.87,32.3,0,20.01
2023-08-03,215,10,25.0,26.0,24.2,89,6.62,146.0,24.821,26.12,25.44,0,7.98
2023-08-04,216,14,31.1,31.3,23.9,59,5.1,515.0,28.409,36.14,34.81,0,24.56
2023-08-05,217,14,31.3,31.5,24.5,66,5.0,704.0,29.713,37.98,37.18,0,29.93
2023-08-06,218,12,31.7,31.8,24.8,64,4.71,867.0,30.126,39.23,37.57,0,32.10
2023-08-07,219,15,30.5,30.5,25.0,61,5.64,639.0,28.214,35.96,34.04,0,25.05
2023-08-08,220,13,31.3,31.3,24.5,56,4.28,710.0,28.658,37.69,34.48,0,26.72
2023-08-09,221,14,31.7,31.7,23.7,56,3.7,798.0,29.272,39.01,35.29,0,28.20
2023-08-10,222,13,32.2,32.8,23.7,55,2.6,899.0,30.085,40.89,36.06,0,31.38
2023-08-11,223,13,31.9,31.9,24.7,60,2.72,868.0,30.325,40.68,36.84,0,33.14
2023-08-12,224,13,32.5,32.7,24.8,52,3.7,882.0,29.623,40.08,35.84,0,31.12
2023-08-13,225,13,31.2,31.3,24.6,58,3.92,796.0,29.003,38.36,34.77,0,28.08
2023-08-14,226,15,31.4,31.4,24.8,55,2.24,627.0,29.009,39.00,34.43,0,28.66
2023-08-15,227,11,30.7,30.9,24.5,63,2.63,774.0,29.435,39.13,34.94,0,29.40
2023-08-16,228,13,32.1,32.4,24.3,61,2.79,869.0,30.608,40.95,37.62,0,33.69
2023-08-17,229,13,32.7,33.1,25.3,59,3.1,858.0,30.807,41.22,38.42,0,35.73
2023-08-18,230,14,29.4,29.4,24.4,75,3.91,626.0,28.948,36.58,34.7,0,26.43
2023-08-19,231,13,28.1,28.1,23.9,78,4.51,606.0,27.874,34.55,32.03,0,21.36
2023-08-20,232,11,29.8,29.8,24.3,73,2.69,784.0,29.688,38.83,35.26,0,29.55
2023-08-21,233,14,28.9,30.8,24.4,76,0.14,494.0,30.399,36.75,33.65,0,28.90
2023-08-22,234,13,32.0,32.1,24.3,60,2.73,816.0,30.331,40.57,37.07,0,32.69
2023-08-23,235,11,30.7,30.7,24.8,68,3.45,696.0,29.638,38.41,36.25,0,30.10
2023-08-24,236,13,31.4,31.4,24.4,62,3.45,795.0,29.766,39.27,36.26,0,30.50
2023-08-25,237,12,30.7,30.8,24.6,61,4.7,851.0,28.823,37.65,34.46,0,27.11
2023-08-26,238,13,31.8,32.0,24.5,57,3.75,890.0,29.608,39.56,35.76,0,30.34
2023-08-27,239,12,31.5,32.0,24.2,56,3.49,893.0,29.278,39.35,34.88,0,28.89
2023-08-28,240,11,30.5,31.4,23.0,57,3.31,907.0,28.546,38.44,33.16,0,24.81
2023-08-29,241,15,31.5,31.5,22.1,57,1.56,627.0,29.684,39.79,35.13,0,27.61
2023-08-30,242,14,31.8,31.8,23.5,55,2.01,619.0,29.456,39.61,35.23,0,28.72
2023-08-31,243,15,32.7,32.9,23.8,55,1.0,605.0,30.96,41.21,37.14,0,33.78
2023-09-01,244,14,33.6,33.6,24.5,55,1.84,788.0,31.529,42.70,39.21,0,37.52
2023-09-02,245,13,33.9,33.9,25.3,55,0.91,827.0,32.742,43.76,39.94,0,41.78
2023-09-03,246,11,32.6,32.8,25.3,64,2.15,724.0,31.432,41.77,39.91,0,37.86
2023-09-04,247,13,34.2,34.3,24.9,46,4.06,787.0,30.128,41.13,37.51,0,33.58
2023-09-05,248,14,31.4,32.8,24.8,67,2.65,624.0,30.275,39.59,37.74,0,32.71
2023-09-06,249,15,29.3,30.0,24.1,79,0.78,583.0,30.712,39.42,35.35,0,31.70
2023-09-07,250,13,29.7,30.0,24.2,74,0.71,472.0,30.324,38.82,35.25,0,30.62
2023-09-08,251,11,29.1,29.7,24.0,78,2.01,628.0,29.52,38.35,34.58,0,28.28
2023-09-09,252,11,29.8,30.2,24.0,74,1.66,669.0,30.043,39.36,35.51,0,30.34
2023-09-10,253,12,29.5,29.5,24.1,74,2.14,464.0,29.068,37.45,34.73,0,26.95
2023-09-11,254,13,31.7,31.9,24.9,64,3.83,795.0,30.193,39.50,37.57,0,32.54
2023-09-12,255,12,31.5,31.5,24.8,65,3.72,828.0,30.194,39.56,37.38,0,32.40
2023-09-13,256,12,30.5,30.5,24.8,66,3.8,799.0,29.306,38.17,35.24,0,28.93
2023-09-14,257,12,30.4,30.4,23.9,69,3.84,539.0,29.117,36.97,35.77,0,26.85
2023-09-15,258,15,25.3,25.9,24.2,93,6.82,143.0,25.482,26.75,25.81,0,9.69
2023-09-16,259,12,29.8,30.3,24.1,68,4.82,781.0,28.653,36.62,34.1,0,25.33
2023-09-17,260,13,30.8,30.8,23.3,59,3.58,794.0,28.823,38.20,34.19,0,25.89
2023-09-18,261,12,31.0,31.6,22.8,65,2.33,826.0,30.151,40.16,36.16,0,29.96
2023-09-19,262,12,31.6,32.0,22.7,64,2.09,850.0,30.752,41.12,37.33,0,32.11
2023-09-20,263,11,31.6,31.6,24.6,66,1.78,772.0,31.008,41.21,37.95,0,35.11
2023-09-21,264,12,30.1,30.1,23.7,77,1.2,632.0,30.909,40.20,37.12,0,32.84
2023-09-22,265,13,29.3,29.3,24.2,81,2.08,661.0,30.063,39.00,35.83,0,30.47
2023-09-23,266,15,28.3,28.3,23.4,71,1.12,315.0,27.675,35.63,31.41,0,20.95
2023-09-24,267,12,30.8,31.0,23.3,73,1.5,784.0,31.244,41.17,37.96,0,34.01
2023-09-25,268,13,31.7,31.9,23.4,60,1.5,657.0,30.337,40.46,36.38,0,31.32
2023-09-26,269,14,30.8,30.8,24.3,67,1.41,654.0,30.362,40.05,36.22,0,32.06
2023-09-27,270,12,30.2,30.3,23.1,71,1.97,688.0,29.971,39.40,35.79,0,29.29
2023-09-28,271,13,32.0,32.0,23.7,65,0.92,791.0,32.101,42.26,38.66,0,37.14
2023-09-29,272,14,29.6,29.6,24.0,80,1.35,454.0,30.156,38.82,36.46,0,30.51
2023-09-30,273,12,31.1,31.1,23.5,70,1.61,803.0,31.158,41.24,37.87,0,34.10
2023-10-01,274,12,32.1,32.6,24.1,61,1.0,812.0,31.661,42.04,37.62,0,36.23
2023-10-02,275,13,32.0,32.3,23.3,66,3.07,785.0,30.881,40.66,39.0,0,33.34
2023-10-03,276,11,31.8,33.2,23.6,59,5.2,765.0,29.417,38.29,36.32,0,28.22
2023-10-04,277,9,29.6,33.2,21.4,64,2.38,571.0,28.225,37.15,32.84,0,21.99
2023-10-05,278,12,32.9,33.6,20.2,40,4.1,908.0,28.283,39.74,33.63,0,24.25
2023-10-06,279,16,31.9,33.5,20.0,51,1.98,369.0,28.463,37.94,34.42,0,23.59
2023-10-07,280,13,33.6,33.7,22.5,40,2.67,829.0,29.161,41.19,34.75,0,27.96
2023-10-08,281,13,34.1,34.5,24.0,41,1.41,800.0,30.367,42.45,35.87,0,33.32
2023-10-09,282,13,34.4,34.4,22.9,38,2.33,826.0,29.676,42.21,35.6,0,30.46
2023-10-10,283,12,34.0,34.6,22.5,40,1.5,863.0,30.184,42.51,35.43,0,31.10
2023-10-11,284,13,34.5,34.5,22.7,35,2.0,796.0,29.384,42.21,35.03,0,29.46
2023-10-12,285,13,33.5,33.6,21.1,38,2.41,749.0,28.733,40.77,34.14,0,26.04
2023-10-13,286,10,32.6,34.1,21.7,44,0.45,732.0,30.883,41.01,34.02,0,30.23
2023-10-14,287,11,32.8,33.7,20.7,44,1.0,802.0,30.09,41.37,34.35,0,29.12
2023-10-15,288,12,31.1,31.1,22.2,48,0.32,655.0,29.828,38.67,32.39,0,26.17
2023-10-16,289,12,32.7,32.7,21.6,36,0.22,793.0,29.995,39.46,32.56,0,26.89
2023-10-17,290,13,32.9,32.9,21.7,42,0.2,786.0,31.036,39.99,34.06,0,29.80
2023-10-18,291,10,31.0,32.7,22.3,51,1.0,698.0,29.153,39.43,32.82,0,25.73
2023-10-19,292,14,31.6,31.6,22.7,48,0.94,591.0,29.099,39.33,33.21,0,26.17
2023-10-20,293,12,31.5,31.8,21.5,49,1.84,736.0,28.75,39.55,33.25,0,24.86
2023-10-21,294,11,31.1,32.0,20.1,40,2.02,810.0,27.233,38.79,31.04,0,20.62
2023-10-22,295,11,31.2,32.7,19.2,35,0.89,809.0,27.576,39.10,30.49,0,21.29
2023-10-23,296,13,31.2,31.3,20.0,30,4.16,809.0,25.151,36.92,29.94,0,14.93
2023-10-24,297,11,29.9,31.5,19.3,37,2.59,809.0,25.526,36.93,29.26,0,15.40
2023-10-25,298,10,29.4,31.9,18.5,41,1.3,693.0,26.123,36.95,29.12,0,16.49
2023-10-26,299,11,30.6,31.9,18.3,30,1.14,806.0,25.965,38.13,29.33,0,17.11
2023-10-27,300,13,31.3,31.3,17.2,29,1.06,792.0,26.442,38.72,29.95,0,18.67
2023-10-28,301,12,30.8,31.2,17.7,33,0.67,828.0,27.398,38.70,29.81,0,20.41
2023-10-29,302,12,30.8,31.2,17.6,35,0.98,822.0,27.136,38.73,30.03,0,20.02
2023-10-30,303,13,31.0,31.0,18.0,35,3.07,779.0,25.971,37.50,30.26,0,17.02
2023-10-31,304,13,31.1,31.2,18.4,35,3.06,772.0,26.048,37.58,30.37,0,17.26
2023-11-01,305,14,31.3,31.3,19.7,36,2.72,578.0,26.121,37.09,30.74,0,17.19
2023-11-02,306,13,31.3,31.5,19.6,44,0.61,685.0,29.138,39.32,31.97,0,24.95
2023-11-03,307,12,31.8,32.1,19.4,38,0.85,775.0,28.513,39.78,31.66,0,23.99
2023-11-04,308,12,32.2,32.9,20.4,28,1.97,807.0,26.324,39.35,30.82,0,19.23
2023-11-05,309,10,29.6,32.4,19.1,46,2.22,661.0,26.339,36.64,29.93,0,16.97
2023-11-06,310,11,31.2,32.4,16.8,29,3.49,766.0,25.068,37.13,29.85,0,14.89
2023-11-07,311,12,31.9,32.3,17.4,27,2.42,794.0,25.676,38.68,30.39,0,17.36
2023-11-08,312,12,32.0,32.4,17.2,29,1.36,782.0,26.691,39.32,30.7,0,19.86
2023-11-09,313,13,32.4,32.4,17.7,28,1.33,736.0,26.774,39.47,31.04,0,20.25
2023-11-10,314,12,32.1,32.5,17.3,33,2.15,765.0,26.901,39.20,31.31,0,20.39
2023-11-11,315,12,32.4,33.0,18.9,32,0.36,763.0,29.016,39.55,31.54,0,24.73
2023-11-12,316,12,32.1,32.4,20.4,34,2.0,769.0,27.138,39.36,31.45,0,21.01
2023-11-13,317,13,31.4,31.5,16.9,32,1.0,729.0,26.933,38.71,30.37,0,19.75
2023-11-14,318,13,30.8,30.8,17.5,32,1.5,718.0,25.932,37.90,29.71,0,17.03
2023-11-15,319,13,30.4,30.4,17.5,35,2.13,722.0,25.697,37.29,29.59,0,16.10
2023-11-16,320,13,30.2,30.2,17.9,36,3.0,721.0,25.36,36.44,29.48,0,14.81
2023-11-17,321,13,30.1,30.1,17.7,37,2.01,720.0,25.782,37.15,29.47,0,16.12
2023-11-18,322,13,30.6,30.6,17.4,38,1.12,714.0,26.975,38.17,30.15,0,19.36
2023-11-19,323,13,31.6,31.7,17.7,37,1.46,709.0,27.376,38.99,31.25,0,21.12
2023-11-20,324,12,30.7,31.2,18.2,42,2.55,705.0,26.744,37.55,30.81,0,18.72
2023-11-21,325,13,30.8,30.9,19.0,36,2.08,706.0,26.177,37.72,30.15,0,17.52
2023-11-22,326,12,30.7,31.2,18.4,37,0.72,745.0,27.575,38.46,30.15,0,20.70
2023-11-23,327,13,31.0,31.2,17.6,34,0.94,695.0,26.898,38.28,30.14,0,19.29
2023-11-24,328,12,30.6,31.0,19.0,40,2.67,690.0,26.316,37.17,30.41,0,17.49
2023-11-25,329,13,30.6,30.7,18.3,37,1.79,641.0,26.162,37.41,30.03,0,17.23
2023-11-26,330,13,30.7,30.7,18.1,37,1.8,631.0,26.221,37.46,30.15,0,17.42
2023-11-27,331,13,23.5,24.7,19.2,64,1.78,352.0,22.192,29.90,23.54,0,3.18
2023-11-28,332,13,26.4,26.4,18.4,59,0.92,370.0,24.983,33.32,26.52,0,10.92
2023-11-29,333,13,26.5,26.5,17.0,65,1.8,498.0,25.489,33.99,26.7,0,12.36
2023-11-30,334,12,28.4,29.0,19.3,59,1.08,653.0,27.511,36.98,29.93,0,19.43
2023-12-01,335,12,28.9,28.9,20.7,53,1.73,692.0,26.863,36.87,29.9,0,18.12
2023-12-02,336,13,29.8,30.0,19.9,54,3.05,668.0,27.24,36.59,31.39,0,19.18
2023-12-03,337,13,30.0,30.2,20.0,43,3.93,670.0,25.851,35.49,30.05,0,15.26
2023-12-04,338,12,29.6,30.2,19.8,51,3.3,669.0,26.636,35.97,30.62,0,17.31
2023-12-05,339,13,28.0,28.0,20.9,56,4.13,562.0,25.415,33.10,29.02,0,12.33
2023-12-06,340,12,24.5,24.5,20.2,65,5.1,507.0,22.883,28.35,24.6,0,3.37
2023-12-07,341,15,25.2,25.2,19.2,66,2.01,288.0,23.717,30.91,25.35,0,6.79
2023-12-08,342,13,26.0,26.2,16.8,59,1.04,561.0,25.086,34.12,26.1,0,11.69
2023-12-09,343,11,25.8,27.2,16.4,57,1.91,656.0,24.298,33.63,25.86,0,9.85
2023-12-10,344,13,26.3,26.3,14.3,42,1.63,682.0,23.272,33.75,26.19,0,8.00
2023-12-11,345,13,26.6,26.7,13.7,42,1.13,683.0,23.938,34.36,26.51,0,9.70
2023-12-12,346,12,26.2,27.2,14.2,46,0.76,702.0,24.608,34.48,26.14,0,11.05
2023-12-13,347,12,26.7,27.2,15.1,48,1.58,701.0,24.406,34.56,27.04,0,10.74
2023-12-14,348,12,26.6,27.0,14.6,39,2.27,711.0,22.899,33.51,26.47,0,7.12
2023-12-15,349,13,26.6,26.6,14.1,41,1.9,685.0,23.266,33.78,26.49,0,8.01
2023-12-16,350,12,26.2,26.6,13.4,35,1.61,714.0,22.393,33.55,25.99,0,6.20
2023-12-17,351,13,25.8,25.8,13.5,39,2.61,677.0,22.018,32.21,25.63,0,4.52
2023-12-18,352,13,24.7,24.9,14.6,32,3.61,653.0,19.898,29.72,24.38,0,2.68
2023-12-19,353,13,24.2,24.4,13.2,30,2.97,691.0,19.443,30.14,23.83,0,2.99
2023-12-20,354,13,24.7,24.9,12.1,29,2.5,692.0,19.874,31.10,24.34,0,3.68
2023-12-21,355,14,25.9,25.9,11.8,30,1.86,550.0,20.973,31.96,25.61,0,4.31
2023-12-22,356,16,25.8,26.9,11.7,42,0.61,251.0,22.411,30.82,25.67,0,4.26
2023-12-23,357,14,28.2,28.2,14.0,33,1.25,593.0,23.8,34.84,27.4,0,9.94
2023-12-24,358,13,28.3,28.6,12.6,35,1.75,683.0,24.027,35.25,27.59,0,10.73
2023-12-25,359,13,28.3,28.7,14.1,39,0.5,683.0,26.141,36.03,27.86,0,15.38
2023-12-26,360,13,28.6,29.0,14.3,41,0.58,684.0,26.441,36.40,28.29,0,16.38
2023-12-27,361,14,28.4,28.4,14.4,40,0.61,599.0,25.797,35.67,28.02,0,14.54
2023-12-28,362,13,28.0,28.2,14.7,41,1.3,679.0,24.869,35.51,27.73,0,12.56
2023-12-29,363,13,28.0,28.2,15.0,44,0.92,648.0,25.571,35.69,27.95,0,14.10
2023-12-30,364,12,27.3,28.0,13.8,46,0.64,704.0,25.833,35.55,27.44,0,14.30
2023-12-31,365,12,27.4,28.2,14.6,46,1.21,705.0,25.1,35.39,27.53,0,12.83
2024-01-01,1,14,28.4,28.4,14.6,42,0.61,606.0,26.078,35.84,28.18,0,15.25
2024-01-02,2,13,28.4,28.6,14.2,39,1.52,692.0,24.817,35.73,27.95,0,12.70
2024-01-03,3,13,27.9,28.2,14.6,44,1.51,692.0,25.025,35.51,27.86,0,12.90
2024-01-04,4,13,27.3,27.7,16.0,51,0.5,651.0,26.617,35.66,27.78,0,15.99
2024-01-05,5,12,27.2,27.9,16.5,51,2.41,698.0,24.783,34.43,27.68,0,11.60
2024-01-06,6,13,26.2,26.4,17.6,58,2.0,648.0,24.713,33.95,26.29,0,10.87
2024-01-07,7,13,28.0,28.2,16.6,41,2.16,697.0,24.389,34.98,27.73,0,11.27
2024-01-08,8,13,27.7,28.1,16.7,50,0.32,696.0,27.156,35.53,28.12,0,17.04
2024-01-09,9,13,29.2,29.6,16.3,40,2.42,704.0,25.212,35.97,28.81,0,13.94
2024-01-10,10,12,27.9,28.2,19.3,50,0.71,594.0,26.372,35.75,28.34,0,15.80
2024-01-11,11,13,28.3,28.5,17.0,51,1.04,694.0,26.652,36.59,28.89,0,17.14
2024-01-12,12,14,29.5,29.5,17.4,46,1.08,631.0,26.916,37.14,29.81,0,18.38
2024-01-13,13,13,29.6,29.9,17.9,42,0.5,715.0,27.77,37.64,29.46,0,20.22
2024-01-14,14,12,28.5,29.8,17.6,47,0.22,724.0,27.608,35.62,28.73,0,18.19
2024-01-15,15,13,27.7,28.0,16.8,44,0.41,724.0,26.531,35.78,27.67,0,15.87
2024-01-16,16,13,27.7,28.2,15.0,41,0.95,733.0,25.112,35.66,27.47,0,13.03
2024-01-17,17,12,27.1,29.0,15.8,55,0.92,719.0,26.232,35.85,27.85,0,15.42
2024-01-18,18,13,27.0,27.1,17.7,51,0.57,701.0,26.308,35.60,27.48,0,15.25
2024-01-19,19,14,27.5,27.5,16.1,43,2.52,647.0,23.968,33.97,27.43,0,9.63
2024-01-20,20,13,27.8,28.0,17.6,56,1.96,708.0,26.109,35.80,28.76,0,15.49
2024-01-21,21,13,26.9,27.4,16.6,44,1.0,730.0,24.707,35.04,26.99,0,11.64
2024-01-22,22,15,27.6,27.6,14.7,45,0.67,516.0,25.329,34.71,27.65,0,12.82
2024-01-23,23,13,27.3,27.9,18.2,50,1.75,707.0,25.083,35.14,27.71,0,12.69
2024-01-24,24,13,25.4,25.9,14.6,34,2.09,760.0,21.41,32.64,25.14,0,4.80
2024-01-25,25,14,24.7,24.7,11.8,37,1.93,690.0,21.129,31.89,24.45,0,4.25
2024-01-26,26,14,25.8,25.8,10.7,31,1.22,695.0,21.788,33.19,25.52,0,5.19
2024-01-27,27,14,26.8,26.8,11.7,30,1.04,697.0,22.673,34.10,26.3,0,7.12
2024-01-28,28,14,28.1,28.1,10.9,29,1.41,693.0,23.242,35.05,27.12,0,8.92
2024-01-29,29,12,27.7,29.1,12.6,36,0.92,770.0,24.595,35.58,27.18,0,11.89
2024-01-30,30,14,28.5,28.5,15.4,36,0.1,688.0,26.07,34.06,27.83,0,13.82
2024-01-31,31,13,28.5,28.9,14.1,45,2.97,731.0,25.107,35.10,28.54,0,13.02
2024-02-01,32,15,29.6,29.6,16.9,37,0.61,508.0,26.122,36.11,28.94,0,15.81
2024-02-02,33,13,29.3,29.3,16.9,35,2.1,773.0,24.872,36.44,28.48,0,13.52
2024-02-03,34,14,28.7,28.7,15.8,31,0.85,704.0,24.669,35.93,27.68,0,12.47
2024-02-04,35,14,30.3,30.3,15.5,31,1.5,702.0,25.324,37.26,29.12,0,15.20
2024-02-05,36,14,32.6,32.8,16.6,35,3.91,690.0,26.992,38.27,32.25,0,20.24
2024-02-06,37,13,31.6,32.9,17.7,38,1.66,777.0,27.525,39.28,31.4,0,21.66
2024-02-07,38,13,29.5,30.1,18.0,44,1.21,780.0,26.884,37.70,29.57,0,18.63
2024-02-08,39,14,28.1,28.1,17.7,29,2.24,714.0,22.817,34.62,27.12,0,7.82
2024-02-09,40,15,28.1,28.1,14.6,30,1.62,590.0,23.015,34.41,27.17,0,8.05
2024-02-10,41,14,27.4,28.1,15.1,57,0.57,681.0,27.283,36.26,28.35,0,17.89
2024-02-11,42,15,28.6,28.6,17.3,58,0.51,403.0,27.655,35.92,30.11,0,19.00
2024-02-12,43,13,28.6,29.2,17.7,56,2.79,695.0,26.496,35.77,29.85,0,16.61
2024-02-13,44,13,30.3,30.7,17.4,45,3.45,782.0,26.656,36.87,30.71,0,18.03
2024-02-14,45,14,30.3,30.8,18.1,46,1.55,709.0,27.413,38.12,30.86,0,20.41
2024-02-15,46,14,28.7,28.7,18.6,48,2.02,703.0,25.954,36.20,29.06,0,15.60
2024-02-16,47,14,30.7,30.7,18.0,41,0.63,683.0,28.151,38.45,30.67,0,21.98
2024-02-17,48,11,29.4,31.3,18.3,49,0.54,748.0,28.462,38.06,30.06,0,22.05
2024-02-18,49,10,28.5,31.7,17.6,49,0.81,595.0,26.632,36.24,28.93,0,16.86
2024-02-19,50,13,32.4,33.2,17.4,30,2.78,839.0,26.543,39.32,31.28,0,19.79
2024-02-20,51,17,29.6,33.3,19.3,58,1.66,170.0,26.65,34.33,31.73,0,16.56
2024-02-21,52,13,31.7,33.0,17.1,31,2.19,843.0,26.367,39.01,30.59,0,18.98
2024-02-22,53,12,28.9,30.2,20.1,36,3.01,848.0,24.453,35.68,28.18,0,12.06
2024-02-23,54,13,29.2,29.7,16.5,33,0.5,847.0,26.582,37.30,28.24,0,17.28
2024-02-24,55,14,30.9,30.9,16.8,29,0.85,774.0,26.362,38.26,29.54,0,18.04
2024-02-25,56,14,31.4,31.5,17.2,32,2.13,766.0,26.167,38.42,30.37,0,18.09
2024-02-26,57,15,28.4,28.4,20.2,60,2.31,376.0,26.236,34.37,30.06,0,15.19
2024-02-27,58,12,28.7,31.4,19.6,62,2.58,737.0,27.405,36.66,30.82,0,19.33
2024-02-28,59,13,30.8,31.3,19.4,44,0.41,813.0,29.549,39.27,31.25,0,25.42
2024-02-29,60,14,33.6,33.6,18.0,24,0.86,692.0,27.433,40.28,31.94,0,22.41
2024-03-01,61,12,34.4,34.8,18.6,25,1.0,876.0,28.517,42.06,33.0,0,26.14
2024-03-02,62,14,32.4,32.4,22.1,36,2.69,717.0,27.327,39.07,32.15,0,21.54
2024-03-03,63,11,31.2,33.6,21.3,39,2.0,790.0,27.152,38.76,31.03,0,20.45
2024-03-04,64,13,31.3,31.8,21.2,28,2.76,861.0,25.342,38.16,29.86,0,16.16
2024-03-05,65,14,33.7,33.9,18.2,26,0.32,794.0,29.14,40.37,32.3,0,25.84
2024-03-06,66,12,33.3,34.2,19.8,31,0.85,874.0,28.929,41.32,32.53,0,26.21
2024-03-07,67,17,31.8,34.4,19.3,44,1.72,226.0,27.092,36.33,32.72,0,19.21
2024-03-08,68,13,33.8,34.2,18.8,20,0.1,891.0,28.31,39.02,31.75,0,23.09
2024-03-09,69,17,32.0,34.9,19.5,46,1.39,227.0,27.672,36.90,33.45,0,20.99
2024-03-10,70,12,35.3,36.2,20.5,20,2.26,904.0,27.253,42.61,33.38,0,24.29
2024-03-11,71,15,36.9,36.9,21.9,19,0.7,656.0,29.113,43.19,35.1,0,28.87
2024-03-12,72,12,36.0,37.0,21.0,22,0.64,896.0,29.892,43.61,34.5,0,30.42
2024-03-13,73,13,36.4,36.8,22.1,20,3.65,885.0,27.616,43.26,34.66,0,26.04
2024-03-14,74,12,35.0,36.0,20.5,15,1.25,923.0,26.562,42.07,32.57,0,22.29
2024-03-15,75,13,35.7,36.0,20.5,17,0.14,909.0,29.13,40.88,33.47,0,26.62
2024-03-16,76,13,36.3,36.3,23.2,29,2.02,821.0,29.873,44.03,36.37,0,32.78
2024-03-17,77,14,31.9,33.0,21.4,46,0.41,600.0,30.087,39.54,33.29,0,27.39
2024-03-18,78,13,33.1,34.0,22.6,45,2.51,852.0,29.54,41.13,35.12,0,28.89
2024-03-19,79,13,29.0,29.4,20.6,56,0.22,691.0,29.018,36.63,30.45,0,22.22
2024-03-20,80,11,28.9,30.5,17.8,50,1.0,860.0,27.52,37.92,29.53,0,19.98
2024-03-21,81,12,30.9,32.8,16.0,40,1.77,929.0,27.419,39.26,30.78,0,21.22
2024-03-22,82,12,33.4,35.1,19.4,27,0.2,937.0,29.507,39.92,32.07,0,26.12
2024-03-23,83,12,35.4,37.0,18.9,26,1.21,938.0,29.393,43.50,34.44,0,29.37
2024-03-24,84,15,37.7,37.9,19.9,14,0.41,645.0,28.999,43.18,35.24,0,28.70
2024-03-25,85,11,36.8,38.1,21.8,24,1.82,846.0,29.437,44.46,35.93,0,30.70
2024-03-26,86,12,37.6,38.4,22.5,20,1.27,933.0,29.77,45.46,36.15,0,32.72
2024-03-27,87,13,37.8,38.3,23.6,24,2.44,877.0,29.981,45.58,37.34,0,34.93
2024-03-28,88,12,38.7,39.9,24.0,23,3.32,930.0,30.258,46.51,38.38,0,36.98
2024-03-29,89,11,38.6,40.1,25.2,21,0.22,852.0,32.161,44.96,37.7,1,42.26
2024-03-30,90,12,39.1,39.1,26.2,22,1.14,879.0,31.446,47.13,38.68,0,42.35
2024-03-31,91,12,38.5,38.6,25.5,24,2.53,902.0,30.545,46.49,38.37,0,39.25
2024-04-01,92,14,40.3,40.3,23.7,17,3.93,827.0,29.702,47.54,38.9,1,38.19
2024-04-02,93,11,37.7,40.4,25.8,19,1.1,889.0,29.705,45.26,36.07,2,39.61
2024-04-03,94,12,39.4,40.2,25.0,15,0.72,941.0,30.674,46.80,37.31,3,43.74
2024-04-04,95,13,40.9,41.4,25.8,15,1.65,928.0,30.611,48.75,39.1,4,48.30
2024-04-05,96,12,39.6,40.1,24.7,16,3.2,951.0,29.257,47.28,37.77,5,44.56
2024-04-06,97,13,39.6,40.2,27.8,17,1.86,894.0,30.004,47.34,38.01,6,51.39
2024-04-07,98,12,34.9,36.4,25.0,26,3.69,885.0,27.682,41.70,33.78,0,28.09
2024-04-08,99,12,35.6,35.6,22.6,30,3.47,936.0,29.133,43.02,35.55,0,29.64
2024-04-09,100,12,34.8,34.8,23.0,37,3.68,880.0,29.519,42.00,36.02,0,30.28
2024-04-10,101,12,35.6,35.9,21.4,36,2.67,916.0,30.395,43.69,37.12,0,32.40
2024-04-11,102,13,32.6,32.8,20.5,39,4.21,904.0,27.848,39.25,32.97,0,22.84
2024-04-12,103,12,31.8,31.8,22.3,48,3.32,841.0,28.508,39.12,33.55,0,24.55
2024-04-13,104,14,32.4,32.4,21.8,48,3.85,826.0,28.896,39.36,34.61,0,25.50
2024-04-14,105,12,35.3,35.8,23.2,37,2.51,937.0,30.398,43.58,36.88,0,33.63
2024-04-15,106,12,38.0,38.4,24.1,32,2.28,877.0,31.821,46.37,40.15,0,40.60
2024-04-16,107,11,37.3,38.9,24.4,30,0.22,893.0,33.142,44.52,38.25,0,41.41
2024-04-17,108,17,38.1,40.1,24.7,32,0.72,232.0,31.225,42.99,40.33,1,39.47
2024-04-18,109,13,40.7,40.9,24.1,17,1.35,939.0,31.306,48.74,39.42,2,44.41
2024-04-19,110,13,41.9,42.0,24.7,16,0.86,916.0,32.498,49.72,40.68,3,50.20
2024-04-20,111,13,41.3,41.3,27.3,19,2.86,852.0,31.328,49.22,40.91,4,52.42
2024-04-21,112,14,40.4,40.4,28.3,18,1.79,761.0,30.675,47.78,39.32,5,52.38
2024-04-22,113,13,38.7,38.7,25.6,24,0.89,899.0,31.973,46.91,38.68,0,42.48
2024-04-23,114,13,36.7,36.7,25.1,32,1.44,790.0,31.071,44.74,37.84,0,38.32
2024-04-24,115,10,36.0,39.2,24.9,36,1.44,781.0,31.155,44.18,37.83,0,37.83
2024-04-25,116,11,38.1,38.3,25.1,25,1.0,808.0,31.337,45.92,38.06,0,39.76
2024-04-26,117,13,41.5,41.9,24.8,17,1.58,888.0,31.62,49.49,40.49,1,45.09
2024-04-27,118,12,38.9,41.1,26.2,23,0.71,814.0,32.031,46.64,38.68,2,46.43
2024-04-28,119,13,40.2,40.2,27.5,22,0.71,903.0,33.053,48.42,40.32,3,53.44
2024-04-29,120,15,37.9,39.2,26.8,30,1.4,620.0,31.35,45.17,39.27,0,41.67
2024-04-30,121,12,41.0,42.1,27.0,19,2.73,961.0,31.311,49.34,40.48,1,46.96
2024-05-01,122,12,40.6,41.6,28.5,14,3.76,964.0,29.284,48.27,38.47,2,45.03
2024-05-02,123,17,38.2,39.9,25.5,31,0.36,270.0,31.723,43.04,40.15,0,39.65
2024-05-03,124,17,39.1,40.9,23.4,21,0.64,277.0,30.028,43.48,38.4,1,35.33
2024-05-04,125,12,41.1,42.1,23.7,8,0.86,976.0,29.38,47.84,37.26,2,38.85
2024-05-05,126,14,42.7,42.7,26.2,12,3.28,852.0,30.13,50.16,40.26,3,47.64
2024-05-06,127,13,41.0,41.5,30.3,20,3.58,905.0,31.232,49.01,40.83,4,55.55
2024-05-07,128,14,40.2,40.3,24.7,22,3.18,730.0,30.942,47.46,40.32,5,48.83
2024-05-08,129,13,38.4,39.0,24.7,30,2.02,919.0,31.973,47.00,40.15,0,42.05
2024-05-09,130,12,37.4,37.4,27.0,34,4.85,874.0,30.99,44.62,39.75,0,41.01
2024-05-10,131,13,40.1,40.5,26.3,31,3.51,874.0,32.963,48.37,43.79,1,49.79
2024-05-11,132,13,41.4,41.4,27.4,23,2.19,898.0,32.765,49.97,42.63,2,53.09
2024-05-12,133,12,39.4,39.4,27.7,30,3.31,908.0,32.285,47.65,41.99,0,47.29
2024-05-13,134,14,37.5,37.5,26.5,27,1.25,739.0,30.83,45.08,37.7,0,39.69
2024-05-14,135,11,39.6,39.7,26.4,24,1.82,867.0,31.713,47.83,40.07,0,44.11
2024-05-15,136,11,38.1,38.6,26.0,27,1.64,893.0,31.317,46.43,38.64,0,41.35
2024-05-16,137,12,35.2,35.3,26.8,42,2.32,767.0,30.886,43.15,38.23,0,38.95
2024-05-17,138,13,34.5,34.9,26.4,44,0.71,645.0,31.632,42.63,37.48,0,39.23
2024-05-18,139,12,38.5,39.7,26.0,32,1.63,928.0,32.703,47.42,41.08,0,45.59
2024-05-19,140,14,40.2,40.2,26.4,29,0.82,759.0,34.036,48.50,43.08,1,51.77
2024-05-20,141,13,40.9,40.9,27.4,32,2.71,758.0,33.88,49.22,45.95,2,55.90
2024-05-21,142,13,42.7,42.7,29.8,21,0.71,887.0,34.724,51.08,43.89,3,62.53
2024-05-22,143,13,41.4,41.9,26.9,24,2.11,899.0,33.046,50.07,43.06,4,56.60
2024-05-23,144,13,42.1,42.1,28.3,23,1.9,911.0,33.498,50.89,43.81,5,61.63
2024-05-24,145,11,42.0,43.7,27.6,22,2.79,896.0,32.744,50.50,43.19,6,60.54
2024-05-25,146,11,40.6,41.7,28.2,31,2.9,879.0,33.563,49.25,44.81,7,62.49
2024-05-26,147,9,39.1,44.9,29.6,36,2.6,617.0,32.894,46.61,44.02,8,60.66
2024-05-27,148,10,43.2,45.5,32.2,24,7.5,816.0,33.289,52.60,46.29,9,69.61
2024-05-28,149,12,42.9,44.6,31.8,27,5.31,939.0,34.154,51.95,47.4,10,70.72
2024-05-29,150,12,42.5,44.0,30.4,26,4.12,941.0,33.813,51.33,46.05,11,67.49
2024-05-30,151,11,42.1,44.1,30.6,25,2.62,900.0,33.62,50.88,44.77,12,66.57
2024-05-31,152,11,42.9,44.5,31.6,22,3.68,897.0,33.197,51.46,44.71,13,67.33
2024-06-01,153,12,43.8,44.0,32.1,16,2.63,791.0,32.346,51.64,43.26,14,65.89
2024-06-02,154,13,42.8,42.8,29.4,19,1.7,705.0,32.729,50.38,43.14,15,62.52
2024-06-03,155,12,39.5,39.6,26.8,31,5.31,888.0,32.139,47.28,42.6,0,45.93
2024-06-04,156,15,40.8,40.9,27.4,24,0.92,623.0,32.914,48.05,42.04,1,50.10
2024-06-05,157,13,40.4,40.4,26.4,29,0.5,880.0,35.302,49.34,43.46,2,56.57
2024-06-06,158,14,41.4,41.4,28.3,25,0.89,758.0,34.024,49.50,43.5,3,58.18
2024-06-07,159,13,38.9,39.4,26.9,35,2.4,879.0,33.082,47.62,43.13,0,48.27
2024-06-08,160,12,39.1,40.0,26.4,35,1.3,904.0,33.998,48.37,43.56,1,51.78
2024-06-09,161,11,36.8,38.9,26.5,44,0.5,816.0,34.698,46.32,42.44,0,49.65
2024-06-10,162,13,38.9,39.2,27.0,35,3.0,891.0,32.882,47.38,43.13,0,47.83
2024-06-11,163,12,39.7,40.5,26.5,29,2.53,899.0,32.577,48.24,42.13,1,48.58
2024-06-12,164,14,37.0,37.4,25.9,37,3.0,796.0,31.46,44.72,40.06,0,40.80
2024-06-13,165,14,39.7,39.7,28.0,32,1.3,751.0,33.618,48.13,43.44,0,51.05
2024-06-14,166,13,39.4,39.7,27.7,34,2.25,759.0,33.178,47.69,43.73,0,49.66
2024-06-15,167,13,38.7,39.2,27.1,36,2.01,866.0,33.254,47.57,43.16,0,48.80
2024-06-16,168,14,37.4,37.4,26.9,44,1.52,741.0,33.511,46.34,43.86,0,48.42
2024-06-17,169,14,37.3,37.4,27.5,42,1.34,721.0,33.206,45.98,42.72,0,47.87
2024-06-18,170,12,37.1,37.1,27.0,44,3.62,780.0,32.486,44.93,43.14,0,45.31
2024-06-19,171,12,35.9,36.6,26.5,48,2.71,835.0,32.358,44.54,42.01,0,43.79
2024-06-20,172,13,36.3,36.5,25.5,44,3.16,820.0,31.958,44.34,41.29,0,41.46
2024-06-21,173,15,33.3,33.3,25.5,55,2.2,608.0,30.727,41.19,38.5,0,35.82
2024-06-22,174,14,30.1,31.0,25.0,71,0.92,678.0,30.691,40.00,35.53,0,33.20
2024-06-23,175,15,31.8,31.8,24.2,65,1.2,651.0,31.244,41.20,38.14,0,35.15
2024-06-24,176,13,32.3,32.5,24.6,65,2.15,833.0,31.467,41.97,39.46,0,37.08
2024-06-25,177,14,34.5,34.5,25.0,57,1.75,785.0,32.661,44.09,42.27,0,42.38
2024-06-26,178,10,33.1,35.0,26.4,58,1.0,731.0,32.029,42.60,39.06,0,40.55
2024-06-27,179,13,33.3,33.6,25.3,59,1.5,797.0,32.0,42.97,39.92,0,39.81
2024-06-28,180,13,31.9,31.9,25.0,64,3.62,649.0,30.197,39.24,38.08,0,32.67
2024-06-29,181,11,30.8,30.8,25.4,66,3.21,507.0,29.223,37.60,35.95,0,29.32
2024-06-30,182,14,31.3,31.6,25.7,66,3.83,637.0,29.802,38.41,37.18,0,31.80
2024-07-01,183,10,29.5,29.8,24.6,72,4.66,531.0,28.447,35.38,34.29,0,24.70
2024-07-02,184,16,31.1,31.1,25.0,61,4.44,395.0,28.506,35.91,35.32,0,26.04
2024-07-03,185,18,29.6,31.2,25.0,79,0.64,73.0,28.827,35.65,36.21,0,26.79
2024-07-04,186,13,31.5,31.5,24.9,65,4.38,748.0,29.947,38.72,37.38,0,31.45
2024-07-05,187,14,31.7,31.7,24.6,62,5.4,620.0,29.45,37.62,36.97,0,29.21
2024-07-06,188,14,32.9,32.9,24.8,56,4.88,739.0,30.073,39.53,37.91,0,32.35
2024-07-07,189,16,30.0,30.0,24.7,72,2.12,366.0,29.093,37.28,35.53,0,27.87
2024-07-08,190,13,31.2,31.8,24.7,69,1.03,809.0,31.695,41.68,37.83,0,36.82
2024-07-09,191,13,31.9,32.1,24.4,67,1.78,823.0,31.504,41.91,39.07,0,36.74
2024-07-10,192,13,31.3,31.3,23.9,67,1.3,633.0,30.871,40.63,37.48,0,33.44
2024-07-11,193,14,30.7,30.7,24.9,70,3.3,580.0,29.694,38.14,36.8,0,30.33
2024-07-12,194,12,31.7,31.7,24.7,63,2.81,701.0,30.186,39.85,37.27,0,32.44
2024-07-13,195,12,32.0,32.0,25.1,62,3.42,791.0,30.328,40.03,37.69,0,33.46
2024-07-14,196,12,31.4,31.4,24.5,67,1.14,622.0,31.082,40.80,37.74,0,34.75
2024-07-15,197,15,30.9,31.0,24.4,75,1.14,493.0,31.148,40.33,38.87,0,34.84
2024-07-16,198,14,30.8,30.8,24.6,76,2.25,587.0,30.766,39.91,38.89,0,34.06
2024-07-17,199,12,29.8,31.5,25.0,81,0.45,587.0,32.146,40.48,37.33,0,36.97
2024-07-18,200,12,31.1,31.1,24.7,70,0.81,587.0,31.437,40.73,37.87,0,35.66
2024-07-19,201,11,31.6,31.6,24.7,69,2.84,819.0,30.971,40.77,38.92,0,35.20
2024-07-20,202,12,29.9,30.3,25.1,82,2.58,275.0,29.688,37.10,37.92,0,30.22
2024-07-21,203,12,30.9,30.9,24.9,73,3.11,832.0,30.687,40.05,38.24,0,34.12
2024-07-22,204,13,27.9,27.9,25.0,87,3.64,296.0,28.113,33.89,33.04,0,22.99
2024-07-23,205,15,28.2,28.5,24.2,79,5.29,316.0,27.46,32.38,32.44,0,19.51
2024-07-24,206,12,28.2,28.2,24.2,81,4.7,271.0,27.618,32.57,32.77,0,20.07
2024-07-25,207,12,31.2,31.2,24.4,64,4.6,657.0,29.378,37.68,36.36,0,28.65
2024-07-26,208,16,28.6,28.6,24.7,80,5.11,437.0,28.202,33.98,33.65,0,23.10
2024-07-27,209,16,27.9,27.9,24.4,84,4.5,229.0,27.545,32.21,32.46,0,19.79
2024-07-28,210,12,28.1,28.2,24.1,79,4.5,370.0,27.554,33.19,32.19,0,20.07
2024-07-29,211,14,30.2,30.4,23.5,70,3.89,589.0,29.116,37.03,35.53,0,26.33
2024-07-30,212,13,30.7,30.7,24.4,72,3.14,779.0,30.294,39.43,37.38,0,32.03
2024-07-31,213,13,30.4,30.4,25.0,70,2.7,456.0,29.306,37.62,36.03,0,29.05
2024-08-01,214,12,27.6,28.1,24.5,84,3.83,365.0,27.65,33.52,31.65,0,20.75
2024-08-02,215,14,26.0,26.1,24.2,89,3.69,195.0,26.156,30.50,26.49,0,13.67
2024-08-03,216,14,27.4,27.6,24.1,81,5.24,304.0,26.864,31.37,30.77,0,16.92
2024-08-04,217,15,27.3,27.3,23.8,81,5.64,417.0,26.951,31.84,30.53,0,16.98
2024-08-05,218,13,30.1,30.2,23.6,71,4.13,688.0,29.247,37.28,35.53,0,26.88
2024-08-06,219,12,31.0,31.4,24.4,66,3.41,845.0,29.938,39.33,36.43,0,30.93
2024-08-07,220,14,27.8,28.0,23.8,79,1.41,277.0,27.715,35.19,31.46,0,21.20
2024-08-08,221,13,27.9,27.9,23.9,83,3.3,514.0,28.241,35.33,32.3,0,22.72
2024-08-09,222,11,29.3,29.4,22.7,68,2.61,722.0,28.591,37.64,33.0,0,23.90
2024-08-10,223,14,30.2,30.2,23.6,71,3.31,702.0,29.537,38.19,35.79,0,28.18
2024-08-11,224,12,29.7,29.7,23.7,70,3.4,689.0,28.908,37.33,34.32,0,25.94
2024-08-12,225,12,30.2,30.6,23.8,68,2.77,596.0,29.162,37.93,35.03,0,27.23
2024-08-13,226,11,30.4,30.8,24.1,70,1.6,751.0,30.393,40.16,36.03,0,31.89
2024-08-14,227,11,30.7,30.7,25.2,73,1.32,705.0,31.121,40.81,37.68,0,35.63
2024-08-15,228,10,29.2,29.6,25.0,80,1.9,488.0,29.562,38.03,35.3,0,29.56
2024-08-16,229,11,29.3,29.3,24.7,76,0.81,336.0,29.518,37.58,34.67,0,28.57
2024-08-17,230,11,29.8,30.0,24.9,73,1.7,717.0,30.012,39.46,35.26,0,31.31
2024-08-18,231,11,30.1,30.3,25.1,77,0.0,691.0,32.374,39.12,37.12,0,36.46
2024-08-19,232,12,31.1,31.5,24.1,70,1.78,815.0,31.07,41.16,37.87,0,34.58
2024-08-20,233,10,29.1,30.7,23.9,78,0.76,524.0,30.262,38.76,34.58,0,29.86
2024-08-21,234,12,30.9,30.9,24.5,70,1.84,735.0,30.689,40.50,37.33,0,33.65
2024-08-22,235,14,30.7,30.7,25.1,73,0.91,657.0,31.441,40.84,37.68,0,36.14
2024-08-23,236,13,30.1,30.1,24.1,72,3.12,784.0,29.734,38.70,35.79,0,29.50
2024-08-24,237,13,27.7,27.7,23.8,82,4.62,449.0,27.608,33.35,31.64,0,19.72
2024-08-25,238,12,25.6,25.6,23.4,86,5.69,322.0,25.595,29.14,26.03,0,10.69
2024-08-26,239,14,29.4,29.6,23.5,66,5.03,646.0,27.832,35.20,32.82,0,21.57
2024-08-27,240,15,31.0,31.1,23.7,62,3.36,608.0,29.107,37.95,35.35,0,27.14
2024-08-28,241,13,31.1,31.5,23.9,60,3.0,845.0,29.453,39.36,35.06,0,28.94
2024-08-29,242,14,30.3,30.3,24.1,70,2.1,618.0,29.755,38.97,35.78,0,29.73
2024-08-30,243,11,29.6,29.7,24.1,75,1.53,734.0,30.182,39.62,35.23,0,30.81
2024-08-31,244,12,30.1,30.1,23.6,72,2.5,591.0,29.579,38.38,35.79,0,28.39
2024-09-01,245,15,31.3,31.5,23.3,72,3.55,621.0,30.507,39.13,39.07,0,31.56
2024-09-02,246,13,29.0,29.5,24.9,80,3.73,710.0,29.256,37.08,34.74,0,27.97
2024-09-03,247,14,30.7,30.8,24.3,67,3.62,759.0,29.587,38.48,35.98,0,29.37
2024-09-04,248,10,29.6,30.6,24.0,75,0.22,630.0,31.471,38.64,35.23,0,32.41
2024-09-05,249,13,30.2,30.2,24.0,69,2.57,544.0,29.229,37.92,35.28,0,27.68
2024-09-06,250,12,30.9,31.0,24.1,67,0.98,767.0,31.151,40.97,36.47,0,34.07
2024-09-07,251,13,31.1,31.1,24.1,69,1.1,811.0,31.519,41.53,37.56,0,35.57
2024-09-08,252,12,30.9,30.9,24.4,68,2.15,671.0,30.188,39.75,36.75,0,31.82
2024-09-09,253,12,31.1,31.1,24.5,70,2.26,871.0,30.918,40.98,37.87,0,34.62
2024-09-10,254,13,25.9,26.0,24.8,92,4.79,103.0,25.95,28.30,26.42,0,12.39
2024-09-11,255,13,30.8,30.8,24.8,67,5.65,805.0,29.403,37.58,36.22,0,29.04
2024-09-12,256,13,30.7,30.8,24.7,63,4.9,759.0,28.897,37.27,34.94,0,27.27
2024-09-13,257,13,30.3,30.5,23.9,64,3.55,798.0,28.947,37.99,34.31,0,26.72
2024-09-14,258,13,30.5,30.5,23.3,58,3.7,849.0,28.481,37.92,33.37,0,24.74
2024-09-15,259,14,30.3,30.3,22.5,63,2.43,692.0,28.986,38.47,34.08,0,25.42
2024-09-16,260,13,30.5,30.6,23.0,63,3.36,730.0,28.961,38.02,34.5,0,25.78
2024-09-17,261,14,30.8,30.8,25.2,59,5.05,677.0,28.388,36.65,34.19,0,26.17
2024-09-18,262,13,31.1,31.3,23.9,54,3.98,836.0,28.472,38.11,33.63,0,25.66
2024-09-19,263,12,31.1,31.5,22.4,65,0.81,864.0,31.612,41.54,36.4,0,33.34
2024-09-20,264,12,32.3,32.3,23.6,59,2.21,871.0,30.789,41.53,37.47,0,33.58
2024-09-21,265,11,32.0,32.0,24.5,64,1.92,821.0,31.165,41.63,38.33,0,35.73
2024-09-22,266,12,31.2,31.2,23.5,69,2.06,667.0,30.617,40.28,37.83,0,32.37
2024-09-23,267,12,31.5,31.5,24.3,70,2.14,797.0,31.225,41.29,38.97,0,35.60
2024-09-24,268,10,30.3,30.3,24.5,72,2.73,547.0,29.613,38.17,36.31,0,29.55
2024-09-25,269,11,29.2,29.9,23.7,77,0.27,606.0,31.212,38.53,34.63,0,31.27
2024-09-26,270,10,28.3,29.3,23.6,80,0.57,550.0,30.139,38.26,32.86,0,28.28
2024-09-27,271,14,28.6,28.6,24.3,81,3.61,460.0,28.555,35.42,33.84,0,24.42
2024-09-28,272,14,30.0,30.2,24.2,68,3.97,612.0,28.73,36.66,34.56,0,25.79
2024-09-29,273,13,31.3,31.6,23.9,65,2.8,757.0,30.142,39.79,36.88,0,31.23
2024-09-30,274,12,31.8,32.1,23.7,65,3.31,841.0,30.597,40.34,38.14,0,32.72
2024-10-01,275,13,32.5,32.8,24.0,60,1.82,769.0,31.113,41.73,38.27,0,35.10
2024-10-02,276,14,33.9,34.0,24.5,50,1.58,699.0,31.124,42.37,38.17,0,36.13
2024-10-03,277,12,33.6,34.4,24.6,50,2.84,881.0,30.596,41.93,37.53,0,34.70
2024-10-04,278,12,33.1,33.4,24.3,49,2.23,886.0,30.263,41.76,36.2,0,33.10
2024-10-05,279,12,32.5,33.2,22.7,49,1.59,890.0,30.107,41.52,35.04,0,30.33
2024-10-06,280,12,32.6,32.8,23.2,51,3.08,797.0,29.618,40.24,35.77,0,29.34
2024-10-07,281,11,31.5,32.2,22.6,54,2.3,832.0,29.332,39.97,34.39,0,27.39
2024-10-08,282,12,31.5,31.9,23.5,60,0.85,754.0,31.06,41.05,35.93,0,33.06
2024-10-09,283,11,30.4,30.9,23.1,67,0.45,762.0,31.801,40.64,35.26,0,33.45
2024-10-10,284,12,31.3,31.7,22.2,63,1.54,821.0,30.636,40.98,36.31,0,30.83
2024-10-11,285,12,30.9,31.3,23.4,66,2.15,736.0,30.087,39.88,36.19,0,30.35
2024-10-12,286,13,29.3,29.4,22.4,68,2.8,701.0,28.492,37.35,33.0,0,23.16
2024-10-13,287,12,31.0,31.1,23.1,68,1.07,790.0,31.299,41.23,37.01,0,33.57
2024-10-14,288,13,31.8,31.8,23.1,57,1.62,732.0,30.149,40.61,35.76,0,30.49
2024-10-15,289,14,31.9,31.9,23.3,58,0.66,657.0,31.267,40.96,36.26,0,33.27
2024-10-16,290,13,31.5,31.6,23.7,61,2.22,727.0,30.024,40.08,36.21,0,30.74
2024-10-17,291,13,32.6,32.6,24.0,57,1.53,770.0,31.027,41.79,37.54,0,34.71
2024-10-18,292,13,32.5,32.5,24.3,56,1.7,734.0,30.623,41.30,37.0,0,33.75
2024-10-19,293,13,31.9,31.9,23.1,61,1.7,764.0,30.737,41.15,37.14,0,32.50
2024-10-20,294,13,30.9,31.3,22.8,53,2.42,733.0,28.438,38.66,33.05,0,24.49
2024-10-21,295,12,31.2,31.4,21.2,54,1.47,793.0,29.465,40.08,33.82,0,26.80
2024-10-22,296,12,30.8,31.1,22.0,56,1.17,789.0,29.606,39.94,33.51,0,26.85
2024-10-23,297,11,31.6,32.9,21.8,41,2.86,795.0,27.445,38.67,31.88,0,21.25
2024-10-24,298,12,31.1,31.6,21.3,42,3.75,801.0,26.92,37.49,31.35,0,19.21
2024-10-25,299,13,32.0,32.2,20.9,46,3.65,687.0,28.102,38.25,33.45,0,22.78
2024-10-26,300,13,31.6,32.4,21.8,46,3.07,752.0,27.994,38.57,32.8,0,22.56
2024-10-27,301,12,30.8,31.4,20.4,49,2.05,810.0,28.15,38.96,32.1,0,22.88
2024-10-28,302,12,31.2,31.6,22.2,50,0.85,766.0,29.59,39.96,32.95,0,26.87
2024-10-29,303,14,32.7,32.7,22.7,49,1.32,608.0,29.889,40.57,35.42,0,29.37
2024-10-30,304,12,33.1,33.4,22.6,46,1.88,772.0,29.829,41.29,35.38,0,29.65
2024-10-31,305,12,32.3,33.1,22.3,50,2.67,737.0,29.245,39.88,34.92,0,27.00
2024-11-01,306,10,31.1,33.8,20.4,52,0.94,666.0,29.362,39.48,33.2,0,25.95
2024-11-02,307,11,32.1,33.4,20.6,39,1.49,762.0,28.191,39.89,32.24,0,23.67
2024-11-03,308,11,31.6,32.3,22.4,41,0.5,718.0,29.393,39.63,31.88,0,26.09
2024-11-04,309,11,30.9,31.9,20.0,41,0.32,759.0,29.062,38.41,30.93,0,23.77
2024-11-05,310,11,30.0,31.4,20.3,50,0.51,751.0,29.226,38.78,31.05,0,24.39
2024-11-06,311,14,31.0,31.2,18.7,40,2.02,636.0,26.809,37.82,30.91,0,19.08
2024-11-07,312,13,30.4,30.5,20.1,44,1.23,743.0,27.576,38.43,30.7,0,20.89
2024-11-08,313,13,30.5,30.5,19.3,43,1.78,695.0,27.024,37.93,30.69,0,19.48
2024-11-09,314,12,30.1,30.4,18.9,44,1.57,713.0,26.971,37.79,30.31,0,19.14
2024-11-10,315,10,29.0,30.9,20.0,47,2.13,620.0,25.884,35.92,29.31,0,15.36
2024-11-11,316,12,29.9,30.2,19.5,42,2.52,749.0,26.133,36.94,29.81,0,16.75
2024-11-12,317,12,30.1,30.5,18.7,38,2.47,777.0,25.829,37.13,29.58,0,16.23
2024-11-13,318,13,30.4,30.4,19.6,35,2.12,734.0,25.724,37.36,29.59,0,16.20
2024-11-14,319,13,30.2,30.2,19.5,34,2.34,734.0,25.313,36.95,29.28,0,15.01
2024-11-15,320,12,29.4,30.0,18.7,35,1.35,770.0,25.428,36.98,28.57,0,14.99
2024-11-16,321,13,29.7,29.7,18.2,28,1.77,736.0,24.251,36.56,28.35,0,12.38
2024-11-17,322,13,29.3,29.3,18.0,32,1.9,727.0,24.447,36.22,28.26,0,12.47
2024-11-18,323,11,28.3,29.0,17.5,35,1.89,725.0,24.035,35.37,27.59,0,10.83
2024-11-19,324,13,28.7,28.7,16.9,31,1.46,718.0,24.055,35.80,27.68,0,11.21
2024-11-20,325,13,28.1,28.2,17.6,35,1.39,712.0,24.162,35.42,27.43,0,11.05
2024-11-21,326,13,28.4,28.5,17.3,35,1.0,712.0,24.804,35.87,27.68,0,12.67
2024-11-22,327,13,28.1,28.1,17.2,35,1.25,714.0,24.287,35.50,27.43,0,11.34
2024-11-23,328,13,28.3,28.3,16.2,30,1.21,719.0,23.789,35.49,27.32,0,10.35
2024-11-24,329,12,27.7,28.3,15.5,28,1.2,752.0,23.08,35.03,26.8,0,8.56
2024-11-25,330,13,28.1,28.3,16.2,30,1.93,707.0,23.096,34.85,27.17,0,8.53
2024-11-26,331,13,28.1,28.4,15.6,31,1.75,705.0,23.337,35.00,27.22,0,9.11
2024-11-27,332,13,28.2,28.3,16.7,25,2.55,712.0,22.15,34.34,27.03,0,6.32
2024-11-28,333,13,27.1,27.4,16.2,23,3.04,720.0,20.806,32.85,26.24,0,4.95
2024-11-29,334,14,27.7,27.7,15.5,31,2.89,603.0,22.352,33.11,26.93,0,5.80
2024-11-30,335,14,28.9,28.9,16.9,42,2.78,568.0,24.838,34.67,28.69,0,12.25
2024-12-01,336,13,28.9,29.0,18.7,46,2.86,611.0,25.405,35.04,29.08,0,13.74
2024-12-02,337,12,30.0,30.0,20.0,48,3.09,663.0,26.669,36.41,30.74,0,17.73
2024-12-03,338,15,29.4,29.4,21.7,55,2.15,354.0,26.579,35.14,30.92,0,16.71
2024-12-04,339,14,30.5,30.5,21.8,50,1.24,483.0,27.772,37.54,31.81,0,21.02
2024-12-05,340,13,31.9,32.2,21.8,39,0.72,654.0,28.641,39.39,31.96,0,24.06
2024-12-06,341,12,29.5,30.1,22.0,49,1.25,598.0,27.045,37.07,30.2,0,18.72
2024-12-07,342,13,29.7,30.0,21.7,48,0.71,593.0,27.745,37.41,30.33,0,20.33
2024-12-08,343,13,29.2,30.2,21.0,53,2.27,542.0,26.571,35.92,30.32,0,17.03
2024-12-09,344,13,28.7,28.7,19.0,29,2.09,687.0,23.324,35.17,27.58,0,9.34
2024-12-10,345,13,26.3,26.5,15.7,24,1.53,692.0,20.926,33.21,25.96,0,5.20
2024-12-11,346,13,25.5,25.7,13.8,29,1.43,702.0,21.104,32.79,25.18,0,4.90
2024-12-12,347,13,26.2,26.7,13.6,26,0.92,703.0,21.767,33.51,25.88,0,5.42
2024-12-13,348,14,26.5,26.5,14.9,25,2.15,602.0,20.722,32.45,26.18,0,4.66
2024-12-14,349,14,26.0,26.0,13.3,16,1.47,620.0,19.215,32.39,25.54,0,4.62
2024-12-15,350,14,25.6,25.6,12.3,22,1.43,617.0,19.956,32.20,25.2,0,4.48
2024-12-16,351,14,26.8,26.8,13.3,24,1.1,615.0,21.501,33.40,26.09,0,5.34
2024-12-17,352,13,27.1,27.6,12.4,22,0.89,715.0,21.928,34.17,26.21,0,5.90
2024-12-18,353,13,27.4,27.7,13.2,21,1.41,714.0,21.441,34.24,26.37,0,5.95
2024-12-19,354,14,28.0,28.0,13.4,35,1.93,599.0,23.5,34.36,27.35,0,9.00
2024-12-20,355,13,29.4,29.9,18.9,47,0.76,657.0,27.454,37.36,29.8,0,19.55
2024-12-21,356,12,28.5,29.9,18.9,37,2.16,703.0,24.307,35.33,27.9,0,11.43
2024-12-22,357,13,28.1,28.5,16.5,35,1.7,679.0,23.878,35.07,27.43,0,10.26
2024-12-23,358,13,28.8,29.1,17.1,32,2.89,674.0,23.545,34.66,27.82,0,9.48
2024-12-24,359,14,28.9,28.9,18.4,34,2.1,573.0,23.993,34.93,28.04,0,10.60
2024-12-25,360,12,28.2,28.9,19.2,44,2.77,680.0,24.688,34.67,28.15,0,11.77
2024-12-26,361,13,28.4,28.6,19.0,41,2.4,670.0,24.59,35.03,28.1,0,11.82
2024-12-27,362,12,28.5,29.1,19.5,52,3.2,634.0,25.722,34.72,29.25,0,14.17
2024-12-28,363,11,28.0,29.7,20.0,55,2.37,612.0,25.816,35.06,28.92,0,14.46
2024-12-29,364,13,28.1,28.1,18.7,50,0.74,615.0,26.563,36.05,28.56,0,16.46
2024-12-30,365,12,28.1,29.4,19.0,47,0.57,691.0,26.797,36.34,28.3,0,17.01
2024-12-31,366,13,28.9,29.6,17.9,42,0.35,684.0,27.202,36.28,28.69,0,17.88
2025-01-01,1,13,27.0,27.5,16.2,36,1.21,704.0,23.498,34.50,26.67,0,8.97
2025-01-02,2,15,28.3,28.5,13.5,18,1.39,478.0,21.031,33.55,26.91,0,5.45
2025-01-03,3,14,29.4,29.4,14.9,18,1.71,638.0,22.065,35.39,27.72,0,7.17
2025-01-04,4,14,28.8,28.8,15.6,19,1.8,646.0,21.766,34.87,27.29,0,6.52
2025-01-05,5,14,28.1,28.1,14.7,28,1.43,638.0,22.949,34.70,27.08,0,8.11
2025-01-06,6,14,28.1,28.2,14.8,30,0.56,631.0,24.38,35.02,27.17,0,11.07
2025-01-07,7,13,28.0,28.3,16.0,31,2.07,709.0,23.095,34.70,27.14,0,8.41
2025-01-08,8,13,25.0,25.7,13.0,27,0.51,738.0,21.881,32.92,24.63,0,5.00
2025-01-09,9,14,26.6,26.6,12.5,18,1.61,662.0,20.039,33.10,26.19,0,5.13
2025-01-10,10,14,27.0,27.0,13.4,27,1.49,647.0,21.877,33.69,26.31,0,5.55
2025-01-11,11,14,27.4,27.5,14.8,35,1.63,622.0,23.2,34.14,26.9,0,8.14
2025-01-12,12,13,28.2,28.7,17.1,42,1.94,645.0,24.688,35.14,27.99,0,12.04
2025-01-13,13,13,27.4,27.4,17.9,44,0.69,703.0,25.571,35.50,27.41,0,13.76
2025-01-14,14,15,27.7,27.7,15.7,43,1.5,501.0,24.279,34.18,27.6,0,10.44
2025-01-15,15,13,27.8,27.9,16.9,36,2.92,658.0,23.224,33.67,27.25,0,7.94
2025-01-16,16,13,25.4,25.6,17.7,43,1.53,308.0,21.683,30.50,25.26,0,3.25
2025-01-17,17,13,27.8,27.8,19.0,32,3.3,700.0,22.643,33.41,27.04,0,6.58
2025-01-18,18,14,27.8,27.8,16.3,32,2.6,661.0,22.774,33.84,27.04,0,7.14
2025-01-19,19,13,28.4,29.2,15.5,21,1.35,766.0,22.386,35.39,27.05,0,7.53
2025-01-20,20,13,29.3,29.9,16.2,23,1.46,760.0,23.346,36.22,27.78,0,10.22
2025-01-21,21,14,30.5,30.6,16.3,23,0.61,685.0,25.226,37.08,28.77,0,14.75
2025-01-22,22,13,30.3,31.0,15.8,27,1.42,761.0,24.868,37.38,28.82,0,14.31
2025-01-23,23,13,30.3,31.0,17.1,33,2.15,748.0,25.355,37.21,29.29,0,15.29
2025-01-24,24,14,30.7,30.8,17.7,33,1.49,676.0,25.917,37.64,29.71,0,16.82
2025-01-25,25,15,30.7,30.7,18.1,32,0.7,536.0,26.245,37.02,29.61,0,16.95
2025-01-26,26,14,31.2,31.2,18.6,26,0.0,690.0,26.781,36.07,29.6,0,17.27
2025-01-27,27,12,29.7,31.1,17.1,29,0.35,774.0,26.327,36.65,28.41,0,16.39
2025-01-28,28,14,31.2,31.3,17.9,27,1.07,688.0,25.763,37.99,29.68,0,16.77
2025-01-29,29,13,31.5,32.1,18.8,34,1.79,752.0,26.712,38.76,30.72,0,19.50
2025-01-30,30,14,32.9,33.0,21.3,33,3.61,684.0,26.98,38.70,32.33,0,20.56
2025-01-31,31,12,31.7,33.4,20.2,34,0.86,765.0,27.785,39.35,30.96,0,22.04
2025-02-01,32,13,32.9,33.3,20.5,31,3.59,763.0,26.78,39.03,32.02,0,20.31
2025-02-02,33,12,32.3,33.4,20.6,31,2.23,767.0,26.714,39.28,31.29,0,20.09
2025-02-03,34,13,34.2,34.6,21.6,27,1.5,776.0,28.013,41.49,33.05,0,24.79
2025-02-04,35,12,33.5,34.7,21.8,29,1.88,774.0,27.553,40.70,32.48,0,23.14
2025-02-05,36,13,33.4,34.3,22.0,27,1.45,781.0,27.411,40.65,32.07,0,22.69
2025-02-06,37,14,31.6,31.8,20.6,30,2.03,707.0,25.947,38.30,30.37,0,17.59
2025-02-07,38,15,31.6,31.6,19.0,22,1.17,572.0,24.78,37.46,29.72,0,14.54
2025-02-08,39,14,32.5,32.6,19.0,23,0.11,722.0,27.378,37.29,30.66,0,19.68
2025-02-09,40,14,33.3,33.3,19.8,20,0.21,729.0,27.422,38.49,31.24,0,20.84
2025-02-10,41,13,34.0,34.3,20.3,24,1.96,797.0,27.03,41.04,32.39,0,22.37
2025-02-11,42,10,30.8,35.4,22.0,36,0.32,591.0,27.698,37.13,30.15,0,19.98
2025-02-12,43,13,33.2,33.7,21.7,16,2.76,826.0,24.404,39.54,30.9,0,15.77
2025-02-13,44,13,31.3,32.0,19.7,16,1.6,838.0,23.566,38.09,29.21,0,12.51
2025-02-14,45,12,30.4,32.0,18.1,15,0.85,844.0,23.495,37.24,28.46,0,11.49
2025-02-15,46,13,32.9,33.5,17.5,16,1.59,836.0,24.77,39.64,30.63,0,16.44
2025-02-16,47,13,34.3,35.0,18.9,16,1.59,838.0,25.824,41.09,31.95,0,19.96
2025-02-17,48,13,34.1,34.4,20.6,19,0.11,829.0,28.138,39.02,31.98,0,22.85
2025-02-18,49,12,33.4,34.7,21.2,21,0.32,833.0,28.036,39.80,31.42,0,23.01
2025-02-19,50,14,34.4,34.5,22.1,20,0.47,754.0,28.307,41.08,32.39,0,24.93
2025-02-20,51,12,33.8,34.7,21.8,20,1.94,844.0,26.147,40.81,31.75,0,20.29
2025-02-21,52,12,33.6,34.3,21.2,14,1.58,862.0,24.862,40.31,31.19,0,17.30
2025-02-22,53,11,31.3,34.0,21.1,23,1.05,775.0,25.362,38.28,29.49,0,16.14
2025-02-23,54,12,33.3,33.9,20.7,13,2.04,871.0,24.117,39.90,30.89,0,15.49
2025-02-24,55,14,33.3,33.3,20.6,16,0.89,781.0,25.673,39.75,31.0,0,18.35
2025-02-25,56,15,33.1,33.1,21.2,19,1.19,631.0,25.47,39.10,30.97,0,17.49
2025-02-26,57,13,33.6,34.5,21.1,17,1.55,861.0,25.608,40.54,31.33,0,18.93
2025-02-27,58,14,34.6,34.8,21.5,15,1.46,790.0,25.802,41.10,32.18,0,20.02
2025-02-28,59,13,35.6,35.9,20.6,15,1.94,854.0,26.352,42.43,33.17,0,22.38
2025-03-01,60,13,35.4,35.9,22.7,22,2.97,831.0,27.382,42.23,33.77,0,25.22
2025-03-02,61,13,35.9,36.9,23.2,21,1.1,796.0,28.568,43.03,34.22,0,28.79
2025-03-03,62,12,34.7,35.9,22.7,18,1.59,885.0,26.693,41.87,32.51,0,23.20
2025-03-04,63,13,36.4,36.9,22.5,17,2.62,867.0,27.176,43.38,34.23,0,25.60
2025-03-05,64,14,32.0,32.0,21.2,9,2.28,849.0,21.951,38.18,29.32,0,9.66
2025-03-06,65,13,32.5,33.8,18.1,9,0.67,924.0,24.047,38.84,29.71,0,14.15
2025-03-07,66,13,34.7,35.4,18.2,9,0.6,916.0,25.739,40.78,31.51,0,19.41
2025-03-08,67,11,33.9,37.0,20.0,12,0.22,840.0,26.302,38.81,31.27,0,18.97
2025-03-09,68,13,36.2,36.6,22.9,13,1.3,902.0,26.816,43.04,33.61,0,24.92
2025-03-10,69,13,36.0,36.8,23.3,18,0.97,890.0,28.333,43.24,33.92,0,28.51
2025-03-11,70,13,36.9,37.6,23.8,16,0.85,900.0,28.726,44.01,34.65,0,30.66
2025-03-12,71,12,38.7,39.4,23.4,13,1.96,912.0,28.166,45.93,36.16,0,31.08
2025-03-13,72,12,38.9,39.6,24.4,12,2.21,918.0,27.884,46.06,36.1,0,31.79
2025-03-14,73,14,39.6,39.6,24.9,12,2.93,820.0,27.949,46.38,36.84,0,33.00
2025-03-15,74,14,39.1,39.1,24.8,16,2.87,745.0,28.662,45.85,37.17,0,33.97
2025-03-16,75,14,39.2,39.2,25.8,15,4.6,740.0,28.066,45.56,37.07,0,33.77
2025-03-17,76,13,37.9,39.0,25.4,15,1.92,894.0,28.145,45.17,35.61,0,32.62
2025-03-18,77,13,37.9,38.3,24.7,16,0.75,907.0,29.683,45.12,35.77,0,34.73
2025-03-19,78,12,37.7,38.7,25.6,20,2.72,872.0,28.877,45.09,36.27,0,34.43
2025-03-20,79,14,38.2,38.5,26.9,19,4.08,739.0,28.463,44.62,36.7,0,34.98
2025-03-21,80,13,37.4,37.8,26.0,16,2.59,903.0,27.741,44.62,35.2,0,32.01
2025-03-22,81,13,35.9,36.7,23.3,18,0.41,905.0,29.513,42.92,33.81,0,30.46
2025-03-23,82,10,32.7,37.1,23.3,33,0.64,732.0,28.801,40.20,32.07,0,26.51
2025-03-24,83,13,36.5,37.0,23.6,15,0.47,932.0,29.23,43.53,34.1,0,30.83
2025-03-25,84,13,37.8,38.0,23.7,9,0.32,947.0,28.467,43.36,34.33,0,29.46
2025-03-26,85,13,38.9,39.1,23.8,10,0.68,943.0,28.86,45.45,35.61,0,32.31
2025-03-27,86,12,39.5,40.2,25.1,14,2.27,943.0,28.943,47.09,37.21,1,37.43
2025-03-28,87,13,41.1,41.2,27.6,11,1.6,933.0,29.527,48.46,38.14,2,44.45
2025-03-29,88,14,40.3,40.3,26.6,12,0.47,839.0,30.859,46.89,37.59,3,46.13
2025-03-30,89,14,40.1,40.3,26.4,10,1.23,846.0,28.627,46.68,36.81,4,42.90
2025-03-31,90,14,39.9,39.9,26.3,15,1.36,816.0,29.879,47.07,37.89,0,39.17
2025-04-01,91,14,38.7,38.7,28.1,17,0.71,617.0,29.847,44.78,36.9,0,39.18
2025-04-02,92,13,36.9,37.0,26.1,22,2.08,885.0,29.007,44.54,35.65,0,34.63
2025-04-03,93,15,32.9,33.1,23.9,34,2.56,541.0,27.147,38.68,32.49,0,23.14
2025-04-04,94,12,34.9,37.1,23.9,34,1.7,910.0,29.946,43.24,35.42,0,32.81
2025-04-05,95,13,38.3,38.8,23.2,18,0.86,880.0,30.239,45.73,36.62,0,34.79
2025-04-06,96,11,38.1,40.8,24.6,13,0.45,911.0,29.84,44.89,35.53,1,36.32
2025-04-07,97,12,40.5,41.2,24.5,11,0.25,955.0,31.064,46.31,37.5,2,41.95
2025-04-08,98,14,40.6,40.6,27.2,15,0.6,752.0,31.35,47.28,38.73,3,48.46
2025-04-09,99,12,38.6,39.7,26.6,24,2.63,934.0,30.636,46.71,38.52,0,40.92
2025-04-10,100,12,39.8,40.6,26.6,17,3.47,900.0,29.536,47.33,38.26,1,40.86
2025-04-11,101,10,35.9,41.9,26.6,25,0.45,782.0,30.682,43.30,34.92,2,40.54
2025-04-12,102,10,36.2,39.1,28.1,24,2.41,778.0,28.547,43.26,35.12,0,34.97
2025-04-13,103,14,40.7,40.7,25.9,10,0.56,835.0,30.16,46.98,37.42,1,40.66
2025-04-14,104,11,38.3,40.4,26.0,15,0.1,907.0,30.551,43.40,36.05,2,40.08
2025-04-15,105,13,40.0,40.8,26.7,15,1.38,889.0,30.084,47.50,38.01,3,45.38
2025-04-16,106,13,39.2,39.5,25.8,22,0.92,906.0,31.881,47.32,38.83,0,42.90
2025-04-17,107,12,39.0,40.7,28.2,23,1.46,855.0,31.239,47.02,38.83,1,45.94
2025-04-18,108,13,42.1,42.3,28.0,14,0.86,794.0,31.743,49.13,40.26,2,50.37
2025-04-19,109,13,43.4,43.5,28.9,11,3.29,946.0,30.415,51.26,40.67,3,52.28
2025-04-20,110,14,43.0,43.0,28.9,11,2.03,842.0,30.446,50.34,40.22,4,53.17
2025-04-21,111,12,41.9,43.1,29.1,11,0.99,979.0,30.827,49.32,39.0,5,54.60
2025-04-22,112,12,42.7,43.6,29.4,8,0.25,990.0,31.605,48.48,38.85,6,57.42
2025-04-23,113,14,44.0,44.0,28.6,8,1.67,867.0,30.26,51.16,40.22,7,56.39
2025-04-24,114,14,44.0,44.0,28.3,7,1.1,873.0,30.374,50.85,39.87,8,55.91
2025-04-25,115,11,41.7,43.4,28.0,12,0.72,921.0,31.378,48.87,39.12,9,55.74
2025-04-26,116,12,41.7,41.7,30.0,14,0.63,834.0,32.013,48.76,39.78,10,59.44
2025-04-27,117,13,37.9,39.3,26.1,25,2.31,824.0,30.242,45.57,37.75,0,38.49
2025-04-28,118,11,38.3,41.0,27.4,26,3.67,882.0,30.434,45.83,38.66,1,42.56
2025-04-29,119,11,38.1,41.2,26.8,28,4.39,907.0,30.564,45.54,38.96,2,43.67
2025-04-30,120,12,40.6,41.6,26.4,18,1.55,970.0,31.389,48.90,39.59,3,49.09
2025-05-01,121,13,40.3,40.5,26.7,21,1.89,893.0,31.56,48.52,40.13,4,51.36
2025-05-02,122,14,40.6,40.6,25.7,19,0.43,834.0,33.158,48.12,39.91,5,54.50
2025-05-03,123,10,37.4,41.9,26.8,33,2.76,780.0,31.152,45.03,39.4,6,51.24
2025-05-04,124,12,38.4,38.7,25.4,24,3.37,929.0,30.228,46.17,38.22,0,38.25
2025-05-05,125,12,38.0,39.4,25.8,22,1.5,929.0,30.33,46.09,37.12,0,38.44
2025-05-06,126,12,37.3,38.2,25.5,22,2.88,963.0,29.111,45.06,36.17,0,34.70
2025-05-07,127,11,35.6,37.0,26.0,26,2.37,912.0,28.713,43.29,34.71,0,32.70
2025-05-08,128,12,37.4,38.2,25.3,23,2.02,944.0,29.757,45.45,36.53,0,36.10
2025-05-09,129,12,37.9,38.8,27.7,24,0.52,858.0,32.079,45.80,37.49,0,43.89
2025-05-10,130,11,39.0,40.4,28.7,24,0.95,879.0,32.073,47.18,39.13,1,48.32
2025-05-11,131,12,38.6,39.1,28.8,26,1.5,821.0,31.479,46.65,39.14,0,45.27
2025-05-12,132,12,37.4,37.4,27.3,31,1.49,878.0,31.609,45.86,38.73,0,43.04
2025-05-13,133,14,38.6,39.0,28.8,27,1.41,769.0,31.652,46.50,39.46,0,45.60
2025-05-14,134,12,38.9,39.7,27.5,28,0.47,918.0,34.084,47.67,40.31,0,49.84
2025-05-15,135,14,37.3,37.3,29.0,31,2.67,712.0,30.614,44.52,38.56,0,42.11
2025-05-16,136,12,39.4,39.9,27.9,32,2.09,881.0,33.091,48.16,42.83,0,49.73
2025-05-17,137,14,37.5,37.7,26.5,37,0.45,766.0,34.181,46.19,41.07,0,48.08
2025-05-18,138,12,36.4,37.4,26.7,41,0.25,929.0,34.375,44.85,40.33,0,47.44
2025-05-19,139,13,37.6,38.4,25.9,35,0.5,780.0,33.811,46.17,40.49,0,46.45
2025-05-20,140,14,40.6,40.6,27.1,27,0.56,811.0,34.652,49.02,42.95,1,54.07
2025-05-21,141,12,37.6,38.8,26.7,36,0.16,805.0,34.217,44.66,40.88,0,47.20
2025-05-22,142,18,28.8,28.9,24.6,74,0.25,73.0,27.695,33.69,33.02,0,21.59
2025-05-23,143,13,33.9,34.3,25.0,49,1.76,867.0,31.205,42.94,37.85,0,37.16
2025-05-24,144,14,32.7,33.1,24.8,54,0.4,731.0,32.296,41.75,36.84,0,37.75
2025-05-25,145,12,33.0,33.0,24.5,58,1.95,753.0,31.229,41.99,38.81,0,36.29
2025-05-26,146,14,35.1,35.1,25.3,51,0.59,676.0,33.508,44.25,41.32,0,44.09
2025-05-27,147,12,34.3,34.8,26.0,57,0.57,851.0,34.138,44.76,41.74,0,46.63
2025-05-28,148,13,34.3,34.7,25.3,55,1.46,834.0,32.519,44.02,40.93,0,41.91
2025-05-29,149,13,35.8,35.8,26.4,44,0.83,658.0,32.614,44.19,40.18,0,43.22
2025-05-30,150,12,37.1,37.4,27.3,42,2.91,873.0,32.511,45.59,42.26,0,45.87
2025-05-31,151,11,34.3,37.0,27.5,49,3.2,888.0,30.989,42.48,38.71,0,39.65
2025-06-01,152,11,35.2,37.4,26.1,34,3.74,904.0,29.387,42.42,35.9,0,33.91
2025-06-02,153,11,34.8,35.4,26.0,41,2.99,837.0,30.264,42.47,37.14,0,35.95
2025-06-03,154,15,35.0,35.6,26.0,36,3.28,526.0,29.041,40.67,36.09,0,31.95
2025-06-04,155,12,35.8,36.5,26.9,34,2.12,859.0,30.371,43.87,36.89,0,38.11
2025-06-05,156,14,37.6,37.6,26.3,27,0.74,764.0,31.653,45.30,37.85,0,41.23
2025-06-06,157,10,36.7,39.2,25.7,27,0.79,781.0,30.872,44.35,36.48,0,37.86
2025-06-07,158,15,37.5,37.6,27.9,27,2.77,560.0,29.688,43.71,37.7,0,38.18
2025-06-08,159,12,40.7,41.4,29.9,22,3.79,904.0,31.447,48.71,41.1,1,50.38
2025-06-09,160,13,41.3,42.6,31.1,23,1.79,642.0,32.405,48.71,42.46,2,55.76
2025-06-10,161,13,42.5,42.9,30.4,21,2.91,872.0,32.802,50.90,43.56,3,59.35
2025-06-11,162,10,35.2,38.3,28.3,44,0.32,739.0,33.201,43.35,38.9,0,45.47
2025-06-12,163,13,37.6,37.9,28.7,39,3.07,822.0,32.332,45.68,42.09,0,47.16
2025-06-13,164,14,37.4,37.5,28.3,41,1.89,771.0,32.866,46.02,42.51,0,48.10
2025-06-14,165,13,37.7,37.8,26.1,40,2.56,782.0,32.686,45.99,42.75,0,45.27
2025-06-15,166,13,36.7,37.0,26.7,44,2.32,865.0,32.68,45.59,42.2,0,45.46
2025-06-16,167,12,34.9,35.9,25.6,49,2.45,897.0,31.802,43.82,40.06,0,40.44
2025-06-17,168,13,31.7,33.3,25.6,63,3.16,585.0,29.883,38.96,37.27,0,32.27
2025-06-18,169,13,34.0,34.0,27.3,49,3.97,850.0,30.475,41.42,38.06,0,37.44
2025-06-19,170,14,33.5,33.5,24.9,52,4.79,617.0,29.94,39.46,37.96,0,32.18
2025-06-20,171,15,34.1,34.1,24.3,45,5.15,598.0,29.445,39.53,37.0,0,30.24
2025-06-21,172,13,35.1,35.1,25.1,40,4.9,860.0,29.985,41.87,37.4,0,34.03
2025-06-22,173,13,31.9,32.5,24.7,57,4.55,791.0,29.402,38.71,35.98,0,29.66
2025-06-23,174,14,31.4,32.5,25.1,62,4.9,638.0,29.261,37.52,36.26,0,29.10
2025-06-24,175,14,31.6,31.6,24.9,62,3.58,740.0,29.837,39.16,36.73,0,31.31
2025-06-25,176,13,30.8,30.8,24.3,66,2.03,659.0,29.898,39.50,35.95,0,30.68
2025-06-26,177,12,28.9,28.9,24.8,77,2.15,486.0,28.855,37.11,33.85,0,26.79
2025-06-27,178,15,31.2,31.2,24.5,62,4.44,381.0,28.688,36.03,35.8,0,26.07
2025-06-28,179,15,31.1,31.1,24.6,59,3.3,449.0,28.558,36.99,34.81,0,26.26
2025-06-29,180,12,28.2,28.3,23.8,75,4.91,508.0,27.445,33.61,31.8,0,19.67
2025-06-30,181,13,27.8,29.1,24.0,80,2.09,367.0,27.823,35.32,31.6,0,21.78
2025-07-01,182,14,27.5,27.6,24.2,80,4.3,336.0,27.025,32.40,30.88,0,18.12
2025-07-02,183,14,30.4,30.5,24.4,64,2.71,360.0,28.409,36.47,34.52,0,25.27
2025-07-03,184,12,31.1,31.1,24.5,61,3.81,586.0,28.954,37.50,35.32,0,27.46
2025-07-04,185,16,27.5,27.6,24.7,80,3.7,269.0,26.942,32.42,30.88,0,18.57
2025-07-05,186,14,30.3,30.3,25.1,63,4.16,448.0,28.131,35.58,34.08,0,24.75
2025-07-06,187,11,27.8,27.9,23.9,76,4.61,408.0,27.019,32.74,31.05,0,18.07
2025-07-07,188,14,24.3,24.5,23.7,91,5.4,190.0,24.504,26.60,24.73,0,7.15
2025-07-08,189,15,24.9,25.2,22.9,89,4.16,157.0,24.905,28.06,25.33,0,8.02
2025-07-09,190,16,25.8,25.8,22.9,91,2.95,155.0,26.109,30.84,26.31,0,12.30
2025-07-10,191,14,31.0,31.0,23.2,62,3.04,517.0,29.011,37.74,35.35,0,26.23
2025-07-11,192,13,32.6,32.6,24.3,58,3.66,853.0,30.437,40.55,37.86,0,33.17
2025-07-12,193,12,31.7,32.2,24.7,61,3.45,892.0,30.073,39.98,36.67,0,32.09
2025-07-13,194,14,31.5,31.5,25.5,60,3.25,630.0,29.402,38.62,35.93,0,30.50
2025-07-14,195,13,32.2,32.8,25.3,59,2.64,806.0,30.411,40.77,37.24,0,34.21
2025-07-15,196,13,32.9,33.2,25.2,58,1.95,774.0,31.177,41.96,38.57,0,36.90
2025-07-16,197,14,31.1,31.2,25.6,68,2.23,682.0,30.366,39.98,37.26,0,33.92
2025-07-17,198,12,31.1,31.5,25.0,67,1.65,631.0,30.433,40.13,36.97,0,33.34
2025-07-18,199,9,29.6,30.9,25.1,78,1.14,538.0,30.341,39.23,35.96,0,32.26
2025-07-19,200,13,31.7,31.9,24.1,60,1.32,760.0,30.706,41.07,36.38,0,33.27
2025-07-20,201,14,29.9,29.9,25.3,67,1.35,386.0,28.847,37.49,34.11,0,27.73
2025-07-21,202,13,32.5,32.5,24.2,61,1.78,825.0,31.365,42.10,38.6,0,36.20
2025-07-22,203,12,31.1,31.3,24.3,71,1.91,789.0,31.057,41.04,38.18,0,34.81
2025-07-23,204,11,30.9,30.9,25.2,68,3.21,732.0,29.945,39.05,36.75,0,31.79
2025-07-24,205,13,27.8,27.8,24.6,82,3.54,321.0,27.587,33.58,31.89,0,20.88
2025-07-25,206,16,27.7,27.7,24.0,85,3.21,283.0,27.748,33.77,32.06,0,20.68
2025-07-26,207,14,26.3,26.3,24.2,92,3.0,205.0,26.864,32.10,26.84,0,16.16
2025-07-27,208,13,30.5,30.5,24.3,64,5.84,833.0,28.793,37.02,34.75,0,26.35
2025-07-28,209,15,28.2,28.6,24.3,78,3.94,256.0,27.354,32.82,32.28,0,19.69
2025-07-29,210,10,26.2,26.7,24.3,86,4.9,245.0,26.08,29.84,26.66,0,13.16
2025-07-30,211,15,29.5,29.6,23.7,68,3.51,425.0,27.992,35.36,33.43,0,22.45
2025-07-31,212,12,30.9,31.5,23.4,63,3.7,874.0,29.471,38.85,35.39,0,28.15
2025-08-01,213,13,31.5,31.7,24.3,57,3.2,822.0,29.371,39.35,35.13,0,29.27
2025-08-02,214,14,32.4,32.4,25.2,52,3.15,805.0,29.559,40.05,35.64,0,31.37
2025-08-03,215,13,31.8,32.0,24.6,58,2.71,803.0,29.89,40.13,36.04,0,31.50
2025-08-04,216,13,33.2,33.7,24.4,48,1.91,844.0,30.309,41.85,36.12,0,33.33
2025-08-05,217,12,33.8,34.5,24.7,47,1.83,934.0,30.918,42.91,37.01,0,35.93
2025-08-06,218,11,33.7,34.5,25.4,49,0.9,803.0,31.724,42.84,37.43,0,38.38
2025-08-07,219,11,34.3,34.3,25.9,45,2.52,813.0,30.535,42.36,37.4,0,36.36
2025-08-08,220,13,29.9,30.1,23.9,64,2.1,410.0,28.237,36.80,33.45,0,24.19
2025-08-09,221,14,32.3,32.3,24.4,53,2.19,805.0,29.938,40.79,35.71,0,31.72
2025-08-10,222,13,32.8,33.1,24.0,53,1.99,833.0,30.543,41.66,36.75,0,33.40
2025-08-11,223,12,33.5,33.5,25.3,51,2.09,823.0,30.848,42.21,37.63,0,36.23
2025-08-12,224,12,32.4,32.8,25.4,59,3.19,873.0,30.526,40.83,37.7,0,34.77
2025-08-13,225,12,28.1,28.7,25.0,83,3.34,527.0,28.453,35.62,32.84,0,24.81
2025-08-14,226,16,30.6,30.6,23.3,72,0.54,418.0,31.086,39.48,37.11,0,32.18
2025-08-15,227,14,29.9,29.9,24.1,75,1.57,674.0,30.314,39.68,36.03,0,31.39
2025-08-16,228,12,29.4,29.4,23.6,75,2.66,636.0,29.265,37.84,34.7,0,27.01
2025-08-17,229,14,30.8,30.8,23.9,70,1.55,781.0,30.87,40.82,37.07,0,33.42
2025-08-18,230,14,30.9,30.9,24.1,69,1.48,668.0,30.662,40.38,37.04,0,32.93
2025-08-19,231,13,30.4,30.4,23.6,71,1.11,834.0,31.115,40.96,36.3,0,33.35
2025-08-20,232,12,28.4,28.8,24.1,79,2.77,504.0,28.425,36.12,32.94,0,24.11
2025-08-21,233,13,30.0,30.0,23.9,67,4.2,714.0,28.739,36.91,34.33,0,25.56
2025-08-22,234,12,29.1,29.1,24.2,70,4.69,560.0,27.894,34.85,32.95,0,22.30
2025-08-23,235,15,28.0,28.2,24.1,72,5.01,508.0,26.929,33.07,30.94,0,18.33
2025-08-24,236,13,28.9,28.9,23.3,68,5.53,739.0,27.644,34.90,32.16,0,20.52
2025-08-25,237,15,28.6,28.7,23.5,72,4.39,577.0,27.701,34.68,32.21,0,20.72
2025-08-26,238,13,30.0,30.0,23.7,71,1.89,643.0,29.728,39.01,35.28,0,29.06
2025-08-27,239,12,30.6,30.6,24.1,68,1.07,732.0,30.783,40.49,36.0,0,32.85
2025-08-28,240,15,29.2,29.4,23.8,79,0.49,511.0,30.972,39.08,35.08,0,31.50
2025-08-29,241,11,29.4,30.5,23.5,74,0.21,585.0,31.012,38.03,34.48,0,30.25
2025-08-30,242,11,29.9,30.6,24.0,72,1.19,718.0,30.396,39.88,35.28,0,31.30
2025-08-31,243,11,30.1,30.1,24.4,72,1.46,740.0,30.403,40.03,35.79,0,32.08
2025-09-01,244,11,29.1,29.8,24.1,75,2.38,497.0,28.783,37.01,33.94,0,25.79
2025-09-02,245,11,29.0,29.0,23.7,75,2.94,603.0,28.737,36.89,33.69,0,25.07
2025-09-03,246,13,28.8,28.9,23.3,74,2.69,741.0,28.762,37.51,33.02,0,24.84
2025-09-04,247,12,28.5,29.0,23.6,73,3.17,693.0,28.146,36.35,32.15,0,22.87
2025-09-05,248,14,30.0,30.1,23.4,63,4.08,635.0,28.19,36.33,33.45,0,23.19
2025-09-06,249,11,28.7,28.7,23.8,75,2.74,555.0,28.411,36.48,32.96,0,23.99
2025-09-07,250,13,30.1,30.2,23.5,67,1.8,639.0,29.421,38.85,34.56,0,27.86
2025-09-08,251,12,31.0,31.3,23.8,67,0.62,880.0,32.201,41.78,36.72,0,36.38
2025-09-09,252,12,31.6,32.0,23.9,63,0.45,860.0,32.775,42.13,37.03,0,37.95
2025-09-10,253,13,32.7,32.7,24.2,56,0.93,848.0,31.788,42.48,37.45,0,36.85
2025-09-11,254,12,32.2,32.2,24.5,59,2.1,792.0,30.609,41.16,37.24,0,33.94
2025-09-12,255,12,31.2,31.2,24.4,64,3.08,829.0,29.964,39.65,36.36,0,31.18
2025-09-13,256,13,30.6,30.6,23.9,73,1.74,778.0,30.877,40.69,37.4,0,33.47
2025-09-14,257,12,30.5,30.5,23.7,73,1.77,754.0,30.716,40.44,37.12,0,32.64
2025-09-15,258,10,29.5,30.6,24.1,78,0.27,612.0,31.629,39.03,35.68,0,33.28
2025-09-16,259,11,29.7,29.7,24.1,74,0.36,655.0,31.547,39.54,35.25,0,33.33
2025-09-17,260,12,30.4,30.7,23.5,70,0.76,794.0,31.427,40.89,36.03,0,33.67
2025-09-18,261,10,29.3,30.4,24.0,78,0.83,683.0,30.815,39.79,35.12,0,31.96
2025-09-19,262,13,31.5,31.5,23.6,67,1.5,810.0,31.293,41.56,38.0,0,34.75
2025-09-20,263,13,32.1,32.1,24.3,63,1.31,813.0,31.559,42.06,38.26,0,36.53
2025-09-21,264,13,32.4,32.4,24.1,59,1.76,798.0,30.991,41.69,37.7,0,34.75
2025-09-22,265,12,33.3,34.2,23.7,48,2.09,861.0,30.333,41.91,36.31,0,32.68
2025-09-23,266,12,32.8,33.3,24.5,51,2.97,807.0,29.848,40.61,36.17,0,31.71
2025-09-24,267,12,32.7,33.0,25.1,52,3.77,768.0,29.622,39.77,36.25,0,31.40
2025-09-25,268,14,29.9,29.9,24.6,70,3.47,488.0,28.724,36.45,34.8,0,26.18
2025-09-26,269,11,31.3,31.8,24.5,69,2.61,807.0,30.745,40.54,38.1,0,34.07
2025-09-27,270,12,26.6,26.9,24.7,88,0.22,272.0,28.363,34.29,27.11,0,21.20
2025-09-28,271,12,29.2,29.2,23.6,72,3.61,611.0,28.47,36.28,33.57,0,23.96
2025-09-29,272,12,29.8,30.0,23.0,70,1.9,778.0,29.693,39.31,34.56,0,28.12
2025-09-30,273,11,30.2,30.7,23.5,65,1.15,801.0,30.14,40.03,34.32,0,29.98
2025-10-01,274,13,31.6,31.7,23.3,55,1.84,809.0,29.737,40.42,34.83,0,29.46
2025-10-02,275,11,31.4,31.4,24.2,58,2.48,718.0,29.455,39.46,35.18,0,29.42
2025-10-03,276,12,31.9,31.9,23.9,59,2.65,774.0,30.075,40.25,36.55,0,31.31
2025-10-04,277,12,32.1,32.2,24.7,58,2.9,817.0,30.127,40.39,36.71,0,32.50
2025-10-05,278,12,31.3,31.8,24.3,59,2.41,777.0,29.613,39.76,35.23,0,30.06
2025-10-06,279,12,29.9,29.9,23.1,64,1.9,746.0,29.062,38.81,33.45,0,26.28
2025-10-07,280,14,31.8,31.8,22.7,46,1.59,701.0,28.703,39.67,33.12,0,25.63
2025-10-08,281,12,31.8,32.0,23.1,45,1.6,832.0,28.83,40.21,32.92,0,26.65
2025-10-09,282,12,32.2,32.5,23.1,41,1.6,805.0,28.574,40.27,32.76,0,26.15
2025-10-10,283,12,30.4,30.7,23.3,56,1.66,715.0,28.68,38.84,32.77,0,25.56
2025-10-11,284,13,31.2,31.3,22.7,43,2.1,744.0,27.573,38.69,31.65,0,22.24
2025-10-12,285,13,32.1,32.1,22.3,36,2.14,819.0,27.469,39.61,31.75,0,22.28
2025-10-13,286,12,31.6,32.1,22.0,44,1.69,782.0,28.358,39.65,32.42,0,23.88
2025-10-14,287,14,32.0,32.0,23.1,48,2.98,668.0,28.498,38.81,33.9,0,25.37
2025-10-15,288,14,32.7,32.7,24.0,46,2.35,645.0,29.014,39.87,34.66,0,28.45
2025-10-16,289,12,32.3,32.8,24.2,45,2.16,778.0,28.851,40.15,33.74,0,28.23
2025-10-17,290,13,32.2,32.3,24.2,45,2.05,733.0,28.73,39.90,33.57,0,27.76
2025-10-18,291,12,32.2,32.2,24.0,43,2.09,784.0,28.531,39.99,33.15,0,27.06
2025-10-19,292,13,32.1,32.1,22.8,37,2.73,794.0,27.339,39.13,31.91,0,22.33
2025-10-20,293,12,31.8,32.2,22.7,42,3.29,826.0,27.683,38.75,32.35,0,22.75
2025-10-21,294,13,32.2,32.3,24.3,50,3.2,729.0,28.984,39.29,34.73,0,28.35
2025-10-22,295,14,33.1,33.1,24.7,45,2.92,614.0,28.992,39.67,35.12,0,29.25
2025-10-23,296,13,33.2,33.2,24.7,45,2.71,722.0,29.337,40.50,35.31,0,30.57
2025-10-24,297,13,33.2,33.2,24.6,46,2.44,706.0,29.541,40.69,35.57,0,31.08
2025-10-25,298,14,27.8,28.5,23.8,71,2.33,453.0,27.034,34.95,30.41,0,19.34
2025-10-26,299,12,27.6,27.7,21.7,72,1.65,441.0,27.186,35.40,30.14,0,17.75
2025-10-27,300,12,30.1,30.5,22.3,61,2.61,764.0,28.635,38.26,33.23,0,24.06
2025-10-28,301,13,29.6,29.8,23.7,67,4.99,651.0,28.144,35.57,33.44,0,22.90
2025-10-29,302,13,29.2,29.2,23.7,68,5.7,587.0,27.693,34.44,32.78,0,20.98
2025-10-30,303,12,26.4,26.7,23.5,77,0.81,429.0,27.162,35.02,26.75,0,18.02
2025-10-31,304,13,29.2,29.3,23.3,67,3.4,516.0,27.801,35.58,32.6,0,21.48
2025-11-01,305,10,28.6,30.8,22.7,71,0.76,645.0,29.412,38.21,32.04,0,25.51
2025-11-02,306,10,29.0,30.0,23.6,73,0.25,605.0,30.594,37.80,33.3,0,28.96
2025-11-03,307,11,29.7,29.9,23.1,61,2.0,720.0,28.435,38.17,32.46,0,24.26
2025-11-04,308,12,29.7,30.1,22.3,61,1.3,736.0,28.927,38.78,32.46,0,24.69
2025-11-05,309,11,28.9,29.9,21.6,53,1.5,713.0,27.056,37.15,29.9,0,18.68
2025-11-06,310,13,30.8,30.8,21.7,42,1.76,672.0,27.116,38.09,30.94,0,19.86
2025-11-07,311,13,30.3,30.3,18.7,31,1.09,758.0,25.82,37.67,29.12,0,16.43
2025-11-08,312,12,29.0,29.4,18.3,32,1.4,797.0,24.67,36.55,27.99,0,13.03
2025-11-09,313,13,28.1,28.2,16.6,28,1.36,768.0,23.295,35.41,27.08,0,9.27
2025-11-10,314,13,28.2,28.4,15.4,24,1.1,768.0,22.994,35.41,27.0,0,8.68
2025-11-11,315,13,28.2,28.3,15.8,25,1.08,762.0,23.167,35.43,27.03,0,9.03
2025-11-12,316,14,28.7,28.7,16.0,29,0.83,642.0,24.229,35.51,27.58,0,11.29
2025-11-13,317,13,28.6,28.6,15.9,24,2.1,756.0,22.569,35.25,27.29,0,7.87
2025-11-14,318,13,28.0,28.1,16.1,28,1.88,750.0,22.823,34.94,27.01,0,8.02
2025-11-15,319,13,27.9,28.0,16.0,29,1.62,744.0,23.037,35.02,26.98,0,8.47
2025-11-16,320,13,27.9,28.0,15.8,23,1.62,748.0,22.096,34.82,26.76,0,6.55
2025-11-17,321,13,26.6,26.8,15.8,30,1.93,744.0,21.925,33.65,26.35,0,5.53
2025-11-18,322,14,26.9,26.9,15.3,32,0.8,630.0,23.183,33.99,26.44,0,8.00
2025-11-19,323,13,27.5,27.7,15.6,31,1.18,733.0,23.332,34.89,26.79,0,8.94
2025-11-20,324,13,27.9,28.2,15.7,33,1.35,729.0,23.785,35.25,27.17,0,10.12
2025-11-21,325,14,29.1,29.1,16.3,34,0.67,614.0,25.499,36.04,28.22,0,14.31
2025-11-22,326,13,29.5,29.7,16.6,31,0.29,721.0,26.301,35.99,28.37,0,15.85
2025-11-23,327,13,29.7,30.1,16.8,35,0.92,674.0,25.915,36.94,28.86,0,15.99
2025-11-24,328,13,29.8,29.9,18.9,37,1.66,686.0,25.647,36.90,29.15,0,15.56
2025-11-25,329,13,29.5,29.7,19.2,41,1.75,688.0,25.884,36.76,29.23,0,15.94
2025-11-26,330,13,29.6,29.6,19.4,42,1.88,689.0,26.035,36.83,29.46,0,16.36
2025-11-27,331,14,29.7,29.9,19.4,36,2.57,492.0,24.622,34.96,28.95,0,12.15
2025-11-28,332,14,26.5,26.5,17.0,30,2.05,612.0,21.52,32.73,26.24,0,4.86
2025-11-29,333,12,25.9,26.7,15.5,36,1.82,742.0,22.195,33.30,25.69,0,5.64
2025-11-30,334,13,26.4,26.6,16.2,34,1.75,584.0,22.065,32.86,26.19,0,5.08
2025-12-01,335,14,27.7,27.7,16.2,33,1.61,596.0,23.132,34.20,27.02,0,8.07
2025-12-02,336,14,28.2,28.2,15.6,33,1.75,595.0,23.472,34.58,27.4,0,9.12
2025-12-03,337,14,27.5,27.5,15.4,36,2.2,595.0,23.085,33.67,27.03,0,7.60
2025-12-04,338,13,27.2,27.3,16.1,29,2.37,701.0,21.999,33.59,26.51,0,5.48
2025-12-05,339,14,27.0,27.0,15.8,35,2.18,595.0,22.534,33.17,26.63,0,6.18
2025-12-06,340,13,26.4,26.8,14.7,25,1.07,698.0,21.577,33.56,26.07,0,5.46
2025-12-07,341,13,27.5,27.9,14.4,22,1.83,685.0,21.356,33.98,26.46,0,5.76
2025-12-08,342,14,28.7,28.7,14.6,19,1.96,606.0,21.524,34.47,27.22,0,6.20
2025-12-09,343,13,29.3,29.7,14.9,19,2.86,703.0,21.84,34.98,27.66,0,6.73
2025-12-10,344,14,28.2,28.2,15.0,18,0.9,611.0,21.776,34.37,26.84,0,6.05
2025-12-11,345,14,27.7,27.7,14.2,22,0.61,605.0,22.586,34.12,26.59,0,6.97
2025-12-12,346,14,28.1,28.1,14.1,22,0.57,603.0,22.988,34.45,26.86,0,7.97
2025-12-13,347,13,28.0,28.3,15.0,23,0.85,698.0,22.823,34.89,26.83,0,7.97
2025-12-14,348,14,28.0,28.0,14.8,22,1.04,604.0,22.157,34.31,26.8,0,6.29
2025-12-15,349,13,26.8,27.2,15.0,32,0.94,694.0,23.07,34.20,26.37,0,7.94
2025-12-16,350,14,27.2,27.2,14.0,31,0.74,601.0,23.307,34.05,26.59,0,8.28
2025-12-17,351,13,28.4,28.9,13.3,18,0.28,715.0,23.199,34.19,26.98,0,8.18
2025-12-18,352,14,28.8,29.0,14.6,22,0.92,612.0,22.951,35.07,27.37,0,8.49
2025-12-19,353,15,27.7,27.7,14.1,27,1.69,458.0,21.873,33.03,26.76,0,5.08
2025-12-20,354,13,26.7,27.5,13.1,26,1.78,710.0,21.436,33.55,26.09,0,5.45
2025-12-21,355,13,26.4,26.8,14.0,28,1.3,681.0,21.759,33.48,26.11,0,5.40
2025-12-22,356,14,28.0,28.0,14.5,26,1.72,608.0,22.304,34.20,26.93,0,6.50
2025-12-23,357,14,28.1,28.1,14.6,28,2.08,607.0,22.521,34.12,27.08,0,6.88
2025-12-24,358,13,27.5,27.6,15.5,25,2.33,666.0,21.582,33.60,26.56,0,5.49
2025-12-25,359,14,27.1,27.1,15.1,30,1.15,606.0,22.576,33.82,26.48,0,6.74
2025-12-26,360,13,26.6,27.0,14.7,32,0.64,695.0,23.422,34.13,26.38,0,8.56
2025-12-27,361,13,26.7,27.2,14.4,29,0.7,702.0,22.977,34.10,26.2,0,7.69
2025-12-28,362,14,27.2,27.3,14.3,27,1.04,619.0,22.362,33.90,26.43,0,6.39
2025-12-29,363,13,27.0,27.6,14.2,23,0.99,713.0,21.873,34.09,26.17,0,5.85
2025-12-30,364,13,27.3,27.6,12.7,21,0.32,717.0,22.899,33.67,26.3,0,7.24
2025-12-31,365,13,27.5,27.9,13.0,24,0.91,710.0,22.533,34.56,26.52,0,7.19
2026-01-01,1,15,28.5,28.5,14.4,28,0.43,462.0,24.076,34.17,27.37,0,9.96
2026-01-02,2,12,27.2,28.6,16.3,36,0.63,702.0,24.511,34.89,26.81,0,11.16
2026-01-03,3,12,27.3,28.7,17.1,39,0.16,702.0,25.483,33.41,27.03,0,11.94
2026-01-04,4,12,26.9,28.1,16.7,43,0.39,714.0,25.671,34.83,26.94,0,13.31
2026-01-05,5,13,25.8,26.6,15.3,34,1.24,706.0,22.193,33.35,25.56,0,5.67
2026-01-06,6,13,25.4,26.3,12.8,27,0.97,729.0,21.262,33.01,25.05,0,5.06
2026-01-07,7,14,27.1,27.2,13.0,23,1.2,638.0,21.54,33.71,26.24,0,5.57
2026-01-08,8,13,26.8,27.1,15.1,27,1.13,715.0,22.18,34.04,26.19,0,6.15
2026-01-09,9,13,26.2,26.5,14.6,27,1.82,716.0,21.169,33.14,25.89,0,5.16
2026-01-10,10,13,26.3,26.7,14.6,22,2.36,729.0,20.251,32.74,25.93,0,4.87
2026-01-11,11,14,26.9,26.9,14.2,26,2.06,639.0,21.312,33.13,26.21,0,5.15
2026-01-12,12,14,27.3,27.3,15.2,25,2.36,636.0,21.352,33.21,26.43,0,5.21
2026-01-13,13,14,27.9,28.1,15.7,26,0.45,637.0,23.93,34.69,26.86,0,9.92
2026-01-14,14,14,29.4,29.8,16.4,28,1.27,630.0,24.121,35.94,28.09,0,11.59
2026-01-15,15,13,28.4,29.0,16.6,28,0.69,736.0,24.341,35.7,27.3,0,11.54
2026-01-16,16,13,28.0,29.0,15.0,23,0.4,752.0,23.904,34.97,26.83,0,10.07
2026-01-17,17,13,29.4,30.1,14.4,22,0.4,752.0,24.837,36.12,27.82,0,12.98
2026-01-18,18,14,30.1,30.2,14.8,20,0.81,672.0,23.923,36.46,28.32,0,11.68
2026-01-19,19,14,29.9,29.9,16.9,22,1.87,664.0,23.182,36.08,28.23,0,9.97
2026-01-20,20,14,29.9,29.9,19.1,26,0.64,627.0,25.024,36.39,28.41,0,13.74
2026-01-21,21,13,29.2,29.2,17.9,27,1.56,673.0,23.679,35.82,27.88,0,10.59
2026-01-22,22,13,29.1,29.1,18.4,24,2.49,696.0,22.697,35.15,27.66,0,8.17
2026-01-23,23,13,28.9,28.9,17.3,24,2.35,668.0,22.537,34.91,27.51,0,7.64
2026-01-24,24,13,29.1,29.4,17.5,27,1.62,745.0,23.711,36.06,27.8,0,10.8
2026-01-25,25,13,29.2,29.6,16.8,24,1.68,752.0,23.27,36.04,27.74,0,9.93
2026-01-26,26,14,29.6,29.6,16.5,25,1.47,679.0,23.748,36.18,28.11,0,11.07
2026-01-27,27,14,30.0,30.1,16.9,29,1.86,680.0,24.494,36.57,28.68,0,12.97
2026-01-28,28,12,28.2,28.9,19.3,42,0.73,672.0,25.86,35.96,27.99,0,14.85
2026-01-29,29,14,28.4,28.7,18.1,44,0.46,647.0,26.878,36.27,28.35,0,17.13
2026-01-30,30,13,28.9,29.6,17.4,35,0.85,762.0,25.567,36.63,28.11,0,14.82
2026-01-31,31,12,29.0,30.0,18.0,30,1.73,762.0,24.063,36.12,27.87,0,11.53
2026-02-01,32,13,29.7,30.1,18.0,25,1.09,751.0,24.337,36.74,28.19,0,12.61
2026-02-02,33,13,29.9,30.2,18.7,26,2.22,774.0,23.929,36.6,28.41,0,11.82
2026-02-03,34,13,30.0,30.4,17.8,27,1.82,780.0,24.39,37.0,28.55,0,13.04
2026-02-04,35,12,28.6,29.9,18.0,33,2.55,790.0,23.835,35.39,27.72,0,10.51
2026-02-05,36,13,29.7,30.1,18.3,29,1.16,793.0,25.012,37.13,28.41,0,14.25
2026-02-06,37,12,29.8,30.7,18.6,28,1.01,794.0,25.113,37.21,28.44,0,14.51
2026-02-07,38,12,28.9,30.5,18.0,25,2.0,807.0,23.12,35.89,27.55,0,9.46
2026-02-08,39,13,29.3,29.6,17.4,24,1.5,810.0,23.593,36.49,27.82,0,10.89
2026-02-09,40,12,29.3,30.4,18.0,25,0.36,813.0,25.47,36.27,27.86,0,14.3
2026-02-10,41,14,31.3,31.4,18.1,22,0.62,741.0,25.814,38.05,29.44,0,16.81
2026-02-11,42,14,31.4,31.5,18.6,24,1.57,735.0,25.065,38.14,29.65,0,15.55
2026-02-12,43,13,31.1,31.5,19.0,26,1.65,815.0,25.288,38.3,29.5,0,16.02
2026-02-13,44,13,31.8,31.9,20.2,25,0.25,815.0,27.487,37.99,30.12,0,20.18
2026-02-14,45,12,31.9,32.7,21.0,26,1.54,821.0,26.026,39.18,30.3,0,18.35
2026-02-15,46,12,31.5,32.4,21.2,26,1.7,825.0,25.598,38.73,29.9,0,17.07
2026-02-16,47,13,31.7,32.0,20.1,20,1.6,838.0,24.719,38.7,29.7,0,15.32
2026-02-17,48,14,31.8,31.8,18.0,19,1.72,763.0,24.364,38.37,29.75,0,14.42
2026-02-18,49,14,32.1,32.1,18.5,19,1.75,751.0,24.552,38.6,30.02,0,15.05
2026-02-19,50,14,31.7,31.7,19.4,23,1.96,756.0,24.928,38.35,29.87,0,15.52
2026-02-20,51,14,32.6,32.6,20.2,24,1.55,758.0,26.086,39.49,30.85,0,18.89
2026-02-21,52,12,29.9,30.4,20.6,31,0.96,552.0,25.103,36.22,28.73,0,13.89
2026-02-22,53,13,33.2,33.6,20.8,25,0.99,834.0,27.47,40.6,31.6,0,22.59
2026-02-23,54,12,32.2,32.5,22.1,26,0.49,761.0,27.703,39.35,30.62,0,21.87
2026-02-24,55,12,30.6,30.9,20.5,30,1.0,739.0,25.974,37.84,29.33,0,16.92
2026-02-25,56,13,30.7,31.5,20.6,25,0.67,564.0,25.238,36.74,29.06,0,14.64
2026-02-26,57,13,31.7,32.4,20.9,23,0.6,585.0,25.886,37.7,29.87,0,16.86
2026-02-27,58,13,32.7,32.8,20.8,25,1.7,801.0,26.339,39.81,31.05,0,19.68
2026-02-28,59,12,33.7,33.7,24.3,26,3.36,847.0,26.738,40.3,32.3,0,23.93
2026-03-01,60,13,34.6,35.0,24.5,21,3.61,867.0,26.42,41.12,32.72,0,24.31
2026-03-02,61,12,33.6,34.8,22.5,21,1.45,881.0,26.606,40.92,31.63,0,21.78
2026-03-03,62,14,35.7,36.1,22.4,17,0.35,803.0,28.812,41.84,33.47,0,27.19
2026-03-04,63,14,36.5,36.5,22.7,11,0.56,816.0,27.458,42.45,33.49,0,25.42
2026-03-05,64,14,36.9,37.2,21.7,10,1.95,823.0,25.796,43.17,33.68,0,22.05
2026-03-06,65,14,38.1,38.2,23.3,10,1.12,821.0,27.284,44.29,34.82,0,27.62
2026-03-07,66,13,36.6,37.8,23.1,16,0.79,896.0,28.601,43.65,34.32,0,29.23
2026-03-08,67,14,37.5,37.7,24.1,12,1.93,824.0,26.855,44.08,34.68,0,27.54
2026-03-09,68,10,33.4,37.8,24.0,25,2.02,701.0,26.528,39.96,31.83,0,22.76
2026-03-10,69,14,37.1,37.2,24.7,16,1.55,812.0,27.903,44.01,34.87,0,30.24
2026-03-11,70,13,37.2,37.4,24.1,16,0.9,897.0,28.861,44.35,34.98,0,31.63
2026-03-12,71,13,37.6,38.0,23.9,13,0.47,912.0,29.425,44.36,35.01,0,32.48
2026-03-13,72,12,37.7,38.4,23.3,11,0.43,924.0,28.98,44.08,34.65,0,30.61
2026-03-14,73,12,37.1,38.2,23.6,16,4.3,916.0,27.067,43.85,34.87,0,27.26
2026-03-15,74,12,36.6,38.0,25.1,17,1.41,867.0,28.005,43.78,34.45,0,30.58
2026-03-16,75,11,33.5,37.3,24.9,20,0.47,842.0,27.879,40.56,31.44,0,26.65
2026-03-17,76,11,34.2,36.7,24.6,27,1.96,848.0,27.859,41.66,33.05,0,27.66
2026-03-18,77,13,33.6,34.3,23.8,26,3.82,753.0,26.407,39.49,32.18,0,22.09
2026-03-19,78,14,35.2,35.2,21.5,19,2.07,749.0,26.765,41.8,33.15,0,22.7
2026-03-20,79,12,30.5,31.1,22.7,31,2.4,876.0,25.33,37.76,29.31,0,16.46
2026-03-21,80,14,32.7,32.9,22.2,21,1.56,830.0,25.715,39.75,30.71,0,18.56
2026-03-22,81,13,32.9,33.2,21.5,17,1.39,907.0,25.3,40.03,30.67,0,17.73
2026-03-23,82,13,35.5,35.9,22.4,16,0.22,885.0,28.66,41.07,33.16,0,26.22
2026-03-24,83,12,36.7,37.2,24.2,17,2.6,927.0,27.506,43.98,34.57,0,28.77
2026-03-25,84,12,36.9,38.3,24.7,19,0.99,889.0,29.233,44.34,35.1,0,33.07
2026-03-26,85,14,38.3,38.3,25.5,18,0.6,794.0,30.561,45.28,36.62,0,37.76
2026-03-27,86,11,36.8,38.9,26.5,16,0.51,873.0,29.403,43.71,34.54,0,34.83
2026-03-28,87,12,37.0,38.7,26.4,18,1.36,947.0,28.762,44.65,35.06,0,34.37
2026-03-29,88,11,36.8,39.7,27.2,21,2.01,880.0,28.732,44.35,35.33,0,35.14
2026-03-30,89,12,38.2,38.8,26.7,18,0.85,853.0,30.115,45.5,36.49,0,38.43
2026-03-31,90,14,35.2,35.3,22.3,28,0.34,825.0,30.831,42.42,34.55,0,31.7
2026-04-01,91,12,35.8,36.6,24.7,28,1.32,859.0,29.831,43.75,35.4,0,33.88
2026-04-02,92,14,34.8,35.1,24.5,29,2.26,663.0,28.232,41.43,34.19,0,28.51
2026-04-03,93,12,35.3,36.4,24.8,30,0.4,921.0,31.566,43.45,35.11,0,36.95
2026-04-04,94,14,33.2,33.2,24.1,36,0.18,575.0,29.69,38.78,33.27,0,28.54
2026-04-05,95,12,32.9,34.9,24.5,33,0.98,808.0,28.569,40.72,32.33,0,27.94
2026-04-06,96,12,35.0,36.3,24.1,18,1.41,955.0,27.203,42.49,32.83,0,26.36
2026-04-07,97,12,35.8,37.3,24.7,17,2.16,961.0,27.075,43.22,33.58,0,27.62
2026-04-08,98,15,35.8,35.8,25.9,23,4.9,499.0,26.995,40.29,34.42,0,27.07
2026-04-09,99,12,34.9,36.3,25.0,23,1.85,954.0,27.891,42.69,33.32,0,29.03
2026-04-10,100,16,37.0,37.0,25.2,16,0.36,484.0,28.428,41.6,34.76,0,30.03
2026-04-11,101,12,37.5,38.4,24.4,11,1.04,972.0,27.606,44.37,34.45,0,29.43
2026-04-12,102,14,40.2,40.3,25.1,12,2.78,866.0,28.504,47.31,37.48,1,36.85
2026-04-13,103,13,40.3,40.7,27.0,15,1.01,946.0,30.842,47.96,38.37,2,45.96
2026-04-14,104,12,40.6,41.4,27.9,14,0.5,973.0,31.977,48.1,38.47,3,50.96
2026-04-15,105,13,42.1,42.3,27.5,11,2.59,955.0,29.738,49.8,39.22,4,49.44
2026-04-16,106,13,42.6,43.4,28.1,12,0.57,947.0,32.482,49.94,40.15,5,57.43
2026-04-17,107,11,39.7,42.4,28.7,15,0.78,903.0,30.679,47.0,37.66,6,53.35
2026-04-18,108,13,43.1,43.4,30.5,11,0.81,927.0,31.866,50.37,40.33,7,61.11
2026-04-19,109,12,42.1,43.3,28.6,10,0.4,961.0,31.864,48.87,38.88,8,57.27
2026-04-20,110,12,41.3,41.7,31.2,13,3.61,902.0,29.435,48.78,39.02,9,55.71
2026-04-21,111,13,40.7,40.9,29.5,13,1.75,934.0,29.791,48.31,38.34,10,53.8
2026-04-22,112,12,41.1,42.8,30.0,11,1.31,982.0,29.873,48.57,38.14,11,54.65
2026-04-23,113,13,42.0,42.0,29.4,9,2.51,954.0,28.974,49.42,38.45,12,52.98
2026-04-24,114,13,42.8,42.8,29.0,10,1.25,942.0,30.705,50.18,39.63,13,56.77
2026-04-25,115,13,43.3,43.5,29.3,9,0.78,954.0,31.383,50.42,39.82,14,58.65
2026-04-26,116,12,43.9,44.8,30.2,10,1.25,984.0,31.563,51.6,40.85,15,61.27
2026-04-27,117,13,43.3,43.7,30.2,12,2.28,814.0,30.845,50.7,40.96,16,59.31
2026-04-28,118,9,36.7,43.6,30.7,28,0.78,602.0,30.591,43.55,36.73,17,52.67
2026-04-29,119,12,42.0,42.5,29.4,11,3.76,972.0,29.329,49.68,39.11,18,54.09
2026-04-30,120,11,39.8,41.2,30.2,17,2.94,912.0,29.709,47.49,38.26,19,53.84
2026-05-01,121,10,36.8,40.7,27.8,23,0.39,792.0,31.013,43.86,35.72,20,49.93
2026-05-02,122,10,39.0,42.0,28.4,23,3.26,792.0,30.306,46.3,38.83,21,52.22
2026-05-03,123,11,38.3,40.5,27.2,20,1.17,862.0,30.273,45.95,37.05,22,49.84
2026-05-04,124,13,41.2,41.9,28.4,12,1.42,933.0,30.082,48.67,38.57,23,53.41
2026-05-05,125,11,37.8,39.5,28.8,19,1.15,924.0,29.796,45.53,36.2,0,40.19
2026-05-06,126,14,37.6,37.6,25.0,25,0.99,723.0,30.742,44.95,37.31,0,37.53
2026-05-07,127,13,38.4,38.7,27.9,21,1.97,843.0,29.939,46.06,37.43,0,40.25
2026-05-08,128,15,38.4,38.5,25.3,19,0.67,612.0,30.194,44.64,36.96,0,36.49
2026-05-09,129,12,36.9,39.1,24.8,30,2.13,962.0,30.744,45.35,37.59,0,37.7
2026-05-10,130,12,37.8,39.7,25.9,27,1.16,888.0,31.493,46.1,38.17,0,41.16
2026-05-11,131,12,39.4,40.5,28.7,23,2.17,903.0,31.197,47.61,39.43,1,47.09
2026-05-12,132,12,40.6,41.8,29.7,22,0.98,897.0,32.873,48.91,40.94,2,54.59
2026-05-13,133,15,41.6,41.6,30.5,20,0.81,546.0,32.484,48.08,41.72,3,56.14
2026-05-14,134,12,41.6,43.4,30.5,23,0.87,942.0,34.182,50.34,42.96,4,63.11
2026-05-15,135,12,42.1,42.5,31.7,17,2.26,937.0,31.757,50.42,41.31,5,61.04
2026-05-16,136,12,41.1,42.8,30.7,25,2.7,843.0,32.695,49.4,42.97,6,63.19
2026-05-17,137,12,41.6,43.0,29.5,20,1.41,930.0,32.735,50.08,41.72,7,61.9
2026-05-18,138,11,41.0,43.8,31.8,23,2.14,880.0,32.442,49.42,41.96,8,63.64
2026-05-19,139,12,42.8,44.6,32.5,19,2.09,897.0,32.873,51.27,43.14,9,67.04
2026-05-20,140,13,44.7,44.8,31.9,12,1.23,904.0,32.731,52.35,42.64,10,66.67
2026-05-21,141,12,43.7,44.1,34.0,14,3.15,948.0,31.709,51.97,42.26,11,66.77
2026-05-22,142,14,44.3,44.3,33.6,11,3.08,814.0,30.919,51.74,41.73,12,64.45
2026-05-23,143,12,43.2,43.5,34.5,14,4.26,944.0,31.061,51.35,41.63,13,64.87
2026-05-24,144,12,43.4,43.4,33.2,13,3.77,909.0,30.936,51.33,41.49,14,63.63
2026-05-25,145,12,43.7,44.2,33.5,13,1.36,822.0,32.06,51.11,41.86,15,66.08
2026-05-26,146,11,41.8,43.5,33.7,21,2.93,880.0,32.261,50.09,42.44,16,66.17
2026-05-27,147,11,41.1,43.0,33.5,21,3.34,797.0,31.467,48.78,41.34,17,63.09
2026-05-28,148,12,43.3,43.3,33.0,20,3.42,903.0,33.056,51.86,44.39,18,68.86
2026-05-29,149,14,40.6,42.6,33.3,25,2.36,777.0,32.311,48.59,42.1,19,64.59
2026-05-30,150,13,39.8,40.6,30.9,23,2.0,825.0,31.464,47.78,40.05,20,58.84
2026-05-31,151,12,38.5,39.7,27.2,22,1.13,944.0,31.122,46.71,37.82,0,42.28
2026-06-01,152,13,39.4,39.8,28.5,21,1.8,815.0,30.767,47.13,38.82,0,43.8
2026-06-02,153,14,37.4,38.3,28.7,28,2.82,747.0,30.132,44.58,37.82,0,40.62
2026-06-03,154,12,39.2,39.2,30.3,24,2.66,894.0,31.041,47.26,39.44,0,46.74
2026-06-04,155,13,40.8,40.9,31.2,22,3.43,893.0,31.6,48.87,41.25,1,52.35
2026-06-05,156,12,38.1,39.3,30.5,29,3.33,918.0,31.021,46.01,39.28,0,45.98
2026-06-06,157,13,38.8,39.4,30.7,27,3.29,810.0,31.039,46.33,39.79,0,46.66
2026-06-07,158,11,39.2,40.7,30.4,24,1.61,748.0,31.297,46.85,39.44,1,48.72
2026-06-08,159,13,41.0,41.1,31.5,25,2.4,819.0,32.689,49.25,42.8,2,57.28
2026-06-09,160,13,41.2,41.9,30.7,24,1.89,856.0,32.93,49.67,42.71,3,58.74
2026-06-10,161,13,41.5,41.8,32.3,24,2.96,881.0,32.755,49.92,43.23,4,62.31
2026-06-11,162,12,39.9,42.1,28.2,29,1.79,887.0,33.091,48.66,42.51,5,58.65
2026-06-12,163,12,40.2,40.2,29.4,31,2.39,866.0,33.399,48.89,43.99,6,63.02
2026-06-13,164,13,36.5,36.5,27.4,43,0.39,783.0,34.336,45.39,41.33,0,48.94
2026-06-14,165,13,37.6,37.6,27.1,33,3.36,869.0,31.282,45.37,39.76,0,42.22
2026-06-15,166,13,38.1,38.4,28.3,30,2.06,846.0,31.576,46.31,39.62,0,44.8
2026-06-16,167,13,38.2,38.6,29.4,28,0.32,878.0,33.448,45.95,39.12,0,49.18
2026-06-17,168,14,37.7,37.7,28.7,33,2.97,771.0,31.324,45.25,39.95,0,44.15
2026-06-18,169,11,36.4,36.4,28.8,40,3.37,826.0,31.377,44.08,39.96,0,43.53
2026-06-19,170,12,38.0,38.4,29.2,28,3.13,902.0,30.775,45.86,38.79,0,43.71
2026-06-20,171,13,39.4,39.4,30.8,24,3.98,891.0,30.825,47.07,39.76,0,46.9
2026-06-21,172,13,38.5,38.5,29.7,32,3.21,860.0,31.88,46.47,41.08,0,47.67
2026-06-22,173,11,38.0,38.0,27.1,33,3.24,635.0,31.274,44.82,40.51,0,42.09
2026-06-23,174,14,33.0,33.5,24.6,56,2.77,760.0,30.656,41.19,38.14,0,34.5
2026-06-24,175,14,31.9,32.0,24.6,60,1.99,728.0,30.385,40.68,36.84,0,33.14
2026-06-25,176,14,32.0,32.1,25.3,61,1.08,772.0,31.375,41.7,37.38,0,36.76
2026-06-26,177,11,32.5,33.2,26.4,59,0.57,823.0,32.647,42.61,37.94,0,41.31
2026-06-27,178,13,34.0,34.4,26.1,56,0.85,893.0,33.217,44.3,40.56,0,44.23
2026-06-28,179,13,33.6,33.9,25.6,57,1.0,722.0,32.343,43.07,39.94,0,40.88
2026-06-29,180,14,33.0,33.0,25.4,61,1.55,731.0,31.793,42.47,39.88,0,39.15
2026-06-30,181,13,27.6,28.2,25.1,87,1.87,281.0,28.153,35.31,32.19,0,23.89
2026-07-01,182,14,28.2,28.2,24.8,82,1.43,259.0,28.336,35.79,32.94,0,24.52
2026-07-02,183,15,27.6,29.4,24.3,87,3.21,299.0,27.891,33.96,32.19,0,21.49
2026-07-03,184,15,28.3,28.3,24.2,79,3.35,316.0,27.786,34.12,32.69,0,21.48
2026-07-04,185,13,30.0,30.2,24.0,74,1.79,617.0,30.048,39.24,36.04,0,30.46
2026-07-05,186,12,31.1,31.3,24.3,69,2.66,837.0,30.587,40.37,37.56,0,33.21
2026-07-06,187,13,31.6,31.7,25.3,60,2.42,560.0,29.595,39.11,36.16,0,31.07
2026-07-07,188,14,30.9,31.3,25.9,64,4.38,749.0,29.269,37.87,35.65,0,30.07
2026-07-08,189,13,31.3,31.6,26.0,59,4.18,749.0,29.094,38.14,35.23,0,29.9
2026-07-09,190,13,32.0,32.2,26.0,58,4.12,891.0,29.834,39.62,36.48,0,32.83
2026-07-10,191,13,32.3,32.3,26.4,54,3.85,820.0,29.572,39.59,35.99,0,32.6
2026-07-11,192,13,32.1,32.1,26.2,50,4.95,816.0,28.674,38.42,34.55,0,29.29
2026-07-12,193,13,32.5,32.5,26.1,49,4.2,790.0,28.995,39.14,35.04,0,30.48
2026-07-13,194,13,33.8,34.1,26.3,47,4.13,836.0,29.968,40.88,37.01,0,34.54
2026-07-14,195,13,33.8,34.1,26.6,47,4.83,905.0,29.933,40.82,37.01,0,34.78
2026-07-15,196,13,34.6,34.6,26.9,42,3.11,858.0,30.236,42.3,37.07,0,36.79
2026-07-16,197,12,34.2,34.2,27.7,49,4.06,804.0,30.57,41.41,38.49,0,38.25
2026-07-17,198,13,28.0,29.4,25.6,82,1.17,263.0,28.294,35.78,32.41,0,25.17
2026-07-18,199,16,28.1,28.1,25.2,82,2.89,344.0,28.051,34.84,32.68,0,23.66
2026-07-19,200,12,32.0,32.0,25.1,61,2.86,887.0,30.519,40.84,37.38,0,34.29
2026-07-20,201,11,30.5,31.1,24.7,68,2.21,715.0,29.868,39.41,35.75,0,30.96
2026-07-21,202,13,27.0,27.0,24.4,86,3.36,337.0,27.27,33.21,30.4,0,19.22
2026-07-22,203,10,26.1,26.3,23.8,88,4.1,384.0,26.573,31.77,26.58,0,14.91
2026-07-23,204,16,29.3,29.3,23.6,63,3.75,361.0,27.076,34.09,32.07,0,19.18
2026-07-24,205,14,29.6,29.8,24.7,71,2.47,727.0,29.26,38.38,34.3,0,28.53
2026-07-25,206,13,31.8,32.0,24.9,57,3.34,807.0,29.587,39.53,35.76,0,30.75
2026-07-26,207,14,31.4,31.4,25.3,61,3.07,728.0,29.641,39.21,35.98,0,31.17
2026-07-27,208,11,30.8,30.8,25.0,67,3.12,712.0,29.728,38.83,36.22,0,30.8
2026-07-28,209,11,29.4,29.4,24.5,73,2.15,686.0,29.335,38.43,34.26,0,28.45
2026-07-29,210,12,29.3,29.3,24.9,74,6.31,630.0,28.432,35.05,34.23,0,24.76
2026-07-30,211,10,30.0,30.4,24.4,73,3.42,726.0,29.576,38.11,35.78,0,29.13
2026-07-31,212,15,28.9,28.9,24.2,75,3.37,533.0,28.409,35.95,33.45,0,24.26
2026-08-01,213,14,31.4,31.4,24.5,57,3.37,766.0,29.147,38.83,34.93,0,28.64
2026-08-02,214,14,31.4,31.5,25.7,60,2.95,633.0,29.391,38.78,35.71,0,30.75
2026-08-03,215,14,32.1,32.3,25.7,62,2.31,794.0,30.785,41.13,37.94,0,35.91
2026-08-04,216,14,32.2,32.2,25.7,61,2.2,820.0,30.854,41.37,37.86,0,36.18
2026-08-05,217,12,31.7,32.3,25.9,62,3.13,840.0,30.201,40.11,36.97,0,33.94
2026-08-06,218,14,32.3,32.4,25.5,56,3.88,802.0,29.79,39.63,36.56,0,32.2
2026-08-07,219,15,28.9,29.3,26.0,77,2.78,362.0,28.38,35.65,33.85,0,26.24
2026-08-08,220,12,30.4,30.8,24.4,67,3.94,828.0,29.335,38.14,35.26,0,28.5
2026-08-09,221,13,31.4,31.4,24.6,61,3.87,684.0,29.384,38.33,35.98,0,29.23
2026-08-10,222,13,30.4,30.5,24.6,64,3.87,737.0,28.878,37.56,34.52,0,27.18
2026-08-11,223,15,30.5,30.5,24.4,67,2.39,574.0,29.411,38.46,35.49,0,28.95
2026-08-12,224,14,30.8,30.8,24.2,66,3.54,807.0,29.66,38.81,35.95,0,29.61
2026-08-13,225,14,31.2,31.2,24.5,61,3.46,766.0,29.415,38.8,35.54,0,29.35
2026-08-14,226,10,28.6,28.7,24.7,71,3.35,633.0,27.884,35.84,32.04,0,23.25
2026-08-15,227,13,29.6,29.6,24.7,69,5.06,680.0,28.396,35.82,33.87,0,24.88
2026-08-16,228,15,30.1,30.1,24.3,66,4.29,555.0,28.454,36.08,34.33,0,24.88
2026-08-17,229,14,28.4,29.3,24.1,77,3.06,449.0,28.034,35.31,32.6,0,22.65
2026-08-18,230,9,27.0,27.4,24.7,81,3.02,311.0,26.769,32.97,29.83,0,18.25
2026-08-19,231,13,27.9,27.9,24.6,79,3.55,397.0,27.55,33.99,31.7,0,21.04
2026-08-20,232,14,31.3,31.3,25.4,57,3.94,722.0,28.86,38.05,34.72,0,28.5
2026-08-21,233,13,30.5,30.5,24.9,60,4.8,777.0,28.404,36.95,33.81,0,25.92
2026-08-22,234,13,29.2,29.2,24.5,69,4.82,569.0,27.879,34.87,32.97,0,22.65
2026-08-23,235,13,28.9,29.2,24.5,79,3.42,584.0,28.91,36.53,34.25,0,26.27
2026-08-24,236,13,29.7,29.7,25.2,71,3.15,569.0,28.865,37.04,34.54,0,27.48
2026-08-25,237,10,28.7,28.7,24.7,75,3.83,492.0,28.053,35.02,32.96,0,23.32
2026-08-26,238,10,29.4,29.8,25.0,73,4.42,644.0,28.676,36.1,34.26,0,26.11
2026-08-27,239,12,28.9,29.1,24.3,70,5.21,652.0,27.777,34.76,32.51,0,21.97
2026-08-28,240,15,30.9,30.9,24.3,56,3.35,537.0,28.179,37.02,33.7,0,24.8
2026-08-29,241,16,25.6,26.0,24.5,91,3.38,140.0,25.804,29.84,26.1,0,12.88
2026-08-30,242,13,28.4,28.4,24.3,72,3.59,451.0,27.412,34.39,31.77,0,20.75
2026-08-31,243,14,29.3,29.3,24.8,63,4.8,514.0,27.227,34.28,32.07,0,21.01
2026-09-01,244,12,29.4,29.8,24.8,65,5.06,762.0,27.883,35.68,32.63,0,23.46
2026-09-02,245,14,28.0,28.0,24.3,72,4.33,333.0,26.677,32.39,30.94,0,17.6
2026-09-03,246,14,26.9,26.9,23.6,82,3.18,326.0,26.78,32.86,29.7,0,16.86
2026-09-04,247,13,28.2,28.2,23.7,73,4.02,620.0,27.555,34.8,31.5,0,20.5
2026-09-05,248,13,29.8,29.8,22.7,68,3.58,862.0,29.009,37.92,34.1,0,25.31
2026-09-06,249,13,31.1,31.3,23.6,56,3.13,829.0,28.913,38.9,34.08,0,26.88
2026-09-07,250,13,31.6,31.9,24.4,55,2.18,858.0,29.647,40.37,34.83,0,30.53
2026-09-08,251,13,31.7,32.0,24.5,63,1.91,837.0,30.802,41.25,37.27,0,34.37
2026-09-09,252,14,32.4,32.4,25.0,53,2.64,750.0,29.754,40.29,35.92,0,31.79
2026-09-10,253,13,32.9,32.9,25.5,50,3.23,778.0,29.686,40.33,36.09,0,32.33
